bug_id,gt_blob_sha,faiss_rank,model_rank,n_candidates_ranked,faiss_score,model_score
Qiskit__qiskit-10401,2a079b304fab57b80a4bd49baabd900d0dfaea78,1176,15,3301,0.32705169916152954,0.4901050329208374
Qiskit__qiskit-636,02acaa22c51010e623b93ff4843498e388bb3e5e,130,54,389,0.18594202399253845,0.31308692693710327
Qiskit__qiskit-636,68017e0b9bae0217e3c307dfbf1e55429cab2621,39,3,389,0.2770654261112213,0.5346010327339172
Qiskit__qiskit-9617,476e4857223839bb4111c2843765482f3cae0f86,16,81,3092,0.48665857315063477,0.5477151274681091
Qiskit__qiskit-2781,9128654cabd8696c4032d2135b2d256281995a0b,66,7,645,0.38638728857040405,0.5510470867156982
Qiskit__qiskit-2781,378053e6f08234908688b29a3f47829bac93a850,13,27,645,0.4431241750717163,0.492191344499588
Qiskit__qiskit-2781,b7744e6f6e08e6ea4abc66709b741b2799998987,22,75,645,0.42979297041893005,0.44186636805534363
Qiskit__qiskit-2781,71bad02824dab94bd630eb00f01c025cb2fcb2b0,49,82,645,0.3986915051937103,0.4357927739620209
Qiskit__qiskit-2781,4e907d522414432a4a714b580b912086a234ac19,6,142,645,0.46213042736053467,0.39642858505249023
Qiskit__qiskit-6562,f7ae267653213a093f937f07490115efa2b935af,485,69,2046,0.3127894997596741,0.5184080600738525
Qiskit__qiskit-3057,9e605f1a67b7bee06b4dcd51b92d2826b9eff130,502,184,686,0.2348039597272873,0.25499483942985535
Qiskit__qiskit-4140,5f3ddad3e8f570adc89b404ab076f32cb15b262a,340,1,1020,0.23246195912361145,0.5520156621932983
Qiskit__qiskit-8989,6b48a30090ed637022ca9ac3e218db31ae20e029,84,21,2832,0.42209163308143616,0.5841239094734192
Qiskit__qiskit-688,5e7693161dc87f4d0859ecaeab5a981fbc302689,240,85,399,0.290422260761261,0.3730917274951935
Qiskit__qiskit-688,b8bbe4ed0b5ec460beae19ee31997da5c442534a,73,34,399,0.3859676718711853,0.4349902868270874
Qiskit__qiskit-688,8ee13e47f8ce8e69e378c9379b60d284070fd34b,360,17,399,0.16589801013469696,0.45889437198638916
Qiskit__qiskit-688,6fad3fcd0a4f40b337e0100ec28fe8d637d83abd,227,30,399,0.2955028712749481,0.4376353621482849
Qiskit__qiskit-7140,e4f55ad485bd765106535df4d8751920d1264d0c,410,8,2179,0.38472333550453186,0.575493574142456
Qiskit__qiskit-4472,39b0cab8647844fdd86d0de04b47ea0d51bfa3ec,973,68,1153,0.1933697611093521,0.42645934224128723
Qiskit__qiskit-3042,c4abde54f2fa4b282bd46d41ce8aaa3cd86f0f83,92,11,698,0.39617955684661865,0.524043083190918
Qiskit__qiskit-3708,a09950f1cf1f8782d0a71cd639b762a87beb93a2,395,4,871,0.21955004334449768,0.4588378071784973
Qiskit__qiskit-9095,075ac339b18249160dc16062b0bcd14f581b745d,1124,11,2874,0.3361154794692993,0.507603645324707
Qiskit__qiskit-5534,0bbf7ca17bef9d2ba4fd8b89dff0444f87ecc719,264,28,1711,0.3591192066669464,0.438469260931015
Qiskit__qiskit-3873,c86562fcdc7cef1b02fcd9e88f801fed13c07e47,575,14,933,0.2949771583080292,0.48035842180252075
Qiskit__qiskit-3873,fa1b5c405979069ab7c1de5bf68e8422fb7a6583,283,11,933,0.3651868999004364,0.48342767357826233
Qiskit__qiskit-3873,31e1ed962c44b3d8ef609f3f000a085cae6c255f,236,8,933,0.3814752697944641,0.4973611831665039
Qiskit__qiskit-3873,20282c655cf9de9b9003d161dacf901f6a464b23,244,20,933,0.3794248700141907,0.4685080051422119
Qiskit__qiskit-3873,23ed6bf5ce6bd758c7ad43e50bad6923083e901d,309,6,933,0.35653409361839294,0.503147304058075
Qiskit__qiskit-3873,2b11897f72617bbb163aa4e4044be83acea41ed8,564,45,933,0.2974550724029541,0.44320476055145264
Qiskit__qiskit-3873,c0d727b17c3a240674645df91fdc520b4a83147b,276,12,933,0.3677007257938385,0.4827728271484375
Qiskit__qiskit-3873,d82094957a4d78533637ccb563194f840c50dcfd,270,121,933,0.3707854151725769,0.39645951986312866
Qiskit__qiskit-4263,be035a6ebbeefa13b358b5683f20972a263a2b1a,250,133,1070,0.3146159052848816,0.3798128366470337
Qiskit__qiskit-4263,9143cbbb40b09e4cd009fda602dacadf44bf905b,427,351,1070,0.2655046284198761,0.3114534616470337
Qiskit__qiskit-7365,7f7caa8cd2091644bb0ef4e75273370d014c605f,181,6,2284,0.3904537558555603,0.6052917242050171
Qiskit__qiskit-7365,c765e0dc3bdd41311b7a11f4e02bcc0e9ea95a18,95,10,2284,0.4123116731643677,0.5932632684707642
Qiskit__qiskit-760,2ebd25ec522c626c62f9b2a3f06441731be96500,88,19,399,0.36123818159103394,0.41455620527267456
Qiskit__qiskit-10382,3778075e27a2a652aa6910a9c04037bca1f96ff3,901,30,3315,0.38846737146377563,0.45598357915878296
Qiskit__qiskit-4049,5c0a788bf533628f7606545d8feb07c25b279e12,787,147,1001,0.23129874467849731,0.3260861337184906
Qiskit__qiskit-4049,182090b3ebac406d516486b61b06c25bec5df4ce,873,537,1001,0.20371004939079285,0.21283316612243652
Qiskit__qiskit-4049,6540c2f328a9a91c03d3455950f72b22eb021db4,807,58,1001,0.22683335840702057,0.4091951251029968
Qiskit__qiskit-4049,64791045075b9451d097a4417d1fbdf7a3b5d92a,680,122,1001,0.258964478969574,0.3373148441314697
Qiskit__qiskit-4049,f97d8d8fe3663ac74c555e8ab5d0d0eb4abccfd0,210,355,1001,0.3496958017349243,0.25697773694992065
Qiskit__qiskit-4049,8866416541c315b11e088be8b1f9f28be874f143,505,1,1001,0.2871758043766022,0.6064462661743164
Qiskit__qiskit-962,20af8c36a163418e2939c523ece2607950b5d082,232,1,453,0.21158047020435333,0.4442523419857025
Qiskit__qiskit-4095,b7ce4fbf856902db11c21c8ed0e139efabfbb090,186,1,1052,0.39380836486816406,0.586862325668335
Qiskit__qiskit-3566,db6453ed4b651400d72d06364fae1992400b8c57,755,84,843,0.18635135889053345,0.45150887966156006
Qiskit__qiskit-3566,b64990785eec3e9c581200de7c8878e7e7a95dbc,176,49,843,0.34098684787750244,0.46921440958976746
Qiskit__qiskit-4867,56193ca3e11ea8dab5f96f2c324e3255cf6a1d77,850,14,1283,0.2950340211391449,0.5212922692298889
Qiskit__qiskit-877,8a6926a49840438bd3c9b0b4c6d3026d671c0e53,154,77,444,0.20321163535118103,0.3453730046749115
Qiskit__qiskit-877,02abeaacdcf0e1c87334ab56d8bf1d4d71c70e06,49,12,444,0.2884838283061981,0.4132040739059448
Qiskit__qiskit-2723,5e5654b987a1fb2963c7b79129abe290d6ccb8bc,25,12,613,0.4600814878940582,0.5515059232711792
Qiskit__qiskit-2723,eca1fa7707043ae37edb9275dbd0dbd977ef78fe,97,56,613,0.3921229839324951,0.5058566331863403
Qiskit__qiskit-5492,038134ae5a670fc97433fb6b800c776376e186bd,302,9,1701,0.31821995973587036,0.5576039552688599
Qiskit__qiskit-10622,caa5cbc2846c6182a02318e8eb73044d689c25d9,1036,522,3433,0.33204078674316406,0.2523292899131775
Qiskit__qiskit-10622,97cd5b31984130baf29c51862dc09a6f90f0999a,1235,63,3433,0.29538875818252563,0.3299197256565094
Qiskit__qiskit-10622,3db3aa707fd568b023d0015d57b8fe04b5b1954a,2719,3280,3433,0.1666262149810791,-0.056422315537929535
Qiskit__qiskit-10622,e7ee6f893318264f5334f189b624b8a79abe275e,2883,2268,3433,0.14720124006271362,0.07041426002979279
Qiskit__qiskit-10622,53fd7b8389bfd3def11f348e2ff8447feffaf5b1,547,490,3433,0.4882984161376953,0.2561497688293457
Qiskit__qiskit-10622,cf4f66e1e67b911031be98f224a5aed290fe38f1,820,52,3433,0.4262367784976959,0.3334615230560303
Qiskit__qiskit-10622,caa6cb6f48f9272ec59b5a360fadbe5abb0da880,2318,191,3433,0.20212535560131073,0.2962958514690399
Qiskit__qiskit-10622,7da641c2d5fbb4860c76d6604c19e2174014a52b,1486,1220,3433,0.26634305715560913,0.18141062557697296
Qiskit__qiskit-8335,b22fef5d0fc6f0720256de1c8e617d37b51d8908,1614,323,2616,0.2704034745693207,0.5043972134590149
Qiskit__qiskit-8335,ba66293e3646f2d1284f80d32bcd85843a217e57,1458,54,2616,0.2848179340362549,0.5608285665512085
Qiskit__qiskit-8335,9c5cdfddd4636310e6718f28cd87902c17bb2751,998,2,2616,0.3240167200565338,0.601503849029541
Qiskit__qiskit-8335,c4586f2603fb693f625c984cd39b105a23c087b3,763,26,2616,0.3555167019367218,0.5731463432312012
Qiskit__qiskit-4513,7a1cfb6e7adedefcb13a7798ae967755ee54a22e,417,25,1170,0.23640158772468567,0.5455844402313232
Qiskit__qiskit-6463,edc364183882921248efa20a7448128ad23675b7,855,4,2031,0.2398051619529724,0.5605959892272949
Qiskit__qiskit-609,c4e91147e4a676bdb1bc959115187ebf4efdb279,39,14,380,0.25935521721839905,0.31940585374832153
Qiskit__qiskit-609,886099544412367b5f6bfee73fa4a0b401b33c13,61,348,380,0.2171432375907898,0.049542538821697235
Qiskit__qiskit-609,a0b97f643c40318b01c5ce78672903d579ac0c9d,279,26,380,0.08822544664144516,0.29865971207618713
Qiskit__qiskit-609,55ebff50ed8e2bef1d3f6b05d7f3760864158829,41,44,380,0.25823020935058594,0.2756151556968689
Qiskit__qiskit-609,657d0eeadbbe2dec7eafab4cf45671224bea9c21,84,38,380,0.19688650965690613,0.2795518636703491
Qiskit__qiskit-609,97d50823c94153eb92a3ae7fb012b9679323a585,176,1,380,0.14428994059562683,0.411607027053833
Qiskit__qiskit-435,90b238fd5aa64ed175899ff0f9e948f0d6ee6516,67,213,335,0.32453453540802,0.17540964484214783
Qiskit__qiskit-435,e55edace6fa484c0e8339a7d43b70188a9a1c789,49,102,335,0.369274377822876,0.2336859107017517
Qiskit__qiskit-435,46bdba154d5c00e7bb2546a0e9ebf52e0ecfbdcc,111,91,335,0.2578745186328888,0.23790043592453003
Qiskit__qiskit-435,c403951fc60814e6d17aae5f0a7a4f61b86dd16e,33,253,335,0.39404162764549255,0.1399855762720108
Qiskit__qiskit-435,adb3f5d811e54dbb3b9f54f95e59fbc20251112c,59,179,335,0.3471798896789551,0.19387951493263245
Qiskit__qiskit-435,622f595e8c5a38562b5c957fa688306097798660,18,37,335,0.4434596300125122,0.26930975914001465
Qiskit__qiskit-435,1136091513bf8af437a6da6ebfa61b77fee7fd0b,60,155,335,0.34619781374931335,0.20979668200016022
Qiskit__qiskit-435,b26806c97f6ed75c73f8ff4082b0c2f47f92f43c,106,152,335,0.2642405927181244,0.2113022357225418
Qiskit__qiskit-435,d38715b392652a153dc9231046342b2d8407556b,76,218,335,0.308668851852417,0.17083916068077087
Qiskit__qiskit-435,4634d812e548df30ec80f1e5212eb75d332dbbca,185,210,335,0.17823083698749542,0.1773165762424469
Qiskit__qiskit-435,2fe10c061dbc46aeaac31161f0f3ab0db1baa386,89,24,335,0.29605230689048767,0.2878190875053406
Qiskit__qiskit-435,6b8992d52252c133d7c6c775ee89f63b4e932b6c,55,22,335,0.3560895025730133,0.29944175481796265
Qiskit__qiskit-435,07b5ee686043072029d362efbe730a0a7eaafe0c,48,113,335,0.3701476454734802,0.22793443500995636
Qiskit__qiskit-435,661e81c1d91b98a6628a67cfa320b4818a85120e,107,172,335,0.26346254348754883,0.2010827362537384
Qiskit__qiskit-435,ed8621627c1becf6a930b4b6e72fbc01f7eb3568,224,145,335,0.151773601770401,0.215012788772583
Qiskit__qiskit-435,6a6ea3bc8ae64254c360d6f6e7d096b7879c809f,246,82,335,0.12896966934204102,0.24197274446487427
Qiskit__qiskit-435,60e9d9aea985db3a3f280c87b3229f7ec8736b26,166,185,335,0.1922898292541504,0.19010497629642487
Qiskit__qiskit-435,9dba1f56a7df853d80cd121a3319da52cfb512c8,20,62,335,0.42999374866485596,0.2543734610080719
Qiskit__qiskit-435,872361fdea9338aa38559cb8573b2fcf9ba3ca5f,25,74,335,0.4170587658882141,0.24557986855506897
Qiskit__qiskit-435,c51acebdb88a94a28272fbfaeefc50191bab2f3b,163,161,335,0.19493165612220764,0.20564556121826172
Qiskit__qiskit-435,d63f9954bee6a082fa51b3a5036870ef8e209fd3,249,153,335,0.1250089555978775,0.2108752280473709
Qiskit__qiskit-435,2d885cfdef3e409bc39826d7adee7841a47f963e,259,9,335,0.11089006811380386,0.33099105954170227
Qiskit__qiskit-435,89d96f912a1d6c05c97cbce86c7818d887412ea9,74,97,335,0.31540703773498535,0.2347508817911148
Qiskit__qiskit-435,967894387f758d873a82a4dea5458f012acbc99d,186,45,335,0.17768093943595886,0.2632100284099579
Qiskit__qiskit-435,aef20dfbfecbaa6b317e46e56de6b58bdd059724,264,27,335,0.10420303046703339,0.28414028882980347
Qiskit__qiskit-435,3e3689565a88d9b75ab957de6f3dd7939e688726,236,121,335,0.14048081636428833,0.22452285885810852
Qiskit__qiskit-435,ddc0a5cbba1d00dfcccae18fdff5f2cf55086736,12,43,335,0.46532225608825684,0.2664356231689453
Qiskit__qiskit-435,d3da8046825838e40a62a421281f67253740091e,137,180,335,0.2191687673330307,0.1930481493473053
Qiskit__qiskit-435,d07488f333a0ad312487b6329a15cfbec13beed1,43,47,335,0.38114553689956665,0.2613050639629364
Qiskit__qiskit-435,1b41b4d622493f3b41fbf69a266fc7d69af63a9d,28,53,335,0.4121007025241852,0.25744158029556274
Qiskit__qiskit-435,6caf12556cb6861a2e37473fad63cdcc6c83748b,305,167,335,0.06004786491394043,0.2036220133304596
Qiskit__qiskit-435,22c9c0f2cdbb76f89c6b791446ff4eef28b06bae,275,44,335,0.0945395901799202,0.26504603028297424
Qiskit__qiskit-435,dcefd6ff9af3788389d1fd6b252e45586fc112ec,39,255,335,0.38822948932647705,0.1352815479040146
Qiskit__qiskit-435,98dc55e58957849c0b3ba1b152b33b3269128d12,13,5,335,0.4552735686302185,0.3655991852283478
Qiskit__qiskit-435,f5281d223543150bfae3a0564bb4ced61563ce93,145,58,335,0.21009641885757446,0.25544822216033936
Qiskit__qiskit-435,01b1ebb9fee7dc9dae1deab2f92cd26cf3a55eeb,228,222,335,0.14900067448616028,0.16858196258544922
Qiskit__qiskit-435,78205378eaac067bb36d68ea7727b68da06264eb,94,31,335,0.2861258387565613,0.28014013171195984
Qiskit__qiskit-435,3388c6707801f8f88bbf951aa62a693df93bf7e5,271,57,335,0.10066771507263184,0.25550147891044617
Qiskit__qiskit-5014,3494782e618efbf63980720436c1da75fd93f628,651,211,1262,0.16794484853744507,0.34562599658966064
Qiskit__qiskit-5458,5e69fa7da6be7ca267146401715da99c51a6edad,357,2,1530,0.29719507694244385,0.5853845477104187
Qiskit__qiskit-5506,fbf70eaae4f63128e8bd0befea3ab0dc425d826e,15,106,1472,0.6400281190872192,0.4911596477031708
Qiskit__qiskit-7913,1836d511208897774d8e9e2c0f5da0d77fc70b76,1173,27,2515,0.27454477548599243,0.504386842250824
Qiskit__qiskit-418,699df09452ac57bcfafdca7c21bb1b00ca4dd878,68,27,309,0.2644649147987366,0.4464583396911621
Qiskit__qiskit-1281,e15de5fbf631968e840d2e629ed845d57f6565f7,185,24,533,0.2562863230705261,0.2840561270713806
Qiskit__qiskit-1281,a3ca4eb457862ba180f7f5278251e12828eea65f,51,5,533,0.3451923429965973,0.3765318989753723
Qiskit__qiskit-1281,643e7b0d93d6b44be19b31f3132fcbfbf4947e67,167,13,533,0.26535657048225403,0.337226927280426
Qiskit__qiskit-1281,20b5b6cd626cd2f55aba546691bf297148d2e337,276,4,533,0.22565752267837524,0.3937583565711975
Qiskit__qiskit-10411,c6c8db35ea65e953aac906d3bb99c39e52e32479,1352,188,3274,0.2671847343444824,0.4454980790615082
Qiskit__qiskit-6619,29d5e469dcc708014ad5f9a9bb302a20d16ae3ba,908,648,2060,0.2570101022720337,0.13764753937721252
Qiskit__qiskit-6619,da8b12195a7a77d8a9d55b19dd53658bdcfdf1df,172,581,2060,0.3555995523929596,0.1457372009754181
Qiskit__qiskit-6619,b5c479ba69adaf9bdc1c871ea524672d0e7c4436,1081,1792,2060,0.23799829185009003,0.018244292587041855
Qiskit__qiskit-6619,a1f03b250043218f706cbf6d0c66bcf09a407b59,426,143,2060,0.3142955005168915,0.20529620349407196
Qiskit__qiskit-3848,b6824ca1c5ac5c3003427b90a488023256d756f9,755,10,1988,0.2515529990196228,0.5536601543426514
Qiskit__qiskit-3848,dbb72108d11b9a556fe34925329de6df266d8022,1056,43,1988,0.2169351577758789,0.4763776659965515
Qiskit__qiskit-7942,13a5dca49c397f12fb377a649c8098478f66a2c3,586,52,2509,0.3600045442581177,0.5085927248001099
Qiskit__qiskit-7942,5bdc6e5b8b21af60f4c508093fbcc7df700c9855,1254,601,2509,0.26804929971694946,0.42109012603759766
Qiskit__qiskit-7942,9d07af8b90521f3c2cd7c7136c64093e8f6789e5,728,141,2509,0.31684184074401855,0.47898709774017334
Qiskit__qiskit-2237,272e4105fdda7e93de30317f3a9d70b31ff781de,141,130,590,0.2076694667339325,0.17671717703342438
Qiskit__qiskit-2237,7e488b4e33645e19bbfa02c9088dee84591adaeb,31,21,590,0.30287015438079834,0.24702180922031403
Qiskit__qiskit-2237,e5a60c3754034c548765c95d028fcf266a713029,217,22,590,0.18337702751159668,0.240035742521286
Qiskit__qiskit-2237,4cff6617a55ef1949a90ade16e00d7b91c4bec76,88,69,590,0.2376793920993805,0.19863355159759521
Qiskit__qiskit-2237,96a9fbf22f3256593d0b988533dab17495a4f094,256,17,590,0.17118196189403534,0.2544281482696533
Qiskit__qiskit-2237,2937db0059bf6eaf63b2e778651f00f069e8edeb,546,529,590,0.03921172395348549,0.06486817449331284
Qiskit__qiskit-2237,c76f5892d997c96d9bc9a4a055978331cb26c49e,373,20,590,0.12776830792427063,0.2473268359899521
Qiskit__qiskit-2237,5b60d1a08ba9d8a3b049eda59199503a547f42a0,297,95,590,0.16155987977981567,0.18808364868164062
Qiskit__qiskit-2931,0324a0f7836179813f02797f2fcd60a62b7737df,610,124,641,0.041473597288131714,0.4789873957633972
Qiskit__qiskit-10355,9f573728572c9cb768473ca52342b6ec946879c3,1438,570,3323,0.24993658065795898,0.2520081698894501
Qiskit__qiskit-7299,8425182b0c79215984e2d50a6695602645f2dda7,1210,46,2282,0.20537430047988892,0.3868723511695862
Qiskit__qiskit-7299,f95fbf88a7b28033bcffdca3665ecda997b736f0,1320,780,2282,0.19572371244430542,0.27350038290023804
Qiskit__qiskit-7299,17d8783d3f83f60b9bf318f38a65d93d9c2298cc,725,123,2282,0.2643663287162781,0.36176466941833496
Qiskit__qiskit-7299,503f6220d050077fb88c502da323eb71a677d633,558,4,2282,0.29370585083961487,0.4311610460281372
Qiskit__qiskit-7299,2c59f103c3d2dcc872e046d76823b368cbe95355,890,498,2282,0.24131152033805847,0.3057384788990021
Qiskit__qiskit-6738,0de69ec58c22433002c82d449ef770e9d11e00a3,301,1,2029,0.4323258399963379,0.5959547758102417
Qiskit__qiskit-8852,34884c8392e5fa52564bf236ac64575fdd9f0b77,532,5,2838,0.4117901921272278,0.49508512020111084
Qiskit__qiskit-9368,9dd06040148d0826020be575bfacb68890f4d091,2524,2150,2852,0.20032361149787903,0.15990108251571655
Qiskit__qiskit-9368,f74d8ca8515395bea9a314b68d7dd67db2c44c68,2717,1788,2852,0.157200425863266,0.1901804655790329
Qiskit__qiskit-9368,c40ae57bb14853d0aced1b01800c14cee2b34814,1895,2699,2852,0.2853569984436035,0.10080800950527191
Qiskit__qiskit-9368,71c17754bdad7ecbfb71766261b1ce474ec894fc,1613,2487,2852,0.3070186376571655,0.12881943583488464
Qiskit__qiskit-4054,305afec2023182dd96b53c114b2a5f03318c196d,739,157,1000,0.23057805001735687,0.48506635427474976
Qiskit__qiskit-5596,d7295aff3fd8db33df2f03ab6ce470ad5a00fb93,1099,357,1745,0.1726847141981125,0.3923632800579071
Qiskit__qiskit-5596,7b82ca07cd308306f5b886366e774addb2c479ae,320,616,1745,0.33739084005355835,0.3534317910671234
Qiskit__qiskit-5596,7e6dc959ce273175038a13b9337b597a1937afc0,830,276,1745,0.21369639039039612,0.4075146019458771
Qiskit__qiskit-5596,f01fced1f4b66b71956acecdf92c26c9d500adaf,595,700,1745,0.2523424029350281,0.3442053198814392
Qiskit__qiskit-5596,99f1f738c7086bad390128cd5c0156538580ba30,298,580,1745,0.35315555334091187,0.358830988407135
Qiskit__qiskit-5596,8ea43685a462cef391d135bf2cd7706d2326840c,335,511,1745,0.33143776655197144,0.36758577823638916
Qiskit__qiskit-5596,a61bfdee099cbf82186b90a901c77ade2cae7707,491,940,1745,0.27810314297676086,0.3180631399154663
Qiskit__qiskit-5596,a34ff364f04f12db7997e597e52b19f3ada9c48f,934,552,1745,0.1965082585811615,0.36244985461235046
Qiskit__qiskit-5596,8afba77cf1ec77d40f7e4299a783067d8f64ff43,550,523,1745,0.2611273527145386,0.36625999212265015
Qiskit__qiskit-5596,365e796862ef4f38f47eb7dd7599e7d3edd719f5,327,16,1745,0.33394482731819153,0.527796745300293
Qiskit__qiskit-5596,b59074bbb966b2abb8c0f81731d771fc088c9ad9,714,343,1745,0.2311723679304123,0.395464152097702
Qiskit__qiskit-5596,0ee2bec017bfe8e30583473f8b630ad493a36a3b,1586,627,1745,0.09812143445014954,0.352009117603302
Qiskit__qiskit-5596,6f2e03699ef19f1a97503e79bce5b5663bc95d1f,481,333,1745,0.2789522409439087,0.39815470576286316
Qiskit__qiskit-5596,41dd90dd7b50736f8bd92953a4f54158d7b8d9be,648,242,1745,0.24068622291088104,0.4163402020931244
Qiskit__qiskit-5596,d25a9301c1a194487b4e6f1062df192258babaca,1234,866,1745,0.1554490178823471,0.32531026005744934
Qiskit__qiskit-5596,572f4db6f7ca992c3bdf6ac57db6db2b630e86fa,530,512,1745,0.2679477632045746,0.3673197031021118
Qiskit__qiskit-5596,ccd636c57f951ccf4e7348d46bc4c4df1a012942,1066,1208,1745,0.17736300826072693,0.2776358723640442
Qiskit__qiskit-5596,7616ddd5d35df3bf9fba754bc41410d40c2f15d9,1095,886,1745,0.17325043678283691,0.32333284616470337
Qiskit__qiskit-5596,624f0c57abde429b194421e9d3e95c38d13506cd,819,933,1745,0.21489354968070984,0.31890416145324707
Qiskit__qiskit-5672,0a8efe7b3bc6e481dc67fbc2759ccec6f6424c78,443,396,1820,0.35679322481155396,0.3691803216934204
Qiskit__qiskit-5672,5fa51c6727091bf85a2e6593d19767d0779c5c65,1629,427,1820,0.14393405616283417,0.3636589050292969
Qiskit__qiskit-2672,7653a9048f53aec15d76db72b036037ca34d2947,123,15,610,0.4071294963359833,0.5588552951812744
Qiskit__qiskit-2672,d822a6d5b0a70f803ab073bcedda81d2f629f98a,358,513,610,0.2946910858154297,0.0671987235546112
Qiskit__qiskit-2672,54c47743b26a5db2752870bf40866e346c9dec9a,168,196,610,0.38825494050979614,0.4307592511177063
Qiskit__qiskit-2672,3eb928d4117c9d85cbadf85d494b2754bd4aa37c,321,277,610,0.3102806806564331,0.34599632024765015
Qiskit__qiskit-2672,ecfb03901ed58d38989fa568552ed2161e35a787,155,89,610,0.39288389682769775,0.4959893226623535
Qiskit__qiskit-2672,d4f2792bd15c5be5b1291898d7bac182868e42c1,132,139,610,0.4029727876186371,0.4681381583213806
Qiskit__qiskit-2672,ce91fbf78664c81c3016aa92c99d6d3310ab363b,226,42,610,0.35254979133605957,0.5339799523353577
Qiskit__qiskit-2672,77256c752dbe3e9ad86477da0bb214c46062f9fe,446,245,610,0.26447904109954834,0.3765525221824646
Qiskit__qiskit-2672,38776c3e628fb4fa238fe4f7201f3af52af17c74,31,16,610,0.4866521656513214,0.5587984323501587
Qiskit__qiskit-2672,60f2eb5e0b8ae6e836b8e2c47289bdb9f8a7095e,52,107,610,0.45942580699920654,0.486702024936676
Qiskit__qiskit-2672,fbd0fa66f5e60181d3d59a315577c6bdec117750,184,52,610,0.38306987285614014,0.5228433012962341
Qiskit__qiskit-2672,14bfaad1bcfe5cffa1d327132024bf1820563bd8,550,86,610,0.21749767661094666,0.4995695948600769
Qiskit__qiskit-713,4533a2abee904dae1df37ce769f170f78df19a8a,139,303,445,0.2716974914073944,0.16147753596305847
Qiskit__qiskit-713,a2c9eed7ac18643d89d1d10d24b1db06091a1a74,97,364,445,0.2903139591217041,0.12657395005226135
Qiskit__qiskit-713,1cef82eb0a70fb8e07ce510e69b9f69f237061f0,89,382,445,0.2943764925003052,0.10916483402252197
Qiskit__qiskit-713,ae4a769b2d8b2711bd2354dbdd44bae58986f314,36,396,445,0.34946101903915405,0.09514091908931732
Qiskit__qiskit-10545,b0790f1026f297c9dfb38ec7c45e0b6265244d9e,1286,1122,3354,0.29013121128082275,0.2079661339521408
Qiskit__qiskit-10545,c56cd820262c9d835168d07d7ae4ea98924aa7eb,2846,983,3354,0.15757769346237183,0.21984297037124634
Qiskit__qiskit-10545,8a44950d43677f9310b12a098d145374dc17befe,2559,262,3354,0.18314912915229797,0.28308913111686707
Qiskit__qiskit-10545,62880e3eeec997e6edd6f247c19c58e2e6d2db42,1518,384,3354,0.2593371272087097,0.26846325397491455
Qiskit__qiskit-10545,81ca9af75eee95f0957803da421b25244f739b7f,2994,27,3354,0.13658933341503143,0.33849018812179565
Qiskit__qiskit-10545,c80aa0296778e3c27ffc285122a1521c4dca7a67,2857,1680,3354,0.1554017812013626,0.1681416928768158
Qiskit__qiskit-4787,5768ad7b3cc0a2b203f0431110adf134ec130a81,523,3,1422,0.26913246512413025,0.459500253200531
Qiskit__qiskit-2061,6c4c76b61d078747e950a4c53c3617b7b2205113,44,34,505,0.4338501989841461,0.4037622809410095
Qiskit__qiskit-3174,50c280ff3c103538e56dd504e1601dc8bf46de75,39,23,752,0.44105756282806396,0.5369926691055298
Qiskit__qiskit-9597,78b8598f60553abefbc6f47a73c223f1048b5654,779,12,3089,0.36503875255584717,0.5578829050064087
Qiskit__qiskit-9597,77381747d86d5a5252a2521697b6c38ce004c33e,945,1,3089,0.30632907152175903,0.617609977722168
Qiskit__qiskit-9597,dec2b0aec9f45d1ad65bfceda3d42d09d57a9043,1021,2,3089,0.29397469758987427,0.5949679613113403
Qiskit__qiskit-5192,78d3395c219ba69b346203102df4dd9378fa059e,642,10,1502,0.30707627534866333,0.5229668617248535
Qiskit__qiskit-5192,3039e08490e4050cb237ed9b1b7da80b8dfe0290,221,64,1502,0.38491883873939514,0.4657433032989502
Qiskit__qiskit-5192,57c358b2837429041ab3d0b62355b7b945ef1197,720,19,1502,0.29499274492263794,0.5058642029762268
Qiskit__qiskit-5192,4522109037772e03801c29c1c7a81a023bb6374f,855,178,1502,0.2812287211418152,0.4212261438369751
Qiskit__qiskit-2167,9833931b4db6e756eafd3955d418c2b88941a26d,87,48,584,0.3246266543865204,0.37611693143844604
Qiskit__qiskit-2167,d5f34b5527da62ada83ae87ffa330d79507e74db,357,17,584,0.22487512230873108,0.4096413552761078
Qiskit__qiskit-2167,d866f9ce3fec60b903770c57e2562114712af431,406,58,584,0.207352876663208,0.3702441453933716
Qiskit__qiskit-2167,66178a02db0459497b0d87e4ee3ce0144c9ad23c,39,445,584,0.3520479202270508,0.23039571940898895
Qiskit__qiskit-2167,5600e5662f5b76f68670201f24a4c8dfd0cb820d,510,8,584,0.15470315515995026,0.4358789920806885
Qiskit__qiskit-2167,44a29e781cf5e83907efb5ed4ad09c9904780d50,280,53,584,0.2547260522842407,0.3727206587791443
Qiskit__qiskit-2167,c62a93969297f406436ae047087dc3bbb02a45f4,56,14,584,0.336744487285614,0.41467857360839844
Qiskit__qiskit-2167,4cf7f7652d5bd710dcf6c90e91389a530264f776,204,350,584,0.27818480134010315,0.2713216543197632
Qiskit__qiskit-2167,798fa44ae78e2518fb12fa162350b329383bfae8,504,84,584,0.1632290780544281,0.35553085803985596
Qiskit__qiskit-2167,a68b7726b33e7b57dc30e52f2fc8955b120dc1fc,462,391,584,0.18642309308052063,0.25748419761657715
Qiskit__qiskit-2167,8b4aa52fc84492f4d5641ef49111b8a667e4c6f1,67,131,584,0.33369094133377075,0.3413034975528717
Qiskit__qiskit-2167,b8f9cf904eaa703e74c5303461e3620550350a83,487,3,584,0.17313025891780853,0.46204015612602234
Qiskit__qiskit-2167,ea2ecc4741906cd60494136d8157956c7d0f29bb,52,92,584,0.34029421210289,0.35320407152175903
Qiskit__qiskit-2167,5aa890b716ab1ab92027413b80e55fd557e60a52,135,267,584,0.30914953351020813,0.2964494228363037
Qiskit__qiskit-2167,4b16c97bee3d13e24f611de25c54f8e3de30f0ac,103,45,584,0.32092195749282837,0.37855270504951477
Qiskit__qiskit-2167,4d8656bc8e98f6ab5522176f50a4d8c6e5051606,104,268,584,0.32077980041503906,0.2960801422595978
Qiskit__qiskit-2167,c23aff0239e47466cebf8f6cb9ad33c02723787d,237,343,584,0.2674022316932678,0.27330806851387024
Qiskit__qiskit-2167,dbadfe5047dbc540531d6b8aad10afd47ef517e0,447,489,584,0.19181029498577118,0.1957637071609497
Qiskit__qiskit-2325,1d5774dfa4c2c0b78080b5a8732b9ccd2c8132bd,152,30,577,0.23830264806747437,0.14691710472106934
Qiskit__qiskit-2325,bbecd0c86304b4eb37ee59cd39d3dc9680cad114,376,113,577,0.1553502082824707,0.10459333658218384
Qiskit__qiskit-2325,7b6c07a7a87382f5a60b707ef52c84a0caa5b141,388,51,577,0.14937251806259155,0.12623119354248047
Qiskit__qiskit-2325,fb77906ac2ace5d305b2b1d938b561eccfd8d50c,25,24,577,0.32674887776374817,0.15865905582904816
Qiskit__qiskit-5676,52b10f14cb8337c8f0c87b816b8f8d61286284d8,533,18,1741,0.2573997378349304,0.5520635843276978
Qiskit__qiskit-1080,1bb753eaab31f98d1561fa5bc6c7d855f847f106,82,1,462,0.3095873296260834,0.429269939661026
Qiskit__qiskit-5597,0a640d8e194a7fca677a326fc44e2d49fdab9b2e,1296,20,1736,0.21740499138832092,0.4946214258670807
Qiskit__qiskit-5597,87c3d24ca448d7910096eef303246b67431b06e7,843,26,1736,0.2695308327674866,0.4908321797847748
Qiskit__qiskit-5597,ce9e82090bbc4b62190988bc7fb572119fcbdd59,1371,6,1736,0.2086120843887329,0.513183057308197
Qiskit__qiskit-1718,6fbb170a3ceaa532c11bafb00f893e032d2d4b95,185,44,454,0.18208569288253784,0.3883844017982483
Qiskit__qiskit-3051,f4ab91221df20a1fd0a68212f28414453073d621,203,87,686,0.2733796536922455,0.2548377513885498
Qiskit__qiskit-3051,9edc9ede5db2c7cb282d746f6c6b4acc6393dbc5,131,8,686,0.3185081481933594,0.40924885869026184
Qiskit__qiskit-3051,a4d30efc6e1038cc25cf5d3e490332091b7969a3,322,6,686,0.2127343714237213,0.43424442410469055
Qiskit__qiskit-3051,08a74c2a8317282af13ec258417038bae56cf804,118,9,686,0.326987624168396,0.3932574391365051
Qiskit__qiskit-3051,64b97e81b80336a45d632fd5e39cbf48036813f5,547,36,686,0.13723191618919373,0.2906119227409363
Qiskit__qiskit-3051,a9e6a47d49fed813dd17043205853cf700f9298b,117,23,686,0.3276851177215576,0.3194853365421295
Qiskit__qiskit-2725,0aff931130b2fcb6b3684c168b8977a553c79a4e,118,12,617,0.2922259569168091,0.3274257481098175
Qiskit__qiskit-2725,5d93fef6e1ee9576fe727b2b5a32dbd618a52619,11,80,617,0.4089597761631012,0.22743076086044312
Qiskit__qiskit-1053,879fb8444bd814437f9741d4cd335ca22e69ebd3,30,1,450,0.35683104395866394,0.5440587401390076
Qiskit__qiskit-9941,69bc9707d318d37dbbe6f71c39c4e5dbc5dcb5ab,1431,622,3146,0.30702975392341614,0.4158017039299011
Qiskit__qiskit-9941,a340aee45d8d13e1f9b38762d468788e476ff090,52,7,3146,0.4394684433937073,0.5438706278800964
Qiskit__qiskit-7933,a54df2d448ced90e837910c6f12251214a7000a2,122,46,2498,0.43954479694366455,0.5074700117111206
Qiskit__qiskit-7711,6f6e2fbefc6ed855dbbddc935a8d55aba869b33b,1573,110,2463,0.20834241807460785,0.4842880964279175
Qiskit__qiskit-808,19db41cf3b4132059c22f61ac37a2132960e2bc7,147,1,440,0.30413275957107544,0.5005056858062744
Qiskit__qiskit-10383,3778075e27a2a652aa6910a9c04037bca1f96ff3,1054,21,3315,0.3319963216781616,0.4312823414802551
Qiskit__qiskit-8370,db2710a37cbde296db895f12fafb9bd851590af3,591,66,2610,0.41473039984703064,0.51605623960495
Qiskit__qiskit-8370,35cf34742bd8ef4930e5f1b5428f0d490984a6c6,1075,253,2610,0.35379570722579956,0.47764766216278076
Qiskit__qiskit-8370,55014ce37a9d820b525430a492f138204a34012a,819,25,2610,0.3865673542022705,0.5371363162994385
Qiskit__qiskit-8370,5c27b15e8faf445b1c698bddd60d5b9ef5e0915b,1170,22,2610,0.34243834018707275,0.5423828363418579
Qiskit__qiskit-8370,217b1d0b6fa4e25c6426ac8ef98512304096e6c3,927,42,2610,0.37171268463134766,0.5284348130226135
Qiskit__qiskit-8370,a5e8d5ce7348c7a3c79d036d64004eb9e5e0e200,1461,27,2610,0.31364068388938904,0.5359656810760498
Qiskit__qiskit-8370,a1006d7dc7816a5b42369cc7dc407a5229d1be36,561,64,2610,0.41788578033447266,0.5178298354148865
Qiskit__qiskit-8370,893f05d35299b1297618ec198ffb242427aa900c,1022,58,2610,0.3589000701904297,0.5193002820014954
Qiskit__qiskit-8370,4729f3b5b3405047129e7c5e0e483adcfdfa70ec,461,132,2610,0.4304826855659485,0.49555703997612
Qiskit__qiskit-8370,a20708211a5e8c282d909bfaa0111e03750d244a,348,68,2610,0.45821061730384827,0.5147322416305542
Qiskit__qiskit-8370,956887351a56a7b3b83f9a4c37f2af337894ab6c,1067,138,2610,0.3542477488517761,0.49404776096343994
Qiskit__qiskit-8370,b433aeff43f55414a6ecd0d34da44970dfbdbf8e,1544,35,2610,0.30424433946609497,0.5320737957954407
Qiskit__qiskit-8370,a2804cb1ca27365c69fefadcac002f3d42ca0bd3,857,128,2610,0.3814258277416229,0.4962576627731323
Qiskit__qiskit-8370,e2501ca79c79179bd1a7765e860a1184c9e3e3a7,922,194,2610,0.3725375533103943,0.48519086837768555
Qiskit__qiskit-8370,491f173984bfd466e79a9f7eb32fe0aaa5c8335c,772,21,2610,0.39277535676956177,0.5427259206771851
Qiskit__qiskit-8370,c10b3206959572d739489f8455f24c8519299f3f,2100,984,2610,0.23104114830493927,0.3927825689315796
Qiskit__qiskit-8370,c78414223a937c6522ff658721f39284fd14638f,991,101,2610,0.36369213461875916,0.5033549070358276
Qiskit__qiskit-8370,1299b7381266c3a6fdef5f72a8be0e949e1cae0b,1455,143,2610,0.3137878179550171,0.4923554062843323
Qiskit__qiskit-8370,c367f6b902c3bc0f7e03532f60475ef3281d0757,417,95,2610,0.44032418727874756,0.5057507753372192
Qiskit__qiskit-8370,93139df849d3b37fefa7dd34486226771872ec24,1060,121,2610,0.3545990586280823,0.4973723888397217
Qiskit__qiskit-8370,cacb7174a388c5d9f7b612346822897d4792a5b2,946,165,2610,0.36947643756866455,0.4892399311065674
Qiskit__qiskit-8370,f45f30606d41a6f35b21a77181cb3e3ab83404e7,1079,127,2610,0.353170245885849,0.49627625942230225
Qiskit__qiskit-8370,7897e6ebb99818d3f4b25cc51fd362968baa1b02,824,139,2610,0.3861211836338043,0.4935242831707001
Qiskit__qiskit-8370,67015fa055743bf375d61428e4d9e5c784726d2b,1887,229,2610,0.2625036835670471,0.48024219274520874
Qiskit__qiskit-8370,c3d050bee5e2f2e4822bae3af967f0bbb68f5b76,151,15,2610,0.5148488879203796,0.5452609658241272
Qiskit__qiskit-2869,5e7d41c869f8b9f2efaecb546f5161ee2beea5ec,569,169,661,0.08976852893829346,0.22497761249542236
Qiskit__qiskit-2869,df96833d6c43aeeebd391bc5d116d12a413e1c8e,453,304,661,0.1296459138393402,0.1844160258769989
Qiskit__qiskit-2869,7b88489219d1e99e7ab7d54ba64e58d0323e8c80,460,246,661,0.12879329919815063,0.1983310580253601
Qiskit__qiskit-4945,f707c6739dae4cd8d9569f54bb93dba89cc51996,448,262,1261,0.2786535322666168,0.38087189197540283
Qiskit__qiskit-4945,b76db3e27fb4635f52dc965e55360b8351a3c7c4,605,67,1261,0.24662598967552185,0.43724942207336426
Qiskit__qiskit-4945,8c77ce208385a58a666283aa525bd18eda2004df,332,29,1261,0.30721309781074524,0.4720110297203064
Qiskit__qiskit-4945,3e4d1c7771d08f4473b6ea8a435fe362619c1d08,237,223,1261,0.36056315898895264,0.38952040672302246
Qiskit__qiskit-4945,0918bfeaecdad56e6375a7c4670c83404ae6e34b,1129,92,1261,0.13137277960777283,0.4273560643196106
Qiskit__qiskit-4945,46613269f3d9235fbcbcfed20da61d2018d24bb0,576,639,1261,0.2527552843093872,0.3044176697731018
Qiskit__qiskit-4945,1ae5525db0e42365558c7a79e23f9d193f0ef5c5,1141,566,1261,0.12648600339889526,0.31989210844039917
Qiskit__qiskit-4945,83b1127d911afc944a1d799e87675f8e9db476f0,394,703,1261,0.2904636263847351,0.2857043147087097
Qiskit__qiskit-4945,666d8838b9d7f657fbd32aae768a676c3ae38241,279,34,1261,0.33077624440193176,0.4667649567127228
Qiskit__qiskit-4945,8f0c6283d2c9e879383eaf31593efcee75b6eaaf,385,730,1261,0.29511889815330505,0.27560585737228394
Qiskit__qiskit-4945,9bbb007276ddc5711c25e0cff06e66638e8ddeae,277,394,1261,0.3312126100063324,0.355732262134552
Qiskit__qiskit-4945,f1f26b3457067b4298f4e82ec0d11d3407a067f3,1055,611,1261,0.16055861115455627,0.3112011253833771
Qiskit__qiskit-4945,4d4b86d547b332e10f7c9bea98730c048d061799,685,301,1261,0.2310815453529358,0.3734641671180725
Qiskit__qiskit-4945,1f901a88e40e18b9199cf89fe5a74e8a076b0744,504,632,1261,0.26621517539024353,0.3061666488647461
Qiskit__qiskit-4945,1c3883c65757465dd1c2b7b637a3ff8ef969badf,418,172,1261,0.28538787364959717,0.4033089280128479
Qiskit__qiskit-4945,3f162061e7d88310c7af5db661452c7c6147d9cf,441,565,1261,0.2809603810310364,0.32041406631469727
Qiskit__qiskit-4945,6ceeba9d8eb2663e99ab228da060057b95f9f6eb,222,142,1261,0.3787665367126465,0.40982499718666077
Qiskit__qiskit-4945,a1a45767941b290ac016454f1d7c5e930d368f7a,212,20,1261,0.39475899934768677,0.4822813868522644
Qiskit__qiskit-4945,84fe4f8a5c668431a950ca903d452e4bc5bf988f,1044,419,1261,0.16407066583633423,0.35255470871925354
Qiskit__qiskit-4945,33c1c7dec0f6eef73bfa60383db10c6ca05b3bf5,1000,106,1261,0.17611047625541687,0.4204513430595398
Qiskit__qiskit-4945,ac3abb5d6f26980f339d6a4dc83346588c034200,609,239,1261,0.2464258074760437,0.38705697655677795
Qiskit__qiskit-4945,e1953ef8ef39f2b7e7d483c54cea4fa27522a4f7,1068,704,1261,0.15755891799926758,0.28567707538604736
Qiskit__qiskit-4945,05e8a3f7a929813dbb090b4503b073f92a3171da,228,440,1261,0.37155818939208984,0.3490004241466522
Qiskit__qiskit-4945,3bf6364b525c280fbe82ceed0a72a970e39fff43,241,348,1261,0.3571338653564453,0.3645508885383606
Qiskit__qiskit-4945,55213072987fa961d2e209c3800732077617afbb,442,431,1261,0.28054937720298767,0.35018232464790344
Qiskit__qiskit-4945,c1596000555cb6daa895c20be817c32bdcba1a4c,839,114,1261,0.20217041671276093,0.41755592823028564
Qiskit__qiskit-5035,c07fcd1f6a2030f92761153bdf29fd98cc560521,460,20,1269,0.3309599757194519,0.49942272901535034
Qiskit__qiskit-5074,e4a0fb22235f2726023bf5c42d951c59cbf4ba31,331,26,1352,0.3494771718978882,0.45633724331855774
Qiskit__qiskit-3441,0775197cb8dc5d90e2e3581dbfa6e6326d0763de,522,14,843,0.16858354210853577,0.32821279764175415
Qiskit__qiskit-3441,c6b3c18591e76fa4f79368cdabd6af641c455e92,154,213,843,0.25521883368492126,0.2682957053184509
Qiskit__qiskit-3441,c2a3c3ddd91697d4c7283dcd292150a78b2fa124,171,333,843,0.24985280632972717,0.24509352445602417
Qiskit__qiskit-5039,73ee2ef8531de75a1cad0058cfade27b3af3e718,236,2,1268,0.33653968572616577,0.5828133225440979
Qiskit__qiskit-2836,157dd5c925027e22a078a9223ddceecfa7a94b59,221,11,623,0.2752147912979126,0.4629216194152832
Qiskit__qiskit-7733,35c8201af262b10de82ffe9600435f61978bd64f,853,25,2542,0.28933459520339966,0.44426673650741577
Qiskit__qiskit-7733,f91faa7013fb112326c0ac21e27b83898ceb3076,1602,871,2542,0.21498903632164001,0.20674848556518555
Qiskit__qiskit-7733,5a4ad0f9628c0b4d1ed61e627df4326902876efd,863,4,2542,0.28791937232017517,0.5175083875656128
Qiskit__qiskit-1668,194c8d6c27e4382c5642bdaad54cb56d1ae28fe1,382,60,474,0.07660528272390366,0.47089025378227234
Qiskit__qiskit-1668,2f532e5fa66fd8056e79208edbf5eca7c2d36e52,104,5,474,0.2048826515674591,0.5838552117347717
Qiskit__qiskit-1668,32d65fb4df3a93f7ca032f8f46b0e6c7b418bde0,370,25,474,0.08358869701623917,0.5112842321395874
Qiskit__qiskit-1668,60c7ef9d6009d058c285f46f18c0fed4c9ec540a,340,20,474,0.09837733954191208,0.516772985458374
Qiskit__qiskit-1668,e3ffea68ece6984d4dd4e65dbe2ddfaec0d05011,268,16,474,0.1238112822175026,0.5233752727508545
Qiskit__qiskit-1668,1e40404f9431ca73ca4e40daacce4f6a37bb3cc4,400,147,474,0.06353151798248291,0.38230401277542114
Qiskit__qiskit-1668,f2c9f72a574640a261a99bda3ba718b71b8313b2,254,172,474,0.13043102622032166,0.35897132754325867
Qiskit__qiskit-1668,80bacd592b32c4524d1698237039b80b0fbe1e1d,211,6,474,0.1438310146331787,0.5774672031402588
Qiskit__qiskit-1668,dbb60d7688a4687cd81ced7790fb5e23d6598023,48,2,474,0.2710331082344055,0.5937262773513794
Qiskit__qiskit-1668,3f79385439b71f93fd7f3a1e76e1877ca580fa0c,231,34,474,0.13772329688072205,0.4984009265899658
Qiskit__qiskit-1668,7990081df5e7d6d48c4bda1bf282030fc3a70061,412,98,474,0.04962097480893135,0.43324410915374756
Qiskit__qiskit-1668,a046235b914646c6941045b7db4c3452c4bdf054,344,130,474,0.09719899296760559,0.4017506241798401
Qiskit__qiskit-1668,fb9c67b859d01a4f89e169d0e8b2baeb503a3b9b,374,148,474,0.07924826443195343,0.3809319734573364
Qiskit__qiskit-1668,aab3070d19da8f031c831ce7cf19fcd9310a8d44,335,45,474,0.09949266910552979,0.4820755124092102
Qiskit__qiskit-1668,ca24e6bf2617e80a2b895e73bd9a1fc902efaf9a,283,3,474,0.11926731467247009,0.5871273279190063
Qiskit__qiskit-1668,0fc2e1792e08cc36f11209a2ab67f0e4ebabc768,297,47,474,0.1121748685836792,0.4793890416622162
Qiskit__qiskit-1668,e8f409af8e4977febe9c5b7d463dfe6b314928ea,313,30,474,0.10846394300460815,0.5041931867599487
Qiskit__qiskit-1668,6769d33739f4196e4a0df4900f2cf51ead9a3e35,63,13,474,0.24557767808437347,0.5354659557342529
Qiskit__qiskit-1668,12f5c34f860fdbfe5353b52292d983c9a6d77940,273,102,474,0.12186127156019211,0.4292363226413727
Qiskit__qiskit-1668,1a119253d758a59ad59a96556df123e1e89341f7,265,7,474,0.12435584515333176,0.5724859833717346
Qiskit__qiskit-1668,5b278f07672d8176ed866bb20fa3cf61ef8ab8dc,336,8,474,0.0994400680065155,0.5526251792907715
Qiskit__qiskit-1668,780418fee96002182e5598ece791f9bb42bf8c23,263,50,474,0.12525177001953125,0.4772791862487793
Qiskit__qiskit-1668,d72e83bb0f1c6e33a250adc9e3aa3a19d48dae7a,38,9,474,0.2835291028022766,0.5475509166717529
Qiskit__qiskit-1668,f741a75eacd8ca66ccc4d552a6f9f9f185ae93d2,298,33,474,0.11197373270988464,0.49980831146240234
Qiskit__qiskit-1668,ebb4ec3c1220648ce9a085dae059a3831acd7d1c,326,53,474,0.10379446297883987,0.47532981634140015
Qiskit__qiskit-1668,c9fb771f05f886d60b94f9735a4ec73fbea9e0f1,349,89,474,0.09449262171983719,0.4389178454875946
Qiskit__qiskit-1668,2769686c0433f4ffcddf3a528d23f0406f5dd201,375,92,474,0.07862135767936707,0.4372095763683319
Qiskit__qiskit-1668,90c53b5d6389d1ca511812c7ef74e3a82a2c4337,194,1,474,0.1529325544834137,0.6167291402816772
Qiskit__qiskit-1668,9bf2367ce0eded8ba9de7db19b13c4477c219e52,47,66,474,0.2715302109718323,0.4620600640773773
Qiskit__qiskit-1668,4facacccbcedef9423e4f9d051db4d5f20bf82cb,145,113,474,0.18478311598300934,0.4187765121459961
Qiskit__qiskit-4276,7a38570225f3be0c894824948a25c4a0f08493be,237,2,1073,0.2698783874511719,0.43314123153686523
Qiskit__qiskit-4276,665c33c28ad7acdd02a2049f9925064f7cbd8047,279,107,1073,0.25269854068756104,0.3283397853374481
Qiskit__qiskit-4276,43352648c8726f547e6609f089b6d31656cfcfea,290,178,1073,0.24840988218784332,0.314358651638031
Qiskit__qiskit-4276,2b8a8cd99f0b77bbc34bdf927cb2c2e9674a9809,623,231,1073,0.18463924527168274,0.30451858043670654
Qiskit__qiskit-4276,c4e0d912172b5686ce2e6d3f2962b60f255a3dc4,677,68,1073,0.16938382387161255,0.3404861092567444
Qiskit__qiskit-4276,f1738a6c476ee0ca48bb01d081651411f83d46d4,451,928,1073,0.21510885655879974,0.16645680367946625
Qiskit__qiskit-1210,bab02eae2bde8bf0ce627a8d807333bae0638c0e,475,146,552,0.06918022036552429,0.3196520507335663
Qiskit__qiskit-1210,5388b076b363772880a3c0605f84457baf7491af,473,104,552,0.07132077217102051,0.34520989656448364
Qiskit__qiskit-1210,07fad7a513b55c1afe7ee7b1425777cc3ec2540b,335,93,552,0.14262187480926514,0.3531901240348816
Qiskit__qiskit-1210,1e96ad42a507361e8e1fb87e960350ee8d651e77,70,1,552,0.3176957964897156,0.4925462603569031
Qiskit__qiskit-1210,34f2f84ee3621d9ee2f28f0d88db45da644be845,379,46,552,0.12390615046024323,0.3938886523246765
Qiskit__qiskit-1210,a340f4ecb517786a12d2c43200862b67e6ba64cb,451,145,552,0.08478952944278717,0.31984859704971313
Qiskit__qiskit-1210,4873b3d51e9e71d3164de62cad00ca13036df92e,460,13,552,0.08142368495464325,0.4374766945838928
Qiskit__qiskit-1210,8a35bd8fa9870b0e30e859dd88610d187823aad9,13,5,552,0.4177461564540863,0.463462233543396
Qiskit__qiskit-1210,09c7c3770ff70f1de7b1a2dbb8845adbd22995a3,435,65,552,0.09622561931610107,0.3750576972961426
Qiskit__qiskit-1210,3d196dbfdc9bc48b5e1c1c5ecdcdc03118e5f0b7,196,6,552,0.23744356632232666,0.45670056343078613
Qiskit__qiskit-1210,d9a64009aa3cf8fa5886294ca6da45bd96d10694,35,30,552,0.34972280263900757,0.4088497757911682
Qiskit__qiskit-1210,3f5d91130410bbeb50cd73a6707232831d9718c7,40,2,552,0.34631919860839844,0.48101669549942017
Qiskit__qiskit-1210,ea47c9f87aad7b258a87449947b0c52a3c8ee4a2,463,53,552,0.07821333408355713,0.3882853388786316
Qiskit__qiskit-1210,bb13dfe3e6cb0539dde2e34d5b9fbbe724f3f937,285,157,552,0.1706686168909073,0.31645065546035767
Qiskit__qiskit-1210,47a8e40668d2113328f7ac0eb23a842ca37c1131,364,291,552,0.1282624900341034,0.21354523301124573
Qiskit__qiskit-1210,3a3c15e076999a95465cd9d365e231aa888577c1,49,96,552,0.33972668647766113,0.3517417311668396
Qiskit__qiskit-1210,12ef28a35b487235c77d59e109c04c25399ffa44,16,61,552,0.40144026279449463,0.3790585398674011
Qiskit__qiskit-1210,6975cf662c540b2c07f98cb0950a9a798c5aa639,121,20,552,0.27735981345176697,0.41831427812576294
Qiskit__qiskit-1210,f0ad0ff17d4ee389bfe514e9a93b3cfff05753e0,498,99,552,0.022742636501789093,0.34889906644821167
Qiskit__qiskit-1210,4e5fc64969c3646c38a1329fdfe5cd33bd3d7681,370,64,552,0.12689737975597382,0.37545114755630493
Qiskit__qiskit-1210,1253962caa8822d62b2267f5ca3b96fc73a1db13,457,28,552,0.0835362896323204,0.4124181270599365
Qiskit__qiskit-1210,6c02608065e69d3309fa56da3c6f1cad8380173a,415,174,552,0.10903272777795792,0.3035510778427124
Qiskit__qiskit-1210,e4fdf7d4e263f57726995d162b4ce133fe3e39da,431,22,552,0.09810822457075119,0.41703158617019653
Qiskit__qiskit-1210,82afa881758ad7a9c4f4adb34a2dd3b3f4953779,1,19,552,0.5092647075653076,0.424831360578537
Qiskit__qiskit-1210,4fe0f1f303bd0076167b6f4635e446875fa7f696,286,7,552,0.1704530119895935,0.45368117094039917
Qiskit__qiskit-1210,61b0d6bf74a86757dc62e4c3b8aee879f669797e,433,159,552,0.09728319942951202,0.3153362274169922
Qiskit__qiskit-1210,0ebd9c530e5e1a3390bfdd6270b0c61f898aa98f,470,54,552,0.07258103787899017,0.3859361410140991
Qiskit__qiskit-1210,302ae8afc06cef712386bd6a262fbc1df8169182,490,71,552,0.04950512945652008,0.3709099292755127
Qiskit__qiskit-1210,0d6f71ad8cd0cd1190d38560cc96fb7d47e9bcbd,90,16,552,0.2976101040840149,0.43308231234550476
Qiskit__qiskit-1210,ebad2c88729538238b718ea8da18d4400d2ceb72,502,59,552,0.012145483866333961,0.37941399216651917
Qiskit__qiskit-1210,dd94481b55e739f636f94d80848d5ac6160f81b0,462,179,552,0.08027876168489456,0.3017616271972656
Qiskit__qiskit-1210,8410cf922aa97258382b8406663ef845556d07ed,493,80,552,0.04292215406894684,0.36380696296691895
Qiskit__qiskit-1210,16602d302fc9ca70e360c61e1a8aa7165500240c,417,141,552,0.10834289342164993,0.3229143023490906
Qiskit__qiskit-1210,244921578adb127e27ed759e6f72700b379106b8,439,108,552,0.09254293143749237,0.34169238805770874
Qiskit__qiskit-1210,fd35f47760ecb9e67ace9aecc0095e229635066c,62,44,552,0.32771384716033936,0.3973013162612915
Qiskit__qiskit-1210,73e36f19af5400da10064b1402351a22233fd402,472,26,552,0.07134169340133667,0.41279077529907227
Qiskit__qiskit-1210,565305b2c53282ef6a89b4a0dfa00d09b29ada09,350,4,552,0.1350984275341034,0.46425819396972656
Qiskit__qiskit-1210,dd5bac862470002e93f38f45d020067d125fda42,28,57,552,0.3598119616508484,0.38184261322021484
Qiskit__qiskit-1210,850fa189428dfdeb41253e0170f6afa0b57389b3,483,42,552,0.06398977339267731,0.39896509051322937
Qiskit__qiskit-1210,3de9bacb21edb0bc12543ba44e7d1ec5c2076205,186,151,552,0.24646678566932678,0.3187510371208191
Qiskit__qiskit-1210,78ba18dac50d2d04212a28f930b6e13e4804629b,481,74,552,0.06485053896903992,0.36880460381507874
Qiskit__qiskit-1210,b9dd06bff1618a1e27d3617d97e4773da55c88f4,497,116,552,0.026695843786001205,0.33822953701019287
Qiskit__qiskit-1210,48d988dccaf93027536ebbc918f31c2eead91104,256,109,552,0.18983194231987,0.34127241373062134
Qiskit__qiskit-1210,c4a3fb27e5d4c44f36c24f1b9e76bd9d82e521e4,452,124,552,0.08471548557281494,0.3328913450241089
Qiskit__qiskit-1210,fbe7a4296519f5816a5e50ec7bdc8f24d4a64639,7,3,552,0.43536198139190674,0.46946191787719727
Qiskit__qiskit-1210,bb07bc2ff3a8e42b341599955a1941f30ba915e3,474,60,552,0.07031437754631042,0.3794071078300476
Qiskit__qiskit-1210,3ea3a8000eed46158025db95ee8b511540590a2c,500,85,552,0.015656646341085434,0.3593704104423523
Qiskit__qiskit-1210,9983a40395984e0e34a7ad4d747c7e9234c7a58b,464,150,552,0.07790223509073257,0.3188231587409973
Qiskit__qiskit-1210,3189df1488e5df5382ca33e7139552d2890c8850,461,153,552,0.08065573126077652,0.3178757429122925
Qiskit__qiskit-6235,0051f529f2f4edca934822bbf8a03b41f77a74d6,1395,40,1936,0.23996978998184204,0.5087260007858276
Qiskit__qiskit-6909,34e6819600dd96dde0b2796ac86f7f9b5a48c9d0,483,6,2131,0.3935210108757019,0.5467089414596558
Qiskit__qiskit-6909,b0d233f246e7ad8378dc9739a1de5e9e649576c7,385,1,2131,0.40780946612358093,0.6176955103874207
Qiskit__qiskit-4633,8994e012da48479fe86e13c3b9497ad5e3dbc23f,37,42,1227,0.4185556173324585,0.45778846740722656
Qiskit__qiskit-2473,528229a98ff8aea488bd2a20133059d4ce5d875f,159,138,572,0.37078049778938293,0.3551502525806427
Qiskit__qiskit-2473,6fdddbee6b513c3d260960d153083fedb9dd2fd9,30,121,572,0.46383196115493774,0.36224305629730225
Qiskit__qiskit-890,6f3b52307d22d5d32cfd52c6a91e4ef53ab25e39,95,74,443,0.2048768401145935,0.36430954933166504
Qiskit__qiskit-890,dd11f471ff4831d2a7a1f9742d7df579694f41d6,216,1,443,0.15163767337799072,0.5159957408905029
Qiskit__qiskit-2387,ceb7d017e5033805700b19a377ff3aef8747a694,391,1,570,0.133533775806427,0.38396501541137695
Qiskit__qiskit-5755,3c2340983196485f1e5a6ed8a8a9b53a8f86849e,89,14,1768,0.46781644225120544,0.577888011932373
Qiskit__qiskit-2652,1fe629cf1a799543397307ed779a4925adf8cac6,40,1,601,0.39991870522499084,0.5992615222930908
Qiskit__qiskit-4887,029f5de9700b66caa93e7fe952219069ef1ff25c,49,4,1458,0.46117258071899414,0.5985018014907837
Qiskit__qiskit-9404,3ff574f00b50bc851c997090273e103e025df869,860,103,3057,0.3380964994430542,0.5073445439338684
Qiskit__qiskit-3577,bc09106d4dc76053fb605ad3546393c647f100d3,113,193,900,0.33134573698043823,0.34138232469558716
Qiskit__qiskit-3577,f8d2717c7a26e780f63c06f7d913c5b2dc12616d,132,13,900,0.3172292709350586,0.42478471994400024
Qiskit__qiskit-3577,7136e25d9906a16b215d42383c2df3f2bef85f81,137,434,900,0.3136942386627197,0.2777009904384613
Qiskit__qiskit-3577,d4c64d1ab38d44e5d6efa0eb1a6ba8aca2b4b840,236,557,900,0.2585422694683075,0.2315492331981659
Qiskit__qiskit-8199,a9f8a5cc7e2b916527f4e4bc52570c0f5c52b13f,46,228,2581,0.5487561225891113,0.5145777463912964
Qiskit__qiskit-1856,4a720488d32166945bb37582c17433f7b2b1a89b,407,100,462,0.13780230283737183,0.18282052874565125
Qiskit__qiskit-1856,5f0f3ec7c9ee1f5cfbd08b534e15e9427d411d4a,166,201,462,0.2609661817550659,0.10821722447872162
Qiskit__qiskit-1856,5dffc16840ddd6dd2d8e37ec58e432dd01052b17,124,49,462,0.2838275134563446,0.24607375264167786
Qiskit__qiskit-1856,043d13dd52ee2f89b14db62d93c1935d2767cade,58,154,462,0.3187556862831116,0.1380155235528946
Qiskit__qiskit-1856,792e1f40538992928a3e5128a92a37ad61ce797a,278,197,462,0.21802066266536713,0.10993938893079758
Qiskit__qiskit-1856,c585379dc2cfb75cfcc4efc6a8114f3b930c2cd1,11,139,462,0.40893518924713135,0.14592641592025757
Qiskit__qiskit-1856,2aff1cf80f75c31d9a76082d14580ced6f694a43,229,61,462,0.2373417466878891,0.23467086255550385
Qiskit__qiskit-1856,bee51f5b11f8e28b12a4fdc0aa3d7070e4e4df31,208,239,462,0.24759560823440552,0.08021223545074463
Qiskit__qiskit-1856,b070a1d68524e2c4e7440c54ebb60230096ba8a8,32,14,462,0.34727469086647034,0.30657556653022766
Qiskit__qiskit-1856,b4ec3352282db4001c198dddcd4a3d378c9056ed,36,28,462,0.34377413988113403,0.2796793580055237
Qiskit__qiskit-1856,2197d7bf49eb4cfe57ee47a1d4bc1502fce04776,249,313,462,0.22980543971061707,0.038929540663957596
Qiskit__qiskit-1856,b8d4dc0692fada791441a2667ae53cf7d0ec1514,188,166,462,0.25450199842453003,0.12681111693382263
Qiskit__qiskit-2014,91c48e9dd668ed64affe78b7af1906084d85f967,43,8,496,0.33944863080978394,0.48765790462493896
Qiskit__qiskit-450,9571de128db90a020e5675006739c61c1b95eceb,71,155,342,0.34843531250953674,0.20718325674533844
Qiskit__qiskit-3547,03c94ef38ff6e759e4b8305a7c588ce7cf77153d,1088,6,1890,0.16971024870872498,0.636791467666626
Qiskit__qiskit-3547,d1e4ead516c99d8821de75f1579a92415292475c,479,91,1890,0.30651965737342834,0.5421187281608582
Qiskit__qiskit-9726,1a6a25100aeda7c3b1159e02ed9f3622d0615113,726,17,3107,0.34501177072525024,0.5325974822044373
Qiskit__qiskit-3288,cc1e87adfd928f4375e7319997044c9145733f8d,567,257,786,0.23048537969589233,0.32919037342071533
Qiskit__qiskit-3288,6326513da0f1d3e1f557121e8ccbeea3d88b9395,586,398,786,0.22571592032909393,0.26173627376556396
Qiskit__qiskit-4807,e8b139f1073b7f1c216023fd30ed6704f72555dd,349,10,1256,0.3713398575782776,0.4069192111492157
Qiskit__qiskit-6932,924db6c231fb4dd3cb7f19f772564db11c3fbd19,529,12,2082,0.31113186478614807,0.44528958201408386
Qiskit__qiskit-977,7be7e8fd5f53fecc1d5acf74dc5f39bc2c198b8e,116,444,456,0.30857521295547485,-0.08476763218641281
Qiskit__qiskit-977,b9a52185904dd4432e8ef11c247116c70dfff388,21,416,456,0.4212898910045624,-0.05406882241368294
Qiskit__qiskit-977,f522c32f8e6e1aa084e9b56aff6d525078e3407d,126,303,456,0.3015420436859131,0.021704163402318954
Qiskit__qiskit-977,35b868729db52ad8609936dfd634cb6c0bf05946,102,421,456,0.31576916575431824,-0.059318818151950836
Qiskit__qiskit-977,00a4d8a4e277af11e62c3e8cf8329427a366b2ad,165,122,456,0.2809104025363922,0.15537112951278687
Qiskit__qiskit-977,cd3b50a9d299508d222975c82e2fd1516fa48ad3,119,358,456,0.30726584792137146,-0.010968471877276897
Qiskit__qiskit-977,20ac70ce9c4d5c72f5d0be9736695f0fcec21bfb,245,120,456,0.24464000761508942,0.15632718801498413
Qiskit__qiskit-977,548b2569ffa6db641aef2031c7779b0be61cdd8c,345,386,456,0.189317524433136,-0.02785317972302437
Qiskit__qiskit-977,bf40b91da441cfa7942a88107a10e75ee04d6d26,314,431,456,0.20762228965759277,-0.07057175040245056
Qiskit__qiskit-977,ec6e1a227b3bc79391cd6500fbf880a2f7e9e0f4,50,399,456,0.3694847822189331,-0.03933946415781975
Qiskit__qiskit-977,6465921baa5fca6893456d5bc04cb955dbec2fed,31,439,456,0.401819109916687,-0.07781561464071274
Qiskit__qiskit-977,8db198976b62ccaa7ea9dc376144468495845370,46,419,456,0.3720604479312897,-0.05755716562271118
Qiskit__qiskit-977,cb71a804382fa3e4f3ee6daa57252480c43b982e,34,451,456,0.3954492211341858,-0.10941246151924133
Qiskit__qiskit-977,5e8634912a98ed5cf162ea80e9a2d42b5f6e829f,243,446,456,0.24475805461406708,-0.09369224309921265
Qiskit__qiskit-4141,b959bb53bb777bb8f9cde627d659d62cdeeaa860,170,60,1249,0.3630635142326355,0.37634992599487305
Qiskit__qiskit-4141,cabd97314a9ad6878858617edc964021c0935ec3,673,47,1249,0.2944258153438568,0.3850225508213043
Qiskit__qiskit-5324,e46a3762a8bc19bb51350a5b2921ef8224bdb5ad,1077,1309,1487,0.23669007420539856,0.015747293829917908
Qiskit__qiskit-5324,8da3608a302cf40493ffe22ee2ad1049ee0ecdf1,405,4,1487,0.377933531999588,0.6424914598464966
Qiskit__qiskit-2139,0cf6b8aa3d0d9ad99dc5c59357a523034c26195b,470,113,562,0.09082227945327759,0.16541306674480438
Qiskit__qiskit-5619,318c04f7748e001de65b62ceb2049bb51db9f789,1375,2,1769,0.1439286768436432,0.4777219295501709
Qiskit__qiskit-5619,d609a41547cf576201560ccb5140970fc042f632,1724,1622,1769,0.02112245000898838,0.10443376004695892
Qiskit__qiskit-10537,26425238fce3e468c6e52b687cd6a98be1445c4e,347,76,3348,0.5025535821914673,0.4951297640800476
Qiskit__qiskit-3751,d62943b249a1ca4922d67747a68788dec88c27a7,126,2,957,0.3890996277332306,0.5005052089691162
Qiskit__qiskit-6315,a8cd5f8e751790efbb12902390fce0850a84c923,1193,46,1957,0.3044596314430237,0.5304566621780396
Qiskit__qiskit-6315,777ae62b50eb231c076fca9ef75c35ea6c8a837e,484,137,1957,0.38709235191345215,0.497076153755188
Qiskit__qiskit-2755,bfd67d78269bc744a272461d956d23e6f37a7fe1,418,3,623,0.23483708500862122,0.5299409627914429
Qiskit__qiskit-4713,907b883266e0c3da897040396c4c631d8b477a6e,62,27,1247,0.4590083360671997,0.5026565790176392
Qiskit__qiskit-6018,2e125a1989b642d2888b2e1dd6daa25795940895,944,257,2003,0.2679249346256256,0.43900442123413086
Qiskit__qiskit-6018,1df38cfe4a56027f9957599a66662d9aaa72ac19,167,24,2003,0.4288337826728821,0.4985174238681793
Qiskit__qiskit-6018,4436d1394c73e9f79ed6224cc331b1bc7f98cd48,117,23,2003,0.4422186315059662,0.49900364875793457
Qiskit__qiskit-2085,1c3fbc5ca16d62fb96a83ee2f7d3e8ca38a8082a,37,1,523,0.43679279088974,0.4985015392303467
Qiskit__qiskit-3888,7b7532c8e3af518fe220806d57f3d19c0d21e47b,335,21,949,0.3328455090522766,0.4867975115776062
Qiskit__qiskit-3888,d4fc3e438edd886ad610ca26542239d9e0e9779c,172,77,949,0.38136717677116394,0.4324697256088257
Qiskit__qiskit-3888,7e7c0d6c5ee2dc3c83cb3ec7b51eab3379f9c245,296,17,949,0.34084975719451904,0.5002256631851196
Qiskit__qiskit-3888,1cdda37826c3498cada4f96be3c4bc2166999163,376,4,949,0.3237101137638092,0.5323070287704468
Qiskit__qiskit-3888,097ca1fd4860220f1beea9b7e7ee9ca63984b771,199,3,949,0.3731212317943573,0.565365195274353
Qiskit__qiskit-3888,97e88fafac3be11d01170341529c6e1bb78c2cb4,237,11,949,0.35864895582199097,0.5172210931777954
Qiskit__qiskit-1615,50cbc1ab71180b72e856b882ff12d297d7ecb9a1,110,14,634,0.2510165572166443,0.4154108166694641
Qiskit__qiskit-1615,620955553c6801c42ceeb688f0978684d97982ab,348,591,634,0.16938333213329315,0.04948478937149048
Qiskit__qiskit-1615,597acb06569fb6130f68ed291e888e6677ebb2d8,290,500,634,0.1842508316040039,0.15190467238426208
Qiskit__qiskit-1615,09bc1b3cf1053b80e667df9befdd57a4b4f47a5d,273,278,634,0.18964135646820068,0.25996363162994385
Qiskit__qiskit-1615,5f4dbe492e97c4606d98450df5343dc438d7d150,437,37,634,0.14419560134410858,0.375763475894928
Qiskit__qiskit-1615,da2a46212e554a16489eef3e52c29e7b67a3b48f,502,355,634,0.12494614720344543,0.23439116775989532
Qiskit__qiskit-1615,bba8af7b98d2f1195a4ae235306557306c454757,108,517,634,0.25188764929771423,0.13625562191009521
Qiskit__qiskit-1615,819e9ffa810d9ab43e634b1941a845e63967b7e6,257,503,634,0.1949695497751236,0.14578860998153687
Qiskit__qiskit-1615,887108a7c17abc45cbd4381eed451c7aa78335ee,390,541,634,0.15852738916873932,0.12231377512216568
Qiskit__qiskit-1615,4a63c4155de1412bdb35f88ba512d8f8c829a1c4,197,27,634,0.21838869154453278,0.3966495990753174
Qiskit__qiskit-1615,a38866cc2f7dda6215b333100ca8e88371d53d92,446,537,634,0.14264366030693054,0.1263023465871811
Qiskit__qiskit-1615,da41942781ab2611dd5f0f4bd823d51bcf092515,295,313,634,0.1827438324689865,0.24962443113327026
Qiskit__qiskit-1615,08fe0164ddf06076b7ecf777385cc707456fef62,378,548,634,0.1622750461101532,0.11758040636777878
Qiskit__qiskit-4326,bc7f7659b5ba06922e9d8fc17009f518540a841b,576,60,1204,0.2724495232105255,0.38560742139816284
Qiskit__qiskit-4326,febb3c2926e2eb473835099f6438e6a76f5c56c6,660,2,1204,0.25726109743118286,0.5441067218780518
Qiskit__qiskit-5740,d53b2481a05fce302165dae034b018d983a5aea5,179,33,1482,0.4402593672275543,0.48803436756134033
Qiskit__qiskit-10484,d319cabc418ce73c13813ebc47e91935ac804b94,1197,172,3341,0.2976799011230469,0.45096659660339355
Qiskit__qiskit-10484,5fc4aac27bb99c7e9f90c56e333b961c70a756ac,1285,19,3341,0.28589993715286255,0.5081720948219299
Qiskit__qiskit-6530,800e519c13135965f5fb08c20d022d43fcefce1c,1265,1,2028,0.17258143424987793,0.5349187850952148
Qiskit__qiskit-6530,20493b72e6665c8f2f946608e4f1a6a0b0a43e2d,1474,55,2028,0.14692704379558563,0.39405515789985657
Qiskit__qiskit-6530,08609998803dd1f776ed0ff273ffd1d202326cc3,1389,23,2028,0.157868891954422,0.4154331684112549
Qiskit__qiskit-6530,ff87749ee31a684e5659e4aaac1446da6925cb57,1726,30,2028,0.11006209254264832,0.4118824601173401
Qiskit__qiskit-2173,c788794f405cbbcbef07c4a9c86938ca54ae2b7f,265,200,583,0.19339923560619354,0.2950940728187561
Qiskit__qiskit-2173,6dec1178ed038ec232092c336b7adc27bf339e5c,467,261,583,0.13741597533226013,0.26389622688293457
Qiskit__qiskit-2173,bc5d64e14c0d1d4d233e52dd949e7f11868f6a66,145,273,583,0.27783846855163574,0.2600027024745941
Qiskit__qiskit-2173,23d338daa0285b92213a08a0d2f292f42e5e7daf,13,29,583,0.4314165711402893,0.40199941396713257
Qiskit__qiskit-2173,a51a955f6c982188029dfd36f317737c2482a594,353,454,583,0.16921040415763855,0.12427975982427597
Qiskit__qiskit-2173,221a840bb8535229fc4a3176723ec75b04d2bc07,466,213,583,0.1377885639667511,0.28946560621261597
Qiskit__qiskit-2173,d6d5e2b09724762c988e243741c200a8ab78fe67,415,82,583,0.15280354022979736,0.3570743799209595
Qiskit__qiskit-2173,81890a5e7947bf8a7415f77e57ceb86ff7e332fa,14,16,583,0.4311954379081726,0.43497294187545776
Qiskit__qiskit-2173,cdb869a7b8a3cd1abdb569eff31c2873393d219c,327,168,583,0.17519161105155945,0.30951470136642456
Qiskit__qiskit-2173,9bc5350696bbd62caefe5bb6cc9232461ed1ec94,117,192,583,0.29982733726501465,0.2979397773742676
Qiskit__qiskit-2173,bd4005434000cf1a63b86682393ac55417499ab6,160,101,583,0.25386762619018555,0.3419651985168457
Qiskit__qiskit-2173,d23faaeaf02bd079dd5d8bdc3d7cde7d802685c6,347,304,583,0.170014426112175,0.24841313064098358
Qiskit__qiskit-2173,b1aa8ea2eced6d03da1875e2dcf4bf6ebabce008,456,100,583,0.14177098870277405,0.34256666898727417
Qiskit__qiskit-2173,48025c032e53da1d273bc9f6061aedf737e23256,149,503,583,0.2721167206764221,0.09306681156158447
Qiskit__qiskit-2173,c4c75a9bccc53aea9af9f0b1b161930586118454,50,9,583,0.3663441240787506,0.44481706619262695
Qiskit__qiskit-2173,2630c0ba47cd4a66f55484c3c2ab3557256e45d2,200,388,583,0.22089138627052307,0.1903676688671112
Qiskit__qiskit-2173,db754b1fc004039d50b0ab74e09cf4a6efa9cf80,252,159,583,0.19620037078857422,0.3125726580619812
Qiskit__qiskit-2173,7683977485900a2c7276d89f0fd36783b2a675ea,343,150,583,0.17131249606609344,0.3158436715602875
Qiskit__qiskit-2173,be6b1f866bc5d3fdc38f4e9b6fd3e9f0bcf0235f,539,348,583,0.09317795932292938,0.22504830360412598
Qiskit__qiskit-2173,95a28c1492ac689e5a267f2ca65d47ae18660ee1,304,346,583,0.1827157586812973,0.2254817634820938
Qiskit__qiskit-2173,19bb25d1562a7b34cfaede8601a53405b7934db6,130,206,583,0.29130738973617554,0.2927315831184387
Qiskit__qiskit-2173,ba089a97ffaf24a9cd7919d22eb7f58ce77ce02b,462,179,583,0.13799484074115753,0.30440884828567505
Qiskit__qiskit-2173,8e6d2c493668c1d72a079322503ce42a01695b7a,36,62,583,0.392277330160141,0.37035247683525085
Qiskit__qiskit-2173,2acc5bcb5c688fd3457b41dadb07fa10ce3fefd7,497,287,583,0.1211966723203659,0.2546592056751251
Qiskit__qiskit-2173,2ae29d27ef12af59491fe85cfc6bbd5ea1288ba5,109,240,583,0.3033028244972229,0.27599257230758667
Qiskit__qiskit-2173,027cecf9ecc517099922abcd6b5bc2fd6a67e393,504,77,583,0.11787539720535278,0.3620607554912567
Qiskit__qiskit-2173,039d640a0999bf4d853dfe64e3276f9368e090af,428,220,583,0.14926306903362274,0.285368412733078
Qiskit__qiskit-2173,38855639d362471175941fbded9e50a744d65c43,474,485,583,0.1357956975698471,0.10575038939714432
Qiskit__qiskit-2173,3dc432c132b64510f54c48c6bcc5ef2e4e63fb23,328,162,583,0.17513781785964966,0.310661643743515
Qiskit__qiskit-2173,415bce860d691190f00ddcb05d467ac552931fd4,3,57,583,0.4966026544570923,0.374064564704895
Qiskit__qiskit-2173,3fe3e025e9510f154d767fe9c989ba675f67df28,330,123,583,0.17409634590148926,0.32714173197746277
Qiskit__qiskit-2173,99a94789741d394fbeb1e1d9abc6950becf15de3,478,350,583,0.1328583061695099,0.22402794659137726
Qiskit__qiskit-2173,69389a7c17a1f5af403e6c99312246dccb2eeb43,32,295,583,0.3978281617164612,0.25211358070373535
Qiskit__qiskit-4511,edd6a86da9e2b6a77eced322d1acdb11070cfa54,115,93,1170,0.3010268211364746,0.5044631361961365
Qiskit__qiskit-2790,d3e9257bc0b92759b001d153263bc7d2904f8b95,80,6,618,0.31228750944137573,0.503890872001648
Qiskit__qiskit-10279,6a0c8a0842b44a245c339a48ed93cd2f65d75e07,985,19,3249,0.40358781814575195,0.5424168109893799
Qiskit__qiskit-1229,f5a83f6b65be4a167efdc24f99b0ddfc5f7caba9,197,3,536,0.20997284352779388,0.28905099630355835
Qiskit__qiskit-1229,43aa34f8d72a770c6a5926fc1fdf23210fb70a17,296,20,536,0.1721937507390976,0.16233068704605103
Qiskit__qiskit-1229,61ac3387d48bd34acdb5d2b1ba2740fa2d2d1185,156,34,536,0.22501368820667267,0.12381114065647125
Qiskit__qiskit-1229,b8284d1cc94d808fa2a7076074ec0cf2de8a99cd,88,25,536,0.26476040482521057,0.14969661831855774
Qiskit__qiskit-1229,27d60fe5c11ec92431926e6a2c88660d25d219d9,161,7,536,0.22320270538330078,0.2541806101799011
Qiskit__qiskit-6625,855365fea069e19e7c0a0c3a4500a7f5f6f69a3b,1902,30,2049,0.19496232271194458,0.514371395111084
Qiskit__qiskit-6102,ad121765378c37f47214619e21596bad0e97b2d3,17,68,1905,0.5533984899520874,0.49929332733154297
Qiskit__qiskit-6102,d59b619384d942dc6d1ce8c6a4d371a8b9505e2d,7,76,1905,0.576373815536499,0.4959205687046051
Qiskit__qiskit-4366,eace6c8151f993f11caad78d4c1a60894941e2d2,293,750,1145,0.26801830530166626,0.25097987055778503
Qiskit__qiskit-6070,fe32642ff3751ccdd7bcc93e004b55dfa399af4e,609,16,1902,0.31044822931289673,0.5648654699325562
Qiskit__qiskit-6070,22194073dbcb990414ca2a8d84cfe48b476d5a0c,326,5,1902,0.37410956621170044,0.5917372703552246
Qiskit__qiskit-6070,94d4318dda4ed293a154c5eebae7b09ac1f8673b,166,12,1902,0.4252500832080841,0.5715503692626953
Qiskit__qiskit-6070,82b83fd92f244464e20cfa062e4143e7a4f54773,394,17,1902,0.350788950920105,0.563985288143158
Qiskit__qiskit-9002,223e2e77b4d89fc090e4eb55677a9f0efcd64e33,1347,783,2920,0.31400156021118164,0.3911612331867218
Qiskit__qiskit-9002,1ea4d19123a365296dbbc77b8669f6a3f9c9e5a4,751,41,2920,0.413707971572876,0.4845277667045593
Qiskit__qiskit-9002,2e764e68bb7067500e2d465b58a9a17f8b051654,1685,2269,2920,0.2633838653564453,0.2518346905708313
Qiskit__qiskit-9002,4f1aa909f0e0fdc3af6257a412864228f5938157,35,56,2920,0.5411694645881653,0.4753446877002716
Qiskit__qiskit-9002,c0430c4327a9c0efe1b805d3b09c8b3287b268a6,1189,1160,2920,0.33866170048713684,0.36202162504196167
Qiskit__qiskit-9002,330df026ee232eb22b4447c5ae322558ee707346,301,133,2920,0.48345282673835754,0.4577488899230957
Qiskit__qiskit-3180,806fa6db51a085c9d86e98033f5e45f13d4a45dc,139,218,777,0.3950793445110321,0.275765597820282
Qiskit__qiskit-3180,b0692d8380c560265638a34a84bd5eb7231e64c2,42,2,777,0.46280524134635925,0.4729663133621216
Qiskit__qiskit-3180,6c351f84b36565087046c3f278843d5d592c9a18,269,5,777,0.34698718786239624,0.4450418949127197
Qiskit__qiskit-4853,48123fee88ed40086e6c592d566179a5e504243e,317,76,1256,0.37737756967544556,0.47560039162635803
Qiskit__qiskit-862,692baa72d61dc21867c59891f4653787ca58eb99,365,23,443,0.14014028012752533,0.2442636787891388
Qiskit__qiskit-5851,dd1eb3aa536a0ba0c0a5117b5890241ee2f0ad15,29,10,1833,0.49997225403785706,0.6006764769554138
Qiskit__qiskit-5851,4f074ab64c55a44661e081dcd8153da8665f2de8,44,100,1833,0.4890519678592682,0.5420379638671875
Qiskit__qiskit-5182,40f9e4c8eec343f7428549f4111d8369e955d25b,247,24,1449,0.37730103731155396,0.5548497438430786
Qiskit__qiskit-8098,137dce0741d58604a719693a28c1a5c0f8441cc7,1360,200,2541,0.2643709182739258,0.5145755410194397
Qiskit__qiskit-816,28148f12258ddfc7474a9b62c1a6e10d79f27219,11,6,441,0.4468233287334442,0.5026846528053284
Qiskit__qiskit-1089,3bcd1726afb74dc58fd70ce234d8a6e3335ff38e,254,5,465,0.25869810581207275,0.4698697626590729
Qiskit__qiskit-2088,cab1380657b23f4afdae470bc4300d0fbdf127a9,94,86,529,0.4067609906196594,0.2757991850376129
Qiskit__qiskit-2088,3b5fb371b3c6bc68f10fb09e481a993b498fa758,55,126,529,0.4556717872619629,0.2581433355808258
Qiskit__qiskit-2088,93a8ce6a4c5fc145b7db80276775b7febae8a445,381,81,529,0.24905437231063843,0.2785000205039978
Qiskit__qiskit-2088,04440894bb29065856f1e8691ad833241dc3fe52,186,49,529,0.3425379693508148,0.29293304681777954
Qiskit__qiskit-2088,929c9fa86f0ff3f31d2e19c7596d2fdd4f476f12,217,192,529,0.3259013891220093,0.22751885652542114
Qiskit__qiskit-2088,3040479b7543ba37d0bc5827c8158624a05f0c81,181,57,529,0.3467552661895752,0.2889566421508789
Qiskit__qiskit-2088,8b4dc1038f5a5c66d96dbf25a074974965f29694,360,137,529,0.2626650333404541,0.2524135410785675
Qiskit__qiskit-2088,49e5447b7deb7765c4f0294f4c5bd70f18e897ef,372,167,529,0.25717517733573914,0.23819531500339508
Qiskit__qiskit-3459,794a52a0b427ace27050e2cf5f8987317a4309d4,262,392,819,0.29928600788116455,0.2229996621608734
Qiskit__qiskit-2212,5385158b1c934c590d4ac11b1faebb5b03bac649,285,166,588,0.3050267994403839,0.3520280420780182
Qiskit__qiskit-2212,efde2bc7ea358b91e5d0b308242d0e536cf50b63,464,525,588,0.23209214210510254,0.02931971848011017
Qiskit__qiskit-2212,625e0db3712d678b5f7f2bf6a8080fc5de9eda00,522,32,588,0.1988847851753235,0.434693306684494
Qiskit__qiskit-2212,de941131313a566670120e631e03e740c9b59747,113,22,588,0.3755280673503876,0.4427642822265625
Qiskit__qiskit-7972,759783d0c6895d52da13d7443a830010bf9ee3ea,412,16,2512,0.44808822870254517,0.5132321715354919
Qiskit__qiskit-6418,168d42d006ce393df03330570d9bcdcb50723989,486,54,2036,0.3211527466773987,0.48688000440597534
Qiskit__qiskit-6418,37085b3c4085a16b8c34ef0fd49059e032b4f543,820,34,2036,0.25118348002433777,0.5040068030357361
Qiskit__qiskit-6418,48941cfcabd4d41afd579a0c492e7fcfbab3c547,366,5,2036,0.38448771834373474,0.5471146702766418
Qiskit__qiskit-8298,8382fa62f8465eb78812fd2add6fd128e5eb2e15,1212,899,2590,0.26147279143333435,0.19136519730091095
Qiskit__qiskit-4670,b8ddb6a8542c7f7c8aec5dc1569eb94c688d421e,570,249,1234,0.2226419746875763,0.2601945400238037
Qiskit__qiskit-4670,f3ac28540e6800462696feb6ac2fc8fb55425d27,667,358,1234,0.20492227375507355,0.24537429213523865
Qiskit__qiskit-4670,b497da50ef52f26f345a408415cbf0f2172ba498,725,53,1234,0.19365206360816956,0.32241684198379517
Qiskit__qiskit-4670,8861ab8f9a512cc9d4147fd0036a395646634e5d,872,665,1234,0.1640588343143463,0.17416398227214813
Qiskit__qiskit-4670,59b5c26075b4d6c5afc95d275754de3bf50194be,879,150,1234,0.1634807586669922,0.28197669982910156
Qiskit__qiskit-4670,2ac0fa9c98b833631e236392e8b7a461cf11f1d3,220,56,1234,0.31888067722320557,0.32079166173934937
Qiskit__qiskit-4670,a9be818f79a81aef4af781f9d156e76b20fdeab7,233,11,1234,0.3030141592025757,0.3902575969696045
Qiskit__qiskit-4670,dad3a32ec6f0ed5401e902cb9efe29e841453251,189,349,1234,0.36186453700065613,0.24655035138130188
Qiskit__qiskit-4670,12dff0fa2067ff15c9bb711cad03dbe1f5a647e5,271,65,1234,0.28820884227752686,0.31548577547073364
Qiskit__qiskit-4670,0f610c5ac5da724346b3d2fd3d68182d38edba47,287,89,1234,0.2826295495033264,0.3029404878616333
Qiskit__qiskit-4670,6d58ee27bb759f06427004d9315ce73b75446d2c,177,49,1234,0.3950038552284241,0.32684385776519775
Qiskit__qiskit-4670,df673e4abc0b61c678d8ced05372562c9c696b62,351,841,1234,0.26639169454574585,0.13559852540493011
Qiskit__qiskit-4670,4fe1283f850343abb0ff5f518c8791951cdf473c,626,847,1234,0.2109081894159317,0.13348980247974396
Qiskit__qiskit-4670,2e6a815d2a1ff56811f708b9e2e412a8fc89b03c,161,308,1234,0.43040573596954346,0.25436902046203613
Qiskit__qiskit-4670,da0de86c7c056b9c1e89c113bc925762d8743947,162,427,1234,0.42636266350746155,0.22859671711921692
Qiskit__qiskit-4670,55aadbc28266d86d855954f197d1197a6fd37e31,465,494,1234,0.24081099033355713,0.21174785494804382
Qiskit__qiskit-5780,8d4f9f8b6f7dcb3e994081397dc257f765833244,496,146,1929,0.42026287317276,0.5073865652084351
Qiskit__qiskit-5662,cc51bd0f28ce484dcef98eabe7b5cbe93ed0febe,991,170,1745,0.28150975704193115,0.495390385389328
Qiskit__qiskit-5662,a3bd73ef3c912b4ec95015ace738d82f970fdb48,1614,143,1745,0.12887321412563324,0.5025656819343567
Qiskit__qiskit-5662,6ef41d20a6bba6e9cae6c3d2b318b7b259753124,1403,161,1745,0.1850963830947876,0.49813932180404663
Qiskit__qiskit-5662,8cc377ef8a7a6b49eea327496538c7b3fb4db09f,61,10,1745,0.49103960394859314,0.5787286162376404
Qiskit__qiskit-5662,9ce297978d27fd9b67ae6cb6b32cfb5c1878a489,70,16,1745,0.48435938358306885,0.5643835067749023
Qiskit__qiskit-5662,1f48ba5797c4c2f1563b6ec306918568d354f6f3,55,54,1745,0.49289804697036743,0.5362898111343384
Qiskit__qiskit-5662,9f440dea45ffe7de754776ffb7b1ec6cd33ea8c4,71,1,1745,0.48405539989471436,0.6258485317230225
Qiskit__qiskit-8384,251f68fa4f0f6c796476f4fddc0724cf4ea7b6bf,1874,38,2609,0.26788952946662903,0.5043660402297974
Qiskit__qiskit-2265,a84697c4abc01e6609f9347406c8797893bfbb0e,27,42,594,0.3046274185180664,0.2680056691169739
Qiskit__qiskit-2265,900e95f9c5571aef0d21f178f8622c2a026b429c,213,32,594,0.1706176996231079,0.27429699897766113
Qiskit__qiskit-2265,7d05e1c1c0103ca83a5d9b913c6363e2a92b7ffe,24,45,594,0.31771284341812134,0.26729825139045715
Qiskit__qiskit-3142,082a8c4819b097a177a1cfed4defd98c01ed0bfc,374,79,668,0.30606532096862793,0.3709685504436493
Qiskit__qiskit-1955,9d1f3f289742cc721caad345fc9b2d96426d0bb8,35,90,470,0.319979727268219,0.3257920444011688
Qiskit__qiskit-4156,c0055fe063533b334e9fab8c75718d73ab922f4d,573,323,1073,0.33005571365356445,0.44547247886657715
Qiskit__qiskit-7095,47d8c8923cdcd65c8f318cade5468e29c3f74d9d,523,50,2182,0.311820387840271,0.4257613718509674
Qiskit__qiskit-7584,12bd89a76dc2559acb5c51609a918ebf4e4b2a74,2,1,2334,0.5600531101226807,0.5845221877098083
Qiskit__qiskit-781,1dddc44a72b7c5b5eb41f44a7c50f9aa48032760,147,58,400,0.3009861707687378,0.2837807536125183
Qiskit__qiskit-781,36c670a86379c2c40efa2f72b71fae8774ff33f8,85,128,400,0.3330366611480713,0.2148636430501938
Qiskit__qiskit-4597,4389553265df1bb5ff11d05a7e5e0ae5085361eb,15,13,1227,0.4650557041168213,0.44855690002441406
Qiskit__qiskit-6866,2be571ce8984626f7a6604d2e7ac6b9e7f5dc95e,1951,27,2091,0.07648967206478119,0.41479694843292236
Qiskit__qiskit-6866,fda8ec4963ce4d94ccfb1d2cb9c507a34a94e7cd,844,492,2091,0.22808139026165009,0.28618380427360535
Qiskit__qiskit-6866,8749a2c747703530d41e9b96439a75758e7f83aa,1354,23,2091,0.16709968447685242,0.41658031940460205
Qiskit__qiskit-6866,f125fab52851b850ccd40c77c89097edc2454691,584,198,2091,0.28264546394348145,0.3393442630767822
Qiskit__qiskit-6866,458bd0ed95222b9cdf6758e4d5172d2cec37b473,968,50,2091,0.211976557970047,0.39285457134246826
Qiskit__qiskit-6866,08f09e4d2c287cedcb8d9fb75e1c6915c598a148,553,25,2091,0.2907325327396393,0.41486138105392456
Qiskit__qiskit-6866,3ebbdf620137a82afa38e79bbd6a86c7c4799052,438,89,2091,0.3247614800930023,0.3747641444206238
Qiskit__qiskit-6866,d248e66b2c07a9a84ab5f73fb7e7fabdfe3d8a74,1444,68,2091,0.15670910477638245,0.38504230976104736
Qiskit__qiskit-6866,f2558d4318907aed57f494f509771d6063b99bc9,1262,88,2091,0.17797322571277618,0.3756937086582184
Qiskit__qiskit-6866,0a3e9843a5250c9a7d5e1303126e572855439321,1033,10,2091,0.20518510043621063,0.4400480091571808
Qiskit__qiskit-6866,82f6bd228e5f0a617fd1ad8b01073800a7dd7711,1705,4,2091,0.12352272868156433,0.46473428606987
Qiskit__qiskit-6866,33ebfe7e8a39ec7d826e98eb81be72db145e4882,520,44,2091,0.3023531436920166,0.3951975703239441
Qiskit__qiskit-6866,66ae0ca36179ff8fdcb77d06152736cc96bbdea6,1498,135,2091,0.149666428565979,0.35744190216064453
Qiskit__qiskit-6866,3b3488e3675c20e928bb3c11aaf9a75e3689cf2f,602,85,2091,0.27766698598861694,0.37734657526016235
Qiskit__qiskit-4579,b3bb412e23d0d276e11675f8925cfa7de1c2ea73,741,789,1204,0.21757151186466217,0.1886080801486969
Qiskit__qiskit-4579,f2b6f0d49270a48eeebbdd613bc7db7473da95c4,996,739,1204,0.18323376774787903,0.19786232709884644
Qiskit__qiskit-4579,c1d15899a9f63a35d5b3426cb2e9baadb79b1d2f,785,427,1204,0.21261826157569885,0.23834972083568573
Qiskit__qiskit-4579,fb37302651bec4fc7677fdd924b03d19ba96b15f,592,39,1204,0.2353314459323883,0.32128769159317017
Qiskit__qiskit-4579,779a58d44a51d687994aa73da3bb69b642b3b6e1,646,43,1204,0.22973987460136414,0.3175317049026489
Qiskit__qiskit-4579,edd23de7561dc7dc212ae4f9805c261162ef2fc5,2,454,1204,0.48004966974258423,0.23475241661071777
Qiskit__qiskit-4579,ae44ed5702c99e0bc2560bc431d075e19adf7511,685,612,1204,0.2244889736175537,0.21526281535625458
Qiskit__qiskit-1765,676e8a66d2993da5a47743e1d876b21df77fd453,362,59,427,0.10684716701507568,0.380548357963562
Qiskit__qiskit-1765,081aa8d049d8eb28246f971a63aa3eaf3e605cf5,355,109,427,0.10884552448987961,0.343361496925354
Qiskit__qiskit-1765,f5cbdb17342cf6c794888b41481e56839314f908,252,151,427,0.1556147336959839,0.3114985227584839
Qiskit__qiskit-1765,6619eeb98e3bd76ac1728052f8d2f505cf8e1d9a,301,26,427,0.13015279173851013,0.41167792677879333
Qiskit__qiskit-1765,9609f36d3495c78ca3262e7efbe30f2587d3ce9f,412,140,427,0.05136328190565109,0.3203657269477844
Qiskit__qiskit-1765,f918cafcab1b23ce1799c31d42bd570aece9c612,410,55,427,0.05221596360206604,0.3846178650856018
Qiskit__qiskit-1765,1fe54d7ad92825c32d88f426f5376ff873a72944,258,201,427,0.15234984457492828,0.2765936851501465
Qiskit__qiskit-1765,96eff90c2dc7a65c3c428c9f7c60a4ee35050ac1,388,127,427,0.0849173367023468,0.32916444540023804
Qiskit__qiskit-1765,c3ede3a2800a81ffdca3df363447317f358acecc,288,110,427,0.13687941431999207,0.34306541085243225
Qiskit__qiskit-1765,2caf3c0757a04dbe2336c74c1348fe97061488ff,316,82,427,0.12450077384710312,0.3655513525009155
Qiskit__qiskit-1765,0f43811a1ea0d05d0b832df5128f89e074f5c6c7,328,72,427,0.12019164860248566,0.37250104546546936
Qiskit__qiskit-1765,f423d25b7c53e770bc8065ba4f11ae2c3393be77,381,115,427,0.0943538174033165,0.3387686610221863
Qiskit__qiskit-1765,a051e62727e05e050999510cd6712f2c3020b020,199,111,427,0.17444735765457153,0.3424838185310364
Qiskit__qiskit-1765,75dd6b5d11d90c119996148b41cd607464eb3a91,409,54,427,0.057490769773721695,0.38485801219940186
Qiskit__qiskit-1765,485ad715efa7ad166ea68cae5f3ceede6a0de183,303,17,427,0.1298593431711197,0.42437779903411865
Qiskit__qiskit-1765,e5c4cb7d94cf7bd43b19cf6f08e34ad4e2162353,344,150,427,0.11363860964775085,0.31348955631256104
Qiskit__qiskit-1765,20e3c9f79ffbf31841bdc39dbfab0be7e33a1a5a,364,74,427,0.10665179789066315,0.37144654989242554
Qiskit__qiskit-1765,3d2a70aacc0c5dd2b521aa748a7cd7c57c51e7b3,358,77,427,0.10824163258075714,0.36740636825561523
Qiskit__qiskit-1765,72714862e12dda76b68633aa7af92a400c227659,319,80,427,0.12379325181245804,0.3664136528968811
Qiskit__qiskit-1765,732e668f2e0a3f53cba23bcecd6eedcf263ca672,294,41,427,0.13366134464740753,0.39677172899246216
Qiskit__qiskit-1765,cb9033eb996061208ee55e0f6843ce8ef99a28ba,234,13,427,0.16351814568042755,0.43928319215774536
Qiskit__qiskit-1765,3b929798bebc6935365bce3611469ab0103c2f7a,221,94,427,0.16751813888549805,0.35372477769851685
Qiskit__qiskit-1765,4538b35886bae5c5e2c1974eaec933eae3895efb,290,8,427,0.1354457288980484,0.45558083057403564
Qiskit__qiskit-1765,c721f09264d270e791750f0e297a654105d1c840,313,92,427,0.12505358457565308,0.35642629861831665
Qiskit__qiskit-1765,aa1826600064c8626624db9cb616810aa7a4b776,308,32,427,0.1286672055721283,0.4064333438873291
Qiskit__qiskit-1765,299dde214ccd168c77165098dff6011d0bebd077,354,38,427,0.1088670939207077,0.40135931968688965
Qiskit__qiskit-1765,c3a3199e42cd5f9ab767e6a4caf485022119ac53,305,52,427,0.12940530478954315,0.3887031078338623
Qiskit__qiskit-1765,686261175bed39f2d2bbea2533222c0456b3ec40,300,87,427,0.1310187131166458,0.3617061972618103
Qiskit__qiskit-1765,a4ba93c0dfc77019916b44f3360eedf27bfc7d21,326,118,427,0.12128186970949173,0.3367270827293396
Qiskit__qiskit-1765,7ac9d5d8aca681edfb236820edaf3d2a34d471e2,351,103,427,0.1109686866402626,0.34650492668151855
Qiskit__qiskit-2069,b8595cf87cbe190c59bdc4e8d5dc10c8ceda6edd,90,134,505,0.35629594326019287,0.3248756527900696
Qiskit__qiskit-6348,d45cd77a0898ca2842bb32970ef6c04ae9a412f9,751,120,2031,0.22893404960632324,0.39738550782203674
Qiskit__qiskit-2597,46ff78ed89d2c53ed6cd9d4923e89ea6bc587dbd,21,1,576,0.40690290927886963,0.502700686454773
Qiskit__qiskit-2431,6de9394e3b7a05dfaaa35d78eb6bfe7390ed724a,138,13,572,0.24515186250209808,0.4511905312538147
Qiskit__qiskit-6556,34a35e71d6848daa635b5a4710ea1efc8c5982ec,1198,5,2035,0.2754683494567871,0.6440784931182861
Qiskit__qiskit-4582,83732d6193d2657c0526df42f49295c1b2ca55ec,452,62,1177,0.2864674925804138,0.5053583979606628
Qiskit__qiskit-7856,848e977f2b48240c61f29336154da4b9316ad9ab,86,9,2487,0.5044289827346802,0.509831428527832
Qiskit__qiskit-9494,9e246a1fd1c139b5c42f11990625534a5d236158,1626,35,3068,0.2408618927001953,0.47503653168678284
Qiskit__qiskit-10476,c88fddadd77b287e4b9282dbd6f2ef08147dc9d8,1726,236,3341,0.2520844340324402,0.5147347450256348
Qiskit__qiskit-6487,f4213dba3c9e17ab1d6d817d057419fdf40244ea,311,1,2056,0.3774326741695404,0.6315969228744507
Qiskit__qiskit-6487,12ffe2bf41e717bb12323fed8eabd0c608ebebb6,536,95,2056,0.2934594750404358,0.3880336880683899
Qiskit__qiskit-1815,f2f411f3c963730a611ee6c1134ddcdb8ad6e333,82,16,470,0.26429855823516846,0.49369269609451294
Qiskit__qiskit-1815,fc712d72953b979dff3d461a41fbfe1fb6cca87f,220,28,470,0.20906010270118713,0.47972139716148376
Qiskit__qiskit-1815,ef697c61f679f0f3c8548f0e2290eacd7c9343bb,265,9,470,0.1920686662197113,0.504008412361145
Qiskit__qiskit-1815,0a2c2cdbd5d2e286114025e6b33952d64debdcbd,358,1,470,0.14963477849960327,0.7104882001876831
Qiskit__qiskit-1815,99279004f70a6b8f24c6282ec73662c4abe6a86d,236,60,470,0.20311355590820312,0.4363705515861511
Qiskit__qiskit-1815,c342bcbb61c9316b49ce2ec63e88d03676f479ce,285,149,470,0.1878516972064972,0.38081061840057373
Qiskit__qiskit-1815,710d586b5b8b7b35f3404736f5c1ffabf4a9b3d6,244,50,470,0.2007998824119568,0.44596192240715027
Qiskit__qiskit-1815,46775b691210edee36e4ada28b30550813b97064,33,136,470,0.3032796084880829,0.3871701657772064
Qiskit__qiskit-1815,a5f30ee89b85bc3718b9821c60d894b66fae4f91,412,315,470,0.10642577707767487,0.26272961497306824
Qiskit__qiskit-1815,46adeff44a78083041b955b8507670a3f6bc3f6b,320,31,470,0.16745731234550476,0.4775855839252472
Qiskit__qiskit-1815,e76ebea1068366fe0b0da5109a0a1fb9700ded4d,304,121,470,0.17601646482944489,0.3943983316421509
Qiskit__qiskit-1815,c6296b1aef401bc94a4c1e333758a38a89bb9d4c,371,57,470,0.14098891615867615,0.4388980269432068
Qiskit__qiskit-1815,04943d1697093e6be83495f0cf232c476672e646,436,63,470,0.05209118127822876,0.4334447383880615
Qiskit__qiskit-1815,df25c93da8bad8fd1b4e7e6d79b254264e900c17,198,11,470,0.2169947773218155,0.5032867193222046
Qiskit__qiskit-1815,709c5262eb3a7aa6808ffc4cecabb45b3bf1afa7,449,24,470,-0.005209658294916153,0.48411253094673157
Qiskit__qiskit-1815,53ff83adaff9c2827efa144611f0624e81244edd,428,30,470,0.08854036033153534,0.47948962450027466
Qiskit__qiskit-1815,c64b727576c1a5361b3f94f3e79f2db7fa040869,255,180,470,0.19497689604759216,0.3608078360557556
Qiskit__qiskit-1815,709139f900a5ee722b7eb538e88d848017b2b4de,339,72,470,0.15993456542491913,0.4262518882751465
Qiskit__qiskit-1815,beb17576707f39dd49abc864886c8547e8c10318,260,43,470,0.19402232766151428,0.45214003324508667
Qiskit__qiskit-4270,0f839046a63bf3ece49cbe8901523cbbf7e21c33,149,26,1070,0.37562012672424316,0.41829192638397217
Qiskit__qiskit-9038,6f2e4e1077f9feb240e76f45c20c96a5ee9fdcc6,1547,140,2857,0.22318945825099945,0.44849133491516113
Qiskit__qiskit-9038,a3e4020338d0ac03b335d7768b91cb55d56403ba,787,24,2857,0.31158483028411865,0.49225106835365295
Qiskit__qiskit-9038,cfa19eb7b6cff4ad56dddd1f063f9f6774679e39,930,59,2857,0.28182369470596313,0.47031959891319275
Qiskit__qiskit-9038,4c01ddc261917b48e557f2d8ef2429523fe59afe,785,17,2857,0.3119526207447052,0.4979152977466583
Qiskit__qiskit-9038,a7f4f93efdaacdd4427a1b9d9712f8ae2f8b9c2e,841,156,2857,0.29906654357910156,0.4453354775905609
Qiskit__qiskit-9085,cd348bfa3626ea16f635201f174d6559ef8d743e,408,848,2997,0.3003557324409485,0.3451695144176483
Qiskit__qiskit-9085,60d18da562bf3ab088518c87586151ada9f92784,113,26,2997,0.3464196026325226,0.4680445194244385
Qiskit__qiskit-9085,95176bdc10aef95e17571f7d18cc9c418b9e93aa,521,1189,2997,0.2873709499835968,0.31988874077796936
Qiskit__qiskit-9085,8950de5ccc9fd2895625437e7fba7f14f1e979ea,1121,273,2997,0.23486226797103882,0.39973118901252747
Qiskit__qiskit-9085,2797ce48fe54625c61c84a2def734ec647c802bb,918,53,2997,0.2532053291797638,0.45012664794921875
Qiskit__qiskit-9085,877eb28c499ef02c44e035de69ab6c750dabca22,882,485,2997,0.256731241941452,0.3756088316440582
Qiskit__qiskit-9085,7c2e2af35efb228e604abeb42c59f83bf49297df,1860,9,2997,0.17662441730499268,0.49154213070869446
Qiskit__qiskit-9162,3295bbf4b9c866e3adf0efc839d8d818a0210eb0,2780,1726,2891,0.17541304230690002,0.32121583819389343
Qiskit__qiskit-9162,b7cb21ac8a1649245d57496842cd471cb2d927e1,1354,1499,2891,0.32254379987716675,0.33902761340141296
Qiskit__qiskit-9162,cf2aa70a40444c181e79bc4fec31acd7101439d3,2362,598,2891,0.253352552652359,0.4053689241409302
Qiskit__qiskit-9162,046452074aeb21d0fde5bef841116348aaab95a2,1431,1222,2891,0.316378653049469,0.35891687870025635
Qiskit__qiskit-9162,950b2447d936e3d328c205a6949c94c1681af76a,2328,1351,2891,0.25698643922805786,0.3504836857318878
Qiskit__qiskit-9162,7f5f9fcc700851628adb613627821bd6f78a154e,370,188,2891,0.3967747092247009,0.45277082920074463
Qiskit__qiskit-9162,874389147ac10dc7f3a30c21df444c4ab3af250d,1782,1748,2891,0.2932268977165222,0.3194679617881775
Qiskit__qiskit-9162,f811bea83f73b7e8f958de65d5f81d440c43aa56,1414,530,2891,0.3177775740623474,0.4102856516838074
Qiskit__qiskit-9162,b20ca0cf9a8a0d3de4e2d9aa0b146a8d26c694d3,1699,1527,2891,0.2987060546875,0.3368547260761261
Qiskit__qiskit-9162,d23656620319bc18b291eaa9ea82629ceb9f7968,1698,1097,2891,0.29874929785728455,0.36889082193374634
Qiskit__qiskit-9162,4d460894aab2851b44d4f111bda44cff59ec23b7,2090,2131,2891,0.27433955669403076,0.28159379959106445
Qiskit__qiskit-9162,4756cb98ef6343445376ae8200ca9e4fed6fa80a,2775,108,2891,0.17759087681770325,0.4760614037513733
Qiskit__qiskit-9162,9d0561c11c6d2f33520204b4dab88ada7f16bc8b,1102,1236,2891,0.3403717279434204,0.35823893547058105
Qiskit__qiskit-9162,bb5c66fafe821838ee994ab9e1c5ba30cd24aba6,1663,1043,2891,0.3010091483592987,0.3723113238811493
Qiskit__qiskit-9162,44ce2253fddf0ae5ff7c81da0bdf2ed0b345ed94,112,1662,2891,0.43224596977233887,0.32661306858062744
Qiskit__qiskit-9162,fb346d6e56390fa8e37f5866bc479e3ca7c41a24,2404,875,2891,0.24928626418113708,0.38409584760665894
Qiskit__qiskit-9162,293e0a641e8a702b8daf5596a1b514ca7da295ce,1634,612,2891,0.3027220368385315,0.4037327766418457
Qiskit__qiskit-9162,346241d3b2cad8e9a23c72dc4beda9cd53385c88,2305,2083,2891,0.2593438923358917,0.2861814498901367
Qiskit__qiskit-9162,ec27ef5239013bc44e908fd7a0940ee11c1f8c90,668,1123,2891,0.37332379817962646,0.36665064096450806
Qiskit__qiskit-9162,2c280c2fa6cda43da28934be979e49edcb787f1b,1170,1981,2891,0.33645176887512207,0.2975311875343323
Qiskit__qiskit-9162,fc59ee355b95e543a09b00e40f729f97fcd31656,322,2137,2891,0.40251457691192627,0.2810448408126831
Qiskit__qiskit-9162,4f59d1b9f6c21a52fdc34671aa50e78f1e79002a,960,591,2891,0.3500113785266876,0.4058247208595276
Qiskit__qiskit-9162,430e7842278f2a03b1c81b75b5a0f1f9ec53910f,2701,1938,2891,0.2029169350862503,0.3017140030860901
Qiskit__qiskit-9162,9db38aa71ab780c3e87300a5602e87ea52dbaff1,2375,1059,2891,0.251725435256958,0.37123239040374756
Qiskit__qiskit-9162,3326d3dae1a3ab369cfa8c5d3a32bbbdac99d1c8,1561,2064,2891,0.3077712953090668,0.2881835103034973
Qiskit__qiskit-530,dcd1adaa80a726385923a77d8d227acbff2e9fe4,191,249,365,0.18849769234657288,0.12384846806526184
Qiskit__qiskit-530,d19123fcd445e2e77138b7f6d6c48f7cb17bc2f4,152,161,365,0.210555762052536,0.16596892476081848
Qiskit__qiskit-530,06dc4b05caced54e462d98a78f8ca4da079478ac,80,135,365,0.2536529302597046,0.1778550148010254
Qiskit__qiskit-530,c1e1b68dd5990417f75b72589cfb12d5d36abf75,340,97,365,0.03316010162234306,0.20922891795635223
Qiskit__qiskit-530,6c5787b9381de25cdb22cf1fce0cb739c7940ad6,61,179,365,0.26673391461372375,0.15516161918640137
Qiskit__qiskit-530,2908e8ef5c4a50a89b1ba81552e8a07edee972bc,212,119,365,0.17805570363998413,0.18740352988243103
Qiskit__qiskit-530,154011f5c7120c44f7101ea95d2052560686e22a,303,314,365,0.10695851594209671,0.06418158113956451
Qiskit__qiskit-1115,aa58784cf246592ea908ba77bdfbb92d1813d0a5,53,2,468,0.317807137966156,0.44655755162239075
Qiskit__qiskit-1115,10d59a2aa7f0d9dbf230a9bd590d647a230ee700,222,3,468,0.22095121443271637,0.4372175931930542
Qiskit__qiskit-1334,4b2223bc099cde779de6cf9158aea20f7272c58e,141,32,553,0.175909161567688,0.3332851529121399
Qiskit__qiskit-1334,b689562b701eacf9c4408084a7d68417c4c04700,208,5,553,0.15787401795387268,0.4166644215583801
Qiskit__qiskit-9316,ce5178436abbb5fcd8ab3acb74c02228efc32112,115,15,2967,0.42853015661239624,0.5975515842437744
Qiskit__qiskit-9316,089934e7dc8042c098b734ec465cd3c39af67fac,736,56,2967,0.36523014307022095,0.5646146535873413
Qiskit__qiskit-2249,2ea99c4d559293901b06de3176495462985b4a7d,63,560,590,0.2815943658351898,-0.014841084368526936
Qiskit__qiskit-2249,d8fa0b17f0339c907e1068843829011f94c7912b,157,115,590,0.25132906436920166,0.34163179993629456
Qiskit__qiskit-2249,b4d84c20e24776ff5b6ee2e6e24b51ad3e6f808e,386,242,590,0.1824805736541748,0.19566410779953003
Qiskit__qiskit-2249,a2cf50fc5770c798c50099743b2ffb9c9df56b30,377,40,590,0.18454164266586304,0.5061858296394348
Qiskit__qiskit-2249,77bbf7add56557fe549498ca97a37be52aafac3e,532,475,590,0.1135619580745697,0.06013169884681702
Qiskit__qiskit-2249,7c6e67f122448374c387cd7a246924ae41130149,496,381,590,0.13690185546875,0.12992516160011292
Qiskit__qiskit-2249,95fa4abf238c42c0b7d4161e1216c6a7e6e68b26,214,305,590,0.23541249334812164,0.16560636460781097
Qiskit__qiskit-2249,f7a10ba135f1776b64fb584d4a237de70a3fa65c,407,570,590,0.17777833342552185,-0.031749334186315536
Qiskit__qiskit-2249,8a9761348754291cfe20dc9c5d83574123782ac0,226,271,590,0.23199841380119324,0.1814773678779602
Qiskit__qiskit-2249,05844209f518504f718921691d872d642d87eaf0,242,328,590,0.2288086712360382,0.1539008915424347
Qiskit__qiskit-2249,ef181e2bafef95afcf791f0c67fdb5de7816a235,511,185,590,0.12951190769672394,0.24033579230308533
Qiskit__qiskit-2249,d12b7f6ef6808d590ca2aa39eb05ffcd4ad8ad2a,265,530,590,0.22125478088855743,0.0178064052015543
Qiskit__qiskit-2249,dd12f5aab49f0ce8b8dfa768760d4d6a56887792,485,245,590,0.14367881417274475,0.1939530074596405
Qiskit__qiskit-2249,08e9c20f15ae8b8b18b3ca0659bb3ed944fbf463,271,225,590,0.21953341364860535,0.20527750253677368
Qiskit__qiskit-2249,16a45a52070f1f8241bf342b91cd273877572e46,312,260,590,0.2061167061328888,0.18700481951236725
Qiskit__qiskit-2249,294bde26aa728258cdaa8f0faf90a3d5a5bc528e,255,367,590,0.22474756836891174,0.13597486913204193
Qiskit__qiskit-2249,4fd32fa143000fae8a06b2cf3b260957f51670f0,426,116,590,0.1689390242099762,0.34019768238067627
Qiskit__qiskit-2249,e69afae741859fe05b5f191d930aaa0cc0138694,35,340,590,0.3192223608493805,0.14819377660751343
Qiskit__qiskit-2249,64160c8fd9240ee484a315db3a54a0c61ce03a6d,128,371,590,0.2586071193218231,0.13368132710456848
Qiskit__qiskit-2249,0c10ed57e24005169ab1e3e76e54b516c741a101,388,464,590,0.18207937479019165,0.07265054434537888
Qiskit__qiskit-2249,e83a02d58150bc74917c80cde65dac6a815c8c91,4,95,590,0.5073633790016174,0.38469040393829346
Qiskit__qiskit-2249,cc0ccbbd5f74beda1858ad8648b0c6e993149e3a,353,526,590,0.1917041540145874,0.02460179105401039
Qiskit__qiskit-2249,22b77a99af00d1134fb9388fa17e473eaa5eff7b,270,376,590,0.21953992545604706,0.13217045366764069
Qiskit__qiskit-2249,6a7f616b202b8a63a4342370669222f608305be3,549,160,590,0.09578871726989746,0.2630698084831238
Qiskit__qiskit-2249,da1581561a9824a0583dcef3d1446c645afd0fae,413,516,590,0.17563840746879578,0.034098852425813675
Qiskit__qiskit-2249,ac158049a29eb5dc939bf1356dd65f024d10c3ac,166,234,590,0.24849218130111694,0.19931721687316895
Qiskit__qiskit-2249,e11162dc85e2238ec554727fa570267a696b1386,343,114,590,0.1954297125339508,0.3434015214443207
Qiskit__qiskit-2249,16fd1fdd88c4768b27f7d441ec710c703bb703a1,524,357,590,0.11784909665584564,0.13950809836387634
Qiskit__qiskit-2249,e771c0479e149dd0d12e9b7da3f6d9cdde2dd6b8,260,534,590,0.22268900275230408,0.014451809227466583
Qiskit__qiskit-2249,bb08f3f8180f20eea8e6cec909bc9c681102f74c,331,94,590,0.1994709074497223,0.38913992047309875
Qiskit__qiskit-2249,d432fb942cf7d526857196f0fd2d27070ab330ef,484,219,590,0.14467328786849976,0.21249520778656006
Qiskit__qiskit-2249,b75ff45ce5e06820574d87945ecbb36bd8a91ef5,475,179,590,0.14967693388462067,0.24546077847480774
Qiskit__qiskit-2249,9cc2352ca10acf4fe585c3f39ea16e321af60e9a,558,176,590,0.0735505223274231,0.2462058961391449
Qiskit__qiskit-2249,d8429bfb457e84f02ac7c293a0218093e009930a,299,158,590,0.20952212810516357,0.26498380303382874
Qiskit__qiskit-2249,c85abdab9568ffa50883d2ce05a00c4dc5da3465,383,202,590,0.18299579620361328,0.2236826866865158
Qiskit__qiskit-2249,b24beb91927ff6c2567e477b9fdf3fec73df8bc9,499,107,590,0.13652195036411285,0.35720890760421753
Qiskit__qiskit-2249,7eb171023d5dbc964ef5393bfa2cf775be248623,187,342,590,0.24361586570739746,0.14647504687309265
Qiskit__qiskit-2249,9c97040364f5c5b60a3c3c6e7842487469292822,250,508,590,0.22631388902664185,0.036723122000694275
Qiskit__qiskit-2249,9157eafec8750ca5c7919b3e571b19424eb825b7,302,480,590,0.20876182615756989,0.05556076765060425
Qiskit__qiskit-2249,13cd2b4347008169639ca6b4045c49854a9a75ca,59,3,590,0.28561246395111084,0.6100208163261414
Qiskit__qiskit-2249,4fbed5d29fe291bfd0703bc4c125233294c93004,506,380,590,0.1339908391237259,0.12999191880226135
Qiskit__qiskit-2249,dabc9496cdf8f37a43b0de5bedd64f2a8f7479d4,48,223,590,0.29806771874427795,0.20652464032173157
Qiskit__qiskit-2249,a5d0cfb272396648b8898158c2cb335157085139,251,244,590,0.22622740268707275,0.19411681592464447
Qiskit__qiskit-2249,ce129e536e69540ada9dff60de39a991e2dc3970,130,124,590,0.2579139471054077,0.32525283098220825
Qiskit__qiskit-2249,37d0a3480859f4b6a47dda519ee0d4f013f2f679,540,112,590,0.10348783433437347,0.34558242559432983
Qiskit__qiskit-2249,8983660e43b39cb2933ca4357768d2a8de2f20b8,238,164,590,0.22938764095306396,0.25939828157424927
Qiskit__qiskit-2249,a217d011dc8ebd90b1570cd76626ba03c1e57eb7,176,410,590,0.24615108966827393,0.11223550140857697
Qiskit__qiskit-2249,d7c187a2d745f96dc88547acf349d716887ccf0c,478,137,590,0.1474798023700714,0.3071310520172119
Qiskit__qiskit-2249,238e5278344292ebc62ea19aff765bfc678760a7,414,13,590,0.1752300262451172,0.5356931686401367
Qiskit__qiskit-2249,d1f53f860f7c398982312eb78dc2e72972a236e9,424,285,590,0.1707855463027954,0.17383742332458496
Qiskit__qiskit-2249,2ba81c19112b854cd68f745738f7ab32801d5593,285,76,590,0.2143508940935135,0.41995126008987427
Qiskit__qiskit-2249,e57fd97d97c60f406723d2840d6d4413737193e8,204,197,590,0.23917153477668762,0.23202180862426758
Qiskit__qiskit-2249,01284ea8964204deada91be5bd2ab15fda138587,557,77,590,0.07510519027709961,0.4181692600250244
Qiskit__qiskit-2249,01328e62a9a2829c1fbc8805e758ca1f0af1dfcb,539,8,590,0.10433638095855713,0.561456024646759
Qiskit__qiskit-2249,52f67a199d5059589680545367bb79e6fe722c23,229,267,590,0.2314521223306656,0.18346872925758362
Qiskit__qiskit-2249,1f156f3ae92b2cf86431562faf4d65e65ea461df,258,315,590,0.224522665143013,0.15993817150592804
Qiskit__qiskit-2249,268560a88f196a542f20d8d56b8ddd65ce05c8b5,221,181,590,0.2332615852355957,0.24386419355869293
Qiskit__qiskit-2249,f41e920245743bfb45e13725af2b945a82d0698c,22,448,590,0.35634350776672363,0.08649913966655731
Qiskit__qiskit-2249,be394900aa50297a2c85a9169e9ddf6860e266f8,546,60,590,0.09758248925209045,0.4386926293373108
Qiskit__qiskit-2249,a002920eb5d7a428fdeaf26b3528bcdc18af468a,371,89,590,0.1862083375453949,0.396709680557251
Qiskit__qiskit-2249,4958d8f0fc222a6d881d98871909e9ddac1e0d17,508,141,590,0.13264596462249756,0.2994595170021057
Qiskit__qiskit-2249,71f03777c63db4836139c8b726c8205df4db0e19,105,262,590,0.2662622332572937,0.18686160445213318
Qiskit__qiskit-2249,256360830d813ec733d7cf4b382f540ff5ce3753,144,86,590,0.25474271178245544,0.40000271797180176
Qiskit__qiskit-2249,901516e3ea339016b35a05d0784d972c41c13c4d,556,47,590,0.07592922449111938,0.4756322503089905
Qiskit__qiskit-2249,a25666a29889c7b93cf850d6b62d9d799efcf7ce,277,337,590,0.21690186858177185,0.15039309859275818
Qiskit__qiskit-2249,8f9919f2895e3c32df158dc536e9c51e6ac1c851,72,299,590,0.27843740582466125,0.1664843112230301
Qiskit__qiskit-2249,7de312a550a0a7d674c80c3ef8a20bc3c0371dd9,486,419,590,0.14347849786281586,0.10326279699802399
Qiskit__qiskit-2249,591b2f58f472f769ff4cf95b3a095ff1c998058f,180,88,590,0.24593105912208557,0.39795827865600586
Qiskit__qiskit-2249,cc08706343834410892781a2275ae62c7988d3ec,79,17,590,0.27597495913505554,0.5259379744529724
Qiskit__qiskit-2249,6db939ded3054b836d4cb3961df4643512ce1bf0,135,149,590,0.25655946135520935,0.28027287125587463
Qiskit__qiskit-2249,4b836a6d116de941f40acf79d3dd32d96b7448bd,52,370,590,0.29309046268463135,0.13379846513271332
Qiskit__qiskit-2249,eea0be50275b80f87d99560a3c5970214c89dbf9,23,486,590,0.3524436950683594,0.050796687602996826
Qiskit__qiskit-2249,af82e1b4791f9cc4059973451e2feb81207a24e6,236,113,590,0.22995053231716156,0.34420740604400635
Qiskit__qiskit-2249,63593a8713a59acea8c304c23225bee25fbe3af1,350,437,590,0.19340157508850098,0.08924650400876999
Qiskit__qiskit-2249,38e5c105f54f00372c0a1094e5c97daf6c1e4f7b,189,212,590,0.24236425757408142,0.21793870627880096
Qiskit__qiskit-2249,2c1992a8cb5a531ec019b72e1ef4f0959e93c83f,54,15,590,0.2917709946632385,0.5329675674438477
Qiskit__qiskit-2249,7bd4ea1b57c119f7001fcaf1033fb224615e1abe,227,130,590,0.231745183467865,0.3170297145843506
Qiskit__qiskit-2249,0f15b49e3417aa47b75dc907f9b1f92aa04df4cf,517,210,590,0.1258971095085144,0.2188340425491333
Qiskit__qiskit-2249,504d9c3bfc470c9eab5825fcf57396fe07563686,342,154,590,0.19579288363456726,0.2728031873703003
Qiskit__qiskit-2249,2ffee49c96f6b0d4e726b20ab221ca6cee9b27eb,510,175,590,0.13069617748260498,0.24633324146270752
Qiskit__qiskit-2249,fc8598c1ed6c51d3338c385371ea07c75fe902cc,276,331,590,0.21697264909744263,0.15264633297920227
Qiskit__qiskit-2249,a030558b2037a2100ca5f6e09abcf8e4013e6c39,29,228,590,0.330778032541275,0.20450401306152344
Qiskit__qiskit-2249,7d85e1075f6f7911f4df8f8d78088ce9738ce773,107,511,590,0.2660936117172241,0.03578846901655197
Qiskit__qiskit-2249,d304af19aa7949e2cb8714887e3779abdc3b847c,297,226,590,0.2097896784543991,0.204897940158844
Qiskit__qiskit-2249,3876475ab9cd59daa50c28075ed4408e46d21de1,547,61,590,0.09625275433063507,0.4377949833869934
Qiskit__qiskit-2249,c6cc804fa599277bf76408441c496cbca0419ff6,224,178,590,0.23225581645965576,0.2458600103855133
Qiskit__qiskit-2249,d6bd502f3699ad11df611f89f2ec900dc012c5a6,294,101,590,0.21093419194221497,0.37460431456565857
Qiskit__qiskit-2249,47bb754894187f0e57579bbc08295707730c43d9,412,170,590,0.17582044005393982,0.2523224949836731
Qiskit__qiskit-2249,b2fd75547bca946cef3a32e26fa35c32ed8ce521,287,314,590,0.21379803121089935,0.16059350967407227
Qiskit__qiskit-2249,61037c2de9a9a561049b76f0c38fbd3445520336,335,182,590,0.19807328283786774,0.24368461966514587
Qiskit__qiskit-2249,24de5ca16a0d0ae90b5256c9c9600c3caa81e6a6,411,84,590,0.1768898367881775,0.40608829259872437
Qiskit__qiskit-2249,015102476b99ff997943c5da6e6a5751fc89f500,565,54,590,0.051318343728780746,0.4572843015193939
Qiskit__qiskit-2249,4bd360080e162d6a7e2e688094dc7a0a3d68340a,267,87,590,0.22073614597320557,0.3991986811161041
Qiskit__qiskit-2249,a644d6c825ba60e34920a613d1e3deda4a86f1ee,536,264,590,0.11024771630764008,0.18544787168502808
Qiskit__qiskit-2249,07fcf187eaa6f6ca33a26a6031264550bd770778,220,456,590,0.23353584110736847,0.07602524757385254
Qiskit__qiskit-2249,071fb2157fc06fe746e55093d3d3e12237ad80c7,275,415,590,0.21802887320518494,0.10748196393251419
Qiskit__qiskit-2249,c7d73814a6c4ca5180379a11658b29724b233ce5,316,82,590,0.20413655042648315,0.41078054904937744
Qiskit__qiskit-2249,ae4489dde310d8d7e7ab428f7c5e30cb8bbb98ca,520,297,590,0.12079204618930817,0.16797643899917603
Qiskit__qiskit-2249,c6343a4f2a8130052e457976c2504cd6167362aa,433,401,590,0.16720332205295563,0.11831045895814896
Qiskit__qiskit-2249,58d43f551a8facbd76ad0e722edfd5c71c56530d,542,83,590,0.09991547465324402,0.40617018938064575
Qiskit__qiskit-2249,368b901146955fb22d3a5c1eb46fa75ce5123dd6,305,69,590,0.20815685391426086,0.42987874150276184
Qiskit__qiskit-2249,435b302e7811c061a4e72175275d2787b389dcac,295,278,590,0.21025116741657257,0.17731964588165283
Qiskit__qiskit-2249,d1862f6e6112dd06caa8e9d759ca2a1dee91a7ad,533,282,590,0.11327344179153442,0.17508317530155182
Qiskit__qiskit-2249,92a9533f4ee25feb03c9913dac510dd95227d75f,563,255,590,0.06374768912792206,0.18952050805091858
Qiskit__qiskit-2249,9a8c224eaacc6c99cc778511512c5710b9039e05,113,190,590,0.26336246728897095,0.23897522687911987
Qiskit__qiskit-2249,10ef4c440aa5779b178ee464e951bec2a9eeee5f,566,162,590,0.03642459586262703,0.26209867000579834
Qiskit__qiskit-2249,69d79948059f4ff53edf64456e267b49b69d0835,429,440,590,0.16780200600624084,0.08861158788204193
Qiskit__qiskit-2249,ade57aaa853123fbc42c5cdd055a72530458d3c1,195,7,590,0.24094754457473755,0.5824722051620483
Qiskit__qiskit-2249,57ba73dd00211471c69a7812d63452b814073bdf,241,150,590,0.2288152128458023,0.27879253029823303
Qiskit__qiskit-2249,111cd9ccbadc9239a137d5088529246f2db5da21,168,375,590,0.24780471622943878,0.1327369511127472
Qiskit__qiskit-2249,bf2d7faf659f2e506a2b493672659f87a6fd762e,279,483,590,0.21640372276306152,0.052265167236328125
Qiskit__qiskit-2249,c3a9b1163206473b901d027a5afe159750bce883,512,446,590,0.12945547699928284,0.08701442927122116
Qiskit__qiskit-2249,7daa900bdd86db71bd01843b61b3716e2e3e975e,380,536,590,0.1836729645729065,0.011753405444324017
Qiskit__qiskit-2249,55f2dabd7851adc009f61d61eee238a39df21ba0,237,463,590,0.2298501431941986,0.0728299617767334
Qiskit__qiskit-2249,efccd9227aabb30d1a525180621dbf89d861b82d,378,484,590,0.18436267971992493,0.05199817568063736
Qiskit__qiskit-2249,896e26d9394a1984d84c3dff55c0b3a0aaa0d242,402,131,590,0.1788044571876526,0.3166443407535553
Qiskit__qiskit-2249,72a4c0959a604e3c0cf6b4eadbf812ee40c7dcbb,148,118,590,0.25412899255752563,0.3397335112094879
Qiskit__qiskit-2249,dac140f9654a1b2956b011e2236df77f8a8fc6e8,211,470,590,0.23663903772830963,0.06707721948623657
Qiskit__qiskit-2249,31fdd1482b311f9e576df502b3e3694f2441ecf8,205,126,590,0.23866727948188782,0.32229435443878174
Qiskit__qiskit-2249,addb9928abe538aac7a9bc6f6a632eff66f4b2be,19,105,590,0.36551472544670105,0.35770124197006226
Qiskit__qiskit-2249,ea110d666ce8596771e4fe4cd2bb735136d0cba4,326,303,590,0.20046165585517883,0.16600561141967773
Qiskit__qiskit-2249,3fd366a835bca26d180f9e4e13b718657cae3f81,400,143,590,0.17910146713256836,0.29335761070251465
Qiskit__qiskit-2249,4ab73144b4478ee7744424cca15f27716c6db24d,543,266,590,0.09974554181098938,0.1835995763540268
Qiskit__qiskit-2249,490af95ebaf7d205e03c0eb98e8ce933234e319f,206,68,590,0.2384997010231018,0.43190985918045044
Qiskit__qiskit-2249,33d2854e8d129ac862074e1ef8f47176614e338f,488,24,590,0.14145708084106445,0.5176743268966675
Qiskit__qiskit-2249,a6bb7c52b3211b5ae56d0add9cb44f68e33efa03,427,140,590,0.16836412250995636,0.3025842308998108
Qiskit__qiskit-2249,898234c06b42f6d51b3e1dd76e00d2d1c38fcdf5,553,49,590,0.07836086302995682,0.4710543155670166
Qiskit__qiskit-2249,d032862fd881e2ba23c7c5586d4e7a731525826d,12,541,590,0.43220701813697815,0.004829045385122299
Qiskit__qiskit-2249,d34fc8ab7a2f79aa0212805e08fdb030aee19903,481,453,590,0.14542873203754425,0.07977592945098877
Qiskit__qiskit-2249,3951e828360f6ab94fd8decad5f5e8f0835aa78a,172,478,590,0.246905118227005,0.05720089375972748
Qiskit__qiskit-2249,610a02a1c9833e7190da6e21d9935bd84784adda,274,568,590,0.21856828033924103,-0.02869069017469883
Qiskit__qiskit-2249,9058b4f1c2ccf3c4681012cd888670b733f2b6ca,443,208,590,0.1646467000246048,0.22032344341278076
Qiskit__qiskit-2249,fbf244f4cef71ca327e5ebe53bcfdb5eac006244,344,321,590,0.19527319073677063,0.1565776914358139
Qiskit__qiskit-2249,d4018d1d3d3e34e3d0cf2aefa1474efe77e8206c,314,221,590,0.20484647154808044,0.20854075253009796
Qiskit__qiskit-2249,a1c9bb593edf65aeb748ec6dcaf9ffdb8f08196a,69,504,590,0.27967527508735657,0.039535023272037506
Qiskit__qiskit-2249,d0af73cac24c151147fe0bbe18f570f6b9ba1f38,264,374,590,0.22148564457893372,0.13300904631614685
Qiskit__qiskit-2249,5229c46a006eb45f02c13c0aa436a8a2f3909d40,454,485,590,0.16046090424060822,0.05181291699409485
Qiskit__qiskit-2249,300d71bd68fc281cc1a9c067b9804903166015a8,127,273,590,0.2588968873023987,0.18048709630966187
Qiskit__qiskit-2249,076b6023d20d5abb19d157fb99a966d9ce516eb0,422,390,590,0.17168155312538147,0.12455873936414719
Qiskit__qiskit-2249,d68a2f4ae94b4c47d1662606071636f69eb8a1fc,182,144,590,0.24534699320793152,0.2924160957336426
Qiskit__qiskit-2249,74d6c173de58a3e194074e350ffff6c94b1ea0f7,548,29,590,0.09606840461492538,0.5148714780807495
Qiskit__qiskit-2249,5b8a417329ef5c2521dd895a6396c50262f1bcbe,395,248,590,0.18052183091640472,0.19171865284442902
Qiskit__qiskit-2249,0b7b8730bbfa90c258f0d86b422baa369ad90c62,493,233,590,0.13821007311344147,0.19976365566253662
Qiskit__qiskit-2249,5f8cd759b57f3caaf18a9f497e83ac75ca22e585,284,85,590,0.2152079939842224,0.4013422131538391
Qiskit__qiskit-2249,c0e8a95d02a0399b761239d6f4cafd50d3721f51,321,566,590,0.20157238841056824,-0.02569171041250229
Qiskit__qiskit-2249,e1c90dd30ca0cdbfe574997426333e1776480735,541,67,590,0.10034208744764328,0.4332660436630249
Qiskit__qiskit-2249,b86265c5d333ec98a3cde86a9ce370312d621d2b,529,103,590,0.11429613828659058,0.3734480142593384
Qiskit__qiskit-2249,78589f83955f112c6b6dfac902eb4f0664717c7f,479,207,590,0.14699146151542664,0.2208068072795868
Qiskit__qiskit-2249,d616b137721dd37cf5fdb44de919a23c249ca5fb,95,216,590,0.2709543704986572,0.21489208936691284
Qiskit__qiskit-2249,707451bcf44af6f5bc0ea040a6c120fc1cb91324,398,366,590,0.17954502999782562,0.13634589314460754
Qiskit__qiskit-2249,b2a58dc045bdc194003c3845ad3ba59fbad5819e,409,177,590,0.17730672657489777,0.2461634874343872
Qiskit__qiskit-2249,40d89a6db4c6b5e1a07eed580e0610caf899484f,401,469,590,0.17896419763565063,0.07017140090465546
Qiskit__qiskit-2249,a09da522dcf93200130cda2dbc35b879dcffe110,310,196,590,0.20639722049236298,0.23308102786540985
Qiskit__qiskit-2249,18aba8320f24d56a2f66c015200f81e67529cc82,114,59,590,0.26271820068359375,0.4387771487236023
Qiskit__qiskit-2249,33d0077ae0f8c0d2450c0bce627969046d774af5,26,573,590,0.3384507894515991,-0.03449974209070206
Qiskit__qiskit-2249,46263dcbd446911d5f7e3e13356fc4f36566dddf,212,117,590,0.23596042394638062,0.3400164842605591
Qiskit__qiskit-2249,649cad656957a0c5a2477225645437136ddcca41,311,515,590,0.20622053742408752,0.03429799899458885
Qiskit__qiskit-2249,c0c27e554c409c928f92bc6018c934c898d83ee4,432,277,590,0.1672229766845703,0.1781235933303833
Qiskit__qiskit-2249,e7b2c83cf965f7cf298b4d3dd89faf48e64ef146,504,211,590,0.1343175172805786,0.2184866964817047
Qiskit__qiskit-2249,6cea432c6693c5999b60245611be8e69975149d5,519,288,590,0.12181112170219421,0.17061620950698853
Qiskit__qiskit-2249,66ef1c061df6912741db8486c95217a31d5fae7e,256,108,590,0.22459754347801208,0.35378333926200867
Qiskit__qiskit-2249,43977c506993be00b98f761ef97e51a16ece7000,56,383,590,0.290325790643692,0.128859743475914
Qiskit__qiskit-2249,6590ad708f57ce4f0f670e2e7c6513fa66b35618,473,109,590,0.15034231543540955,0.3529384136199951
Qiskit__qiskit-2249,0b3d30bf9b66ade9b4f5e94b8da29630c40fd67b,550,161,590,0.09561800956726074,0.26269644498825073
Qiskit__qiskit-2249,57367f9259c0351ee554ed0a55059394af9ccedd,367,393,590,0.18744218349456787,0.12372273206710815
Qiskit__qiskit-2249,55552126ebbd46087d091f3f2e6248d74fff4d40,379,339,590,0.18420785665512085,0.14870205521583557
Qiskit__qiskit-2249,07a916992822421fb159a78f7ca9385b4538ed18,334,199,590,0.19902066886425018,0.22866013646125793
Qiskit__qiskit-2249,1f78ef06a01fc7cdb8089e8ffe112254825b0e04,338,224,590,0.1974228024482727,0.20651492476463318
Qiskit__qiskit-2249,1c7f265e24989dbc8475043371f9a4dc6d9b6a90,480,409,590,0.14571113884449005,0.11270689964294434
Qiskit__qiskit-2249,51ed9748f50bb49ad7c826309dc713e831e6e669,368,435,590,0.1871972382068634,0.09094135463237762
Qiskit__qiskit-2249,33accdce395f022b555af1a45aa7f373d75e3e1c,329,201,590,0.19987747073173523,0.22391140460968018
Qiskit__qiskit-2249,009043bda88200f34a50775db73a3db1895d545d,175,359,590,0.24632246792316437,0.13918231427669525
Qiskit__qiskit-2249,8ab98a949a49711b847b798466b2cf1b608f8ab0,555,48,590,0.07728483527898788,0.4719752073287964
Qiskit__qiskit-2249,3fdcfff5f72dd146a64e3f578f9800597b054c83,46,99,590,0.29896706342697144,0.38091468811035156
Qiskit__qiskit-2249,ebf528e3ab212e2a21acd04f5062829348fa3f9f,396,336,590,0.1802603006362915,0.1504475176334381
Qiskit__qiskit-2249,b2f92d869b3c4f40a4889fc8c51dcfd35be93fdc,108,241,590,0.2652328312397003,0.19599728286266327
Qiskit__qiskit-2249,f04e935cc64170855f76152db6394f563bb1d197,50,426,590,0.2963947057723999,0.10008041560649872
Qiskit__qiskit-2249,5baa86d4b6f09546b8b94052228d65681c521819,268,378,590,0.2205832302570343,0.13187487423419952
Qiskit__qiskit-2249,8492cd6280ab107e21cbfe8606d4ebf08a73d535,505,551,590,0.1342582106590271,-0.003936883993446827
Qiskit__qiskit-2249,48a8b918fbac2392868cfc39d5cd8d21ea59e66d,223,238,590,0.23280847072601318,0.19781383872032166
Qiskit__qiskit-2249,1f042b74146278a28f84a270bb6b2881c77a2e30,282,186,590,0.21533417701721191,0.2402561902999878
Qiskit__qiskit-2249,d90fb318d764b5c2a8b91f7c3f997b573753e5bd,169,320,590,0.24730366468429565,0.15821343660354614
Qiskit__qiskit-2249,f0dc26267c55782ae6ffa1b33b62e4749b081b6f,444,488,590,0.16342739760875702,0.04937496408820152
Qiskit__qiskit-2249,5eaea22b90442d7a32e809b8e88b7e384fc1752d,201,590,590,0.24012646079063416,-0.13856422901153564
Qiskit__qiskit-2249,e841c347b467911ba8f03598d2b787f498c4aaf9,523,379,590,0.11866448819637299,0.1316908299922943
Qiskit__qiskit-2249,db012ca6c679a661f5c6cabb9174d758cec777e1,262,200,590,0.22245831787586212,0.22613494098186493
Qiskit__qiskit-2249,ffe9db359b4809ecf2a7f5540da2246b5e858f91,73,398,590,0.27841252088546753,0.12127508223056793
Qiskit__qiskit-2249,954cc8dc0803f33cef72a063e3a0bcc98f1015ac,261,217,590,0.22251982986927032,0.21395936608314514
Qiskit__qiskit-2249,8532c58b192faba02023d1e73c8efa6f0fe50208,420,171,590,0.17271549999713898,0.2512989044189453
Qiskit__qiskit-2249,70dce516ad93a936256b7f1401ceeb8811294e0a,494,188,590,0.13820074498653412,0.23992791771888733
Qiskit__qiskit-2249,5e948c37fba69f83b2036bb4f80f0fc2658b5553,468,146,590,0.15285217761993408,0.28964972496032715
Qiskit__qiskit-2249,0757fe983af1813abf9a37bfca47a2ead2621b47,497,395,590,0.13687948882579803,0.12283537536859512
Qiskit__qiskit-2249,e74f144831d1db99840cf560457abdebc317d985,389,574,590,0.18183287978172302,-0.03791222721338272
Qiskit__qiskit-2249,ea782731b19292b4aaade98e58955e8706f51a75,361,172,590,0.18970605731010437,0.24830420315265656
Qiskit__qiskit-2249,d9839bda2155179352b72baeb1c187f7fcd7589d,450,136,590,0.16190564632415771,0.3091442584991455
Qiskit__qiskit-2249,5120a776e69e24978e9c9d484131f23cac1c6e88,278,218,590,0.21650944650173187,0.21365287899971008
Qiskit__qiskit-2249,1ad5cf0b1218f72b2c552ddd4e15a9dcd3bf9d02,247,514,590,0.22748057544231415,0.03457777574658394
Qiskit__qiskit-2249,16ed15a36510d340c381d88a98e8272c210f11c2,27,491,590,0.3344460725784302,0.046658046543598175
Qiskit__qiskit-2249,572b8c2912e61883fcc11affa46dc9ad45433bb7,410,338,590,0.1768963485956192,0.1487913280725479
Qiskit__qiskit-2249,b51c29dce91e223dce1ebf5d243a11345405d347,362,220,590,0.18953146040439606,0.21080949902534485
Qiskit__qiskit-2249,6cf92238a27b058b29ac1ee165afdc5fd30b9dc0,464,556,590,0.15720689296722412,-0.011676004156470299
Qiskit__qiskit-2249,4a197d93d215dbc3b6666da1341dde3f9b79e4ba,537,444,590,0.1099676638841629,0.08770638704299927
Qiskit__qiskit-2249,9e88ff2fbc10fdbdb2f93954b0a21f08443cbc10,307,128,590,0.2072329819202423,0.3206424415111542
Qiskit__qiskit-2249,2c04de9b0a7075f75e2ac2e49f3c90e0210a365a,159,431,590,0.2509191632270813,0.09232369065284729
Qiskit__qiskit-2249,e7033c231b0b964221c29d0b4f0cf0675ef9c89c,459,417,590,0.15892787277698517,0.10455504059791565
Qiskit__qiskit-2249,0d536e1c7f09752deb4d9bb97dd84805fbaacb2e,290,524,590,0.21300190687179565,0.02746482565999031
Qiskit__qiskit-2249,5aae1ad5565678c18d15ef572935ce73ffcdae8f,198,91,590,0.24054399132728577,0.3949255049228668
Qiskit__qiskit-2249,169810fe35af0a4558b08c36c12862f7599e13af,447,461,590,0.16262227296829224,0.07319839298725128
Qiskit__qiskit-2249,7b9c91a7f78533798ce273cdc6cd42e1b49f4635,272,468,590,0.2194107323884964,0.07041429728269577
Qiskit__qiskit-2249,261f03512828649f8ba9cf2bae121532056ccee9,240,106,590,0.22883333265781403,0.35732799768447876
Qiskit__qiskit-2249,0e0b1a2d62b1606f3ad66ce8b72d59641144a51d,363,384,590,0.18860715627670288,0.12880712747573853
Qiskit__qiskit-2249,c269c8621d8b25380c0bfead82cee02360a968be,337,449,590,0.19767367839813232,0.08630267530679703
Qiskit__qiskit-2249,34dd5c749ad1c179b9d5d678738a9f6514b496d0,286,555,590,0.2142498791217804,-0.009125743061304092
Qiskit__qiskit-2249,61609cb4766f5528b6890f1b77ee5b6ef92203ff,521,503,590,0.11985793709754944,0.04003376141190529
Qiskit__qiskit-2249,37d7861bc0a542fbc6000f81726cc600bcd9e5a5,418,368,590,0.17354846000671387,0.13594655692577362
Qiskit__qiskit-2249,bf7ae36364a9d84e88eca6743f9cf29a561a1b73,490,163,590,0.13976694643497467,0.26062726974487305
Qiskit__qiskit-2249,bfd403682da01c8ff4827fc624c0f2821fcef993,134,31,590,0.25687751173973083,0.5140042901039124
Qiskit__qiskit-2249,18aee1daee36173550e175fedacb94a4900a6d80,213,41,590,0.2357376217842102,0.5057522058486938
Qiskit__qiskit-2249,f2ee6fdaf19334a61b3541bb37d40a83c6fa91c8,373,167,590,0.18540161848068237,0.25531238317489624
Qiskit__qiskit-2249,e66c0493eaf0a9c2a23c8e26914fa4860b7e6592,513,310,590,0.12782591581344604,0.1615416556596756
Qiskit__qiskit-2249,36b65b39cb10610a65e68fa2309936761a7e253f,487,306,590,0.1429033726453781,0.1649080216884613
Qiskit__qiskit-2249,d4f8e92ac514db357365919068f31b389b2d08ff,354,138,590,0.19148100912570953,0.3060544729232788
Qiskit__qiskit-2249,6619d470d67fd7cfdfe5e52d768855e7cd783bbf,40,275,590,0.30643314123153687,0.17873156070709229
Qiskit__qiskit-2249,bc9ff93ecaa6d9ce2b37779456e0b1909a18d6b8,375,495,590,0.1849762499332428,0.04549124836921692
Qiskit__qiskit-2249,5b53272b67484ca1dbd0df68e594002d4e7f0fec,474,582,590,0.14969667792320251,-0.06919058412313461
Qiskit__qiskit-2249,5175035344596c88e6bbaa6d70d09d08959fcd01,421,439,590,0.17180891335010529,0.08878835290670395
Qiskit__qiskit-2249,780d3501dd27e2668fed57bd8667eab688a8d219,525,334,590,0.11646817624568939,0.151132270693779
Qiskit__qiskit-2249,3e3b888d7528b4f2acbcbabe68feced2d03a1202,5,74,590,0.5002512335777283,0.4228340983390808
Qiskit__qiskit-2249,549ae1a76df2d393f3e4f950cb30444be0d60ede,341,102,590,0.1961284875869751,0.3734772801399231
Qiskit__qiskit-2249,f2f9121b6ab22505346a196850382f23b2d024df,435,231,590,0.16628600656986237,0.2003006935119629
Qiskit__qiskit-2249,74100834fccb857d88ae07a0ce7eeca8818d20bc,239,239,590,0.22891268134117126,0.19760261476039886
Qiskit__qiskit-2249,37813b9440407e742ba88425ec31daa32acde8b0,246,291,590,0.22790047526359558,0.1702246218919754
Qiskit__qiskit-2249,15dabacd8ea2fb7c510a1ff65be113c3cac0816e,466,434,590,0.15664002299308777,0.0910179391503334
Qiskit__qiskit-2249,1e7cb70a03cc6d0bab2a4bf7fd87fd2019a522bd,253,373,590,0.2251068651676178,0.13335689902305603
Qiskit__qiskit-2249,40cf9a354f2d71862e2c7a6a50b59be39f66fef6,309,586,590,0.20714277029037476,-0.07929842174053192
Qiskit__qiskit-2249,38d0215cb839586c2b9cf487d6a8ad29777c3c62,291,100,590,0.2124735563993454,0.37697839736938477
Qiskit__qiskit-2249,ebaaf6e591f19d7fe1a6eab578c1ce68503bcba3,528,268,590,0.11438192427158356,0.18243849277496338
Qiskit__qiskit-2249,62bd2107496392a2d1decff84712cc58e662a687,431,147,590,0.16726401448249817,0.28926682472229004
Qiskit__qiskit-2249,3248009e803e4cf411af38086fb78e19e643fa41,325,249,590,0.20097652077674866,0.19095730781555176
Qiskit__qiskit-2249,738edcd04d5c662f9c7979fc796e21d888652a92,360,98,590,0.1898830235004425,0.38106024265289307
Qiskit__qiskit-2249,721f9ee196606e70882dd15078581f05c9b24c98,177,294,590,0.24612995982170105,0.1686953753232956
Qiskit__qiskit-2249,f90d431f2e4b78dbd019cd72fe677b67625c9909,476,335,590,0.14940324425697327,0.1506769061088562
Qiskit__qiskit-2249,8fed3569fec7f5f33adb5c9654e1cd3d1f057c36,146,353,590,0.2546267807483673,0.14012575149536133
Qiskit__qiskit-2249,daa068e5443dfe7d94c768e29d72e191cb7e9a02,83,250,590,0.27507954835891724,0.19090014696121216
Qiskit__qiskit-2249,f0cb372b7335c501ff4a236b40cc0bdf0d764a21,531,363,590,0.11386844515800476,0.1376892626285553
Qiskit__qiskit-2249,c661b9db2cf9499993e69cb4dc303ab16860c4ca,515,356,590,0.12658165395259857,0.1396361142396927
Qiskit__qiskit-2249,e26bf5384cdfe071da1f68b3e58e5b23500a74fb,423,382,590,0.17086738348007202,0.12972700595855713
Qiskit__qiskit-2249,b79efbde10a6590a19557c2ab12198f8285ef4e4,381,246,590,0.18353821337223053,0.1933625042438507
Qiskit__qiskit-2249,775eed66a057205bd3dbdbbbd11edb5e144fb119,477,360,590,0.14879417419433594,0.13910600543022156
Qiskit__qiskit-2249,c57243eb9e3625f89f05d088b0d8bf454e223912,42,414,590,0.30401623249053955,0.10896910727024078
Qiskit__qiskit-2249,48be42c667e3a0eccdecf93276bdb27ee126eed8,266,537,590,0.22080455720424652,0.011534921824932098
Qiskit__qiskit-2249,978d52e5ca75ef0ef186a09e9ac9eb82d4b9b3c4,456,377,590,0.15921127796173096,0.13196273148059845
Qiskit__qiskit-2249,1c1ef22d1789c69f8da3532a46effb88d5322b46,304,189,590,0.20829761028289795,0.23937037587165833
Qiskit__qiskit-2249,56e76a5b5bbdadac80aebe895d8213f68c74b3c0,123,567,590,0.2610892057418823,-0.027135442942380905
Qiskit__qiskit-2249,4217cc317d5813aabc866698f73afe90f91f05de,364,152,590,0.18853157758712769,0.27543699741363525
Qiskit__qiskit-2249,dabe0f9e2a652e67ae67ba1e499a372fdbffb43a,254,522,590,0.22494818270206451,0.031354743987321854
Qiskit__qiskit-2249,3ef4a07f1863a09f68999fe1240b87aea5ccce89,491,184,590,0.13875305652618408,0.24186468124389648
Qiskit__qiskit-2249,689b55cb82b8933dcf0c1b32c28360362332c44c,359,397,590,0.1906096339225769,0.12181179970502853
Qiskit__qiskit-2249,1b742b3f761c6aa23811cd4706db8dbbed1c8fe3,87,148,590,0.2745744585990906,0.2867591381072998
Qiskit__qiskit-2249,d25ca7d5f14a1f372d7dc45c13ce0b2129d41216,425,302,590,0.1703115701675415,0.16625188291072845
Qiskit__qiskit-2249,e3dbdebfd5fa429abcef8031913c50ab0afbf5b3,283,510,590,0.21531298756599426,0.03635548800230026
Qiskit__qiskit-2249,4b72a8b8ba4035b591694982869c45c5644fa677,436,348,590,0.16602489352226257,0.14236325025558472
Qiskit__qiskit-2249,97de43d964010dfd3be7e70ed08d5a84d8b098c5,434,351,590,0.16642484068870544,0.14114582538604736
Qiskit__qiskit-2249,e30ec72601306e77b27d9b415da1d85e5cbb329e,498,344,590,0.1366995871067047,0.14526236057281494
Qiskit__qiskit-2249,54576d39576815db2249d38696bbaaf2bcd1af14,516,173,590,0.12637080252170563,0.24797524511814117
Qiskit__qiskit-3663,438ffd2ceded2bbefcf1497a48328fc7e9044edf,303,175,862,0.3159669041633606,0.297512024641037
Qiskit__qiskit-3663,86686bcadffaf1cd0d51fe6a5b09943bd52a0153,487,2,862,0.28354281187057495,0.46163415908813477
Qiskit__qiskit-3663,ff4e6c0326cc130d9dfd25eaa45a99e3ee28fd2c,390,280,862,0.301072895526886,0.2531266212463379
Qiskit__qiskit-2024,852e4a5dd204b29a7d795e0117da3a8a53c59ef7,236,195,505,0.28338831663131714,0.35660451650619507
Qiskit__qiskit-2024,11e2a8b0d39226b284d2cd9f52cdd5ba526f5e70,2,1,505,0.5626698136329651,0.4840884208679199
Qiskit__qiskit-2024,585780753094319306e395704fa5a98b16a5765e,152,94,505,0.33868902921676636,0.4075690507888794
Qiskit__qiskit-2024,7f34b92d2dea6800ad747dbf74dc7206e0c4e69d,192,59,505,0.31040191650390625,0.4274290204048157
Qiskit__qiskit-2024,2763daf0471fd771279262060c72a816105df5d5,27,32,505,0.4480384886264801,0.43972668051719666
Qiskit__qiskit-9843,48bd0b0f8b38196da46d23f591e9b48b76d9f135,2122,62,3122,0.2697793245315552,0.51303631067276
Qiskit__qiskit-4517,f8ac3e2863fae01b0f31ff2d1f30a020403baa5e,204,11,1251,0.3218994736671448,0.5078940391540527
Qiskit__qiskit-807,ee4beb755fec033336dc364f0eb8533bcaa6bee4,388,86,442,0.10741826891899109,0.3036983609199524
Qiskit__qiskit-807,a8e84197eda0ff6016b6b529d12dfc5b02d71cc3,230,22,442,0.22916468977928162,0.3781581521034241
Qiskit__qiskit-807,0cd2c1aab25417b2525176b539dba49d4c202c68,101,18,442,0.28721103072166443,0.38738584518432617
Qiskit__qiskit-807,8ef276f42b7fd949ec987f7d7532f6a70c594abe,167,79,442,0.25811439752578735,0.30965355038642883
Qiskit__qiskit-807,198dc0e0ec827bc37bde106ce7d9636e2940eaf5,194,85,442,0.2437707930803299,0.30385929346084595
Qiskit__qiskit-807,58f7435b20a8266c043f4e8841d96b35880647ae,155,76,442,0.26151901483535767,0.3125222325325012
Qiskit__qiskit-807,ad0c0debc02f93f0dc6e892b8be024e03c11ec3a,177,64,442,0.2510925233364105,0.32018864154815674
Qiskit__qiskit-807,dff36f84bc43ea21cc43315fa6c8fa410bb5bdef,83,1,442,0.2965603470802307,0.5361422896385193
Qiskit__qiskit-807,b80c32312373c31caa2cb429a384e397ec6ba72a,337,77,442,0.1793152242898941,0.31120267510414124
Qiskit__qiskit-807,9944a3220e3d6f0a98ba4e3845af7af6923fb251,222,29,442,0.23136183619499207,0.36484503746032715
Qiskit__qiskit-807,68c944a43848665f7cfea448cb5f9d1813e7d2e2,211,321,442,0.23489975929260254,0.17053593695163727
Qiskit__qiskit-807,d3c9414d7498a0dc1587750d2dac5c87e3d6ea4b,289,55,442,0.2077450156211853,0.328149676322937
Qiskit__qiskit-3978,eb7b404f8e9040a6ffd435d5b76d88395b145917,210,4,964,0.35575681924819946,0.5144060850143433
Qiskit__qiskit-3978,d5fe2465f8b4b96b2423f27497d15b15131b97e0,500,135,964,0.293097585439682,0.3824463188648224
Qiskit__qiskit-3978,b5051dfebbd1705cd51dc449366893903058bfd0,243,206,964,0.3483988344669342,0.3466695249080658
Qiskit__qiskit-4076,9b0bf78c3356f4a4fa5731fa0c147b7ef688ca90,736,22,1067,0.2148144692182541,0.49894481897354126
Qiskit__qiskit-4076,65588a76edaa36807a6c17fdbeb5b12b5c30d2fa,98,9,1067,0.323658287525177,0.513029158115387
Qiskit__qiskit-4076,cb024771bf08298b8d736ff4c98b7dd070757bca,312,46,1067,0.28345388174057007,0.480724573135376
Qiskit__qiskit-4076,35c023e0a7ce05a226f20f8739c8c1ffc80d4654,173,11,1067,0.30468934774398804,0.5099072456359863
Qiskit__qiskit-4076,7416a57b942199313e03156dff29add37de96e06,751,30,1067,0.21140339970588684,0.49211937189102173
Qiskit__qiskit-4076,6a347394a0b1c8925422ce40404f005cada86f93,311,91,1067,0.28360623121261597,0.4586278200149536
Qiskit__qiskit-4076,40e54933087cbc5df1ae8503870a0ca32a6975db,717,54,1067,0.21708381175994873,0.4777120053768158
Qiskit__qiskit-4076,595d1f7ce5e803342c8ae677463ec41bc02d9649,915,88,1067,0.17655250430107117,0.45940524339675903
Qiskit__qiskit-4076,b634812fa406b9a85f8455526e4dbfcb5b92b9e1,1004,37,1067,0.1445833146572113,0.4871067702770233
Qiskit__qiskit-4076,b5d713315db952154f3a69b9b0266123bb566c4e,454,34,1067,0.2563711106777191,0.48892709612846375
Qiskit__qiskit-4076,af24ca0e6502a620278db80cfc686ff84e45b200,555,127,1067,0.24117648601531982,0.4460655450820923
Qiskit__qiskit-4076,6dc6b86436779aa308866586ece551e43faaa55a,919,18,1067,0.17574521899223328,0.502217710018158
Qiskit__qiskit-4076,d13724efefb0c1c0ce127bb98e7f92f446509c49,603,45,1067,0.23437541723251343,0.48162534832954407
Qiskit__qiskit-1366,b54791fe9953d80c9c40fe0d8b0c0138c2a6ad4c,63,81,550,0.30621010065078735,0.22509528696537018
Qiskit__qiskit-2811,02d87c037ab2ec5e343bc9f0028672e09d105e67,148,1,739,0.26949748396873474,0.4552309215068817
Qiskit__qiskit-908,d0ba1bd611a4eaa170dacb6ac1fbdcbe0a86a4bc,219,8,445,0.2784379720687866,0.42801371216773987
Qiskit__qiskit-908,16c0b0f8521a503896b7f9298d6dcb07d679b578,65,2,445,0.36758339405059814,0.46759581565856934
Qiskit__qiskit-5623,3b3ca44660701561645ded82be5882cbc310d123,1231,204,1742,0.2222241759300232,0.4717886447906494
Qiskit__qiskit-5623,e22ed364f7d6b172f4ca253cb9b80974c594b232,424,20,1742,0.3058711290359497,0.5554472804069519
Qiskit__qiskit-5623,c44b55d6e736013d17e5e7bfca7a86b173690549,1537,11,1742,0.17465482652187347,0.5668749809265137
Qiskit__qiskit-5623,712ae0ef2236e8a2b382dc860fa0d921f7e1cc84,426,338,1742,0.3053300976753235,0.4394640326499939
Qiskit__qiskit-5623,f50237d389229d283b629c4bbc07aac20767ce1a,195,120,1742,0.3608816862106323,0.5001338720321655
Qiskit__qiskit-5623,c4845af0fc519bca9ff9d62073930e006846bfb4,689,1000,1742,0.27122998237609863,0.268937349319458
Qiskit__qiskit-5623,1a375873f1063658aa1ff5f9a85624b295bab76b,634,8,1742,0.27686917781829834,0.574812650680542
Qiskit__qiskit-5623,23be85f8aa4b57598f0765cea08e79fcd4a4a783,374,184,1742,0.31383776664733887,0.4784213900566101
Qiskit__qiskit-5623,8757699b73d1197cbbf0fcbdeacfa96329a521ec,503,102,1742,0.29493552446365356,0.5058786869049072
Qiskit__qiskit-5623,93b3cff66d2a93a24f46fea2c5f2c89aece00050,1321,30,1742,0.2106475532054901,0.547027587890625
Qiskit__qiskit-5958,43e3bf443652236240bb7a98681e725379a7d7aa,856,141,1893,0.24041306972503662,0.4149583578109741
Qiskit__qiskit-2095,a7d979d12095d5ca2844d485392c0d79374cb95e,483,11,523,0.14780817925930023,0.3742614984512329
Qiskit__qiskit-2095,887056b924f7b0ed08382529c3ed76defa406c72,272,355,523,0.23101696372032166,0.15521249175071716
Qiskit__qiskit-2095,974b53c60733bbddcfe1192aa964e3ae75b0813c,13,98,523,0.3666112422943115,0.23416481912136078
Qiskit__qiskit-4478,ac0d0e36877da47636f0d89958d60eeda775396d,1121,34,1201,0.12203945964574814,0.47298142313957214
Qiskit__qiskit-4478,6b417641387bd0452974508874cb93813e107c77,4,1,1201,0.5542055368423462,0.5355938673019409
Qiskit__qiskit-3319,9c951c7b39315dd138365bc9b714381fbb773164,46,1,822,0.40353238582611084,0.5785539150238037
Qiskit__qiskit-3319,3ff244c8c0c0b1265e61249a530b3e42331c5fc4,121,5,822,0.3363853693008423,0.51474529504776
Qiskit__qiskit-1715,099dea9df29e3ccc997cbcae630d4aa03ec84b8f,321,10,454,0.12367438524961472,0.3831234574317932
Qiskit__qiskit-1715,736b2b889a2a6cc5c8da2972ad07af95c82808f2,201,5,454,0.18006542325019836,0.4010922312736511
Qiskit__qiskit-2448,ca699862920319db0a27bac282eea94478c4628b,83,10,578,0.2884126901626587,0.46862080693244934
Qiskit__qiskit-873,6aac7fcf2596891fd4484d6d9ac3de0f1639b555,55,7,445,0.23327592015266418,0.29523766040802
Qiskit__qiskit-4840,f648e5d868b08541fa296b5ac6522c7ca13e6f09,970,95,1276,0.15153618156909943,0.4984937906265259
Qiskit__qiskit-762,5d4d97d892e01dd4e0fbb826039c94a18684caec,149,51,400,0.21698996424674988,0.2732371389865875
Qiskit__qiskit-9587,4a0359d5a4799ceb99fb218c7b7c1340ce222562,756,37,3114,0.4412834942340851,0.5809115171432495
Qiskit__qiskit-9587,29f32b89f04d7dc934e5e0420f3299bac5d91ce0,1230,529,3114,0.3547420799732208,0.4984220266342163
Qiskit__qiskit-9587,b0369d9561f0fc470900e382d0ed05b3ce483687,336,90,3114,0.5157238841056824,0.5600533485412598
Qiskit__qiskit-9587,c5d144d11ecdfd3176e199926d16b5e64425c293,1050,105,3114,0.38342681527137756,0.5559452772140503
Qiskit__qiskit-9587,5ed960253b627269d001e509fd9c3dcd944e6121,1926,101,3114,0.27985090017318726,0.5569031834602356
Qiskit__qiskit-9587,c65aeb256396657cb1e12fd6a543f85b6721c5b3,1287,1462,3114,0.3481614589691162,0.413561075925827
Qiskit__qiskit-303,02a080d8668c7d0fd9757bc9c91e02cd29a50864,59,17,295,0.27813079953193665,0.43644338846206665
Qiskit__qiskit-7665,c9a41777bdabb747c89d1960c7a992f934c9a46c,42,8,2348,0.43357306718826294,0.5053771138191223
Qiskit__qiskit-2459,a3a9ac30e0daca6963ca4b506cc2510e10031efd,44,44,571,0.4320611357688904,0.3058231770992279
Qiskit__qiskit-2459,9c4f582853f1cc3fd13dad6bf93de98e42c583f4,69,151,571,0.4054713249206543,0.22517147660255432
Qiskit__qiskit-6325,60e0fb27ef8304603b10b0f8062d67cfce444f4d,338,1,1953,0.3710278272628784,0.6123623251914978
Qiskit__qiskit-3849,02d4b9169fb486f2d96afd1e73376523e802365d,712,72,900,0.20616593956947327,0.3236651122570038
Qiskit__qiskit-3849,18381ab3bc791a2900804ecd366fc6d42a66b0c4,160,536,900,0.3681345582008362,0.19906404614448547
Qiskit__qiskit-7643,d90b36acf1007b466a124f5770ba238e02bf105f,2405,1,2491,0.02257007360458374,0.6321576833724976
Qiskit__qiskit-10347,2838c898f2dafb14c74c47ee36267b63d7081fe8,2667,1160,3267,0.19381876289844513,0.4492649435997009
Qiskit__qiskit-8679,413731e6fe9fae765fa5c9fcc1421c457d155c97,199,94,2739,0.48719480633735657,0.5239858627319336
Qiskit__qiskit-1962,6e95b03e6d592372cc971f36b7f70b7d0558854e,86,1,469,0.3014323115348816,0.6190102100372314
Qiskit__qiskit-2493,062b791533abefb26d7671e8754932460856b749,216,1,576,0.27345043420791626,0.49525129795074463
Qiskit__qiskit-2493,8b52124cf029a67e5d4e54e6fd6fa6409a15844d,544,242,576,0.10249889642000198,0.18358609080314636
Qiskit__qiskit-785,14c5b98f13c1d7ed0ae7309c8d827bb2139b7cef,171,99,443,0.258175253868103,0.3726551830768585
Qiskit__qiskit-6546,b3db02b94f03dc9369210d9b2eeffb21a1a03ada,568,6,2063,0.39768436551094055,0.573879599571228
Qiskit__qiskit-6546,82013a7f3b0469defe1f067cac11e81065d74b53,69,17,2063,0.4560585021972656,0.5496287941932678
Qiskit__qiskit-5691,e9e5d48a879b2f87408292c83ba46930619c88f2,1530,250,2030,0.24644681811332703,0.19478437304496765
Qiskit__qiskit-5735,4682ce88bfaac5df410d9a85d3afa42c472cd77a,345,32,1812,0.43493854999542236,0.5276591777801514
Qiskit__qiskit-7411,b3ac36d2a6d9e7abb6fb95fdd412ef600e47b98d,705,2300,2518,0.32992082834243774,0.2464236617088318
Qiskit__qiskit-7411,0c3ed197f2c659e7bbe6f5ceba8442a533468923,761,383,2518,0.32663360238075256,0.4987870454788208
Qiskit__qiskit-7411,b6c2f2b989dc3d7fc10cb5386335973c8550647a,1289,155,2518,0.29378843307495117,0.5257872939109802
Qiskit__qiskit-7411,7743597c1e3166eccce08b1bf61244887b1cf91f,1341,109,2518,0.29054760932922363,0.5330693125724792
Qiskit__qiskit-7411,ead37fd98dfcc08c08057b7102a29b512610a85f,1086,429,2518,0.30519038438796997,0.49409133195877075
Qiskit__qiskit-7411,f926dbdf3d96a18bed4ea4fd6cc9045b772ae49d,1414,717,2518,0.28543198108673096,0.4646615982055664
Qiskit__qiskit-10555,b131e320486ac79489528bf40f540e3e8fe55eb4,923,260,3349,0.40884727239608765,0.46354568004608154
Qiskit__qiskit-6541,25a07d50e85458cfaff60a0081dcd8e8941a68d7,428,58,2026,0.3344261646270752,0.4305811822414398
Qiskit__qiskit-5026,b98b4092205cfe2bb454a2dd0eaf1192ec8b0e9e,154,102,1266,0.3654614984989166,0.4387304484844208
Qiskit__qiskit-9664,68f093c1125eb65e6fe17ca1caac6168b3202bee,246,3,3110,0.43576276302337646,0.5889581441879272
Qiskit__qiskit-9792,4d82214a5e03a988021423fd7027b9a8f5a3ceda,18,134,2950,0.5583665370941162,0.5526277422904968
Qiskit__qiskit-3419,7283763f7ff4197ea4c8a076d365140da841640e,68,11,793,0.295693576335907,0.326137900352478
Qiskit__qiskit-2769,9f3028d25042382ebc50cd4faf043503a2a9bdcf,133,5,622,0.30146920680999756,0.4212662875652313
Qiskit__qiskit-2533,234ce0816144ad364d8a7d597f6f5719e6d924cb,368,44,575,0.18795129656791687,0.3433877229690552
Qiskit__qiskit-2533,73d196ad219adcd1c79451a19f64f261376e0074,391,15,575,0.18291959166526794,0.38586416840553284
Qiskit__qiskit-5479,507cc58f17f2314b48a0379a2eb0b5c6695fa1a2,448,447,1615,0.28059151768684387,0.2308109700679779
Qiskit__qiskit-5479,91852c98326593605beabb4f6154808b1af48c21,800,589,1615,0.22117185592651367,0.215554878115654
Qiskit__qiskit-5479,d2b9412b552fff9d45ba28595fb2b66f3d300b44,254,247,1615,0.39401113986968994,0.2695971429347992
Qiskit__qiskit-5479,7c4672061ff8d154014584bcc898e4d914931b79,425,134,1615,0.2863645851612091,0.2965741753578186
Qiskit__qiskit-5479,53ffb8b6016a937380fe2a4d43dddde157ac5737,370,582,1615,0.3087308704853058,0.21621669828891754
Qiskit__qiskit-5479,e903759c6dfb54a08ef02f2c6ea995582d775ba5,534,933,1615,0.26048925518989563,0.17408104240894318
Qiskit__qiskit-5479,976557c5f72cf75dad814069889e2eaeb86db783,960,174,1615,0.19871829450130463,0.287706583738327
Qiskit__qiskit-5479,6983999bba84b01dddc6db45f041c9396ee49a14,842,278,1615,0.21553759276866913,0.2630993127822876
Qiskit__qiskit-5479,5fcfb1271974a0adf5867d171c88f822de469e55,1439,892,1615,0.11924777179956436,0.18082500994205475
Qiskit__qiskit-5479,f87909d441b4d52fad3af934f696379ccec89694,252,330,1615,0.3959333896636963,0.2508925497531891
Qiskit__qiskit-5479,a5100faac1a9e5b754ca1590e3b2823d9a309e42,1132,559,1615,0.17294085025787354,0.21751746535301208
Qiskit__qiskit-5479,032fe2e427d6cfd2e677fba4a8ab3ab7db3a0fdc,317,275,1615,0.32989200949668884,0.26347124576568604
Qiskit__qiskit-5479,1ba1435be2baf163940c4a24f87fc7dd6a408e0b,1259,1036,1615,0.15399491786956787,0.15719586610794067
Qiskit__qiskit-5479,7aa284e350556dac734185e3cf624d86d4c7b161,290,764,1615,0.35284024477005005,0.1980699598789215
Qiskit__qiskit-5479,2bed8317830eff8130a4a962bcbe6521115d395e,792,982,1615,0.2222670614719391,0.16523736715316772
Qiskit__qiskit-5479,9c44a493da29b1bfa0419bf5fe0a14a73d991a27,1005,639,1615,0.19182470440864563,0.2112143635749817
Qiskit__qiskit-5479,7b576077c3a6af3d2819febaed2ef50df33e5f70,667,385,1615,0.2392314225435257,0.24011839926242828
Qiskit__qiskit-5479,212abc70e818cdb3db81e81d6e4fd5f88c5259a7,1452,1020,1615,0.11366048455238342,0.15960606932640076
Qiskit__qiskit-5479,03bdfb02ccff9395ff862c0c2c1dccda9c90071b,636,598,1615,0.24349214136600494,0.21485698223114014
Qiskit__qiskit-5479,2a4788bad91c397ecd1d5ab5e457ef1d75496ab0,391,851,1615,0.3019503951072693,0.1865788996219635
Qiskit__qiskit-5479,c83ac056a31171f318c9c94fb75498b4efe83eff,273,728,1615,0.36527734994888306,0.20290039479732513
Qiskit__qiskit-5479,c82c02c2ceac44de56d7bb61b29e953c75834354,986,570,1615,0.19572877883911133,0.21698793768882751
Qiskit__qiskit-5479,3e9c2362930b02ce5bf6d3fd4b7e7faed5afef3d,755,479,1615,0.2265019565820694,0.22628891468048096
Qiskit__qiskit-5479,0a08d7108ec15fa03f17d98002a798abc41b21d8,326,500,1615,0.32501208782196045,0.22384211421012878
Qiskit__qiskit-5479,8e11a1dd97dd70e4b3b7ca69b2a179e54bfe6ab2,382,390,1615,0.3053470253944397,0.23906707763671875
Qiskit__qiskit-5479,387d242ac486baf960eee06eaf7733efe9d68915,247,700,1615,0.40394771099090576,0.20489579439163208
Qiskit__qiskit-5479,c8819de7a62e0dfc40c161de3442cec7daa4cf3a,478,454,1615,0.2730129063129425,0.229894757270813
Qiskit__qiskit-5479,475644b75bccd167af63264c77877ca9ac12e857,908,1331,1615,0.20739158987998962,0.09118486940860748
Qiskit__qiskit-5479,5e5faa23fd7eb4d0641c733a4fc798cd99a4fe7f,387,339,1615,0.30332744121551514,0.24960753321647644
Qiskit__qiskit-5479,087fa76c7b4e36ea85770b63210b5421b9669193,429,33,1615,0.28531384468078613,0.349863201379776
Qiskit__qiskit-5479,6cbab9523386f3775adc07c53abec15088b7a299,969,795,1615,0.19754765927791595,0.1939859390258789
Qiskit__qiskit-5479,f8454b07943d3559c0ac65f0ae11fb0fa79ce1ab,416,483,1615,0.2909899950027466,0.2256874293088913
Qiskit__qiskit-2112,a5536bbf53693681d775d3b6ff37d792bf29917e,75,17,546,0.2400909960269928,0.3140510022640228
Qiskit__qiskit-2112,055bb17569f8e59606156c62b629d59d5dff8d92,479,55,546,0.0858876034617424,0.24981725215911865
Qiskit__qiskit-2112,cb03b09f951d4c7c4c56549a1dc8412c0b5f1bbd,82,138,546,0.236338809132576,0.19560986757278442
Qiskit__qiskit-4797,a8ea37ba8283d51e39b1795bfa02a4e27dfa89fe,57,1,1350,0.5169709920883179,0.6272375583648682
Qiskit__qiskit-6153,d03af6f596a9d5229f4a729301d8023c7ffb2498,357,2,1932,0.31280046701431274,0.5130660533905029
Qiskit__qiskit-4431,138e3bba5e001cf85b390636c7fe3a4545363a69,955,47,1148,0.20688900351524353,0.5076964497566223
Qiskit__qiskit-4431,c213d67af3ba54b673b9523c26af748c4e183900,1021,29,1148,0.18345695734024048,0.5229442119598389
Qiskit__qiskit-2389,a7e3d42774a38cf4dbb267960c5b63c75e3ec186,42,19,572,0.37636852264404297,0.46328669786453247
Qiskit__qiskit-10400,aceb1b1c5a2be8713a708b500fb0ea8cac2271ef,848,2,3312,0.40951448678970337,0.6004955768585205
Qiskit__qiskit-10400,c837b3471293fb572d6cc901622f32d4885ccf5f,1065,17,3312,0.3204968273639679,0.5292632579803467
Qiskit__qiskit-10400,f4095f7484e778c9e6a98b78c8808b3b2018d36e,1086,1,3312,0.3165131211280823,0.6056636571884155
Qiskit__qiskit-10400,db724cf26a682b0a0d2830702a97b5454636cdc8,2336,18,3312,0.21048298478126526,0.5269938707351685
Qiskit__qiskit-430,2f5c7555e01eb7a71f5613218584c972c6d89622,13,122,341,0.5202942490577698,0.42020753026008606
Qiskit__qiskit-1278,a69f04f7204c5b1ee90edd2e22c28c3b65003a3e,311,12,536,0.185906782746315,0.3529312014579773
Qiskit__qiskit-1542,8e5666a0492c8c2aeaba2435101fdc5625a80936,32,2,589,0.3836885988712311,0.6532050371170044
Qiskit__qiskit-8701,1f9d09419a6372db62adf2cefcf1e1ef980f8296,1284,21,2739,0.2612933814525604,0.5121577978134155
Qiskit__qiskit-8285,1b5cf676c39a2ecea80aa7a9eab21338bddbe869,1704,43,2583,0.22357933223247528,0.46244680881500244
Qiskit__qiskit-6609,6105f465615c63ba167e850e74efbe83c544d350,1000,68,2039,0.2033010721206665,0.2816755473613739
Qiskit__qiskit-6609,68d575a4ee558348c9530593c9d46c02975cd85a,647,1134,2039,0.25340574979782104,0.09486356377601624
Qiskit__qiskit-6040,499d23fff0eb873502f51f01768a503867dd051d,235,83,1903,0.5034797191619873,0.49991753697395325
Qiskit__qiskit-6040,d29f4648895fc1f32c298801916cb0a1145e790e,413,70,1903,0.4147261083126068,0.5076519846916199
Qiskit__qiskit-6040,547fd1dc203f149a1f4a9d23a155b8366a2561a4,1106,676,1903,0.2712695598602295,0.38543570041656494
Qiskit__qiskit-4287,53e6851e6970092080c135302b967596c92f31bd,501,3,1073,0.2443922460079193,0.5133010149002075
Qiskit__qiskit-4812,28760bbea9c42bb5ee8796a2aff0cfe2b04087b3,380,7,1411,0.3142625689506531,0.5826956629753113
Qiskit__qiskit-4812,e98d48b637dce98460c373ac41ce7545431aa023,289,26,1411,0.340802401304245,0.5165566205978394
Qiskit__qiskit-3084,aaadde0ab231f8485aa2c47990be5656687342e4,587,65,693,0.09769144654273987,0.3749225437641144
Qiskit__qiskit-3084,90ad9f30abf8e6418e7805fbbbeb02167f4cb68c,75,6,693,0.24999572336673737,0.5225386619567871
Qiskit__qiskit-3084,00e6f8f3ca602aa762ef6182450346b8694e5124,639,5,693,0.06803499162197113,0.5269681215286255
Qiskit__qiskit-3084,103d60de62733a4f35c2d2f6c9a121a3375b158c,371,11,693,0.14745491743087769,0.5039254426956177
Qiskit__qiskit-3084,52bc3b80106ae5a42f84a38e6965b3c29d95d7f3,129,10,693,0.21624700725078583,0.5097082853317261
Qiskit__qiskit-3084,1b9e732344e13d48e29f62eaab4813824cc07c0f,246,2,693,0.1763850897550583,0.5557767152786255
Qiskit__qiskit-3084,3f917c7cba96d4515acd0d01899b4029fd501b1d,267,44,693,0.17245382070541382,0.39446187019348145
Qiskit__qiskit-3084,d5629f90cbcd8ec1fb0a5df760deddf647c6a354,66,3,693,0.2573237419128418,0.5522646903991699
Qiskit__qiskit-9911,af3360bfae25cd09aa3a4b1ec61085f016288a1a,1352,13,3140,0.26601141691207886,0.5482128858566284
Qiskit__qiskit-2106,b2d365437cae1281de35ebc74827f419e76e97e3,26,3,556,0.41683030128479004,0.47988733649253845
Qiskit__qiskit-2106,781fecd090771c649cb9617a8134a7b87bb33945,259,409,556,0.3040944039821625,0.21425360441207886
Qiskit__qiskit-2106,9dba07c681d73af8425af685cbe43aff6936a69b,355,5,556,0.26432767510414124,0.4563525915145874
Qiskit__qiskit-9828,cffa0b05682a0c37ee4471cd43f9de280feb604f,593,16,3120,0.3605114817619324,0.5626438856124878
Qiskit__qiskit-4932,de916b36d7931825d312207e9fe05bcd67b97209,236,889,1398,0.4240802228450775,0.3528212606906891
Qiskit__qiskit-1860,77c5e4a2b4d7eb4548b2d142cd7012fce023f3f7,50,8,446,0.2570895552635193,0.4658809304237366
Qiskit__qiskit-4224,c38f8b025a7d0c70d579e172f86c1dcb10e36abc,441,1,1069,0.2600150406360626,0.5735923647880554
Qiskit__qiskit-4224,c74859207e1719db4eaa77fc6841c3bf10a2680d,145,2,1069,0.3182271718978882,0.5704339742660522
Qiskit__qiskit-910,0d0e4bc49a134e64c374351036128aa756871560,139,1,454,0.2182070016860962,0.5412846207618713
Qiskit__qiskit-3211,d9f022bdabe6578c6a148c0dfd2484945989afe4,147,139,782,0.2515828013420105,0.3154592216014862
Qiskit__qiskit-6675,c362ec8570355d407f41f2e781a8c7ac38453ccd,861,50,2052,0.24364742636680603,0.4655000865459442
Qiskit__qiskit-6675,9ce40bf7b722de8c7b9b83e172063a6a99d8b11a,492,57,2052,0.30620893836021423,0.45512139797210693
Qiskit__qiskit-6675,62b684524619ea716db39e964d8af9ef11a1f376,469,17,2052,0.31037425994873047,0.5665906071662903
Qiskit__qiskit-4862,b15e25a476ebdd4846fe61f13eac2c41a67e9c02,79,281,1277,0.45248982310295105,0.3942759335041046
Qiskit__qiskit-7515,b019f3c132463aa451821cc9bbf0e2851fc298cd,1246,111,2299,0.24500912427902222,0.443100243806839
Qiskit__qiskit-765,507ec2a03186475824a149582f63873424679856,53,71,431,0.27522480487823486,0.1343550682067871
Qiskit__qiskit-2342,7a74dbc0c5c9d39de585538b86410bf5603ee60c,126,14,610,0.28166860342025757,0.5010707378387451
Qiskit__qiskit-2342,f720d64ceba2868cd71f12c692ec517b850f2ae3,317,27,610,0.22372868657112122,0.4833142161369324
Qiskit__qiskit-2342,dca2e05cb0e8f529b378c43606a1fa956d69972a,30,11,610,0.34601423144340515,0.5038458108901978
Qiskit__qiskit-3418,a51d80c19797094e8f32a99652420d3dd9543c74,606,6,793,0.12960755825042725,0.5057926774024963
Qiskit__qiskit-3148,b1aabcf68d8eb77c5c420d371486a5bf42abcd3b,683,12,737,0.10221759229898453,0.5553848743438721
Qiskit__qiskit-3788,154270ca5762d96a5a4d8c9dc74d64088d876e77,838,309,894,0.0686151534318924,0.22932052612304688
Qiskit__qiskit-3788,cf8a8d22d85f9b1bd841be064df24637060bc0a5,826,411,894,0.08690772205591202,0.20110416412353516
Qiskit__qiskit-3788,de0e73661cbed44d91af8e30306ad8a5f0e2927e,437,711,894,0.2457529604434967,0.0881863459944725
Qiskit__qiskit-3788,5c9bcb5fd78333770ff6c50f6e066243ea99c4c3,702,392,894,0.15647566318511963,0.2072097361087799
Qiskit__qiskit-3788,b027ad55f3b3b899204e13e9225959f2f6c0f817,829,378,894,0.08412834256887436,0.21096010506153107
Qiskit__qiskit-3788,f367155e864bad04d355b47826b12e4f72634fd7,745,230,894,0.1411583423614502,0.25499072670936584
Qiskit__qiskit-3788,83668264fa1871f6b4a7ae000d82101d9c3cee32,544,44,894,0.21004152297973633,0.33401796221733093
Qiskit__qiskit-3788,0ebe48d98f1b0c2da6b59a298e611b68e1498987,848,413,894,0.05671136826276779,0.20047998428344727
Qiskit__qiskit-3788,bf38d4816dcfe4416ef7870cf65f2f41e55659ca,794,268,894,0.1076553463935852,0.241941899061203
Qiskit__qiskit-3788,f783c8bcbc20919a2678597f96fb26d9597ebb9f,785,250,894,0.11493366956710815,0.24870461225509644
Qiskit__qiskit-3788,57c034fc0e60a8fbd57fa262e2f6edf5c66eee26,627,438,894,0.18131601810455322,0.19365382194519043
Qiskit__qiskit-3788,96f9c385947aef3a12fc9672b92a84ae828f8647,806,421,894,0.10276676714420319,0.19863714277744293
Qiskit__qiskit-3788,dacc920c08ce99983eff65103b2d3b6f229243a6,444,73,894,0.245003342628479,0.31747666001319885
Qiskit__qiskit-3788,dd0b8c13fec3e86fa04fd6ad36d8d86324290d9f,787,550,894,0.1143898069858551,0.1572997123003006
Qiskit__qiskit-3788,1b01061427fa733932bd0e13e79dcf3fa4313475,710,367,894,0.1523175984621048,0.21365784108638763
Qiskit__qiskit-3788,11140c946e6e026fca84060c14777b0a473c77e4,857,360,894,0.029928095638751984,0.21598456799983978
Qiskit__qiskit-2104,04d9f340809287487e390a03d892465afa42abc4,142,370,529,0.22081688046455383,0.07936721295118332
Qiskit__qiskit-2104,44d70af6d31eafb011347f48625de5b34cfff341,307,524,529,0.16944345831871033,-0.09078101813793182
Qiskit__qiskit-2104,9b99b0d970095f18422454da9128f9c19592c666,266,502,529,0.1801832914352417,-0.026737071573734283
Qiskit__qiskit-2104,5099d204e8249cb4d7749e9c62d091b5a2056cd1,320,497,529,0.16576045751571655,-0.018804967403411865
Qiskit__qiskit-2104,2a3d131931d15dabf78365cd5578acf558cb9fb8,117,515,529,0.23290947079658508,-0.06624089926481247
Qiskit__qiskit-2104,a8e4b73b88d82d8081f3ce1d4754dee8e0e7a8b8,253,485,529,0.1850997805595398,-0.004551790654659271
Qiskit__qiskit-2104,e785384b784f4d80a6986d7ed06bfd564868e8fd,481,101,529,0.1007114052772522,0.256475031375885
Qiskit__qiskit-2104,5b6b734c342fc279e675cfb87f061eecad1bd533,312,420,529,0.16879409551620483,0.04728255420923233
Qiskit__qiskit-2104,c1b2cf164d6b9be4cde8a8c355c84a10f613d464,288,278,529,0.17437629401683807,0.12800346314907074
Qiskit__qiskit-2104,d0a5e7465eab449957c5f498d48eeac1bbefa636,286,354,529,0.17525407671928406,0.08534029126167297
Qiskit__qiskit-2104,08a32fa056dc7a0600e5f8e1fb17cdbc95b8e1f6,327,435,529,0.1620386689901352,0.03948155790567398
Qiskit__qiskit-2104,2f314661293960e229a519f9a79e63a5e3d0dc91,308,368,529,0.16929076611995697,0.08076608180999756
Qiskit__qiskit-2104,e7556a76956a67ef7510493a33f254ea316e4e6f,438,499,529,0.12435998022556305,-0.020718947052955627
Qiskit__qiskit-2735,f793317fce1e49d835d7423c5509da3b94f83f0c,94,53,613,0.29460418224334717,0.48624616861343384
Qiskit__qiskit-5379,bc6154d77bb73b03c33c134291b0ec2cced7fc59,654,348,1492,0.3082553744316101,0.3745097815990448
Qiskit__qiskit-5284,8298178bb6e8b13fba8c3d6272fac44e93af9887,217,38,1475,0.26086556911468506,0.3929194509983063
Qiskit__qiskit-9312,60d45f3af5cdb52e135505bfe5360890553bcc5d,1472,29,3012,0.2667747437953949,0.5483293533325195
Qiskit__qiskit-2917,2846d78997725a0909331bafac85cb8894886773,393,20,645,0.25325971841812134,0.48665565252304077
Qiskit__qiskit-2917,661781e82c3533b7a3d2179735340769743bea9e,74,1,645,0.3746294379234314,0.5962409973144531
Qiskit__qiskit-5229,86958659b90074d9d0de9d48ad84a719f71e56dd,412,59,1471,0.37954121828079224,0.4752955138683319
