bug_id,gt_blob_sha,faiss_rank,model_rank,rank_displacement,faiss_score,model_score
Qiskit__qiskit-10401,2a079b304fab57b80a4bd49baabd900d0dfaea78,1176,126,1050,0.32705169916152954,0.2728327512741089
Qiskit__qiskit-636,68017e0b9bae0217e3c307dfbf1e55429cab2621,39,1,38,0.2770654261112213,0.7219042778015137
Qiskit__qiskit-636,02acaa22c51010e623b93ff4843498e388bb3e5e,130,10,120,0.18594202399253845,0.6189533472061157
Qiskit__qiskit-9617,476e4857223839bb4111c2843765482f3cae0f86,16,67,-51,0.48665857315063477,0.3034065365791321
Qiskit__qiskit-2781,4e907d522414432a4a714b580b912086a234ac19,6,17,-11,0.46213042736053467,0.4825635552406311
Qiskit__qiskit-2781,378053e6f08234908688b29a3f47829bac93a850,13,39,-26,0.4431241750717163,0.42132753133773804
Qiskit__qiskit-2781,9128654cabd8696c4032d2135b2d256281995a0b,66,4,62,0.38638728857040405,0.5893641114234924
Qiskit__qiskit-2781,b7744e6f6e08e6ea4abc66709b741b2799998987,22,13,9,0.42979297041893005,0.5054668188095093
Qiskit__qiskit-2781,71bad02824dab94bd630eb00f01c025cb2fcb2b0,49,15,34,0.3986915051937103,0.4968670606613159
Qiskit__qiskit-6562,f7ae267653213a093f937f07490115efa2b935af,485,6,479,0.3127894997596741,0.5550882816314697
Qiskit__qiskit-3057,9e605f1a67b7bee06b4dcd51b92d2826b9eff130,502,2,500,0.2348039597272873,0.7203142642974854
Qiskit__qiskit-4140,5f3ddad3e8f570adc89b404ab076f32cb15b262a,340,1,339,0.23246195912361145,0.5387316942214966
Qiskit__qiskit-8989,6b48a30090ed637022ca9ac3e218db31ae20e029,84,4,80,0.42209163308143616,0.7117410898208618
Qiskit__qiskit-688,5e7693161dc87f4d0859ecaeab5a981fbc302689,240,112,128,0.290422260761261,0.21229484677314758
Qiskit__qiskit-688,6fad3fcd0a4f40b337e0100ec28fe8d637d83abd,227,64,163,0.2955028712749481,0.3191224932670593
Qiskit__qiskit-688,8ee13e47f8ce8e69e378c9379b60d284070fd34b,360,131,229,0.16589801013469696,0.1794060319662094
Qiskit__qiskit-688,b8bbe4ed0b5ec460beae19ee31997da5c442534a,73,70,3,0.3859676718711853,0.2841639816761017
Qiskit__qiskit-7140,e4f55ad485bd765106535df4d8751920d1264d0c,410,1,409,0.38472333550453186,0.5203084945678711
Qiskit__qiskit-4472,39b0cab8647844fdd86d0de04b47ea0d51bfa3ec,973,142,831,0.1933697611093521,0.3802046775817871
Qiskit__qiskit-3042,c4abde54f2fa4b282bd46d41ce8aaa3cd86f0f83,92,1,91,0.39617955684661865,0.6977578997612
Qiskit__qiskit-3708,a09950f1cf1f8782d0a71cd639b762a87beb93a2,395,1,394,0.21955004334449768,0.5816947817802429
Qiskit__qiskit-9095,075ac339b18249160dc16062b0bcd14f581b745d,1124,1,1123,0.3361154794692993,0.6745668649673462
Qiskit__qiskit-5534,0bbf7ca17bef9d2ba4fd8b89dff0444f87ecc719,264,210,54,0.3591192066669464,0.3041970431804657
Qiskit__qiskit-3873,2b11897f72617bbb163aa4e4044be83acea41ed8,564,34,530,0.2974550724029541,0.25915974378585815
Qiskit__qiskit-3873,23ed6bf5ce6bd758c7ad43e50bad6923083e901d,309,3,306,0.35653409361839294,0.35727283358573914
Qiskit__qiskit-3873,31e1ed962c44b3d8ef609f3f000a085cae6c255f,236,8,228,0.3814752697944641,0.3241225481033325
Qiskit__qiskit-3873,fa1b5c405979069ab7c1de5bf68e8422fb7a6583,283,6,277,0.3651868999004364,0.32921695709228516
Qiskit__qiskit-3873,c0d727b17c3a240674645df91fdc520b4a83147b,276,2,274,0.3677007257938385,0.3941812515258789
Qiskit__qiskit-3873,20282c655cf9de9b9003d161dacf901f6a464b23,244,11,233,0.3794248700141907,0.2965249717235565
Qiskit__qiskit-3873,c86562fcdc7cef1b02fcd9e88f801fed13c07e47,575,4,571,0.2949771583080292,0.3459659218788147
Qiskit__qiskit-3873,d82094957a4d78533637ccb563194f840c50dcfd,270,33,237,0.3707854151725769,0.2595536410808563
Qiskit__qiskit-4263,be035a6ebbeefa13b358b5683f20972a263a2b1a,250,13,237,0.3146159052848816,0.5882701873779297
Qiskit__qiskit-4263,9143cbbb40b09e4cd009fda602dacadf44bf905b,427,30,397,0.2655046284198761,0.5172244310379028
Qiskit__qiskit-7365,7f7caa8cd2091644bb0ef4e75273370d014c605f,181,1,180,0.3904537558555603,0.6065959930419922
Qiskit__qiskit-7365,c765e0dc3bdd41311b7a11f4e02bcc0e9ea95a18,95,6,89,0.4123116731643677,0.5552157163619995
Qiskit__qiskit-760,2ebd25ec522c626c62f9b2a3f06441731be96500,88,1,87,0.36123818159103394,0.5010632276535034
Qiskit__qiskit-10382,3778075e27a2a652aa6910a9c04037bca1f96ff3,901,1,900,0.38846737146377563,0.6762010455131531
Qiskit__qiskit-4049,64791045075b9451d097a4417d1fbdf7a3b5d92a,680,13,667,0.258964478969574,0.47551411390304565
Qiskit__qiskit-4049,6540c2f328a9a91c03d3455950f72b22eb021db4,807,29,778,0.22683335840702057,0.43073856830596924
Qiskit__qiskit-4049,182090b3ebac406d516486b61b06c25bec5df4ce,873,188,685,0.20371004939079285,0.259045273065567
Qiskit__qiskit-4049,8866416541c315b11e088be8b1f9f28be874f143,505,1,504,0.2871758043766022,0.5954601168632507
Qiskit__qiskit-4049,f97d8d8fe3663ac74c555e8ab5d0d0eb4abccfd0,210,57,153,0.3496958017349243,0.3803902864456177
Qiskit__qiskit-4049,5c0a788bf533628f7606545d8feb07c25b279e12,787,16,771,0.23129874467849731,0.4578609764575958
Qiskit__qiskit-962,20af8c36a163418e2939c523ece2607950b5d082,232,1,231,0.21158047020435333,0.6716914176940918
Qiskit__qiskit-4095,b7ce4fbf856902db11c21c8ed0e139efabfbb090,186,1,185,0.39380836486816406,0.7505224943161011
Qiskit__qiskit-3566,b64990785eec3e9c581200de7c8878e7e7a95dbc,176,1,175,0.34098684787750244,0.537930965423584
Qiskit__qiskit-3566,db6453ed4b651400d72d06364fae1992400b8c57,755,4,751,0.18635135889053345,0.5083764791488647
Qiskit__qiskit-4867,56193ca3e11ea8dab5f96f2c324e3255cf6a1d77,850,10,840,0.2950340211391449,0.3658941090106964
Qiskit__qiskit-877,8a6926a49840438bd3c9b0b4c6d3026d671c0e53,154,421,-267,0.20321163535118103,-0.2340792715549469
Qiskit__qiskit-877,02abeaacdcf0e1c87334ab56d8bf1d4d71c70e06,49,37,12,0.2884838283061981,0.311088502407074
Qiskit__qiskit-2723,5e5654b987a1fb2963c7b79129abe290d6ccb8bc,25,7,18,0.4600814878940582,0.36372604966163635
Qiskit__qiskit-2723,eca1fa7707043ae37edb9275dbd0dbd977ef78fe,97,11,86,0.3921229839324951,0.3537033796310425
Qiskit__qiskit-5492,038134ae5a670fc97433fb6b800c776376e186bd,302,3,299,0.31821995973587036,0.6478167772293091
Qiskit__qiskit-10622,53fd7b8389bfd3def11f348e2ff8447feffaf5b1,547,5,542,0.4882984161376953,0.5954149961471558
Qiskit__qiskit-10622,97cd5b31984130baf29c51862dc09a6f90f0999a,1235,7,1228,0.29538875818252563,0.5867109894752502
Qiskit__qiskit-10622,caa5cbc2846c6182a02318e8eb73044d689c25d9,1036,21,1015,0.33204078674316406,0.5417328476905823
Qiskit__qiskit-10622,3db3aa707fd568b023d0015d57b8fe04b5b1954a,2719,2320,399,0.1666262149810791,0.04033569619059563
Qiskit__qiskit-10622,cf4f66e1e67b911031be98f224a5aed290fe38f1,820,11,809,0.4262367784976959,0.5793010592460632
Qiskit__qiskit-10622,caa6cb6f48f9272ec59b5a360fadbe5abb0da880,2318,12,2306,0.20212535560131073,0.5791338086128235
Qiskit__qiskit-10622,e7ee6f893318264f5334f189b624b8a79abe275e,2883,168,2715,0.14720124006271362,0.3721937835216522
Qiskit__qiskit-10622,7da641c2d5fbb4860c76d6604c19e2174014a52b,1486,32,1454,0.26634305715560913,0.5124860405921936
Qiskit__qiskit-8335,b22fef5d0fc6f0720256de1c8e617d37b51d8908,1614,29,1585,0.2704034745693207,0.5107380151748657
Qiskit__qiskit-8335,c4586f2603fb693f625c984cd39b105a23c087b3,763,58,705,0.3555167019367218,0.48050457239151
Qiskit__qiskit-8335,ba66293e3646f2d1284f80d32bcd85843a217e57,1458,71,1387,0.2848179340362549,0.47473636269569397
Qiskit__qiskit-8335,9c5cdfddd4636310e6718f28cd87902c17bb2751,998,48,950,0.3240167200565338,0.4926086664199829
Qiskit__qiskit-4513,7a1cfb6e7adedefcb13a7798ae967755ee54a22e,417,1,416,0.23640158772468567,0.6118281483650208
Qiskit__qiskit-6463,edc364183882921248efa20a7448128ad23675b7,855,1,854,0.2398051619529724,0.6339190006256104
Qiskit__qiskit-609,886099544412367b5f6bfee73fa4a0b401b33c13,61,118,-57,0.2171432375907898,0.2674490213394165
Qiskit__qiskit-609,c4e91147e4a676bdb1bc959115187ebf4efdb279,39,11,28,0.25935521721839905,0.579575777053833
Qiskit__qiskit-609,55ebff50ed8e2bef1d3f6b05d7f3760864158829,41,14,27,0.25823020935058594,0.5688580274581909
Qiskit__qiskit-609,97d50823c94153eb92a3ae7fb012b9679323a585,176,3,173,0.14428994059562683,0.6069391965866089
Qiskit__qiskit-609,657d0eeadbbe2dec7eafab4cf45671224bea9c21,84,4,80,0.19688650965690613,0.6011612415313721
Qiskit__qiskit-609,a0b97f643c40318b01c5ce78672903d579ac0c9d,279,23,256,0.08822544664144516,0.540438711643219
Qiskit__qiskit-435,c51acebdb88a94a28272fbfaeefc50191bab2f3b,163,106,57,0.19493165612220764,0.22374263405799866
Qiskit__qiskit-435,60e9d9aea985db3a3f280c87b3229f7ec8736b26,166,45,121,0.1922898292541504,0.3155045509338379
Qiskit__qiskit-435,ddc0a5cbba1d00dfcccae18fdff5f2cf55086736,12,11,1,0.46532225608825684,0.40403279662132263
Qiskit__qiskit-435,78205378eaac067bb36d68ea7727b68da06264eb,94,49,45,0.2861258387565613,0.3043290078639984
Qiskit__qiskit-435,1b41b4d622493f3b41fbf69a266fc7d69af63a9d,28,28,0,0.4121007025241852,0.3600240647792816
Qiskit__qiskit-435,9dba1f56a7df853d80cd121a3319da52cfb512c8,20,39,-19,0.42999374866485596,0.3303588926792145
Qiskit__qiskit-435,967894387f758d873a82a4dea5458f012acbc99d,186,173,13,0.17768093943595886,0.10519792139530182
Qiskit__qiskit-435,d63f9954bee6a082fa51b3a5036870ef8e209fd3,249,252,-3,0.1250089555978775,-0.08199385553598404
Qiskit__qiskit-435,aef20dfbfecbaa6b317e46e56de6b58bdd059724,264,301,-37,0.10420303046703339,-0.18285387754440308
Qiskit__qiskit-435,4634d812e548df30ec80f1e5212eb75d332dbbca,185,80,105,0.17823083698749542,0.25203263759613037
Qiskit__qiskit-435,98dc55e58957849c0b3ba1b152b33b3269128d12,13,1,12,0.4552735686302185,0.4874316155910492
Qiskit__qiskit-435,46bdba154d5c00e7bb2546a0e9ebf52e0ecfbdcc,111,4,107,0.2578745186328888,0.4515726566314697
Qiskit__qiskit-435,f5281d223543150bfae3a0564bb4ced61563ce93,145,15,130,0.21009641885757446,0.39503389596939087
Qiskit__qiskit-435,ed8621627c1becf6a930b4b6e72fbc01f7eb3568,224,130,94,0.151773601770401,0.18932819366455078
Qiskit__qiskit-435,22c9c0f2cdbb76f89c6b791446ff4eef28b06bae,275,315,-40,0.0945395901799202,-0.22425328195095062
Qiskit__qiskit-435,6b8992d52252c133d7c6c775ee89f63b4e932b6c,55,203,-148,0.3560895025730133,0.01412084698677063
Qiskit__qiskit-435,01b1ebb9fee7dc9dae1deab2f92cd26cf3a55eeb,228,93,135,0.14900067448616028,0.23908184468746185
Qiskit__qiskit-435,622f595e8c5a38562b5c957fa688306097798660,18,280,-262,0.4434596300125122,-0.12776623666286469
Qiskit__qiskit-435,872361fdea9338aa38559cb8573b2fcf9ba3ca5f,25,20,5,0.4170587658882141,0.37887293100357056
Qiskit__qiskit-435,d38715b392652a153dc9231046342b2d8407556b,76,41,35,0.308668851852417,0.32497161626815796
Qiskit__qiskit-435,c403951fc60814e6d17aae5f0a7a4f61b86dd16e,33,17,16,0.39404162764549255,0.38472241163253784
Qiskit__qiskit-435,3388c6707801f8f88bbf951aa62a693df93bf7e5,271,320,-49,0.10066771507263184,-0.24567246437072754
Qiskit__qiskit-435,89d96f912a1d6c05c97cbce86c7818d887412ea9,74,278,-204,0.31540703773498535,-0.12765304744243622
Qiskit__qiskit-435,90b238fd5aa64ed175899ff0f9e948f0d6ee6516,67,54,13,0.32453453540802,0.29212743043899536
Qiskit__qiskit-435,6a6ea3bc8ae64254c360d6f6e7d096b7879c809f,246,154,92,0.12896966934204102,0.14520703256130219
Qiskit__qiskit-435,2d885cfdef3e409bc39826d7adee7841a47f963e,259,12,247,0.11089006811380386,0.4027010202407837
Qiskit__qiskit-435,07b5ee686043072029d362efbe730a0a7eaafe0c,48,9,39,0.3701476454734802,0.4172910153865814
Qiskit__qiskit-435,b26806c97f6ed75c73f8ff4082b0c2f47f92f43c,106,123,-17,0.2642405927181244,0.2048579752445221
Qiskit__qiskit-435,2fe10c061dbc46aeaac31161f0f3ab0db1baa386,89,72,17,0.29605230689048767,0.2718912959098816
Qiskit__qiskit-435,3e3689565a88d9b75ab957de6f3dd7939e688726,236,253,-17,0.14048081636428833,-0.08218765258789062
Qiskit__qiskit-435,adb3f5d811e54dbb3b9f54f95e59fbc20251112c,59,127,-68,0.3471798896789551,0.19925206899642944
Qiskit__qiskit-435,1136091513bf8af437a6da6ebfa61b77fee7fd0b,60,104,-44,0.34619781374931335,0.2254243642091751
Qiskit__qiskit-435,6caf12556cb6861a2e37473fad63cdcc6c83748b,305,318,-13,0.06004786491394043,-0.2418450266122818
Qiskit__qiskit-435,d3da8046825838e40a62a421281f67253740091e,137,87,50,0.2191687673330307,0.24879324436187744
Qiskit__qiskit-435,661e81c1d91b98a6628a67cfa320b4818a85120e,107,172,-65,0.26346254348754883,0.10556963086128235
Qiskit__qiskit-435,e55edace6fa484c0e8339a7d43b70188a9a1c789,49,299,-250,0.369274377822876,-0.1766277253627777
Qiskit__qiskit-435,d07488f333a0ad312487b6329a15cfbec13beed1,43,103,-60,0.38114553689956665,0.2283143699169159
Qiskit__qiskit-435,dcefd6ff9af3788389d1fd6b252e45586fc112ec,39,25,14,0.38822948932647705,0.37138038873672485
Qiskit__qiskit-5014,3494782e618efbf63980720436c1da75fd93f628,651,107,544,0.16794484853744507,0.34385281801223755
Qiskit__qiskit-5458,5e69fa7da6be7ca267146401715da99c51a6edad,357,1,356,0.29719507694244385,0.6358453631401062
Qiskit__qiskit-5506,fbf70eaae4f63128e8bd0befea3ab0dc425d826e,15,300,-285,0.6400281190872192,0.16655206680297852
Qiskit__qiskit-7913,1836d511208897774d8e9e2c0f5da0d77fc70b76,1173,111,1062,0.27454477548599243,0.4062562584877014
Qiskit__qiskit-418,699df09452ac57bcfafdca7c21bb1b00ca4dd878,68,12,56,0.2644649147987366,0.5963979959487915
Qiskit__qiskit-1281,643e7b0d93d6b44be19b31f3132fcbfbf4947e67,167,15,152,0.26535657048225403,0.47961074113845825
Qiskit__qiskit-1281,a3ca4eb457862ba180f7f5278251e12828eea65f,51,5,46,0.3451923429965973,0.5788768529891968
Qiskit__qiskit-1281,20b5b6cd626cd2f55aba546691bf297148d2e337,276,12,264,0.22565752267837524,0.5074277520179749
Qiskit__qiskit-1281,e15de5fbf631968e840d2e629ed845d57f6565f7,185,6,179,0.2562863230705261,0.566592276096344
Qiskit__qiskit-10411,c6c8db35ea65e953aac906d3bb99c39e52e32479,1352,106,1246,0.2671847343444824,0.3989410996437073
Qiskit__qiskit-6619,da8b12195a7a77d8a9d55b19dd53658bdcfdf1df,172,923,-751,0.3555995523929596,0.10492698848247528
Qiskit__qiskit-6619,a1f03b250043218f706cbf6d0c66bcf09a407b59,426,94,332,0.3142955005168915,0.301166296005249
Qiskit__qiskit-6619,b5c479ba69adaf9bdc1c871ea524672d0e7c4436,1081,1079,2,0.23799829185009003,0.07568220794200897
Qiskit__qiskit-6619,29d5e469dcc708014ad5f9a9bb302a20d16ae3ba,908,520,388,0.2570101022720337,0.18517227470874786
Qiskit__qiskit-3848,b6824ca1c5ac5c3003427b90a488023256d756f9,755,7,748,0.2515529990196228,0.7057156562805176
Qiskit__qiskit-3848,dbb72108d11b9a556fe34925329de6df266d8022,1056,72,984,0.2169351577758789,0.5429548025131226
Qiskit__qiskit-7942,13a5dca49c397f12fb377a649c8098478f66a2c3,586,26,560,0.3600045442581177,0.41523221135139465
Qiskit__qiskit-7942,9d07af8b90521f3c2cd7c7136c64093e8f6789e5,728,32,696,0.31684184074401855,0.40517544746398926
Qiskit__qiskit-7942,5bdc6e5b8b21af60f4c508093fbcc7df700c9855,1254,534,720,0.26804929971694946,0.23576383292675018
Qiskit__qiskit-2237,96a9fbf22f3256593d0b988533dab17495a4f094,256,18,238,0.17118196189403534,0.6054251194000244
Qiskit__qiskit-2237,c76f5892d997c96d9bc9a4a055978331cb26c49e,373,34,339,0.12776830792427063,0.5150291323661804
Qiskit__qiskit-2237,2937db0059bf6eaf63b2e778651f00f069e8edeb,546,49,497,0.03921172395348549,0.4332032799720764
Qiskit__qiskit-2237,7e488b4e33645e19bbfa02c9088dee84591adaeb,31,19,12,0.30287015438079834,0.597330629825592
Qiskit__qiskit-2237,5b60d1a08ba9d8a3b049eda59199503a547f42a0,297,33,264,0.16155987977981567,0.5252183675765991
Qiskit__qiskit-2237,272e4105fdda7e93de30317f3a9d70b31ff781de,141,52,89,0.2076694667339325,0.42406874895095825
Qiskit__qiskit-2237,4cff6617a55ef1949a90ade16e00d7b91c4bec76,88,20,68,0.2376793920993805,0.5906647443771362
Qiskit__qiskit-2237,e5a60c3754034c548765c95d028fcf266a713029,217,30,187,0.18337702751159668,0.5510653257369995
Qiskit__qiskit-2931,0324a0f7836179813f02797f2fcd60a62b7737df,610,24,586,0.041473597288131714,0.5090231895446777
Qiskit__qiskit-10355,9f573728572c9cb768473ca52342b6ec946879c3,1438,80,1358,0.24993658065795898,0.5705772042274475
Qiskit__qiskit-7299,503f6220d050077fb88c502da323eb71a677d633,558,965,-407,0.29370585083961487,0.01808794029057026
Qiskit__qiskit-7299,17d8783d3f83f60b9bf318f38a65d93d9c2298cc,725,327,398,0.2643663287162781,0.1683386266231537
Qiskit__qiskit-7299,f95fbf88a7b28033bcffdca3665ecda997b736f0,1320,286,1034,0.19572371244430542,0.1855504959821701
Qiskit__qiskit-7299,2c59f103c3d2dcc872e046d76823b368cbe95355,890,312,578,0.24131152033805847,0.17531569302082062
Qiskit__qiskit-7299,8425182b0c79215984e2d50a6695602645f2dda7,1210,185,1025,0.20537430047988892,0.2348974049091339
Qiskit__qiskit-6738,0de69ec58c22433002c82d449ef770e9d11e00a3,301,4,297,0.4323258399963379,0.6022127866744995
Qiskit__qiskit-8852,34884c8392e5fa52564bf236ac64575fdd9f0b77,532,9,523,0.4117901921272278,0.46808481216430664
Qiskit__qiskit-9368,9dd06040148d0826020be575bfacb68890f4d091,2524,1307,1217,0.20032361149787903,0.16096875071525574
Qiskit__qiskit-9368,c40ae57bb14853d0aced1b01800c14cee2b34814,1895,2270,-375,0.2853569984436035,0.032613225281238556
Qiskit__qiskit-9368,f74d8ca8515395bea9a314b68d7dd67db2c44c68,2717,252,2465,0.157200425863266,0.30659282207489014
Qiskit__qiskit-9368,71c17754bdad7ecbfb71766261b1ce474ec894fc,1613,2595,-982,0.3070186376571655,-0.015129543840885162
Qiskit__qiskit-4054,305afec2023182dd96b53c114b2a5f03318c196d,739,9,730,0.23057805001735687,0.4571903944015503
Qiskit__qiskit-5596,a61bfdee099cbf82186b90a901c77ade2cae7707,491,303,188,0.27810314297676086,0.37441277503967285
Qiskit__qiskit-5596,d25a9301c1a194487b4e6f1062df192258babaca,1234,560,674,0.1554490178823471,0.27683526277542114
Qiskit__qiskit-5596,624f0c57abde429b194421e9d3e95c38d13506cd,819,134,685,0.21489354968070984,0.4220218360424042
Qiskit__qiskit-5596,7e6dc959ce273175038a13b9337b597a1937afc0,830,170,660,0.21369639039039612,0.4068925380706787
Qiskit__qiskit-5596,99f1f738c7086bad390128cd5c0156538580ba30,298,20,278,0.35315555334091187,0.5049156546592712
Qiskit__qiskit-5596,a34ff364f04f12db7997e597e52b19f3ada9c48f,934,128,806,0.1965082585811615,0.42332085967063904
Qiskit__qiskit-5596,f01fced1f4b66b71956acecdf92c26c9d500adaf,595,51,544,0.2523424029350281,0.4725682735443115
Qiskit__qiskit-5596,572f4db6f7ca992c3bdf6ac57db6db2b630e86fa,530,183,347,0.2679477632045746,0.4047975540161133
Qiskit__qiskit-5596,ccd636c57f951ccf4e7348d46bc4c4df1a012942,1066,306,760,0.17736300826072693,0.3730975389480591
Qiskit__qiskit-5596,8afba77cf1ec77d40f7e4299a783067d8f64ff43,550,201,349,0.2611273527145386,0.4006957411766052
Qiskit__qiskit-5596,8ea43685a462cef391d135bf2cd7706d2326840c,335,136,199,0.33143776655197144,0.4210880398750305
Qiskit__qiskit-5596,365e796862ef4f38f47eb7dd7599e7d3edd719f5,327,1,326,0.33394482731819153,0.6406984925270081
Qiskit__qiskit-5596,b59074bbb966b2abb8c0f81731d771fc088c9ad9,714,48,666,0.2311723679304123,0.4735490083694458
Qiskit__qiskit-5596,7b82ca07cd308306f5b886366e774addb2c479ae,320,349,-29,0.33739084005355835,0.3579367995262146
Qiskit__qiskit-5596,7616ddd5d35df3bf9fba754bc41410d40c2f15d9,1095,471,624,0.17325043678283691,0.31518256664276123
Qiskit__qiskit-5596,6f2e03699ef19f1a97503e79bce5b5663bc95d1f,481,43,438,0.2789522409439087,0.4769107699394226
Qiskit__qiskit-5596,41dd90dd7b50736f8bd92953a4f54158d7b8d9be,648,39,609,0.24068622291088104,0.47954490780830383
Qiskit__qiskit-5596,d7295aff3fd8db33df2f03ab6ce470ad5a00fb93,1099,60,1039,0.1726847141981125,0.46407830715179443
Qiskit__qiskit-5596,0ee2bec017bfe8e30583473f8b630ad493a36a3b,1586,229,1357,0.09812143445014954,0.3953861892223358
Qiskit__qiskit-5672,5fa51c6727091bf85a2e6593d19767d0779c5c65,1629,112,1517,0.14393405616283417,0.370079904794693
Qiskit__qiskit-5672,0a8efe7b3bc6e481dc67fbc2759ccec6f6424c78,443,14,429,0.35679322481155396,0.5143510103225708
Qiskit__qiskit-2672,54c47743b26a5db2752870bf40866e346c9dec9a,168,20,148,0.38825494050979614,0.5615032911300659
Qiskit__qiskit-2672,3eb928d4117c9d85cbadf85d494b2754bd4aa37c,321,13,308,0.3102806806564331,0.6026418209075928
Qiskit__qiskit-2672,14bfaad1bcfe5cffa1d327132024bf1820563bd8,550,28,522,0.21749767661094666,0.5421755909919739
Qiskit__qiskit-2672,d822a6d5b0a70f803ab073bcedda81d2f629f98a,358,98,260,0.2946910858154297,0.26939284801483154
Qiskit__qiskit-2672,7653a9048f53aec15d76db72b036037ca34d2947,123,3,120,0.4071294963359833,0.6871322989463806
Qiskit__qiskit-2672,77256c752dbe3e9ad86477da0bb214c46062f9fe,446,23,423,0.26447904109954834,0.555522084236145
Qiskit__qiskit-2672,fbd0fa66f5e60181d3d59a315577c6bdec117750,184,1,183,0.38306987285614014,0.6890527606010437
Qiskit__qiskit-2672,60f2eb5e0b8ae6e836b8e2c47289bdb9f8a7095e,52,4,48,0.45942580699920654,0.6815205216407776
Qiskit__qiskit-2672,ce91fbf78664c81c3016aa92c99d6d3310ab363b,226,5,221,0.35254979133605957,0.6736136674880981
Qiskit__qiskit-2672,ecfb03901ed58d38989fa568552ed2161e35a787,155,2,153,0.39288389682769775,0.688668429851532
Qiskit__qiskit-2672,d4f2792bd15c5be5b1291898d7bac182868e42c1,132,27,105,0.4029727876186371,0.5478289127349854
Qiskit__qiskit-2672,38776c3e628fb4fa238fe4f7201f3af52af17c74,31,7,24,0.4866521656513214,0.6523589491844177
Qiskit__qiskit-713,1cef82eb0a70fb8e07ce510e69b9f69f237061f0,89,304,-215,0.2943764925003052,0.010894520208239555
Qiskit__qiskit-713,ae4a769b2d8b2711bd2354dbdd44bae58986f314,36,196,-160,0.34946101903915405,0.17154499888420105
Qiskit__qiskit-713,4533a2abee904dae1df37ce769f170f78df19a8a,139,154,-15,0.2716974914073944,0.2237275093793869
Qiskit__qiskit-713,a2c9eed7ac18643d89d1d10d24b1db06091a1a74,97,141,-44,0.2903139591217041,0.24083054065704346
Qiskit__qiskit-10545,c56cd820262c9d835168d07d7ae4ea98924aa7eb,2846,164,2682,0.15757769346237183,0.3233240842819214
Qiskit__qiskit-10545,c80aa0296778e3c27ffc285122a1521c4dca7a67,2857,1121,1736,0.1554017812013626,0.1055336594581604
Qiskit__qiskit-10545,8a44950d43677f9310b12a098d145374dc17befe,2559,99,2460,0.18314912915229797,0.3538644313812256
Qiskit__qiskit-10545,b0790f1026f297c9dfb38ec7c45e0b6265244d9e,1286,130,1156,0.29013121128082275,0.3328043818473816
Qiskit__qiskit-10545,62880e3eeec997e6edd6f247c19c58e2e6d2db42,1518,115,1403,0.2593371272087097,0.3432356119155884
Qiskit__qiskit-10545,81ca9af75eee95f0957803da421b25244f739b7f,2994,17,2977,0.13658933341503143,0.4271584153175354
Qiskit__qiskit-4787,5768ad7b3cc0a2b203f0431110adf134ec130a81,523,5,518,0.26913246512413025,0.4256044626235962
Qiskit__qiskit-2061,6c4c76b61d078747e950a4c53c3617b7b2205113,44,2,42,0.4338501989841461,0.7515741586685181
Qiskit__qiskit-3174,50c280ff3c103538e56dd504e1601dc8bf46de75,39,2,37,0.44105756282806396,0.6364989280700684
Qiskit__qiskit-9597,77381747d86d5a5252a2521697b6c38ce004c33e,945,14,931,0.30632907152175903,0.4654119908809662
Qiskit__qiskit-9597,dec2b0aec9f45d1ad65bfceda3d42d09d57a9043,1021,145,876,0.29397469758987427,0.3610214591026306
Qiskit__qiskit-9597,78b8598f60553abefbc6f47a73c223f1048b5654,779,355,424,0.36503875255584717,0.3020584285259247
Qiskit__qiskit-5192,3039e08490e4050cb237ed9b1b7da80b8dfe0290,221,198,23,0.38491883873939514,0.39379382133483887
Qiskit__qiskit-5192,78d3395c219ba69b346203102df4dd9378fa059e,642,166,476,0.30707627534866333,0.4656059741973877
Qiskit__qiskit-5192,4522109037772e03801c29c1c7a81a023bb6374f,855,268,587,0.2812287211418152,0.2829245328903198
Qiskit__qiskit-5192,57c358b2837429041ab3d0b62355b7b945ef1197,720,118,602,0.29499274492263794,0.565390408039093
Qiskit__qiskit-2167,d5f34b5527da62ada83ae87ffa330d79507e74db,357,33,324,0.22487512230873108,0.6029130816459656
Qiskit__qiskit-2167,44a29e781cf5e83907efb5ed4ad09c9904780d50,280,12,268,0.2547260522842407,0.6665045022964478
Qiskit__qiskit-2167,4b16c97bee3d13e24f611de25c54f8e3de30f0ac,103,3,100,0.32092195749282837,0.7073603868484497
Qiskit__qiskit-2167,a68b7726b33e7b57dc30e52f2fc8955b120dc1fc,462,20,442,0.18642309308052063,0.6424394845962524
Qiskit__qiskit-2167,8b4aa52fc84492f4d5641ef49111b8a667e4c6f1,67,19,48,0.33369094133377075,0.6436429023742676
Qiskit__qiskit-2167,c62a93969297f406436ae047087dc3bbb02a45f4,56,1,55,0.336744487285614,0.7326388359069824
Qiskit__qiskit-2167,4cf7f7652d5bd710dcf6c90e91389a530264f776,204,35,169,0.27818480134010315,0.5922521352767944
Qiskit__qiskit-2167,b8f9cf904eaa703e74c5303461e3620550350a83,487,10,477,0.17313025891780853,0.6673504710197449
Qiskit__qiskit-2167,d866f9ce3fec60b903770c57e2562114712af431,406,4,402,0.207352876663208,0.6977903842926025
Qiskit__qiskit-2167,5aa890b716ab1ab92027413b80e55fd557e60a52,135,31,104,0.30914953351020813,0.6098107099533081
Qiskit__qiskit-2167,9833931b4db6e756eafd3955d418c2b88941a26d,87,27,60,0.3246266543865204,0.6179757118225098
Qiskit__qiskit-2167,c23aff0239e47466cebf8f6cb9ad33c02723787d,237,38,199,0.2674022316932678,0.5656824111938477
Qiskit__qiskit-2167,66178a02db0459497b0d87e4ee3ce0144c9ad23c,39,76,-37,0.3520479202270508,0.37840163707733154
Qiskit__qiskit-2167,ea2ecc4741906cd60494136d8157956c7d0f29bb,52,7,45,0.34029421210289,0.6769722104072571
Qiskit__qiskit-2167,5600e5662f5b76f68670201f24a4c8dfd0cb820d,510,6,504,0.15470315515995026,0.6865057945251465
Qiskit__qiskit-2167,4d8656bc8e98f6ab5522176f50a4d8c6e5051606,104,25,79,0.32077980041503906,0.6265720129013062
Qiskit__qiskit-2167,798fa44ae78e2518fb12fa162350b329383bfae8,504,26,478,0.1632290780544281,0.6182972192764282
Qiskit__qiskit-2167,dbadfe5047dbc540531d6b8aad10afd47ef517e0,447,42,405,0.19181029498577118,0.5170243978500366
Qiskit__qiskit-2325,fb77906ac2ace5d305b2b1d938b561eccfd8d50c,25,28,-3,0.32674887776374817,0.4160478711128235
Qiskit__qiskit-2325,bbecd0c86304b4eb37ee59cd39d3dc9680cad114,376,45,331,0.1553502082824707,0.39175400137901306
Qiskit__qiskit-2325,1d5774dfa4c2c0b78080b5a8732b9ccd2c8132bd,152,2,150,0.23830264806747437,0.5366507172584534
Qiskit__qiskit-2325,7b6c07a7a87382f5a60b707ef52c84a0caa5b141,388,15,373,0.14937251806259155,0.4429512023925781
Qiskit__qiskit-5676,52b10f14cb8337c8f0c87b816b8f8d61286284d8,533,6,527,0.2573997378349304,0.5769973397254944
Qiskit__qiskit-1080,1bb753eaab31f98d1561fa5bc6c7d855f847f106,82,1,81,0.3095873296260834,0.7585563659667969
Qiskit__qiskit-5597,ce9e82090bbc4b62190988bc7fb572119fcbdd59,1371,348,1023,0.2086120843887329,0.3211327791213989
Qiskit__qiskit-5597,87c3d24ca448d7910096eef303246b67431b06e7,843,51,792,0.2695308327674866,0.4322977066040039
Qiskit__qiskit-5597,0a640d8e194a7fca677a326fc44e2d49fdab9b2e,1296,573,723,0.21740499138832092,0.2650426924228668
Qiskit__qiskit-1718,6fbb170a3ceaa532c11bafb00f893e032d2d4b95,185,2,183,0.18208569288253784,0.7892708778381348
Qiskit__qiskit-3051,a4d30efc6e1038cc25cf5d3e490332091b7969a3,322,2,320,0.2127343714237213,0.6635627746582031
Qiskit__qiskit-3051,f4ab91221df20a1fd0a68212f28414453073d621,203,1,202,0.2733796536922455,0.6703042984008789
Qiskit__qiskit-3051,a9e6a47d49fed813dd17043205853cf700f9298b,117,6,111,0.3276851177215576,0.5894401669502258
Qiskit__qiskit-3051,9edc9ede5db2c7cb282d746f6c6b4acc6393dbc5,131,20,111,0.3185081481933594,0.48878660798072815
Qiskit__qiskit-3051,64b97e81b80336a45d632fd5e39cbf48036813f5,547,22,525,0.13723191618919373,0.4700591564178467
Qiskit__qiskit-3051,08a74c2a8317282af13ec258417038bae56cf804,118,10,108,0.326987624168396,0.5687699317932129
Qiskit__qiskit-2725,5d93fef6e1ee9576fe727b2b5a32dbd618a52619,11,2,9,0.4089597761631012,0.5748964548110962
Qiskit__qiskit-2725,0aff931130b2fcb6b3684c168b8977a553c79a4e,118,4,114,0.2922259569168091,0.5722340941429138
Qiskit__qiskit-1053,879fb8444bd814437f9741d4cd335ca22e69ebd3,30,1,29,0.35683104395866394,0.763822078704834
Qiskit__qiskit-9941,a340aee45d8d13e1f9b38762d468788e476ff090,52,2,50,0.4394684433937073,0.7519202828407288
Qiskit__qiskit-9941,69bc9707d318d37dbbe6f71c39c4e5dbc5dcb5ab,1431,45,1386,0.30702975392341614,0.635329008102417
Qiskit__qiskit-7933,a54df2d448ced90e837910c6f12251214a7000a2,122,1,121,0.43954479694366455,0.5833752155303955
Qiskit__qiskit-7711,6f6e2fbefc6ed855dbbddc935a8d55aba869b33b,1573,1,1572,0.20834241807460785,0.4575589895248413
Qiskit__qiskit-808,19db41cf3b4132059c22f61ac37a2132960e2bc7,147,1,146,0.30413275957107544,0.6686631441116333
Qiskit__qiskit-10383,3778075e27a2a652aa6910a9c04037bca1f96ff3,1054,5,1049,0.3319963216781616,0.6033462285995483
Qiskit__qiskit-8370,55014ce37a9d820b525430a492f138204a34012a,819,62,757,0.3865673542022705,0.4693235456943512
Qiskit__qiskit-8370,1299b7381266c3a6fdef5f72a8be0e949e1cae0b,1455,36,1419,0.3137878179550171,0.491920530796051
Qiskit__qiskit-8370,a1006d7dc7816a5b42369cc7dc407a5229d1be36,561,72,489,0.41788578033447266,0.4615629315376282
Qiskit__qiskit-8370,93139df849d3b37fefa7dd34486226771872ec24,1060,96,964,0.3545990586280823,0.44656410813331604
Qiskit__qiskit-8370,f45f30606d41a6f35b21a77181cb3e3ab83404e7,1079,122,957,0.353170245885849,0.4303063154220581
Qiskit__qiskit-8370,cacb7174a388c5d9f7b612346822897d4792a5b2,946,93,853,0.36947643756866455,0.4476333260536194
Qiskit__qiskit-8370,a2804cb1ca27365c69fefadcac002f3d42ca0bd3,857,11,846,0.3814258277416229,0.5326013565063477
Qiskit__qiskit-8370,5c27b15e8faf445b1c698bddd60d5b9ef5e0915b,1170,75,1095,0.34243834018707275,0.4591565728187561
Qiskit__qiskit-8370,c10b3206959572d739489f8455f24c8519299f3f,2100,1226,874,0.23104114830493927,0.08407952636480331
Qiskit__qiskit-8370,67015fa055743bf375d61428e4d9e5c784726d2b,1887,203,1684,0.2625036835670471,0.4052852392196655
Qiskit__qiskit-8370,c367f6b902c3bc0f7e03532f60475ef3281d0757,417,18,399,0.44032418727874756,0.5119187831878662
Qiskit__qiskit-8370,491f173984bfd466e79a9f7eb32fe0aaa5c8335c,772,99,673,0.39277535676956177,0.44448918104171753
Qiskit__qiskit-8370,893f05d35299b1297618ec198ffb242427aa900c,1022,65,957,0.3589000701904297,0.4680987000465393
Qiskit__qiskit-8370,a20708211a5e8c282d909bfaa0111e03750d244a,348,22,326,0.45821061730384827,0.5021488070487976
Qiskit__qiskit-8370,c78414223a937c6522ff658721f39284fd14638f,991,10,981,0.36369213461875916,0.5354543328285217
Qiskit__qiskit-8370,b433aeff43f55414a6ecd0d34da44970dfbdbf8e,1544,55,1489,0.30424433946609497,0.4737725853919983
Qiskit__qiskit-8370,db2710a37cbde296db895f12fafb9bd851590af3,591,17,574,0.41473039984703064,0.5147155523300171
Qiskit__qiskit-8370,7897e6ebb99818d3f4b25cc51fd362968baa1b02,824,8,816,0.3861211836338043,0.5563490390777588
Qiskit__qiskit-8370,e2501ca79c79179bd1a7765e860a1184c9e3e3a7,922,39,883,0.3725375533103943,0.4868103861808777
Qiskit__qiskit-8370,4729f3b5b3405047129e7c5e0e483adcfdfa70ec,461,13,448,0.4304826855659485,0.5233185887336731
Qiskit__qiskit-8370,217b1d0b6fa4e25c6426ac8ef98512304096e6c3,927,215,712,0.37171268463134766,0.40195971727371216
Qiskit__qiskit-8370,956887351a56a7b3b83f9a4c37f2af337894ab6c,1067,213,854,0.3542477488517761,0.40251123905181885
Qiskit__qiskit-8370,c3d050bee5e2f2e4822bae3af967f0bbb68f5b76,151,16,135,0.5148488879203796,0.5189071893692017
Qiskit__qiskit-8370,a5e8d5ce7348c7a3c79d036d64004eb9e5e0e200,1461,28,1433,0.31364068388938904,0.4976651072502136
Qiskit__qiskit-8370,35cf34742bd8ef4930e5f1b5428f0d490984a6c6,1075,583,492,0.35379570722579956,0.2726205885410309
Qiskit__qiskit-2869,df96833d6c43aeeebd391bc5d116d12a413e1c8e,453,43,410,0.1296459138393402,0.5361124277114868
Qiskit__qiskit-2869,7b88489219d1e99e7ab7d54ba64e58d0323e8c80,460,15,445,0.12879329919815063,0.6628556847572327
Qiskit__qiskit-2869,5e7d41c869f8b9f2efaecb546f5161ee2beea5ec,569,10,559,0.08976852893829346,0.6720419526100159
Qiskit__qiskit-4945,33c1c7dec0f6eef73bfa60383db10c6ca05b3bf5,1000,77,923,0.17611047625541687,0.34000736474990845
Qiskit__qiskit-4945,1c3883c65757465dd1c2b7b637a3ff8ef969badf,418,50,368,0.28538787364959717,0.3691137135028839
Qiskit__qiskit-4945,8c77ce208385a58a666283aa525bd18eda2004df,332,177,155,0.30721309781074524,0.2740090787410736
Qiskit__qiskit-4945,3f162061e7d88310c7af5db661452c7c6147d9cf,441,170,271,0.2809603810310364,0.2793271541595459
Qiskit__qiskit-4945,05e8a3f7a929813dbb090b4503b073f92a3171da,228,51,177,0.37155818939208984,0.3659532964229584
Qiskit__qiskit-4945,0918bfeaecdad56e6375a7c4670c83404ae6e34b,1129,44,1085,0.13137277960777283,0.3763904571533203
Qiskit__qiskit-4945,9bbb007276ddc5711c25e0cff06e66638e8ddeae,277,42,235,0.3312126100063324,0.38507241010665894
Qiskit__qiskit-4945,4d4b86d547b332e10f7c9bea98730c048d061799,685,73,612,0.2310815453529358,0.3440204858779907
Qiskit__qiskit-4945,1f901a88e40e18b9199cf89fe5a74e8a076b0744,504,115,389,0.26621517539024353,0.3095588684082031
Qiskit__qiskit-4945,55213072987fa961d2e209c3800732077617afbb,442,78,364,0.28054937720298767,0.33961012959480286
Qiskit__qiskit-4945,6ceeba9d8eb2663e99ab228da060057b95f9f6eb,222,48,174,0.3787665367126465,0.372223436832428
Qiskit__qiskit-4945,3bf6364b525c280fbe82ceed0a72a970e39fff43,241,65,176,0.3571338653564453,0.34982869029045105
Qiskit__qiskit-4945,f1f26b3457067b4298f4e82ec0d11d3407a067f3,1055,474,581,0.16055861115455627,0.12549765408039093
Qiskit__qiskit-4945,83b1127d911afc944a1d799e87675f8e9db476f0,394,381,13,0.2904636263847351,0.17351990938186646
Qiskit__qiskit-4945,f707c6739dae4cd8d9569f54bb93dba89cc51996,448,83,365,0.2786535322666168,0.3358997106552124
Qiskit__qiskit-4945,a1a45767941b290ac016454f1d7c5e930d368f7a,212,4,208,0.39475899934768677,0.5081936120986938
Qiskit__qiskit-4945,46613269f3d9235fbcbcfed20da61d2018d24bb0,576,190,386,0.2527552843093872,0.2658182382583618
Qiskit__qiskit-4945,e1953ef8ef39f2b7e7d483c54cea4fa27522a4f7,1068,196,872,0.15755891799926758,0.2638947367668152
Qiskit__qiskit-4945,ac3abb5d6f26980f339d6a4dc83346588c034200,609,355,254,0.2464258074760437,0.18778248131275177
Qiskit__qiskit-4945,8f0c6283d2c9e879383eaf31593efcee75b6eaaf,385,179,206,0.29511889815330505,0.2732861042022705
Qiskit__qiskit-4945,666d8838b9d7f657fbd32aae768a676c3ae38241,279,30,249,0.33077624440193176,0.398918479681015
Qiskit__qiskit-4945,3e4d1c7771d08f4473b6ea8a435fe362619c1d08,237,25,212,0.36056315898895264,0.40556252002716064
Qiskit__qiskit-4945,84fe4f8a5c668431a950ca903d452e4bc5bf988f,1044,104,940,0.16407066583633423,0.3181491196155548
Qiskit__qiskit-4945,1ae5525db0e42365558c7a79e23f9d193f0ef5c5,1141,100,1041,0.12648600339889526,0.3206554055213928
Qiskit__qiskit-4945,b76db3e27fb4635f52dc965e55360b8351a3c7c4,605,31,574,0.24662598967552185,0.3983666002750397
Qiskit__qiskit-4945,c1596000555cb6daa895c20be817c32bdcba1a4c,839,18,821,0.20217041671276093,0.43611830472946167
Qiskit__qiskit-5035,c07fcd1f6a2030f92761153bdf29fd98cc560521,460,1,459,0.3309599757194519,0.7885175943374634
Qiskit__qiskit-5074,e4a0fb22235f2726023bf5c42d951c59cbf4ba31,331,1,330,0.3494771718978882,0.7903348207473755
Qiskit__qiskit-3441,c2a3c3ddd91697d4c7283dcd292150a78b2fa124,171,3,168,0.24985280632972717,0.5625952482223511
Qiskit__qiskit-3441,0775197cb8dc5d90e2e3581dbfa6e6326d0763de,522,2,520,0.16858354210853577,0.5851690173149109
Qiskit__qiskit-3441,c6b3c18591e76fa4f79368cdabd6af641c455e92,154,4,150,0.25521883368492126,0.5267530679702759
Qiskit__qiskit-5039,73ee2ef8531de75a1cad0058cfade27b3af3e718,236,2,234,0.33653968572616577,0.6228145956993103
Qiskit__qiskit-2836,157dd5c925027e22a078a9223ddceecfa7a94b59,221,1,220,0.2752147912979126,0.6716416478157043
Qiskit__qiskit-7733,f91faa7013fb112326c0ac21e27b83898ceb3076,1602,496,1106,0.21498903632164001,0.3278937339782715
Qiskit__qiskit-7733,35c8201af262b10de82ffe9600435f61978bd64f,853,8,845,0.28933459520339966,0.6007987856864929
Qiskit__qiskit-7733,5a4ad0f9628c0b4d1ed61e627df4326902876efd,863,16,847,0.28791937232017517,0.5754152536392212
Qiskit__qiskit-1668,e8f409af8e4977febe9c5b7d463dfe6b314928ea,313,23,290,0.10846394300460815,0.40501075983047485
Qiskit__qiskit-1668,f741a75eacd8ca66ccc4d552a6f9f9f185ae93d2,298,79,219,0.11197373270988464,0.266649067401886
Qiskit__qiskit-1668,ebb4ec3c1220648ce9a085dae059a3831acd7d1c,326,47,279,0.10379446297883987,0.33560144901275635
Qiskit__qiskit-1668,6769d33739f4196e4a0df4900f2cf51ead9a3e35,63,138,-75,0.24557767808437347,0.1828157752752304
Qiskit__qiskit-1668,1e40404f9431ca73ca4e40daacce4f6a37bb3cc4,400,94,306,0.06353151798248291,0.24646086990833282
Qiskit__qiskit-1668,7990081df5e7d6d48c4bda1bf282030fc3a70061,412,119,293,0.04962097480893135,0.21693499386310577
Qiskit__qiskit-1668,fb9c67b859d01a4f89e169d0e8b2baeb503a3b9b,374,78,296,0.07924826443195343,0.26745089888572693
Qiskit__qiskit-1668,60c7ef9d6009d058c285f46f18c0fed4c9ec540a,340,55,285,0.09837733954191208,0.31795060634613037
Qiskit__qiskit-1668,9bf2367ce0eded8ba9de7db19b13c4477c219e52,47,37,10,0.2715302109718323,0.3535524010658264
Qiskit__qiskit-1668,194c8d6c27e4382c5642bdaad54cb56d1ae28fe1,382,39,343,0.07660528272390366,0.345593124628067
Qiskit__qiskit-1668,32d65fb4df3a93f7ca032f8f46b0e6c7b418bde0,370,67,303,0.08358869701623917,0.2933025360107422
Qiskit__qiskit-1668,dbb60d7688a4687cd81ced7790fb5e23d6598023,48,7,41,0.2710331082344055,0.4652688503265381
Qiskit__qiskit-1668,4facacccbcedef9423e4f9d051db4d5f20bf82cb,145,238,-93,0.18478311598300934,0.0534854456782341
Qiskit__qiskit-1668,2769686c0433f4ffcddf3a528d23f0406f5dd201,375,98,277,0.07862135767936707,0.2408044934272766
Qiskit__qiskit-1668,a046235b914646c6941045b7db4c3452c4bdf054,344,72,272,0.09719899296760559,0.2784491777420044
Qiskit__qiskit-1668,aab3070d19da8f031c831ce7cf19fcd9310a8d44,335,66,269,0.09949266910552979,0.2951123118400574
Qiskit__qiskit-1668,80bacd592b32c4524d1698237039b80b0fbe1e1d,211,26,185,0.1438310146331787,0.39911597967147827
Qiskit__qiskit-1668,5b278f07672d8176ed866bb20fa3cf61ef8ab8dc,336,35,301,0.0994400680065155,0.3629898428916931
Qiskit__qiskit-1668,3f79385439b71f93fd7f3a1e76e1877ca580fa0c,231,77,154,0.13772329688072205,0.26804548501968384
Qiskit__qiskit-1668,c9fb771f05f886d60b94f9735a4ec73fbea9e0f1,349,82,267,0.09449262171983719,0.26360780000686646
Qiskit__qiskit-1668,0fc2e1792e08cc36f11209a2ab67f0e4ebabc768,297,112,185,0.1121748685836792,0.22675693035125732
Qiskit__qiskit-1668,ca24e6bf2617e80a2b895e73bd9a1fc902efaf9a,283,24,259,0.11926731467247009,0.40497612953186035
Qiskit__qiskit-1668,e3ffea68ece6984d4dd4e65dbe2ddfaec0d05011,268,30,238,0.1238112822175026,0.3796687722206116
Qiskit__qiskit-1668,780418fee96002182e5598ece791f9bb42bf8c23,263,13,250,0.12525177001953125,0.44404441118240356
Qiskit__qiskit-1668,12f5c34f860fdbfe5353b52292d983c9a6d77940,273,100,173,0.12186127156019211,0.24008971452713013
Qiskit__qiskit-1668,2f532e5fa66fd8056e79208edbf5eca7c2d36e52,104,63,41,0.2048826515674591,0.3035922348499298
Qiskit__qiskit-1668,d72e83bb0f1c6e33a250adc9e3aa3a19d48dae7a,38,29,9,0.2835291028022766,0.39145293831825256
Qiskit__qiskit-1668,f2c9f72a574640a261a99bda3ba718b71b8313b2,254,111,143,0.13043102622032166,0.22842887043952942
Qiskit__qiskit-1668,90c53b5d6389d1ca511812c7ef74e3a82a2c4337,194,6,188,0.1529325544834137,0.4815116226673126
Qiskit__qiskit-1668,1a119253d758a59ad59a96556df123e1e89341f7,265,22,243,0.12435584515333176,0.4067037105560303
Qiskit__qiskit-4276,7a38570225f3be0c894824948a25c4a0f08493be,237,5,232,0.2698783874511719,0.3404962420463562
Qiskit__qiskit-4276,2b8a8cd99f0b77bbc34bdf927cb2c2e9674a9809,623,16,607,0.18463924527168274,0.31822463870048523
Qiskit__qiskit-4276,f1738a6c476ee0ca48bb01d081651411f83d46d4,451,821,-370,0.21510885655879974,-0.07135537266731262
Qiskit__qiskit-4276,43352648c8726f547e6609f089b6d31656cfcfea,290,152,138,0.24840988218784332,0.2147815227508545
Qiskit__qiskit-4276,665c33c28ad7acdd02a2049f9925064f7cbd8047,279,497,-218,0.25269854068756104,0.07625828683376312
Qiskit__qiskit-4276,c4e0d912172b5686ce2e6d3f2962b60f255a3dc4,677,382,295,0.16938382387161255,0.12464100122451782
Qiskit__qiskit-1210,244921578adb127e27ed759e6f72700b379106b8,439,222,217,0.09254293143749237,0.033863186836242676
Qiskit__qiskit-1210,12ef28a35b487235c77d59e109c04c25399ffa44,16,17,-1,0.40144026279449463,0.3626296818256378
Qiskit__qiskit-1210,3a3c15e076999a95465cd9d365e231aa888577c1,49,536,-487,0.33972668647766113,-0.2017831802368164
Qiskit__qiskit-1210,bb07bc2ff3a8e42b341599955a1941f30ba915e3,474,237,237,0.07031437754631042,0.02100279927253723
Qiskit__qiskit-1210,48d988dccaf93027536ebbc918f31c2eead91104,256,21,235,0.18983194231987,0.3141455352306366
Qiskit__qiskit-1210,1253962caa8822d62b2267f5ca3b96fc73a1db13,457,65,392,0.0835362896323204,0.11844046413898468
Qiskit__qiskit-1210,bab02eae2bde8bf0ce627a8d807333bae0638c0e,475,216,259,0.06918022036552429,0.03811969608068466
Qiskit__qiskit-1210,9983a40395984e0e34a7ad4d747c7e9234c7a58b,464,389,75,0.07790223509073257,-0.07748737931251526
Qiskit__qiskit-1210,a340f4ecb517786a12d2c43200862b67e6ba64cb,451,240,211,0.08478952944278717,0.01819285750389099
Qiskit__qiskit-1210,0d6f71ad8cd0cd1190d38560cc96fb7d47e9bcbd,90,1,89,0.2976101040840149,0.6368042230606079
Qiskit__qiskit-1210,bb13dfe3e6cb0539dde2e34d5b9fbbe724f3f937,285,256,29,0.1706686168909073,0.007328106090426445
Qiskit__qiskit-1210,34f2f84ee3621d9ee2f28f0d88db45da644be845,379,13,366,0.12390615046024323,0.3781569302082062
Qiskit__qiskit-1210,6975cf662c540b2c07f98cb0950a9a798c5aa639,121,42,79,0.27735981345176697,0.18669970333576202
Qiskit__qiskit-1210,fbe7a4296519f5816a5e50ec7bdc8f24d4a64639,7,6,1,0.43536198139190674,0.5064305067062378
Qiskit__qiskit-1210,b9dd06bff1618a1e27d3617d97e4773da55c88f4,497,155,342,0.026695843786001205,0.0733637809753418
Qiskit__qiskit-1210,3d196dbfdc9bc48b5e1c1c5ecdcdc03118e5f0b7,196,23,173,0.23744356632232666,0.2951281666755676
Qiskit__qiskit-1210,dd5bac862470002e93f38f45d020067d125fda42,28,18,10,0.3598119616508484,0.35474759340286255
Qiskit__qiskit-1210,3de9bacb21edb0bc12543ba44e7d1ec5c2076205,186,7,179,0.24646678566932678,0.45339855551719666
Qiskit__qiskit-1210,73e36f19af5400da10064b1402351a22233fd402,472,143,329,0.07134169340133667,0.0773884505033493
Qiskit__qiskit-1210,4e5fc64969c3646c38a1329fdfe5cd33bd3d7681,370,287,83,0.12689737975597382,-0.011818017810583115
Qiskit__qiskit-1210,3189df1488e5df5382ca33e7139552d2890c8850,461,281,180,0.08065573126077652,-0.009042702615261078
Qiskit__qiskit-1210,07fad7a513b55c1afe7ee7b1425777cc3ec2540b,335,36,299,0.14262187480926514,0.20966550707817078
Qiskit__qiskit-1210,78ba18dac50d2d04212a28f930b6e13e4804629b,481,301,180,0.06485053896903992,-0.02051657810807228
Qiskit__qiskit-1210,8a35bd8fa9870b0e30e859dd88610d187823aad9,13,27,-14,0.4177461564540863,0.2753930985927582
Qiskit__qiskit-1210,ea47c9f87aad7b258a87449947b0c52a3c8ee4a2,463,110,353,0.07821333408355713,0.09609480202198029
Qiskit__qiskit-1210,dd94481b55e739f636f94d80848d5ac6160f81b0,462,510,-48,0.08027876168489456,-0.15996885299682617
Qiskit__qiskit-1210,61b0d6bf74a86757dc62e4c3b8aee879f669797e,433,271,162,0.09728319942951202,-0.0017815467435866594
Qiskit__qiskit-1210,3f5d91130410bbeb50cd73a6707232831d9718c7,40,3,37,0.34631919860839844,0.5456748008728027
Qiskit__qiskit-1210,1e96ad42a507361e8e1fb87e960350ee8d651e77,70,2,68,0.3176957964897156,0.610383927822113
Qiskit__qiskit-1210,565305b2c53282ef6a89b4a0dfa00d09b29ada09,350,4,346,0.1350984275341034,0.5375142097473145
Qiskit__qiskit-1210,47a8e40668d2113328f7ac0eb23a842ca37c1131,364,226,138,0.1282624900341034,0.029879720881581306
Qiskit__qiskit-1210,e4fdf7d4e263f57726995d162b4ce133fe3e39da,431,14,417,0.09810822457075119,0.37715572118759155
Qiskit__qiskit-1210,f0ad0ff17d4ee389bfe514e9a93b3cfff05753e0,498,295,203,0.022742636501789093,-0.01891336403787136
Qiskit__qiskit-1210,16602d302fc9ca70e360c61e1a8aa7165500240c,417,526,-109,0.10834289342164993,-0.1860310286283493
Qiskit__qiskit-1210,302ae8afc06cef712386bd6a262fbc1df8169182,490,268,222,0.04950512945652008,-0.0004850272089242935
Qiskit__qiskit-1210,5388b076b363772880a3c0605f84457baf7491af,473,384,89,0.07132077217102051,-0.07443492114543915
Qiskit__qiskit-1210,09c7c3770ff70f1de7b1a2dbb8845adbd22995a3,435,378,57,0.09622561931610107,-0.07159312069416046
Qiskit__qiskit-1210,ebad2c88729538238b718ea8da18d4400d2ceb72,502,298,204,0.012145483866333961,-0.01958835870027542
Qiskit__qiskit-1210,8410cf922aa97258382b8406663ef845556d07ed,493,253,240,0.04292215406894684,0.008711203932762146
Qiskit__qiskit-1210,d9a64009aa3cf8fa5886294ca6da45bd96d10694,35,89,-54,0.34972280263900757,0.10412678122520447
Qiskit__qiskit-1210,6c02608065e69d3309fa56da3c6f1cad8380173a,415,156,259,0.10903272777795792,0.0728316456079483
Qiskit__qiskit-1210,fd35f47760ecb9e67ace9aecc0095e229635066c,62,33,29,0.32771384716033936,0.2277211993932724
Qiskit__qiskit-1210,c4a3fb27e5d4c44f36c24f1b9e76bd9d82e521e4,452,355,97,0.08471548557281494,-0.062286943197250366
Qiskit__qiskit-1210,3ea3a8000eed46158025db95ee8b511540590a2c,500,272,228,0.015656646341085434,-0.00232008658349514
Qiskit__qiskit-1210,82afa881758ad7a9c4f4adb34a2dd3b3f4953779,1,260,-259,0.5092647075653076,0.0049922531470656395
Qiskit__qiskit-1210,850fa189428dfdeb41253e0170f6afa0b57389b3,483,39,444,0.06398977339267731,0.2004217654466629
Qiskit__qiskit-1210,0ebd9c530e5e1a3390bfdd6270b0c61f898aa98f,470,234,236,0.07258103787899017,0.024100130423903465
Qiskit__qiskit-1210,4fe0f1f303bd0076167b6f4635e446875fa7f696,286,8,278,0.1704530119895935,0.4362229108810425
Qiskit__qiskit-1210,4873b3d51e9e71d3164de62cad00ca13036df92e,460,204,256,0.08142368495464325,0.04821919649839401
Qiskit__qiskit-6235,0051f529f2f4edca934822bbf8a03b41f77a74d6,1395,3,1392,0.23996978998184204,0.6498454809188843
Qiskit__qiskit-6909,b0d233f246e7ad8378dc9739a1de5e9e649576c7,385,1,384,0.40780946612358093,0.7628085017204285
Qiskit__qiskit-6909,34e6819600dd96dde0b2796ac86f7f9b5a48c9d0,483,13,470,0.3935210108757019,0.6351315975189209
Qiskit__qiskit-4633,8994e012da48479fe86e13c3b9497ad5e3dbc23f,37,6,31,0.4185556173324585,0.4468284249305725
Qiskit__qiskit-2473,6fdddbee6b513c3d260960d153083fedb9dd2fd9,30,5,25,0.46383196115493774,0.27656975388526917
Qiskit__qiskit-2473,528229a98ff8aea488bd2a20133059d4ce5d875f,159,21,138,0.37078049778938293,0.22599326074123383
Qiskit__qiskit-890,dd11f471ff4831d2a7a1f9742d7df579694f41d6,216,22,194,0.15163767337799072,0.32745158672332764
Qiskit__qiskit-890,6f3b52307d22d5d32cfd52c6a91e4ef53ab25e39,95,102,-7,0.2048768401145935,0.2330840826034546
Qiskit__qiskit-2387,ceb7d017e5033805700b19a377ff3aef8747a694,391,1,390,0.133533775806427,0.5368301272392273
Qiskit__qiskit-5755,3c2340983196485f1e5a6ed8a8a9b53a8f86849e,89,1,88,0.46781644225120544,0.724824845790863
Qiskit__qiskit-2652,1fe629cf1a799543397307ed779a4925adf8cac6,40,3,37,0.39991870522499084,0.5989179611206055
Qiskit__qiskit-4887,029f5de9700b66caa93e7fe952219069ef1ff25c,49,1,48,0.46117258071899414,0.6132274866104126
Qiskit__qiskit-9404,3ff574f00b50bc851c997090273e103e025df869,860,148,712,0.3380964994430542,0.4298005998134613
Qiskit__qiskit-3577,f8d2717c7a26e780f63c06f7d913c5b2dc12616d,132,11,121,0.3172292709350586,0.710696280002594
Qiskit__qiskit-3577,7136e25d9906a16b215d42383c2df3f2bef85f81,137,26,111,0.3136942386627197,0.6412078142166138
Qiskit__qiskit-3577,d4c64d1ab38d44e5d6efa0eb1a6ba8aca2b4b840,236,77,159,0.2585422694683075,0.48206764459609985
Qiskit__qiskit-3577,bc09106d4dc76053fb605ad3546393c647f100d3,113,15,98,0.33134573698043823,0.6809315085411072
Qiskit__qiskit-8199,a9f8a5cc7e2b916527f4e4bc52570c0f5c52b13f,46,65,-19,0.5487561225891113,0.48823297023773193
Qiskit__qiskit-1856,b070a1d68524e2c4e7440c54ebb60230096ba8a8,32,2,30,0.34727469086647034,0.6475975513458252
Qiskit__qiskit-1856,bee51f5b11f8e28b12a4fdc0aa3d7070e4e4df31,208,87,121,0.24759560823440552,0.3058255910873413
Qiskit__qiskit-1856,b4ec3352282db4001c198dddcd4a3d378c9056ed,36,38,-2,0.34377413988113403,0.4739219844341278
Qiskit__qiskit-1856,4a720488d32166945bb37582c17433f7b2b1a89b,407,9,398,0.13780230283737183,0.5768356323242188
Qiskit__qiskit-1856,792e1f40538992928a3e5128a92a37ad61ce797a,278,188,90,0.21802066266536713,0.1226436123251915
Qiskit__qiskit-1856,2197d7bf49eb4cfe57ee47a1d4bc1502fce04776,249,344,-95,0.22980543971061707,-0.10331269353628159
Qiskit__qiskit-1856,5dffc16840ddd6dd2d8e37ec58e432dd01052b17,124,20,104,0.2838275134563446,0.5177371501922607
Qiskit__qiskit-1856,b8d4dc0692fada791441a2667ae53cf7d0ec1514,188,109,79,0.25450199842453003,0.2656175494194031
Qiskit__qiskit-1856,043d13dd52ee2f89b14db62d93c1935d2767cade,58,61,-3,0.3187556862831116,0.39506450295448303
Qiskit__qiskit-1856,5f0f3ec7c9ee1f5cfbd08b534e15e9427d411d4a,166,243,-77,0.2609661817550659,0.054642267525196075
Qiskit__qiskit-1856,c585379dc2cfb75cfcc4efc6a8114f3b930c2cd1,11,81,-70,0.40893518924713135,0.3335987329483032
Qiskit__qiskit-1856,2aff1cf80f75c31d9a76082d14580ced6f694a43,229,23,206,0.2373417466878891,0.5133059024810791
Qiskit__qiskit-2014,91c48e9dd668ed64affe78b7af1906084d85f967,43,31,12,0.33944863080978394,0.4258308410644531
Qiskit__qiskit-450,9571de128db90a020e5675006739c61c1b95eceb,71,11,60,0.34843531250953674,0.23090748488903046
Qiskit__qiskit-3547,03c94ef38ff6e759e4b8305a7c588ce7cf77153d,1088,2,1086,0.16971024870872498,0.5760505199432373
Qiskit__qiskit-3547,d1e4ead516c99d8821de75f1579a92415292475c,479,172,307,0.30651965737342834,0.28244146704673767
Qiskit__qiskit-9726,1a6a25100aeda7c3b1159e02ed9f3622d0615113,726,1,725,0.34501177072525024,0.6022915840148926
Qiskit__qiskit-3288,cc1e87adfd928f4375e7319997044c9145733f8d,567,341,226,0.23048537969589233,0.025952765718102455
Qiskit__qiskit-3288,6326513da0f1d3e1f557121e8ccbeea3d88b9395,586,572,14,0.22571592032909393,-0.0854901671409607
Qiskit__qiskit-4807,e8b139f1073b7f1c216023fd30ed6704f72555dd,349,4,345,0.3713398575782776,0.5039828419685364
Qiskit__qiskit-6932,924db6c231fb4dd3cb7f19f772564db11c3fbd19,529,14,515,0.31113186478614807,0.49441513419151306
Qiskit__qiskit-977,cb71a804382fa3e4f3ee6daa57252480c43b982e,34,249,-215,0.3954492211341858,0.1277252733707428
Qiskit__qiskit-977,f522c32f8e6e1aa084e9b56aff6d525078e3407d,126,433,-307,0.3015420436859131,-0.1975766271352768
Qiskit__qiskit-977,bf40b91da441cfa7942a88107a10e75ee04d6d26,314,129,185,0.20762228965759277,0.3205481171607971
Qiskit__qiskit-977,548b2569ffa6db641aef2031c7779b0be61cdd8c,345,182,163,0.189317524433136,0.23984907567501068
Qiskit__qiskit-977,8db198976b62ccaa7ea9dc376144468495845370,46,152,-106,0.3720604479312897,0.2841559052467346
Qiskit__qiskit-977,6465921baa5fca6893456d5bc04cb955dbec2fed,31,105,-74,0.401819109916687,0.34055328369140625
Qiskit__qiskit-977,b9a52185904dd4432e8ef11c247116c70dfff388,21,210,-189,0.4212898910045624,0.19167330861091614
Qiskit__qiskit-977,5e8634912a98ed5cf162ea80e9a2d42b5f6e829f,243,144,99,0.24475805461406708,0.2999967634677887
Qiskit__qiskit-977,00a4d8a4e277af11e62c3e8cf8329427a366b2ad,165,70,95,0.2809104025363922,0.37938031554222107
Qiskit__qiskit-977,20ac70ce9c4d5c72f5d0be9736695f0fcec21bfb,245,35,210,0.24464000761508942,0.4215637445449829
Qiskit__qiskit-977,ec6e1a227b3bc79391cd6500fbf880a2f7e9e0f4,50,362,-312,0.3694847822189331,-0.057602569460868835
Qiskit__qiskit-977,7be7e8fd5f53fecc1d5acf74dc5f39bc2c198b8e,116,158,-42,0.30857521295547485,0.2771872282028198
Qiskit__qiskit-977,35b868729db52ad8609936dfd634cb6c0bf05946,102,251,-149,0.31576916575431824,0.12652358412742615
Qiskit__qiskit-977,cd3b50a9d299508d222975c82e2fd1516fa48ad3,119,385,-266,0.30726584792137146,-0.09768668562173843
Qiskit__qiskit-4141,b959bb53bb777bb8f9cde627d659d62cdeeaa860,170,2,168,0.3630635142326355,0.5328584909439087
Qiskit__qiskit-4141,cabd97314a9ad6878858617edc964021c0935ec3,673,1,672,0.2944258153438568,0.5570040345191956
Qiskit__qiskit-5324,8da3608a302cf40493ffe22ee2ad1049ee0ecdf1,405,3,402,0.377933531999588,0.5903001427650452
Qiskit__qiskit-5324,e46a3762a8bc19bb51350a5b2921ef8224bdb5ad,1077,505,572,0.23669007420539856,0.10305526852607727
Qiskit__qiskit-2139,0cf6b8aa3d0d9ad99dc5c59357a523034c26195b,470,16,454,0.09082227945327759,0.3559723198413849
Qiskit__qiskit-5619,318c04f7748e001de65b62ceb2049bb51db9f789,1375,8,1367,0.1439286768436432,0.400797963142395
Qiskit__qiskit-5619,d609a41547cf576201560ccb5140970fc042f632,1724,263,1461,0.02112245000898838,0.22226062417030334
Qiskit__qiskit-10537,26425238fce3e468c6e52b687cd6a98be1445c4e,347,1,346,0.5025535821914673,0.6537121534347534
Qiskit__qiskit-3751,d62943b249a1ca4922d67747a68788dec88c27a7,126,2,124,0.3890996277332306,0.45239493250846863
Qiskit__qiskit-6315,777ae62b50eb231c076fca9ef75c35ea6c8a837e,484,17,467,0.38709235191345215,0.4417682886123657
Qiskit__qiskit-6315,a8cd5f8e751790efbb12902390fce0850a84c923,1193,27,1166,0.3044596314430237,0.42758679389953613
Qiskit__qiskit-2755,bfd67d78269bc744a272461d956d23e6f37a7fe1,418,13,405,0.23483708500862122,0.4061689078807831
Qiskit__qiskit-4713,907b883266e0c3da897040396c4c631d8b477a6e,62,10,52,0.4590083360671997,0.4774670898914337
Qiskit__qiskit-6018,1df38cfe4a56027f9957599a66662d9aaa72ac19,167,13,154,0.4288337826728821,0.3860092759132385
Qiskit__qiskit-6018,4436d1394c73e9f79ed6224cc331b1bc7f98cd48,117,75,42,0.4422186315059662,0.31482821702957153
Qiskit__qiskit-6018,2e125a1989b642d2888b2e1dd6daa25795940895,944,224,720,0.2679249346256256,0.21637681126594543
Qiskit__qiskit-2085,1c3fbc5ca16d62fb96a83ee2f7d3e8ca38a8082a,37,2,35,0.43679279088974,0.6239169836044312
Qiskit__qiskit-3888,7b7532c8e3af518fe220806d57f3d19c0d21e47b,335,62,273,0.3328455090522766,0.2765468657016754
Qiskit__qiskit-3888,97e88fafac3be11d01170341529c6e1bb78c2cb4,237,2,235,0.35864895582199097,0.38957542181015015
Qiskit__qiskit-3888,1cdda37826c3498cada4f96be3c4bc2166999163,376,5,371,0.3237101137638092,0.37452584505081177
Qiskit__qiskit-3888,097ca1fd4860220f1beea9b7e7ee9ca63984b771,199,40,159,0.3731212317943573,0.306691437959671
Qiskit__qiskit-3888,d4fc3e438edd886ad610ca26542239d9e0e9779c,172,39,133,0.38136717677116394,0.30769088864326477
Qiskit__qiskit-3888,7e7c0d6c5ee2dc3c83cb3ec7b51eab3379f9c245,296,14,282,0.34084975719451904,0.34643614292144775
Qiskit__qiskit-1615,09bc1b3cf1053b80e667df9befdd57a4b4f47a5d,273,222,51,0.18964135646820068,0.2368839681148529
Qiskit__qiskit-1615,da41942781ab2611dd5f0f4bd823d51bcf092515,295,614,-319,0.1827438324689865,-0.13798242807388306
Qiskit__qiskit-1615,620955553c6801c42ceeb688f0978684d97982ab,348,480,-132,0.16938333213329315,0.06698749214410782
Qiskit__qiskit-1615,5f4dbe492e97c4606d98450df5343dc438d7d150,437,86,351,0.14419560134410858,0.3209308683872223
Qiskit__qiskit-1615,887108a7c17abc45cbd4381eed451c7aa78335ee,390,592,-202,0.15852738916873932,-0.09245987236499786
Qiskit__qiskit-1615,da2a46212e554a16489eef3e52c29e7b67a3b48f,502,37,465,0.12494614720344543,0.3773077726364136
Qiskit__qiskit-1615,50cbc1ab71180b72e856b882ff12d297d7ecb9a1,110,11,99,0.2510165572166443,0.4337928891181946
Qiskit__qiskit-1615,819e9ffa810d9ab43e634b1941a845e63967b7e6,257,314,-57,0.1949695497751236,0.17740151286125183
Qiskit__qiskit-1615,4a63c4155de1412bdb35f88ba512d8f8c829a1c4,197,14,183,0.21838869154453278,0.42999476194381714
Qiskit__qiskit-1615,597acb06569fb6130f68ed291e888e6677ebb2d8,290,540,-250,0.1842508316040039,-0.008131848648190498
Qiskit__qiskit-1615,08fe0164ddf06076b7ecf777385cc707456fef62,378,607,-229,0.1622750461101532,-0.11819103360176086
Qiskit__qiskit-1615,a38866cc2f7dda6215b333100ca8e88371d53d92,446,610,-164,0.14264366030693054,-0.1217881590127945
Qiskit__qiskit-1615,bba8af7b98d2f1195a4ae235306557306c454757,108,132,-24,0.25188764929771423,0.2804969847202301
Qiskit__qiskit-4326,febb3c2926e2eb473835099f6438e6a76f5c56c6,660,1,659,0.25726109743118286,0.6221606731414795
Qiskit__qiskit-4326,bc7f7659b5ba06922e9d8fc17009f518540a841b,576,35,541,0.2724495232105255,0.3789520859718323
Qiskit__qiskit-5740,d53b2481a05fce302165dae034b018d983a5aea5,179,21,158,0.4402593672275543,0.4447574019432068
Qiskit__qiskit-10484,5fc4aac27bb99c7e9f90c56e333b961c70a756ac,1285,1634,-349,0.28589993715286255,0.1938600242137909
Qiskit__qiskit-10484,d319cabc418ce73c13813ebc47e91935ac804b94,1197,2,1195,0.2976799011230469,0.47471100091934204
Qiskit__qiskit-6530,08609998803dd1f776ed0ff273ffd1d202326cc3,1389,15,1374,0.157868891954422,0.504196047782898
Qiskit__qiskit-6530,20493b72e6665c8f2f946608e4f1a6a0b0a43e2d,1474,46,1428,0.14692704379558563,0.4624922275543213
Qiskit__qiskit-6530,ff87749ee31a684e5659e4aaac1446da6925cb57,1726,23,1703,0.11006209254264832,0.4929009675979614
Qiskit__qiskit-6530,800e519c13135965f5fb08c20d022d43fcefce1c,1265,1,1264,0.17258143424987793,0.5732060670852661
Qiskit__qiskit-2173,69389a7c17a1f5af403e6c99312246dccb2eeb43,32,378,-346,0.3978281617164612,-0.06617072224617004
Qiskit__qiskit-2173,cdb869a7b8a3cd1abdb569eff31c2873393d219c,327,398,-71,0.17519161105155945,-0.0807061418890953
Qiskit__qiskit-2173,ba089a97ffaf24a9cd7919d22eb7f58ce77ce02b,462,459,3,0.13799484074115753,-0.12873491644859314
Qiskit__qiskit-2173,415bce860d691190f00ddcb05d467ac552931fd4,3,25,-22,0.4966026544570923,0.25559139251708984
Qiskit__qiskit-2173,039d640a0999bf4d853dfe64e3276f9368e090af,428,294,134,0.14926306903362274,-0.0075983270071446896
Qiskit__qiskit-2173,2ae29d27ef12af59491fe85cfc6bbd5ea1288ba5,109,388,-279,0.3033028244972229,-0.07219341397285461
Qiskit__qiskit-2173,48025c032e53da1d273bc9f6061aedf737e23256,149,270,-121,0.2721167206764221,0.002689152956008911
Qiskit__qiskit-2173,bc5d64e14c0d1d4d233e52dd949e7f11868f6a66,145,512,-367,0.27783846855163574,-0.17273670434951782
Qiskit__qiskit-2173,d23faaeaf02bd079dd5d8bdc3d7cde7d802685c6,347,458,-111,0.170014426112175,-0.1280873417854309
Qiskit__qiskit-2173,38855639d362471175941fbded9e50a744d65c43,474,295,179,0.1357956975698471,-0.007962681353092194
Qiskit__qiskit-2173,23d338daa0285b92213a08a0d2f292f42e5e7daf,13,50,-37,0.4314165711402893,0.20521000027656555
Qiskit__qiskit-2173,9bc5350696bbd62caefe5bb6cc9232461ed1ec94,117,277,-160,0.29982733726501465,0.0008536577224731445
Qiskit__qiskit-2173,2630c0ba47cd4a66f55484c3c2ab3557256e45d2,200,429,-229,0.22089138627052307,-0.1104264035820961
Qiskit__qiskit-2173,be6b1f866bc5d3fdc38f4e9b6fd3e9f0bcf0235f,539,374,165,0.09317795932292938,-0.06462778896093369
Qiskit__qiskit-2173,3fe3e025e9510f154d767fe9c989ba675f67df28,330,380,-50,0.17409634590148926,-0.06766027957201004
Qiskit__qiskit-2173,8e6d2c493668c1d72a079322503ce42a01695b7a,36,45,-9,0.392277330160141,0.21312755346298218
Qiskit__qiskit-2173,81890a5e7947bf8a7415f77e57ceb86ff7e332fa,14,122,-108,0.4311954379081726,0.13750343024730682
Qiskit__qiskit-2173,b1aa8ea2eced6d03da1875e2dcf4bf6ebabce008,456,476,-20,0.14177098870277405,-0.13672927021980286
Qiskit__qiskit-2173,7683977485900a2c7276d89f0fd36783b2a675ea,343,428,-85,0.17131249606609344,-0.10889563709497452
Qiskit__qiskit-2173,6dec1178ed038ec232092c336b7adc27bf339e5c,467,389,78,0.13741597533226013,-0.07344801723957062
Qiskit__qiskit-2173,db754b1fc004039d50b0ab74e09cf4a6efa9cf80,252,369,-117,0.19620037078857422,-0.0594446137547493
Qiskit__qiskit-2173,c4c75a9bccc53aea9af9f0b1b161930586118454,50,12,38,0.3663441240787506,0.3090229034423828
Qiskit__qiskit-2173,3dc432c132b64510f54c48c6bcc5ef2e4e63fb23,328,455,-127,0.17513781785964966,-0.12484071403741837
Qiskit__qiskit-2173,19bb25d1562a7b34cfaede8601a53405b7934db6,130,486,-356,0.29130738973617554,-0.15115025639533997
Qiskit__qiskit-2173,c788794f405cbbcbef07c4a9c86938ca54ae2b7f,265,190,75,0.19339923560619354,0.07118061929941177
Qiskit__qiskit-2173,a51a955f6c982188029dfd36f317737c2482a594,353,337,16,0.16921040415763855,-0.03414364904165268
Qiskit__qiskit-2173,bd4005434000cf1a63b86682393ac55417499ab6,160,201,-41,0.25386762619018555,0.06253089755773544
Qiskit__qiskit-2173,2acc5bcb5c688fd3457b41dadb07fa10ce3fefd7,497,301,196,0.1211966723203659,-0.010012000799179077
Qiskit__qiskit-2173,99a94789741d394fbeb1e1d9abc6950becf15de3,478,506,-28,0.1328583061695099,-0.1697668880224228
Qiskit__qiskit-2173,027cecf9ecc517099922abcd6b5bc2fd6a67e393,504,117,387,0.11787539720535278,0.13882453739643097
Qiskit__qiskit-2173,d6d5e2b09724762c988e243741c200a8ab78fe67,415,137,278,0.15280354022979736,0.12354665249586105
Qiskit__qiskit-2173,221a840bb8535229fc4a3176723ec75b04d2bc07,466,416,50,0.1377885639667511,-0.09233409911394119
Qiskit__qiskit-2173,95a28c1492ac689e5a267f2ca65d47ae18660ee1,304,485,-181,0.1827157586812973,-0.15019765496253967
Qiskit__qiskit-4511,edd6a86da9e2b6a77eced322d1acdb11070cfa54,115,10,105,0.3010268211364746,0.6103169322013855
Qiskit__qiskit-2790,d3e9257bc0b92759b001d153263bc7d2904f8b95,80,4,76,0.31228750944137573,0.38071560859680176
Qiskit__qiskit-10279,6a0c8a0842b44a245c339a48ed93cd2f65d75e07,985,1,984,0.40358781814575195,0.5410269498825073
Qiskit__qiskit-1229,61ac3387d48bd34acdb5d2b1ba2740fa2d2d1185,156,2,154,0.22501368820667267,0.6481215953826904
Qiskit__qiskit-1229,27d60fe5c11ec92431926e6a2c88660d25d219d9,161,10,151,0.22320270538330078,0.5209470987319946
Qiskit__qiskit-1229,43aa34f8d72a770c6a5926fc1fdf23210fb70a17,296,14,282,0.1721937507390976,0.48713570833206177
Qiskit__qiskit-1229,f5a83f6b65be4a167efdc24f99b0ddfc5f7caba9,197,1,196,0.20997284352779388,0.664655327796936
Qiskit__qiskit-1229,b8284d1cc94d808fa2a7076074ec0cf2de8a99cd,88,5,83,0.26476040482521057,0.6158321499824524
Qiskit__qiskit-6625,855365fea069e19e7c0a0c3a4500a7f5f6f69a3b,1902,34,1868,0.19496232271194458,0.26069265604019165
Qiskit__qiskit-6102,ad121765378c37f47214619e21596bad0e97b2d3,17,10,7,0.5533984899520874,0.5693264007568359
Qiskit__qiskit-6102,d59b619384d942dc6d1ce8c6a4d371a8b9505e2d,7,24,-17,0.576373815536499,0.5485155582427979
Qiskit__qiskit-4366,eace6c8151f993f11caad78d4c1a60894941e2d2,293,175,118,0.26801830530166626,0.29044002294540405
Qiskit__qiskit-6070,94d4318dda4ed293a154c5eebae7b09ac1f8673b,166,26,140,0.4252500832080841,0.5020073652267456
Qiskit__qiskit-6070,22194073dbcb990414ca2a8d84cfe48b476d5a0c,326,6,320,0.37410956621170044,0.5561522245407104
Qiskit__qiskit-6070,fe32642ff3751ccdd7bcc93e004b55dfa399af4e,609,4,605,0.31044822931289673,0.5653138160705566
Qiskit__qiskit-6070,82b83fd92f244464e20cfa062e4143e7a4f54773,394,14,380,0.350788950920105,0.5244542956352234
Qiskit__qiskit-9002,c0430c4327a9c0efe1b805d3b09c8b3287b268a6,1189,1459,-270,0.33866170048713684,0.11486874520778656
Qiskit__qiskit-9002,2e764e68bb7067500e2d465b58a9a17f8b051654,1685,995,690,0.2633838653564453,0.2130698263645172
Qiskit__qiskit-9002,223e2e77b4d89fc090e4eb55677a9f0efcd64e33,1347,239,1108,0.31400156021118164,0.4571234881877899
Qiskit__qiskit-9002,4f1aa909f0e0fdc3af6257a412864228f5938157,35,4,31,0.5411694645881653,0.7247714400291443
Qiskit__qiskit-9002,330df026ee232eb22b4447c5ae322558ee707346,301,213,88,0.48345282673835754,0.47283124923706055
Qiskit__qiskit-9002,1ea4d19123a365296dbbc77b8669f6a3f9c9e5a4,751,29,722,0.413707971572876,0.6465835571289062
Qiskit__qiskit-3180,b0692d8380c560265638a34a84bd5eb7231e64c2,42,1,41,0.46280524134635925,0.748008131980896
Qiskit__qiskit-3180,6c351f84b36565087046c3f278843d5d592c9a18,269,2,267,0.34698718786239624,0.7221310138702393
Qiskit__qiskit-3180,806fa6db51a085c9d86e98033f5e45f13d4a45dc,139,8,131,0.3950793445110321,0.5956377387046814
Qiskit__qiskit-4853,48123fee88ed40086e6c592d566179a5e504243e,317,20,297,0.37737756967544556,0.444360613822937
Qiskit__qiskit-862,692baa72d61dc21867c59891f4653787ca58eb99,365,15,350,0.14014028012752533,0.46778416633605957
Qiskit__qiskit-5851,dd1eb3aa536a0ba0c0a5117b5890241ee2f0ad15,29,9,20,0.49997225403785706,0.3081202805042267
Qiskit__qiskit-5851,4f074ab64c55a44661e081dcd8153da8665f2de8,44,14,30,0.4890519678592682,0.29942336678504944
Qiskit__qiskit-5182,40f9e4c8eec343f7428549f4111d8369e955d25b,247,153,94,0.37730103731155396,0.235763818025589
Qiskit__qiskit-8098,137dce0741d58604a719693a28c1a5c0f8441cc7,1360,7,1353,0.2643709182739258,0.6049551963806152
Qiskit__qiskit-816,28148f12258ddfc7474a9b62c1a6e10d79f27219,11,1,10,0.4468233287334442,0.7950544357299805
Qiskit__qiskit-1089,3bcd1726afb74dc58fd70ce234d8a6e3335ff38e,254,11,243,0.25869810581207275,0.47220486402511597
Qiskit__qiskit-2088,93a8ce6a4c5fc145b7db80276775b7febae8a445,381,6,375,0.24905437231063843,0.4464934468269348
Qiskit__qiskit-2088,04440894bb29065856f1e8691ad833241dc3fe52,186,8,178,0.3425379693508148,0.4348585605621338
Qiskit__qiskit-2088,49e5447b7deb7765c4f0294f4c5bd70f18e897ef,372,12,360,0.25717517733573914,0.4226863980293274
Qiskit__qiskit-2088,3040479b7543ba37d0bc5827c8158624a05f0c81,181,2,179,0.3467552661895752,0.4596998691558838
Qiskit__qiskit-2088,8b4dc1038f5a5c66d96dbf25a074974965f29694,360,26,334,0.2626650333404541,0.39001554250717163
Qiskit__qiskit-2088,929c9fa86f0ff3f31d2e19c7596d2fdd4f476f12,217,4,213,0.3259013891220093,0.454616904258728
Qiskit__qiskit-2088,cab1380657b23f4afdae470bc4300d0fbdf127a9,94,17,77,0.4067609906196594,0.41470569372177124
Qiskit__qiskit-2088,3b5fb371b3c6bc68f10fb09e481a993b498fa758,55,28,27,0.4556717872619629,0.38461625576019287
Qiskit__qiskit-3459,794a52a0b427ace27050e2cf5f8987317a4309d4,262,121,141,0.29928600788116455,0.24441376328468323
Qiskit__qiskit-2212,efde2bc7ea358b91e5d0b308242d0e536cf50b63,464,235,229,0.23209214210510254,0.04926008731126785
Qiskit__qiskit-2212,5385158b1c934c590d4ac11b1faebb5b03bac649,285,15,270,0.3050267994403839,0.3440272808074951
Qiskit__qiskit-2212,625e0db3712d678b5f7f2bf6a8080fc5de9eda00,522,22,500,0.1988847851753235,0.3178909420967102
Qiskit__qiskit-2212,de941131313a566670120e631e03e740c9b59747,113,2,111,0.3755280673503876,0.4217936098575592
Qiskit__qiskit-7972,759783d0c6895d52da13d7443a830010bf9ee3ea,412,1,411,0.44808822870254517,0.5646535754203796
Qiskit__qiskit-6418,37085b3c4085a16b8c34ef0fd49059e032b4f543,820,4,816,0.25118348002433777,0.5560725927352905
Qiskit__qiskit-6418,168d42d006ce393df03330570d9bcdcb50723989,486,5,481,0.3211527466773987,0.5539575219154358
Qiskit__qiskit-6418,48941cfcabd4d41afd579a0c492e7fcfbab3c547,366,1,365,0.38448771834373474,0.5810214281082153
Qiskit__qiskit-8298,8382fa62f8465eb78812fd2add6fd128e5eb2e15,1212,303,909,0.26147279143333435,0.2158282995223999
Qiskit__qiskit-4670,0f610c5ac5da724346b3d2fd3d68182d38edba47,287,28,259,0.2826295495033264,0.6581693887710571
Qiskit__qiskit-4670,dad3a32ec6f0ed5401e902cb9efe29e841453251,189,11,178,0.36186453700065613,0.705482006072998
Qiskit__qiskit-4670,12dff0fa2067ff15c9bb711cad03dbe1f5a647e5,271,32,239,0.28820884227752686,0.6464985609054565
Qiskit__qiskit-4670,55aadbc28266d86d855954f197d1197a6fd37e31,465,61,404,0.24081099033355713,0.5840849280357361
Qiskit__qiskit-4670,2e6a815d2a1ff56811f708b9e2e412a8fc89b03c,161,43,118,0.43040573596954346,0.6255843639373779
Qiskit__qiskit-4670,8861ab8f9a512cc9d4147fd0036a395646634e5d,872,60,812,0.1640588343143463,0.5848135948181152
Qiskit__qiskit-4670,f3ac28540e6800462696feb6ac2fc8fb55425d27,667,24,643,0.20492227375507355,0.6628741025924683
Qiskit__qiskit-4670,59b5c26075b4d6c5afc95d275754de3bf50194be,879,5,874,0.1634807586669922,0.7178115844726562
Qiskit__qiskit-4670,b8ddb6a8542c7f7c8aec5dc1569eb94c688d421e,570,65,505,0.2226419746875763,0.5696272253990173
Qiskit__qiskit-4670,a9be818f79a81aef4af781f9d156e76b20fdeab7,233,1,232,0.3030141592025757,0.7731876373291016
Qiskit__qiskit-4670,6d58ee27bb759f06427004d9315ce73b75446d2c,177,2,175,0.3950038552284241,0.744076669216156
Qiskit__qiskit-4670,b497da50ef52f26f345a408415cbf0f2172ba498,725,6,719,0.19365206360816956,0.7172130942344666
Qiskit__qiskit-4670,df673e4abc0b61c678d8ced05372562c9c696b62,351,79,272,0.26639169454574585,0.545379102230072
Qiskit__qiskit-4670,2ac0fa9c98b833631e236392e8b7a461cf11f1d3,220,10,210,0.31888067722320557,0.706369161605835
Qiskit__qiskit-4670,4fe1283f850343abb0ff5f518c8791951cdf473c,626,36,590,0.2109081894159317,0.6356524229049683
Qiskit__qiskit-4670,da0de86c7c056b9c1e89c113bc925762d8743947,162,13,149,0.42636266350746155,0.6992461681365967
Qiskit__qiskit-5780,8d4f9f8b6f7dcb3e994081397dc257f765833244,496,132,364,0.42026287317276,0.4346977472305298
Qiskit__qiskit-5662,1f48ba5797c4c2f1563b6ec306918568d354f6f3,55,29,26,0.49289804697036743,0.4384734332561493
Qiskit__qiskit-5662,9ce297978d27fd9b67ae6cb6b32cfb5c1878a489,70,7,63,0.48435938358306885,0.5120485424995422
Qiskit__qiskit-5662,6ef41d20a6bba6e9cae6c3d2b318b7b259753124,1403,13,1390,0.1850963830947876,0.49827030301094055
Qiskit__qiskit-5662,9f440dea45ffe7de754776ffb7b1ec6cd33ea8c4,71,1,70,0.48405539989471436,0.6215291023254395
Qiskit__qiskit-5662,cc51bd0f28ce484dcef98eabe7b5cbe93ed0febe,991,2,989,0.28150975704193115,0.5941718220710754
Qiskit__qiskit-5662,8cc377ef8a7a6b49eea327496538c7b3fb4db09f,61,3,58,0.49103960394859314,0.5596851110458374
Qiskit__qiskit-5662,a3bd73ef3c912b4ec95015ace738d82f970fdb48,1614,4,1610,0.12887321412563324,0.5511340498924255
Qiskit__qiskit-8384,251f68fa4f0f6c796476f4fddc0724cf4ea7b6bf,1874,7,1867,0.26788952946662903,0.5603121519088745
Qiskit__qiskit-2265,7d05e1c1c0103ca83a5d9b913c6363e2a92b7ffe,24,22,2,0.31771284341812134,0.6325802803039551
Qiskit__qiskit-2265,900e95f9c5571aef0d21f178f8622c2a026b429c,213,17,196,0.1706176996231079,0.6566213369369507
Qiskit__qiskit-2265,a84697c4abc01e6609f9347406c8797893bfbb0e,27,21,6,0.3046274185180664,0.6365087628364563
Qiskit__qiskit-3142,082a8c4819b097a177a1cfed4defd98c01ed0bfc,374,1,373,0.30606532096862793,0.7655346393585205
Qiskit__qiskit-1955,9d1f3f289742cc721caad345fc9b2d96426d0bb8,35,70,-35,0.319979727268219,0.15194222331047058
Qiskit__qiskit-4156,c0055fe063533b334e9fab8c75718d73ab922f4d,573,133,440,0.33005571365356445,0.27913081645965576
Qiskit__qiskit-7095,47d8c8923cdcd65c8f318cade5468e29c3f74d9d,523,23,500,0.311820387840271,0.405870258808136
Qiskit__qiskit-7584,12bd89a76dc2559acb5c51609a918ebf4e4b2a74,2,1,1,0.5600531101226807,0.601564884185791
Qiskit__qiskit-781,36c670a86379c2c40efa2f72b71fae8774ff33f8,85,5,80,0.3330366611480713,0.46010318398475647
Qiskit__qiskit-781,1dddc44a72b7c5b5eb41f44a7c50f9aa48032760,147,1,146,0.3009861707687378,0.5049186944961548
Qiskit__qiskit-4597,4389553265df1bb5ff11d05a7e5e0ae5085361eb,15,1,14,0.4650557041168213,0.7468441724777222
Qiskit__qiskit-6866,d248e66b2c07a9a84ab5f73fb7e7fabdfe3d8a74,1444,14,1430,0.15670910477638245,0.5704863667488098
Qiskit__qiskit-6866,33ebfe7e8a39ec7d826e98eb81be72db145e4882,520,3,517,0.3023531436920166,0.6176133751869202
Qiskit__qiskit-6866,3b3488e3675c20e928bb3c11aaf9a75e3689cf2f,602,43,559,0.27766698598861694,0.5131820440292358
Qiskit__qiskit-6866,2be571ce8984626f7a6604d2e7ac6b9e7f5dc95e,1951,31,1920,0.07648967206478119,0.5358595848083496
Qiskit__qiskit-6866,f125fab52851b850ccd40c77c89097edc2454691,584,44,540,0.28264546394348145,0.5131639242172241
Qiskit__qiskit-6866,fda8ec4963ce4d94ccfb1d2cb9c507a34a94e7cd,844,26,818,0.22808139026165009,0.5418694615364075
Qiskit__qiskit-6866,66ae0ca36179ff8fdcb77d06152736cc96bbdea6,1498,29,1469,0.149666428565979,0.538642168045044
Qiskit__qiskit-6866,08f09e4d2c287cedcb8d9fb75e1c6915c598a148,553,9,544,0.2907325327396393,0.5862704515457153
Qiskit__qiskit-6866,3ebbdf620137a82afa38e79bbd6a86c7c4799052,438,30,408,0.3247614800930023,0.5377331972122192
Qiskit__qiskit-6866,458bd0ed95222b9cdf6758e4d5172d2cec37b473,968,10,958,0.211976557970047,0.584115207195282
Qiskit__qiskit-6866,f2558d4318907aed57f494f509771d6063b99bc9,1262,34,1228,0.17797322571277618,0.5297673940658569
Qiskit__qiskit-6866,0a3e9843a5250c9a7d5e1303126e572855439321,1033,1,1032,0.20518510043621063,0.6262866258621216
Qiskit__qiskit-6866,8749a2c747703530d41e9b96439a75758e7f83aa,1354,20,1334,0.16709968447685242,0.5601478815078735
Qiskit__qiskit-6866,82f6bd228e5f0a617fd1ad8b01073800a7dd7711,1705,7,1698,0.12352272868156433,0.5958535671234131
Qiskit__qiskit-4579,f2b6f0d49270a48eeebbdd613bc7db7473da95c4,996,194,802,0.18323376774787903,0.18031060695648193
Qiskit__qiskit-4579,779a58d44a51d687994aa73da3bb69b642b3b6e1,646,139,507,0.22973987460136414,0.20330551266670227
Qiskit__qiskit-4579,c1d15899a9f63a35d5b3426cb2e9baadb79b1d2f,785,224,561,0.21261826157569885,0.167128786444664
Qiskit__qiskit-4579,edd23de7561dc7dc212ae4f9805c261162ef2fc5,2,494,-492,0.48004966974258423,0.08451124280691147
Qiskit__qiskit-4579,ae44ed5702c99e0bc2560bc431d075e19adf7511,685,6,679,0.2244889736175537,0.32726025581359863
Qiskit__qiskit-4579,fb37302651bec4fc7677fdd924b03d19ba96b15f,592,339,253,0.2353314459323883,0.13232776522636414
Qiskit__qiskit-4579,b3bb412e23d0d276e11675f8925cfa7de1c2ea73,741,536,205,0.21757151186466217,0.07205954194068909
Qiskit__qiskit-1765,0f43811a1ea0d05d0b832df5128f89e074f5c6c7,328,265,63,0.12019164860248566,-0.10072365403175354
Qiskit__qiskit-1765,f423d25b7c53e770bc8065ba4f11ae2c3393be77,381,231,150,0.0943538174033165,-0.0449533648788929
Qiskit__qiskit-1765,96eff90c2dc7a65c3c428c9f7c60a4ee35050ac1,388,200,188,0.0849173367023468,-0.008474929258227348
Qiskit__qiskit-1765,732e668f2e0a3f53cba23bcecd6eedcf263ca672,294,286,8,0.13366134464740753,-0.1335064321756363
Qiskit__qiskit-1765,1fe54d7ad92825c32d88f426f5376ff873a72944,258,328,-70,0.15234984457492828,-0.1992987096309662
Qiskit__qiskit-1765,c3ede3a2800a81ffdca3df363447317f358acecc,288,165,123,0.13687941431999207,0.06866006553173065
Qiskit__qiskit-1765,a051e62727e05e050999510cd6712f2c3020b020,199,312,-113,0.17444735765457153,-0.16852238774299622
Qiskit__qiskit-1765,081aa8d049d8eb28246f971a63aa3eaf3e605cf5,355,234,121,0.10884552448987961,-0.049719423055648804
Qiskit__qiskit-1765,6619eeb98e3bd76ac1728052f8d2f505cf8e1d9a,301,187,114,0.13015279173851013,0.02151801995933056
Qiskit__qiskit-1765,676e8a66d2993da5a47743e1d876b21df77fd453,362,140,222,0.10684716701507568,0.13870398700237274
Qiskit__qiskit-1765,686261175bed39f2d2bbea2533222c0456b3ec40,300,280,20,0.1310187131166458,-0.12420638650655746
Qiskit__qiskit-1765,cb9033eb996061208ee55e0f6843ce8ef99a28ba,234,135,99,0.16351814568042755,0.1509101241827011
Qiskit__qiskit-1765,2caf3c0757a04dbe2336c74c1348fe97061488ff,316,175,141,0.12450077384710312,0.044521767646074295
Qiskit__qiskit-1765,aa1826600064c8626624db9cb616810aa7a4b776,308,110,198,0.1286672055721283,0.1911182701587677
Qiskit__qiskit-1765,c721f09264d270e791750f0e297a654105d1c840,313,181,132,0.12505358457565308,0.03332831338047981
Qiskit__qiskit-1765,20e3c9f79ffbf31841bdc39dbfab0be7e33a1a5a,364,225,139,0.10665179789066315,-0.04128606989979744
Qiskit__qiskit-1765,75dd6b5d11d90c119996148b41cd607464eb3a91,409,222,187,0.057490769773721695,-0.03800204396247864
Qiskit__qiskit-1765,f918cafcab1b23ce1799c31d42bd570aece9c612,410,87,323,0.05221596360206604,0.2371325045824051
Qiskit__qiskit-1765,3b929798bebc6935365bce3611469ab0103c2f7a,221,209,12,0.16751813888549805,-0.016942927613854408
Qiskit__qiskit-1765,9609f36d3495c78ca3262e7efbe30f2587d3ce9f,412,205,207,0.05136328190565109,-0.011009414680302143
Qiskit__qiskit-1765,f5cbdb17342cf6c794888b41481e56839314f908,252,341,-89,0.1556147336959839,-0.25068938732147217
Qiskit__qiskit-1765,72714862e12dda76b68633aa7af92a400c227659,319,221,98,0.12379325181245804,-0.035678762942552567
Qiskit__qiskit-1765,485ad715efa7ad166ea68cae5f3ceede6a0de183,303,273,30,0.1298593431711197,-0.1050756499171257
Qiskit__qiskit-1765,7ac9d5d8aca681edfb236820edaf3d2a34d471e2,351,194,157,0.1109686866402626,0.005462253466248512
Qiskit__qiskit-1765,4538b35886bae5c5e2c1974eaec933eae3895efb,290,226,64,0.1354457288980484,-0.04239293187856674
Qiskit__qiskit-1765,c3a3199e42cd5f9ab767e6a4caf485022119ac53,305,294,11,0.12940530478954315,-0.14397162199020386
Qiskit__qiskit-1765,a4ba93c0dfc77019916b44f3360eedf27bfc7d21,326,215,111,0.12128186970949173,-0.02715914510190487
Qiskit__qiskit-1765,e5c4cb7d94cf7bd43b19cf6f08e34ad4e2162353,344,262,82,0.11363860964775085,-0.09228786081075668
Qiskit__qiskit-1765,3d2a70aacc0c5dd2b521aa748a7cd7c57c51e7b3,358,274,84,0.10824163258075714,-0.1063154861330986
Qiskit__qiskit-1765,299dde214ccd168c77165098dff6011d0bebd077,354,204,150,0.1088670939207077,-0.010454478673636913
Qiskit__qiskit-2069,b8595cf87cbe190c59bdc4e8d5dc10c8ceda6edd,90,110,-20,0.35629594326019287,0.13005289435386658
Qiskit__qiskit-6348,d45cd77a0898ca2842bb32970ef6c04ae9a412f9,751,1,750,0.22893404960632324,0.7319675087928772
Qiskit__qiskit-2597,46ff78ed89d2c53ed6cd9d4923e89ea6bc587dbd,21,6,15,0.40690290927886963,0.7202092409133911
Qiskit__qiskit-2431,6de9394e3b7a05dfaaa35d78eb6bfe7390ed724a,138,27,111,0.24515186250209808,0.6032132506370544
Qiskit__qiskit-6556,34a35e71d6848daa635b5a4710ea1efc8c5982ec,1198,1,1197,0.2754683494567871,0.4961473345756531
Qiskit__qiskit-4582,83732d6193d2657c0526df42f49295c1b2ca55ec,452,33,419,0.2864674925804138,0.44572508335113525
Qiskit__qiskit-7856,848e977f2b48240c61f29336154da4b9316ad9ab,86,2,84,0.5044289827346802,0.6543835401535034
Qiskit__qiskit-9494,9e246a1fd1c139b5c42f11990625534a5d236158,1626,1,1625,0.2408618927001953,0.5732295513153076
Qiskit__qiskit-10476,c88fddadd77b287e4b9282dbd6f2ef08147dc9d8,1726,1,1725,0.2520844340324402,0.7322560548782349
Qiskit__qiskit-6487,f4213dba3c9e17ab1d6d817d057419fdf40244ea,311,1,310,0.3774326741695404,0.7961032390594482
Qiskit__qiskit-6487,12ffe2bf41e717bb12323fed8eabd0c608ebebb6,536,48,488,0.2934594750404358,0.5602493286132812
Qiskit__qiskit-1815,46775b691210edee36e4ada28b30550813b97064,33,66,-33,0.3032796084880829,0.24779126048088074
Qiskit__qiskit-1815,53ff83adaff9c2827efa144611f0624e81244edd,428,7,421,0.08854036033153534,0.5103923082351685
Qiskit__qiskit-1815,fc712d72953b979dff3d461a41fbfe1fb6cca87f,220,19,201,0.20906010270118713,0.40151599049568176
Qiskit__qiskit-1815,c6296b1aef401bc94a4c1e333758a38a89bb9d4c,371,20,351,0.14098891615867615,0.398219496011734
Qiskit__qiskit-1815,0a2c2cdbd5d2e286114025e6b33952d64debdcbd,358,1,357,0.14963477849960327,0.7346383929252625
Qiskit__qiskit-1815,710d586b5b8b7b35f3404736f5c1ffabf4a9b3d6,244,229,15,0.2007998824119568,0.025064418092370033
Qiskit__qiskit-1815,beb17576707f39dd49abc864886c8547e8c10318,260,26,234,0.19402232766151428,0.3508857488632202
Qiskit__qiskit-1815,709c5262eb3a7aa6808ffc4cecabb45b3bf1afa7,449,4,445,-0.005209658294916153,0.5340179204940796
Qiskit__qiskit-1815,99279004f70a6b8f24c6282ec73662c4abe6a86d,236,34,202,0.20311355590820312,0.33552998304367065
Qiskit__qiskit-1815,e76ebea1068366fe0b0da5109a0a1fb9700ded4d,304,60,244,0.17601646482944489,0.27896061539649963
Qiskit__qiskit-1815,46adeff44a78083041b955b8507670a3f6bc3f6b,320,2,318,0.16745731234550476,0.5685641169548035
Qiskit__qiskit-1815,df25c93da8bad8fd1b4e7e6d79b254264e900c17,198,23,175,0.2169947773218155,0.3666486144065857
Qiskit__qiskit-1815,709139f900a5ee722b7eb538e88d848017b2b4de,339,69,270,0.15993456542491913,0.24139976501464844
Qiskit__qiskit-1815,c64b727576c1a5361b3f94f3e79f2db7fa040869,255,45,210,0.19497689604759216,0.2999040484428406
Qiskit__qiskit-1815,a5f30ee89b85bc3718b9821c60d894b66fae4f91,412,89,323,0.10642577707767487,0.19377240538597107
Qiskit__qiskit-1815,04943d1697093e6be83495f0cf232c476672e646,436,13,423,0.05209118127822876,0.46063458919525146
Qiskit__qiskit-1815,c342bcbb61c9316b49ce2ec63e88d03676f479ce,285,75,210,0.1878516972064972,0.22682921588420868
Qiskit__qiskit-1815,ef697c61f679f0f3c8548f0e2290eacd7c9343bb,265,10,255,0.1920686662197113,0.4902377128601074
Qiskit__qiskit-1815,f2f411f3c963730a611ee6c1134ddcdb8ad6e333,82,6,76,0.26429855823516846,0.5146600008010864
Qiskit__qiskit-4270,0f839046a63bf3ece49cbe8901523cbbf7e21c33,149,77,72,0.37562012672424316,0.4204102158546448
Qiskit__qiskit-9038,a7f4f93efdaacdd4427a1b9d9712f8ae2f8b9c2e,841,25,816,0.29906654357910156,0.6060429215431213
Qiskit__qiskit-9038,6f2e4e1077f9feb240e76f45c20c96a5ee9fdcc6,1547,30,1517,0.22318945825099945,0.6009460687637329
Qiskit__qiskit-9038,cfa19eb7b6cff4ad56dddd1f063f9f6774679e39,930,47,883,0.28182369470596313,0.583829939365387
Qiskit__qiskit-9038,4c01ddc261917b48e557f2d8ef2429523fe59afe,785,16,769,0.3119526207447052,0.6160157918930054
Qiskit__qiskit-9038,a3e4020338d0ac03b335d7768b91cb55d56403ba,787,59,728,0.31158483028411865,0.5669170618057251
Qiskit__qiskit-9085,7c2e2af35efb228e604abeb42c59f83bf49297df,1860,10,1850,0.17662441730499268,0.415479838848114
Qiskit__qiskit-9085,60d18da562bf3ab088518c87586151ada9f92784,113,47,66,0.3464196026325226,0.37400293350219727
Qiskit__qiskit-9085,877eb28c499ef02c44e035de69ab6c750dabca22,882,605,277,0.256731241941452,0.20777267217636108
Qiskit__qiskit-9085,95176bdc10aef95e17571f7d18cc9c418b9e93aa,521,252,269,0.2873709499835968,0.2847103476524353
Qiskit__qiskit-9085,cd348bfa3626ea16f635201f174d6559ef8d743e,408,350,58,0.3003557324409485,0.2559804916381836
Qiskit__qiskit-9085,8950de5ccc9fd2895625437e7fba7f14f1e979ea,1121,186,935,0.23486226797103882,0.30856114625930786
Qiskit__qiskit-9085,2797ce48fe54625c61c84a2def734ec647c802bb,918,56,862,0.2532053291797638,0.37059879302978516
Qiskit__qiskit-9162,2c280c2fa6cda43da28934be979e49edcb787f1b,1170,2397,-1227,0.33645176887512207,0.03723207861185074
Qiskit__qiskit-9162,b7cb21ac8a1649245d57496842cd471cb2d927e1,1354,2287,-933,0.32254379987716675,0.06184825301170349
Qiskit__qiskit-9162,44ce2253fddf0ae5ff7c81da0bdf2ed0b345ed94,112,744,-632,0.43224596977233887,0.3339967429637909
Qiskit__qiskit-9162,950b2447d936e3d328c205a6949c94c1681af76a,2328,2665,-337,0.25698643922805786,-0.0529073067009449
Qiskit__qiskit-9162,cf2aa70a40444c181e79bc4fec31acd7101439d3,2362,2407,-45,0.253352552652359,0.03452301025390625
Qiskit__qiskit-9162,bb5c66fafe821838ee994ab9e1c5ba30cd24aba6,1663,2361,-698,0.3010091483592987,0.04574818164110184
Qiskit__qiskit-9162,ec27ef5239013bc44e908fd7a0940ee11c1f8c90,668,850,-182,0.37332379817962646,0.30820930004119873
Qiskit__qiskit-9162,430e7842278f2a03b1c81b75b5a0f1f9ec53910f,2701,2268,433,0.2029169350862503,0.06497038900852203
Qiskit__qiskit-9162,046452074aeb21d0fde5bef841116348aaab95a2,1431,1783,-352,0.316378653049469,0.1359047293663025
Qiskit__qiskit-9162,4756cb98ef6343445376ae8200ca9e4fed6fa80a,2775,1097,1678,0.17759087681770325,0.2627823054790497
Qiskit__qiskit-9162,346241d3b2cad8e9a23c72dc4beda9cd53385c88,2305,1967,338,0.2593438923358917,0.10994894057512283
Qiskit__qiskit-9162,4d460894aab2851b44d4f111bda44cff59ec23b7,2090,1584,506,0.27433955669403076,0.17217221856117249
Qiskit__qiskit-9162,fb346d6e56390fa8e37f5866bc479e3ca7c41a24,2404,2134,270,0.24928626418113708,0.08932438492774963
Qiskit__qiskit-9162,f811bea83f73b7e8f958de65d5f81d440c43aa56,1414,687,727,0.3177775740623474,0.34498071670532227
Qiskit__qiskit-9162,293e0a641e8a702b8daf5596a1b514ca7da295ce,1634,1181,453,0.3027220368385315,0.24911540746688843
Qiskit__qiskit-9162,7f5f9fcc700851628adb613627821bd6f78a154e,370,1053,-683,0.3967747092247009,0.2699490189552307
Qiskit__qiskit-9162,fc59ee355b95e543a09b00e40f729f97fcd31656,322,2423,-2101,0.40251457691192627,0.030205195769667625
Qiskit__qiskit-9162,4f59d1b9f6c21a52fdc34671aa50e78f1e79002a,960,1619,-659,0.3500113785266876,0.1652943640947342
Qiskit__qiskit-9162,3295bbf4b9c866e3adf0efc839d8d818a0210eb0,2780,1819,961,0.17541304230690002,0.12979552149772644
Qiskit__qiskit-9162,d23656620319bc18b291eaa9ea82629ceb9f7968,1698,480,1218,0.29874929785728455,0.38391000032424927
Qiskit__qiskit-9162,b20ca0cf9a8a0d3de4e2d9aa0b146a8d26c694d3,1699,2670,-971,0.2987060546875,-0.053851060569286346
Qiskit__qiskit-9162,874389147ac10dc7f3a30c21df444c4ab3af250d,1782,2242,-460,0.2932268977165222,0.06861080974340439
Qiskit__qiskit-9162,9db38aa71ab780c3e87300a5602e87ea52dbaff1,2375,2214,161,0.251725435256958,0.07497264444828033
Qiskit__qiskit-9162,3326d3dae1a3ab369cfa8c5d3a32bbbdac99d1c8,1561,1573,-12,0.3077712953090668,0.17521899938583374
Qiskit__qiskit-9162,9d0561c11c6d2f33520204b4dab88ada7f16bc8b,1102,1776,-674,0.3403717279434204,0.13756079971790314
Qiskit__qiskit-530,c1e1b68dd5990417f75b72589cfb12d5d36abf75,340,46,294,0.03316010162234306,0.43613627552986145
Qiskit__qiskit-530,2908e8ef5c4a50a89b1ba81552e8a07edee972bc,212,34,178,0.17805570363998413,0.45315074920654297
Qiskit__qiskit-530,d19123fcd445e2e77138b7f6d6c48f7cb17bc2f4,152,6,146,0.210555762052536,0.5378291606903076
Qiskit__qiskit-530,dcd1adaa80a726385923a77d8d227acbff2e9fe4,191,77,114,0.18849769234657288,0.3884604573249817
Qiskit__qiskit-530,6c5787b9381de25cdb22cf1fce0cb739c7940ad6,61,110,-49,0.26673391461372375,0.31816112995147705
Qiskit__qiskit-530,154011f5c7120c44f7101ea95d2052560686e22a,303,82,221,0.10695851594209671,0.37676802277565
Qiskit__qiskit-530,06dc4b05caced54e462d98a78f8ca4da079478ac,80,18,62,0.2536529302597046,0.4962752163410187
Qiskit__qiskit-1115,aa58784cf246592ea908ba77bdfbb92d1813d0a5,53,9,44,0.317807137966156,0.5550819635391235
Qiskit__qiskit-1115,10d59a2aa7f0d9dbf230a9bd590d647a230ee700,222,3,219,0.22095121443271637,0.642203688621521
Qiskit__qiskit-1334,b689562b701eacf9c4408084a7d68417c4c04700,208,2,206,0.15787401795387268,0.7278789281845093
Qiskit__qiskit-1334,4b2223bc099cde779de6cf9158aea20f7272c58e,141,4,137,0.175909161567688,0.7081626057624817
Qiskit__qiskit-9316,ce5178436abbb5fcd8ab3acb74c02228efc32112,115,13,102,0.42853015661239624,0.6307217478752136
Qiskit__qiskit-9316,089934e7dc8042c098b734ec465cd3c39af67fac,736,24,712,0.36523014307022095,0.6035764217376709
Qiskit__qiskit-2249,a1c9bb593edf65aeb748ec6dcaf9ffdb8f08196a,69,320,-251,0.27967527508735657,0.04616715759038925
Qiskit__qiskit-2249,572b8c2912e61883fcc11affa46dc9ad45433bb7,410,522,-112,0.1768963485956192,-0.10875993221998215
Qiskit__qiskit-2249,5175035344596c88e6bbaa6d70d09d08959fcd01,421,553,-132,0.17180891335010529,-0.15022316575050354
Qiskit__qiskit-2249,2ba81c19112b854cd68f745738f7ab32801d5593,285,430,-145,0.2143508940935135,-0.027895092964172363
Qiskit__qiskit-2249,bc9ff93ecaa6d9ce2b37779456e0b1909a18d6b8,375,481,-106,0.1849762499332428,-0.06358223408460617
Qiskit__qiskit-2249,5b8a417329ef5c2521dd895a6396c50262f1bcbe,395,425,-30,0.18052183091640472,-0.02414368838071823
Qiskit__qiskit-2249,38e5c105f54f00372c0a1094e5c97daf6c1e4f7b,189,520,-331,0.24236425757408142,-0.10585318505764008
Qiskit__qiskit-2249,1e7cb70a03cc6d0bab2a4bf7fd87fd2019a522bd,253,557,-304,0.2251068651676178,-0.15542016923427582
Qiskit__qiskit-2249,4fbed5d29fe291bfd0703bc4c125233294c93004,506,321,185,0.1339908391237259,0.04568301886320114
Qiskit__qiskit-2249,7c6e67f122448374c387cd7a246924ae41130149,496,433,63,0.13690185546875,-0.030459485948085785
Qiskit__qiskit-2249,5120a776e69e24978e9c9d484131f23cac1c6e88,278,317,-39,0.21650944650173187,0.04770475998520851
Qiskit__qiskit-2249,ac158049a29eb5dc939bf1356dd65f024d10c3ac,166,292,-126,0.24849218130111694,0.06228307634592056
Qiskit__qiskit-2249,13cd2b4347008169639ca6b4045c49854a9a75ca,59,176,-117,0.28561246395111084,0.1501791775226593
Qiskit__qiskit-2249,f2ee6fdaf19334a61b3541bb37d40a83c6fa91c8,373,340,33,0.18540161848068237,0.03318760544061661
Qiskit__qiskit-2249,b4d84c20e24776ff5b6ee2e6e24b51ad3e6f808e,386,410,-24,0.1824805736541748,-0.01055583730340004
Qiskit__qiskit-2249,ea110d666ce8596771e4fe4cd2bb735136d0cba4,326,401,-75,0.20046165585517883,-0.0035243388265371323
Qiskit__qiskit-2249,0c10ed57e24005169ab1e3e76e54b516c741a101,388,198,190,0.18207937479019165,0.13389423489570618
Qiskit__qiskit-2249,b75ff45ce5e06820574d87945ecbb36bd8a91ef5,475,217,258,0.14967693388462067,0.1170964315533638
Qiskit__qiskit-2249,3e3b888d7528b4f2acbcbabe68feced2d03a1202,5,547,-542,0.5002512335777283,-0.14325109124183655
Qiskit__qiskit-2249,8a9761348754291cfe20dc9c5d83574123782ac0,226,463,-237,0.23199841380119324,-0.049947794526815414
Qiskit__qiskit-2249,6a7f616b202b8a63a4342370669222f608305be3,549,435,114,0.09578871726989746,-0.030651234090328217
Qiskit__qiskit-2249,ce129e536e69540ada9dff60de39a991e2dc3970,130,284,-154,0.2579139471054077,0.06653068959712982
Qiskit__qiskit-2249,9e88ff2fbc10fdbdb2f93954b0a21f08443cbc10,307,264,43,0.2072329819202423,0.07990391552448273
Qiskit__qiskit-2249,6cea432c6693c5999b60245611be8e69975149d5,519,69,450,0.12181112170219421,0.2747271955013275
Qiskit__qiskit-2249,22b77a99af00d1134fb9388fa17e473eaa5eff7b,270,544,-274,0.21953992545604706,-0.13300365209579468
Qiskit__qiskit-2249,61609cb4766f5528b6890f1b77ee5b6ef92203ff,521,431,90,0.11985793709754944,-0.02970150113105774
Qiskit__qiskit-2249,e3dbdebfd5fa429abcef8031913c50ab0afbf5b3,283,563,-280,0.21531298756599426,-0.17284253239631653
Qiskit__qiskit-2249,898234c06b42f6d51b3e1dd76e00d2d1c38fcdf5,553,316,237,0.07836086302995682,0.0481431782245636
Qiskit__qiskit-2249,61037c2de9a9a561049b76f0c38fbd3445520336,335,460,-125,0.19807328283786774,-0.04746059328317642
Qiskit__qiskit-2249,3fdcfff5f72dd146a64e3f578f9800597b054c83,46,80,-34,0.29896706342697144,0.2586361765861511
Qiskit__qiskit-2249,2c1992a8cb5a531ec019b72e1ef4f0959e93c83f,54,258,-204,0.2917709946632385,0.08445534110069275
Qiskit__qiskit-2249,6619d470d67fd7cfdfe5e52d768855e7cd783bbf,40,41,-1,0.30643314123153687,0.3457581102848053
Qiskit__qiskit-2249,4958d8f0fc222a6d881d98871909e9ddac1e0d17,508,465,43,0.13264596462249756,-0.05119837820529938
Qiskit__qiskit-2249,d304af19aa7949e2cb8714887e3779abdc3b847c,297,53,244,0.2097896784543991,0.3081963062286377
Qiskit__qiskit-2249,55f2dabd7851adc009f61d61eee238a39df21ba0,237,453,-216,0.2298501431941986,-0.04279092699289322
Qiskit__qiskit-2249,33d2854e8d129ac862074e1ef8f47176614e338f,488,218,270,0.14145708084106445,0.11676827073097229
Qiskit__qiskit-2249,cc0ccbbd5f74beda1858ad8648b0c6e993149e3a,353,308,45,0.1917041540145874,0.05242794007062912
Qiskit__qiskit-2249,0e0b1a2d62b1606f3ad66ce8b72d59641144a51d,363,420,-57,0.18860715627670288,-0.021749604493379593
Qiskit__qiskit-2249,40cf9a354f2d71862e2c7a6a50b59be39f66fef6,309,506,-197,0.20714277029037476,-0.08642479032278061
Qiskit__qiskit-2249,63593a8713a59acea8c304c23225bee25fbe3af1,350,60,290,0.19340157508850098,0.2966434061527252
Qiskit__qiskit-2249,56e76a5b5bbdadac80aebe895d8213f68c74b3c0,123,439,-316,0.2610892057418823,-0.03258083388209343
Qiskit__qiskit-2249,37d7861bc0a542fbc6000f81726cc600bcd9e5a5,418,380,38,0.17354846000671387,0.007640115916728973
Qiskit__qiskit-2249,e83a02d58150bc74917c80cde65dac6a815c8c91,4,531,-527,0.5073633790016174,-0.11814674735069275
Qiskit__qiskit-2249,2ffee49c96f6b0d4e726b20ab221ca6cee9b27eb,510,469,41,0.13069617748260498,-0.0554710254073143
Qiskit__qiskit-2249,51ed9748f50bb49ad7c826309dc713e831e6e669,368,537,-169,0.1871972382068634,-0.12347370386123657
Qiskit__qiskit-2249,d9839bda2155179352b72baeb1c187f7fcd7589d,450,441,9,0.16190564632415771,-0.03363750874996185
Qiskit__qiskit-2249,7eb171023d5dbc964ef5393bfa2cf775be248623,187,49,138,0.24361586570739746,0.3169700503349304
Qiskit__qiskit-2249,d0af73cac24c151147fe0bbe18f570f6b9ba1f38,264,437,-173,0.22148564457893372,-0.03179461508989334
Qiskit__qiskit-2249,504d9c3bfc470c9eab5825fcf57396fe07563686,342,225,117,0.19579288363456726,0.112311452627182
Qiskit__qiskit-2249,0b7b8730bbfa90c258f0d86b422baa369ad90c62,493,182,311,0.13821007311344147,0.14364859461784363
Qiskit__qiskit-2249,46263dcbd446911d5f7e3e13356fc4f36566dddf,212,318,-106,0.23596042394638062,0.0476049929857254
Qiskit__qiskit-2249,f90d431f2e4b78dbd019cd72fe677b67625c9909,476,530,-54,0.14940324425697327,-0.11765380948781967
Qiskit__qiskit-2249,4bd360080e162d6a7e2e688094dc7a0a3d68340a,267,427,-160,0.22073614597320557,-0.02649773471057415
Qiskit__qiskit-2249,43977c506993be00b98f761ef97e51a16ece7000,56,298,-242,0.290325790643692,0.05945587903261185
Qiskit__qiskit-2249,5aae1ad5565678c18d15ef572935ce73ffcdae8f,198,548,-350,0.24054399132728577,-0.14387157559394836
Qiskit__qiskit-2249,95fa4abf238c42c0b7d4161e1216c6a7e6e68b26,214,352,-138,0.23541249334812164,0.02544674277305603
Qiskit__qiskit-2249,f0dc26267c55782ae6ffa1b33b62e4749b081b6f,444,241,203,0.16342739760875702,0.0948513001203537
Qiskit__qiskit-2249,8983660e43b39cb2933ca4357768d2a8de2f20b8,238,539,-301,0.22938764095306396,-0.12567095458507538
Qiskit__qiskit-2249,71f03777c63db4836139c8b726c8205df4db0e19,105,505,-400,0.2662622332572937,-0.0859939306974411
Qiskit__qiskit-2249,490af95ebaf7d205e03c0eb98e8ce933234e319f,206,301,-95,0.2384997010231018,0.05799361318349838
Qiskit__qiskit-2249,7b9c91a7f78533798ce273cdc6cd42e1b49f4635,272,589,-317,0.2194107323884964,-0.2557218670845032
Qiskit__qiskit-2249,d616b137721dd37cf5fdb44de919a23c249ca5fb,95,124,-29,0.2709543704986572,0.19431763887405396
Qiskit__qiskit-2249,c0e8a95d02a0399b761239d6f4cafd50d3721f51,321,577,-256,0.20157238841056824,-0.19627301394939423
Qiskit__qiskit-2249,9058b4f1c2ccf3c4681012cd888670b733f2b6ca,443,373,70,0.1646467000246048,0.012983054853975773
Qiskit__qiskit-2249,6590ad708f57ce4f0f670e2e7c6513fa66b35618,473,449,24,0.15034231543540955,-0.039005961269140244
Qiskit__qiskit-2249,d8fa0b17f0339c907e1068843829011f94c7912b,157,285,-128,0.25132906436920166,0.0664500892162323
Qiskit__qiskit-2249,d8429bfb457e84f02ac7c293a0218093e009930a,299,369,-70,0.20952212810516357,0.015547104179859161
Qiskit__qiskit-2249,d12b7f6ef6808d590ca2aa39eb05ffcd4ad8ad2a,265,549,-284,0.22125478088855743,-0.14427773654460907
Qiskit__qiskit-2249,d25ca7d5f14a1f372d7dc45c13ce0b2129d41216,425,389,36,0.1703115701675415,0.0019222628325223923
Qiskit__qiskit-2249,3fd366a835bca26d180f9e4e13b718657cae3f81,400,480,-80,0.17910146713256836,-0.06299649178981781
Qiskit__qiskit-2249,7de312a550a0a7d674c80c3ef8a20bc3c0371dd9,486,153,333,0.14347849786281586,0.17176225781440735
Qiskit__qiskit-2249,97de43d964010dfd3be7e70ed08d5a84d8b098c5,434,362,72,0.16642484068870544,0.019944021478295326
Qiskit__qiskit-2249,256360830d813ec733d7cf4b382f540ff5ce3753,144,396,-252,0.25474271178245544,-0.002142969984561205
Qiskit__qiskit-2249,38d0215cb839586c2b9cf487d6a8ad29777c3c62,291,50,241,0.2124735563993454,0.3107236623764038
Qiskit__qiskit-2249,4a197d93d215dbc3b6666da1341dde3f9b79e4ba,537,383,154,0.1099676638841629,0.006899555213749409
Qiskit__qiskit-2249,66ef1c061df6912741db8486c95217a31d5fae7e,256,99,157,0.22459754347801208,0.22969681024551392
Qiskit__qiskit-2249,5f8cd759b57f3caaf18a9f497e83ac75ca22e585,284,450,-166,0.2152079939842224,-0.03960975259542465
Qiskit__qiskit-2249,435b302e7811c061a4e72175275d2787b389dcac,295,414,-119,0.21025116741657257,-0.014208262786269188
Qiskit__qiskit-2249,74100834fccb857d88ae07a0ce7eeca8818d20bc,239,255,-16,0.22891268134117126,0.0874481201171875
Qiskit__qiskit-2249,649cad656957a0c5a2477225645437136ddcca41,311,187,124,0.20622053742408752,0.1403161585330963
Qiskit__qiskit-2249,d4f8e92ac514db357365919068f31b389b2d08ff,354,325,29,0.19148100912570953,0.0387481190264225
Qiskit__qiskit-2249,9c97040364f5c5b60a3c3c6e7842487469292822,250,141,109,0.22631388902664185,0.1795419454574585
Qiskit__qiskit-2249,294bde26aa728258cdaa8f0faf90a3d5a5bc528e,255,33,222,0.22474756836891174,0.3682713210582733
Qiskit__qiskit-2249,c6343a4f2a8130052e457976c2504cd6167362aa,433,110,323,0.16720332205295563,0.214758038520813
Qiskit__qiskit-2249,16fd1fdd88c4768b27f7d441ec710c703bb703a1,524,148,376,0.11784909665584564,0.17303703725337982
Qiskit__qiskit-2249,b86265c5d333ec98a3cde86a9ce370312d621d2b,529,464,65,0.11429613828659058,-0.050060100853443146
Qiskit__qiskit-2249,e771c0479e149dd0d12e9b7da3f6d9cdde2dd6b8,260,555,-295,0.22268900275230408,-0.15186387300491333
Qiskit__qiskit-2249,e7b2c83cf965f7cf298b4d3dd89faf48e64ef146,504,479,25,0.1343175172805786,-0.06271009147167206
Qiskit__qiskit-2249,896e26d9394a1984d84c3dff55c0b3a0aaa0d242,402,138,264,0.1788044571876526,0.18136946856975555
Qiskit__qiskit-2249,300d71bd68fc281cc1a9c067b9804903166015a8,127,178,-51,0.2588968873023987,0.14726188778877258
Qiskit__qiskit-2249,e57fd97d97c60f406723d2840d6d4413737193e8,204,167,37,0.23917153477668762,0.15778400003910065
Qiskit__qiskit-2249,e30ec72601306e77b27d9b415da1d85e5cbb329e,498,166,332,0.1366995871067047,0.15828894078731537
Qiskit__qiskit-2249,c6cc804fa599277bf76408441c496cbca0419ff6,224,56,168,0.23225581645965576,0.30357974767684937
Qiskit__qiskit-2249,a09da522dcf93200130cda2dbc35b879dcffe110,310,578,-268,0.20639722049236298,-0.1970260590314865
Qiskit__qiskit-2249,9cc2352ca10acf4fe585c3f39ea16e321af60e9a,558,381,177,0.0735505223274231,0.007492382079362869
Qiskit__qiskit-2249,3248009e803e4cf411af38086fb78e19e643fa41,325,387,-62,0.20097652077674866,0.002626135479658842
Qiskit__qiskit-2249,4b72a8b8ba4035b591694982869c45c5644fa677,436,417,19,0.16602489352226257,-0.018645422533154488
Qiskit__qiskit-2249,c3a9b1163206473b901d027a5afe159750bce883,512,137,375,0.12945547699928284,0.18225741386413574
Qiskit__qiskit-2249,5b53272b67484ca1dbd0df68e594002d4e7f0fec,474,571,-97,0.14969667792320251,-0.18873585760593414
Qiskit__qiskit-2249,70dce516ad93a936256b7f1401ceeb8811294e0a,494,351,143,0.13820074498653412,0.025740109384059906
Qiskit__qiskit-2249,111cd9ccbadc9239a137d5088529246f2db5da21,168,276,-108,0.24780471622943878,0.06982218474149704
Qiskit__qiskit-2249,780d3501dd27e2668fed57bd8667eab688a8d219,525,395,130,0.11646817624568939,-0.001255841925740242
Qiskit__qiskit-2249,c7d73814a6c4ca5180379a11658b29724b233ce5,316,256,60,0.20413655042648315,0.08595122396945953
Qiskit__qiskit-2249,591b2f58f472f769ff4cf95b3a095ff1c998058f,180,314,-134,0.24593105912208557,0.049050360918045044
Qiskit__qiskit-2249,8532c58b192faba02023d1e73c8efa6f0fe50208,420,482,-62,0.17271549999713898,-0.06440083682537079
Qiskit__qiskit-2249,fc8598c1ed6c51d3338c385371ea07c75fe902cc,276,483,-207,0.21697264909744263,-0.06666991859674454
Qiskit__qiskit-2249,daa068e5443dfe7d94c768e29d72e191cb7e9a02,83,173,-90,0.27507954835891724,0.1522160768508911
Qiskit__qiskit-2249,d432fb942cf7d526857196f0fd2d27070ab330ef,484,348,136,0.14467328786849976,0.027692342177033424
Qiskit__qiskit-2249,c57243eb9e3625f89f05d088b0d8bf454e223912,42,467,-425,0.30401623249053955,-0.05421058461070061
Qiskit__qiskit-2249,e11162dc85e2238ec554727fa570267a696b1386,343,326,17,0.1954297125339508,0.038514234125614166
Qiskit__qiskit-2249,addb9928abe538aac7a9bc6f6a632eff66f4b2be,19,76,-57,0.36551472544670105,0.26499176025390625
Qiskit__qiskit-2249,a002920eb5d7a428fdeaf26b3528bcdc18af468a,371,163,208,0.1862083375453949,0.16133791208267212
Qiskit__qiskit-2249,169810fe35af0a4558b08c36c12862f7599e13af,447,446,1,0.16262227296829224,-0.03641814365983009
Qiskit__qiskit-2249,7bd4ea1b57c119f7001fcaf1033fb224615e1abe,227,508,-281,0.231745183467865,-0.08870954066514969
Qiskit__qiskit-2249,36b65b39cb10610a65e68fa2309936761a7e253f,487,296,191,0.1429033726453781,0.061829544603824615
Qiskit__qiskit-2249,fbf244f4cef71ca327e5ebe53bcfdb5eac006244,344,409,-65,0.19527319073677063,-0.010065814480185509
Qiskit__qiskit-2249,48be42c667e3a0eccdecf93276bdb27ee126eed8,266,528,-262,0.22080455720424652,-0.11603103578090668
Qiskit__qiskit-2249,775eed66a057205bd3dbdbbbd11edb5e144fb119,477,133,344,0.14879417419433594,0.19050249457359314
Qiskit__qiskit-2249,d032862fd881e2ba23c7c5586d4e7a731525826d,12,445,-433,0.43220701813697815,-0.03586219251155853
Qiskit__qiskit-2249,c661b9db2cf9499993e69cb4dc303ab16860c4ca,515,195,320,0.12658165395259857,0.13441619277000427
Qiskit__qiskit-2249,549ae1a76df2d393f3e4f950cb30444be0d60ede,341,98,243,0.1961284875869751,0.2327161729335785
Qiskit__qiskit-2249,ea782731b19292b4aaade98e58955e8706f51a75,361,239,122,0.18970605731010437,0.0964646264910698
Qiskit__qiskit-2249,954cc8dc0803f33cef72a063e3a0bcc98f1015ac,261,538,-277,0.22251982986927032,-0.1254986673593521
Qiskit__qiskit-2249,57367f9259c0351ee554ed0a55059394af9ccedd,367,330,37,0.18744218349456787,0.0375138595700264
Qiskit__qiskit-2249,738edcd04d5c662f9c7979fc796e21d888652a92,360,243,117,0.1898830235004425,0.09209872782230377
Qiskit__qiskit-2249,47bb754894187f0e57579bbc08295707730c43d9,412,504,-92,0.17582044005393982,-0.08547631651163101
Qiskit__qiskit-2249,1f042b74146278a28f84a270bb6b2881c77a2e30,282,335,-53,0.21533417701721191,0.03632481396198273
Qiskit__qiskit-2249,b79efbde10a6590a19557c2ab12198f8285ef4e4,381,524,-143,0.18353821337223053,-0.11065930128097534
Qiskit__qiskit-2249,3951e828360f6ab94fd8decad5f5e8f0835aa78a,172,238,-66,0.246905118227005,0.09746161103248596
Qiskit__qiskit-2249,34dd5c749ad1c179b9d5d678738a9f6514b496d0,286,221,65,0.2142498791217804,0.1157333254814148
Qiskit__qiskit-2249,0b3d30bf9b66ade9b4f5e94b8da29630c40fd67b,550,349,201,0.09561800956726074,0.027151133865118027
Qiskit__qiskit-2249,dabe0f9e2a652e67ae67ba1e499a372fdbffb43a,254,376,-122,0.22494818270206451,0.012001050636172295
Qiskit__qiskit-2249,0d536e1c7f09752deb4d9bb97dd84805fbaacb2e,290,473,-183,0.21300190687179565,-0.058517806231975555
Qiskit__qiskit-2249,009043bda88200f34a50775db73a3db1895d545d,175,493,-318,0.24632246792316437,-0.07368504256010056
Qiskit__qiskit-2249,901516e3ea339016b35a05d0784d972c41c13c4d,556,299,257,0.07592922449111938,0.05908457189798355
Qiskit__qiskit-2249,d1f53f860f7c398982312eb78dc2e72972a236e9,424,112,312,0.1707855463027954,0.21068626642227173
Qiskit__qiskit-2249,f2f9121b6ab22505346a196850382f23b2d024df,435,199,236,0.16628600656986237,0.13359245657920837
Qiskit__qiskit-2249,48a8b918fbac2392868cfc39d5cd8d21ea59e66d,223,518,-295,0.23280847072601318,-0.10370033979415894
Qiskit__qiskit-2249,f0cb372b7335c501ff4a236b40cc0bdf0d764a21,531,215,316,0.11386844515800476,0.11905349791049957
Qiskit__qiskit-2249,d1862f6e6112dd06caa8e9d759ca2a1dee91a7ad,533,322,211,0.11327344179153442,0.04541797563433647
Qiskit__qiskit-2249,e7033c231b0b964221c29d0b4f0cf0675ef9c89c,459,210,249,0.15892787277698517,0.12362334132194519
Qiskit__qiskit-2249,33accdce395f022b555af1a45aa7f373d75e3e1c,329,502,-173,0.19987747073173523,-0.08477286994457245
Qiskit__qiskit-2249,4ab73144b4478ee7744424cca15f27716c6db24d,543,364,179,0.09974554181098938,0.017817193642258644
Qiskit__qiskit-2249,58d43f551a8facbd76ad0e722edfd5c71c56530d,542,372,170,0.09991547465324402,0.013185447081923485
Qiskit__qiskit-2249,1c1ef22d1789c69f8da3532a46effb88d5322b46,304,333,-29,0.20829761028289795,0.03663457930088043
Qiskit__qiskit-2249,bb08f3f8180f20eea8e6cec909bc9c681102f74c,331,94,237,0.1994709074497223,0.2351977825164795
Qiskit__qiskit-2249,1c7f265e24989dbc8475043371f9a4dc6d9b6a90,480,388,92,0.14571113884449005,0.002072548493742943
Qiskit__qiskit-2249,c0c27e554c409c928f92bc6018c934c898d83ee4,432,534,-102,0.1672229766845703,-0.12158875912427902
Qiskit__qiskit-2249,07a916992822421fb159a78f7ca9385b4538ed18,334,448,-114,0.19902066886425018,-0.03818391263484955
Qiskit__qiskit-2249,57ba73dd00211471c69a7812d63452b814073bdf,241,398,-157,0.2288152128458023,-0.002244792878627777
Qiskit__qiskit-2249,ade57aaa853123fbc42c5cdd055a72530458d3c1,195,152,43,0.24094754457473755,0.17180325090885162
Qiskit__qiskit-2249,015102476b99ff997943c5da6e6a5751fc89f500,565,402,163,0.051318343728780746,-0.0038437414914369583
Qiskit__qiskit-2249,77bbf7add56557fe549498ca97a37be52aafac3e,532,114,418,0.1135619580745697,0.20886167883872986
Qiskit__qiskit-2249,8ab98a949a49711b847b798466b2cf1b608f8ab0,555,286,269,0.07728483527898788,0.06625459343194962
Qiskit__qiskit-2249,dac140f9654a1b2956b011e2236df77f8a8fc6e8,211,67,144,0.23663903772830963,0.27761924266815186
Qiskit__qiskit-2249,33d0077ae0f8c0d2450c0bce627969046d774af5,26,461,-435,0.3384507894515991,-0.048511914908885956
Qiskit__qiskit-2249,c269c8621d8b25380c0bfead82cee02360a968be,337,468,-131,0.19767367839813232,-0.05421687662601471
Qiskit__qiskit-2249,3ef4a07f1863a09f68999fe1240b87aea5ccce89,491,204,287,0.13875305652618408,0.12883532047271729
Qiskit__qiskit-2249,5229c46a006eb45f02c13c0aa436a8a2f3909d40,454,206,248,0.16046090424060822,0.1275126338005066
Qiskit__qiskit-2249,e26bf5384cdfe071da1f68b3e58e5b23500a74fb,423,51,372,0.17086738348007202,0.3107158839702606
Qiskit__qiskit-2249,31fdd1482b311f9e576df502b3e3694f2441ecf8,205,532,-327,0.23866727948188782,-0.1182231456041336
Qiskit__qiskit-2249,08e9c20f15ae8b8b18b3ca0659bb3ed944fbf463,271,377,-106,0.21953341364860535,0.009837711229920387
Qiskit__qiskit-2249,9a8c224eaacc6c99cc778511512c5710b9039e05,113,478,-365,0.26336246728897095,-0.06205418333411217
Qiskit__qiskit-2249,10ef4c440aa5779b178ee464e951bec2a9eeee5f,566,499,67,0.03642459586262703,-0.08095739781856537
Qiskit__qiskit-2249,37d0a3480859f4b6a47dda519ee0d4f013f2f679,540,422,118,0.10348783433437347,-0.022347401827573776
Qiskit__qiskit-2249,2c04de9b0a7075f75e2ac2e49f3c90e0210a365a,159,512,-353,0.2509191632270813,-0.09511208534240723
Qiskit__qiskit-2249,2ea99c4d559293901b06de3176495462985b4a7d,63,419,-356,0.2815943658351898,-0.019525855779647827
Qiskit__qiskit-2249,ebaaf6e591f19d7fe1a6eab578c1ce68503bcba3,528,510,18,0.11438192427158356,-0.09028370678424835
Qiskit__qiskit-2249,d34fc8ab7a2f79aa0212805e08fdb030aee19903,481,337,144,0.14542873203754425,0.035077594220638275
Qiskit__qiskit-2249,f41e920245743bfb45e13725af2b945a82d0698c,22,144,-122,0.35634350776672363,0.17608317732810974
Qiskit__qiskit-2249,0757fe983af1813abf9a37bfca47a2ead2621b47,497,440,57,0.13687948882579803,-0.032951101660728455
Qiskit__qiskit-2249,e69afae741859fe05b5f191d930aaa0cc0138694,35,386,-351,0.3192223608493805,0.003769972361624241
Qiskit__qiskit-2249,8f9919f2895e3c32df158dc536e9c51e6ac1c851,72,223,-151,0.27843740582466125,0.11372032761573792
Qiskit__qiskit-2249,d7c187a2d745f96dc88547acf349d716887ccf0c,478,329,149,0.1474798023700714,0.03771338611841202
Qiskit__qiskit-2249,c85abdab9568ffa50883d2ce05a00c4dc5da3465,383,374,9,0.18299579620361328,0.01205434463918209
Qiskit__qiskit-2249,689b55cb82b8933dcf0c1b32c28360362332c44c,359,466,-107,0.1906096339225769,-0.05257356911897659
Qiskit__qiskit-2249,16ed15a36510d340c381d88a98e8272c210f11c2,27,309,-282,0.3344460725784302,0.052072688937187195
Qiskit__qiskit-2249,1f156f3ae92b2cf86431562faf4d65e65ea461df,258,582,-324,0.224522665143013,-0.21731489896774292
Qiskit__qiskit-2249,e66c0493eaf0a9c2a23c8e26914fa4860b7e6592,513,501,12,0.12782591581344604,-0.08340983092784882
Qiskit__qiskit-2249,b51c29dce91e223dce1ebf5d243a11345405d347,362,290,72,0.18953146040439606,0.06343209743499756
Qiskit__qiskit-2249,a25666a29889c7b93cf850d6b62d9d799efcf7ce,277,560,-283,0.21690186858177185,-0.16177910566329956
Qiskit__qiskit-2249,efccd9227aabb30d1a525180621dbf89d861b82d,378,413,-35,0.18436267971992493,-0.013722633942961693
Qiskit__qiskit-2249,978d52e5ca75ef0ef186a09e9ac9eb82d4b9b3c4,456,516,-60,0.15921127796173096,-0.10242089629173279
Qiskit__qiskit-2249,6db939ded3054b836d4cb3961df4643512ce1bf0,135,429,-294,0.25655946135520935,-0.027296805754303932
Qiskit__qiskit-2249,55552126ebbd46087d091f3f2e6248d74fff4d40,379,68,311,0.18420785665512085,0.2774549126625061
Qiskit__qiskit-2249,9157eafec8750ca5c7919b3e571b19424eb825b7,302,540,-238,0.20876182615756989,-0.1285819411277771
Qiskit__qiskit-2249,8492cd6280ab107e21cbfe8606d4ebf08a73d535,505,183,322,0.1342582106590271,0.14237801730632782
Qiskit__qiskit-2249,a644d6c825ba60e34920a613d1e3deda4a86f1ee,536,293,243,0.11024771630764008,0.06223295256495476
Qiskit__qiskit-2249,64160c8fd9240ee484a315db3a54a0c61ce03a6d,128,515,-387,0.2586071193218231,-0.10019464790821075
Qiskit__qiskit-2249,07fcf187eaa6f6ca33a26a6031264550bd770778,220,475,-255,0.23353584110736847,-0.05954398587346077
Qiskit__qiskit-2249,e841c347b467911ba8f03598d2b787f498c4aaf9,523,102,421,0.11866448819637299,0.22377215325832367
Qiskit__qiskit-2249,62bd2107496392a2d1decff84712cc58e662a687,431,543,-112,0.16726401448249817,-0.13184094429016113
Qiskit__qiskit-2249,15dabacd8ea2fb7c510a1ff65be113c3cac0816e,466,550,-84,0.15664002299308777,-0.14429178833961487
Qiskit__qiskit-2249,ef181e2bafef95afcf791f0c67fdb5de7816a235,511,26,485,0.12951190769672394,0.3954095244407654
Qiskit__qiskit-2249,72a4c0959a604e3c0cf6b4eadbf812ee40c7dcbb,148,32,116,0.25412899255752563,0.3729506731033325
Qiskit__qiskit-2249,01284ea8964204deada91be5bd2ab15fda138587,557,366,191,0.07510519027709961,0.016102883964776993
Qiskit__qiskit-2249,74d6c173de58a3e194074e350ffff6c94b1ea0f7,548,269,279,0.09606840461492538,0.07395480573177338
Qiskit__qiskit-2249,a2cf50fc5770c798c50099743b2ffb9c9df56b30,377,15,362,0.18454164266586304,0.4359930753707886
Qiskit__qiskit-2249,05844209f518504f718921691d872d642d87eaf0,242,559,-317,0.2288086712360382,-0.16030892729759216
Qiskit__qiskit-2249,6cf92238a27b058b29ac1ee165afdc5fd30b9dc0,464,570,-106,0.15720689296722412,-0.18742842972278595
Qiskit__qiskit-2249,40d89a6db4c6b5e1a07eed580e0610caf899484f,401,415,-14,0.17896419763565063,-0.01706584542989731
Qiskit__qiskit-2249,d68a2f4ae94b4c47d1662606071636f69eb8a1fc,182,169,13,0.24534699320793152,0.15674962103366852
Qiskit__qiskit-2249,18aee1daee36173550e175fedacb94a4900a6d80,213,277,-64,0.2357376217842102,0.06910865753889084
Qiskit__qiskit-2249,37813b9440407e742ba88425ec31daa32acde8b0,246,443,-197,0.22790047526359558,-0.03553087264299393
Qiskit__qiskit-2249,dd12f5aab49f0ce8b8dfa768760d4d6a56887792,485,214,271,0.14367881417274475,0.11929178237915039
Qiskit__qiskit-2249,69d79948059f4ff53edf64456e267b49b69d0835,429,251,178,0.16780200600624084,0.08874961733818054
Qiskit__qiskit-2249,7daa900bdd86db71bd01843b61b3716e2e3e975e,380,535,-155,0.1836729645729065,-0.12230987101793289
Qiskit__qiskit-2249,4fd32fa143000fae8a06b2cf3b260957f51670f0,426,498,-72,0.1689390242099762,-0.08036282658576965
Qiskit__qiskit-2249,ebf528e3ab212e2a21acd04f5062829348fa3f9f,396,119,277,0.1802603006362915,0.20005767047405243
Qiskit__qiskit-2249,b2fd75547bca946cef3a32e26fa35c32ed8ce521,287,203,84,0.21379803121089935,0.12926575541496277
Qiskit__qiskit-2249,be394900aa50297a2c85a9169e9ddf6860e266f8,546,259,287,0.09758248925209045,0.08362556993961334
Qiskit__qiskit-2249,071fb2157fc06fe746e55093d3d3e12237ad80c7,275,590,-315,0.21802887320518494,-0.2725197672843933
Qiskit__qiskit-2249,e1c90dd30ca0cdbfe574997426333e1776480735,541,418,123,0.10034208744764328,-0.018947813659906387
Qiskit__qiskit-2249,dabc9496cdf8f37a43b0de5bedd64f2a8f7479d4,48,245,-197,0.29806771874427795,0.09182412922382355
Qiskit__qiskit-2249,8fed3569fec7f5f33adb5c9654e1cd3d1f057c36,146,488,-342,0.2546267807483673,-0.0712512955069542
Qiskit__qiskit-2249,b24beb91927ff6c2567e477b9fdf3fec73df8bc9,499,477,22,0.13652195036411285,-0.061454154551029205
Qiskit__qiskit-2249,a030558b2037a2100ca5f6e09abcf8e4013e6c39,29,513,-484,0.330778032541275,-0.09778313338756561
Qiskit__qiskit-2249,e74f144831d1db99840cf560457abdebc317d985,389,514,-125,0.18183287978172302,-0.09828323870897293
Qiskit__qiskit-2249,4217cc317d5813aabc866698f73afe90f91f05de,364,229,135,0.18853157758712769,0.10429907590150833
Qiskit__qiskit-2249,368b901146955fb22d3a5c1eb46fa75ce5123dd6,305,394,-89,0.20815685391426086,-0.0012459424324333668
Qiskit__qiskit-2249,a217d011dc8ebd90b1570cd76626ba03c1e57eb7,176,35,141,0.24615108966827393,0.3636259138584137
Qiskit__qiskit-2249,78589f83955f112c6b6dfac902eb4f0664717c7f,479,70,409,0.14699146151542664,0.27281972765922546
Qiskit__qiskit-2249,db012ca6c679a661f5c6cabb9174d758cec777e1,262,434,-172,0.22245831787586212,-0.030562283471226692
Qiskit__qiskit-2249,5eaea22b90442d7a32e809b8e88b7e384fc1752d,201,562,-361,0.24012646079063416,-0.16653656959533691
Qiskit__qiskit-2249,0f15b49e3417aa47b75dc907f9b1f92aa04df4cf,517,471,46,0.1258971095085144,-0.05751236528158188
Qiskit__qiskit-2249,238e5278344292ebc62ea19aff765bfc678760a7,414,280,134,0.1752300262451172,0.06889192759990692
Qiskit__qiskit-2249,af82e1b4791f9cc4059973451e2feb81207a24e6,236,356,-120,0.22995053231716156,0.022436819970607758
Qiskit__qiskit-2249,1b742b3f761c6aa23811cd4706db8dbbed1c8fe3,87,131,-44,0.2745744585990906,0.19142577052116394
Qiskit__qiskit-2249,076b6023d20d5abb19d157fb99a966d9ce516eb0,422,400,22,0.17168155312538147,-0.00324244424700737
Qiskit__qiskit-2249,610a02a1c9833e7190da6e21d9935bd84784adda,274,588,-314,0.21856828033924103,-0.2508317828178406
Qiskit__qiskit-2249,d90fb318d764b5c2a8b91f7c3f997b573753e5bd,169,344,-175,0.24730366468429565,0.031069209799170494
Qiskit__qiskit-2249,1ad5cf0b1218f72b2c552ddd4e15a9dcd3bf9d02,247,573,-326,0.22748057544231415,-0.19356942176818848
Qiskit__qiskit-2249,f7a10ba135f1776b64fb584d4a237de70a3fa65c,407,536,-129,0.17777833342552185,-0.12338028103113174
Qiskit__qiskit-2249,a6bb7c52b3211b5ae56d0add9cb44f68e33efa03,427,459,-32,0.16836412250995636,-0.047052014619112015
Qiskit__qiskit-2249,24de5ca16a0d0ae90b5256c9c9600c3caa81e6a6,411,27,384,0.1768898367881775,0.38375788927078247
Qiskit__qiskit-2249,ae4489dde310d8d7e7ab428f7c5e30cb8bbb98ca,520,249,271,0.12079204618930817,0.090355783700943
Qiskit__qiskit-2249,f04e935cc64170855f76152db6394f563bb1d197,50,311,-261,0.2963947057723999,0.05018235743045807
Qiskit__qiskit-2249,b2a58dc045bdc194003c3845ad3ba59fbad5819e,409,350,59,0.17730672657489777,0.026988334953784943
Qiskit__qiskit-2249,bf7ae36364a9d84e88eca6743f9cf29a561a1b73,490,310,180,0.13976694643497467,0.051753729581832886
Qiskit__qiskit-2249,cc08706343834410892781a2275ae62c7988d3ec,79,291,-212,0.27597495913505554,0.0626603439450264
Qiskit__qiskit-2249,5e948c37fba69f83b2036bb4f80f0fc2658b5553,468,287,181,0.15285217761993408,0.06504790484905243
Qiskit__qiskit-2249,5baa86d4b6f09546b8b94052228d65681c521819,268,100,168,0.2205832302570343,0.22525352239608765
Qiskit__qiskit-2249,261f03512828649f8ba9cf2bae121532056ccee9,240,312,-72,0.22883333265781403,0.05017438903450966
Qiskit__qiskit-2249,1f78ef06a01fc7cdb8089e8ffe112254825b0e04,338,184,154,0.1974228024482727,0.1421571671962738
Qiskit__qiskit-2249,268560a88f196a542f20d8d56b8ddd65ce05c8b5,221,140,81,0.2332615852355957,0.17993944883346558
Qiskit__qiskit-2249,52f67a199d5059589680545367bb79e6fe722c23,229,172,57,0.2314521223306656,0.15465274453163147
Qiskit__qiskit-2249,721f9ee196606e70882dd15078581f05c9b24c98,177,327,-150,0.24612995982170105,0.03828419744968414
Qiskit__qiskit-2249,bf2d7faf659f2e506a2b493672659f87a6fd762e,279,586,-307,0.21640372276306152,-0.23692908883094788
Qiskit__qiskit-2249,4b836a6d116de941f40acf79d3dd32d96b7448bd,52,59,-7,0.29309046268463135,0.29769811034202576
Qiskit__qiskit-2249,7d85e1075f6f7911f4df8f8d78088ce9738ce773,107,574,-467,0.2660936117172241,-0.19507214426994324
Qiskit__qiskit-2249,bfd403682da01c8ff4827fc624c0f2821fcef993,134,261,-127,0.25687751173973083,0.08230816572904587
Qiskit__qiskit-2249,ffe9db359b4809ecf2a7f5540da2246b5e858f91,73,412,-339,0.27841252088546753,-0.013057708740234375
Qiskit__qiskit-2249,d6bd502f3699ad11df611f89f2ec900dc012c5a6,294,23,271,0.21093419194221497,0.4026879072189331
Qiskit__qiskit-2249,707451bcf44af6f5bc0ea040a6c120fc1cb91324,398,406,-8,0.17954502999782562,-0.007861634716391563
Qiskit__qiskit-2249,54576d39576815db2249d38696bbaaf2bcd1af14,516,462,54,0.12637080252170563,-0.04901181906461716
Qiskit__qiskit-2249,b2f92d869b3c4f40a4889fc8c51dcfd35be93fdc,108,551,-443,0.2652328312397003,-0.14598535001277924
Qiskit__qiskit-2249,a5d0cfb272396648b8898158c2cb335157085139,251,484,-233,0.22622740268707275,-0.0677354633808136
Qiskit__qiskit-2249,d4018d1d3d3e34e3d0cf2aefa1474efe77e8206c,314,46,268,0.20484647154808044,0.33321067690849304
Qiskit__qiskit-2249,3876475ab9cd59daa50c28075ed4408e46d21de1,547,403,144,0.09625275433063507,-0.003898818977177143
Qiskit__qiskit-2249,18aba8320f24d56a2f66c015200f81e67529cc82,114,492,-378,0.26271820068359375,-0.07362408936023712
Qiskit__qiskit-2249,eea0be50275b80f87d99560a3c5970214c89dbf9,23,202,-179,0.3524436950683594,0.131081223487854
Qiskit__qiskit-2249,92a9533f4ee25feb03c9913dac510dd95227d75f,563,19,544,0.06374768912792206,0.41087013483047485
Qiskit__qiskit-2249,da1581561a9824a0583dcef3d1446c645afd0fae,413,436,-23,0.17563840746879578,-0.03099180944263935
Qiskit__qiskit-2249,16a45a52070f1f8241bf342b91cd273877572e46,312,490,-178,0.2061167061328888,-0.07272781431674957
Qiskit__qiskit-2249,01328e62a9a2829c1fbc8805e758ca1f0af1dfcb,539,3,536,0.10433638095855713,0.5441404581069946
Qiskit__qiskit-3663,86686bcadffaf1cd0d51fe6a5b09943bd52a0153,487,2,485,0.28354281187057495,0.5201659798622131
Qiskit__qiskit-3663,ff4e6c0326cc130d9dfd25eaa45a99e3ee28fd2c,390,1,389,0.301072895526886,0.5210692286491394
Qiskit__qiskit-3663,438ffd2ceded2bbefcf1497a48328fc7e9044edf,303,3,300,0.3159669041633606,0.50885009765625
Qiskit__qiskit-2024,11e2a8b0d39226b284d2cd9f52cdd5ba526f5e70,2,1,1,0.5626698136329651,0.6536667346954346
Qiskit__qiskit-2024,7f34b92d2dea6800ad747dbf74dc7206e0c4e69d,192,2,190,0.31040191650390625,0.5846351385116577
Qiskit__qiskit-2024,585780753094319306e395704fa5a98b16a5765e,152,23,129,0.33868902921676636,0.4126395583152771
Qiskit__qiskit-2024,852e4a5dd204b29a7d795e0117da3a8a53c59ef7,236,163,73,0.28338831663131714,0.07612717151641846
Qiskit__qiskit-2024,2763daf0471fd771279262060c72a816105df5d5,27,45,-18,0.4480384886264801,0.3254164457321167
Qiskit__qiskit-9843,48bd0b0f8b38196da46d23f591e9b48b76d9f135,2122,1,2121,0.2697793245315552,0.5548668503761292
Qiskit__qiskit-4517,f8ac3e2863fae01b0f31ff2d1f30a020403baa5e,204,13,191,0.3218994736671448,0.3731120824813843
Qiskit__qiskit-807,d3c9414d7498a0dc1587750d2dac5c87e3d6ea4b,289,6,283,0.2077450156211853,0.40765655040740967
Qiskit__qiskit-807,9944a3220e3d6f0a98ba4e3845af7af6923fb251,222,222,0,0.23136183619499207,0.08242112398147583
Qiskit__qiskit-807,dff36f84bc43ea21cc43315fa6c8fa410bb5bdef,83,2,81,0.2965603470802307,0.4917588233947754
Qiskit__qiskit-807,ee4beb755fec033336dc364f0eb8533bcaa6bee4,388,51,337,0.10741826891899109,0.27567607164382935
Qiskit__qiskit-807,198dc0e0ec827bc37bde106ce7d9636e2940eaf5,194,378,-184,0.2437707930803299,-0.07828741520643234
Qiskit__qiskit-807,58f7435b20a8266c043f4e8841d96b35880647ae,155,404,-249,0.26151901483535767,-0.14204111695289612
Qiskit__qiskit-807,ad0c0debc02f93f0dc6e892b8be024e03c11ec3a,177,313,-136,0.2510925233364105,-0.010472932830452919
Qiskit__qiskit-807,0cd2c1aab25417b2525176b539dba49d4c202c68,101,13,88,0.28721103072166443,0.36573031544685364
Qiskit__qiskit-807,b80c32312373c31caa2cb429a384e397ec6ba72a,337,402,-65,0.1793152242898941,-0.13842584192752838
Qiskit__qiskit-807,8ef276f42b7fd949ec987f7d7532f6a70c594abe,167,72,95,0.25811439752578735,0.23803605139255524
Qiskit__qiskit-807,a8e84197eda0ff6016b6b529d12dfc5b02d71cc3,230,42,188,0.22916468977928162,0.29731836915016174
Qiskit__qiskit-807,68c944a43848665f7cfea448cb5f9d1813e7d2e2,211,398,-187,0.23489975929260254,-0.12432245910167694
Qiskit__qiskit-3978,eb7b404f8e9040a6ffd435d5b76d88395b145917,210,2,208,0.35575681924819946,0.6729779243469238
Qiskit__qiskit-3978,d5fe2465f8b4b96b2423f27497d15b15131b97e0,500,3,497,0.293097585439682,0.6357054710388184
Qiskit__qiskit-3978,b5051dfebbd1705cd51dc449366893903058bfd0,243,1,242,0.3483988344669342,0.6764400601387024
Qiskit__qiskit-4076,65588a76edaa36807a6c17fdbeb5b12b5c30d2fa,98,4,94,0.323658287525177,0.4530724883079529
Qiskit__qiskit-4076,af24ca0e6502a620278db80cfc686ff84e45b200,555,65,490,0.24117648601531982,0.33259472250938416
Qiskit__qiskit-4076,b5d713315db952154f3a69b9b0266123bb566c4e,454,1,453,0.2563711106777191,0.46388351917266846
Qiskit__qiskit-4076,6dc6b86436779aa308866586ece551e43faaa55a,919,6,913,0.17574521899223328,0.44454848766326904
Qiskit__qiskit-4076,d13724efefb0c1c0ce127bb98e7f92f446509c49,603,14,589,0.23437541723251343,0.41611671447753906
Qiskit__qiskit-4076,b634812fa406b9a85f8455526e4dbfcb5b92b9e1,1004,7,997,0.1445833146572113,0.443293035030365
Qiskit__qiskit-4076,35c023e0a7ce05a226f20f8739c8c1ffc80d4654,173,5,168,0.30468934774398804,0.44509753584861755
Qiskit__qiskit-4076,cb024771bf08298b8d736ff4c98b7dd070757bca,312,52,260,0.28345388174057007,0.3535882234573364
Qiskit__qiskit-4076,9b0bf78c3356f4a4fa5731fa0c147b7ef688ca90,736,3,733,0.2148144692182541,0.458578497171402
Qiskit__qiskit-4076,7416a57b942199313e03156dff29add37de96e06,751,68,683,0.21140339970588684,0.32881295680999756
Qiskit__qiskit-4076,6a347394a0b1c8925422ce40404f005cada86f93,311,41,270,0.28360623121261597,0.3652786612510681
Qiskit__qiskit-4076,40e54933087cbc5df1ae8503870a0ca32a6975db,717,15,702,0.21708381175994873,0.4128301739692688
Qiskit__qiskit-4076,595d1f7ce5e803342c8ae677463ec41bc02d9649,915,25,890,0.17655250430107117,0.3904993534088135
Qiskit__qiskit-1366,b54791fe9953d80c9c40fe0d8b0c0138c2a6ad4c,63,13,50,0.30621010065078735,0.2487376183271408
Qiskit__qiskit-2811,02d87c037ab2ec5e343bc9f0028672e09d105e67,148,74,74,0.26949748396873474,0.27627474069595337
Qiskit__qiskit-908,16c0b0f8521a503896b7f9298d6dcb07d679b578,65,1,64,0.36758339405059814,0.5986288189888
Qiskit__qiskit-908,d0ba1bd611a4eaa170dacb6ac1fbdcbe0a86a4bc,219,2,217,0.2784379720687866,0.5914692878723145
Qiskit__qiskit-5623,23be85f8aa4b57598f0765cea08e79fcd4a4a783,374,54,320,0.31383776664733887,0.43254268169403076
Qiskit__qiskit-5623,c44b55d6e736013d17e5e7bfca7a86b173690549,1537,3,1534,0.17465482652187347,0.5574831962585449
Qiskit__qiskit-5623,8757699b73d1197cbbf0fcbdeacfa96329a521ec,503,56,447,0.29493552446365356,0.43119651079177856
Qiskit__qiskit-5623,f50237d389229d283b629c4bbc07aac20767ce1a,195,48,147,0.3608816862106323,0.4390372633934021
Qiskit__qiskit-5623,93b3cff66d2a93a24f46fea2c5f2c89aece00050,1321,69,1252,0.2106475532054901,0.4089231789112091
Qiskit__qiskit-5623,712ae0ef2236e8a2b382dc860fa0d921f7e1cc84,426,115,311,0.3053300976753235,0.3791307210922241
Qiskit__qiskit-5623,e22ed364f7d6b172f4ca253cb9b80974c594b232,424,13,411,0.3058711290359497,0.5190507769584656
Qiskit__qiskit-5623,c4845af0fc519bca9ff9d62073930e006846bfb4,689,261,428,0.27122998237609863,0.2879794239997864
Qiskit__qiskit-5623,3b3ca44660701561645ded82be5882cbc310d123,1231,30,1201,0.2222241759300232,0.47479069232940674
Qiskit__qiskit-5623,1a375873f1063658aa1ff5f9a85624b295bab76b,634,16,618,0.27686917781829834,0.5027204751968384
Qiskit__qiskit-5958,43e3bf443652236240bb7a98681e725379a7d7aa,856,3,853,0.24041306972503662,0.5869989991188049
Qiskit__qiskit-2095,a7d979d12095d5ca2844d485392c0d79374cb95e,483,60,423,0.14780817925930023,0.2489982545375824
Qiskit__qiskit-2095,974b53c60733bbddcfe1192aa964e3ae75b0813c,13,383,-370,0.3666112422943115,-0.004735378548502922
Qiskit__qiskit-2095,887056b924f7b0ed08382529c3ed76defa406c72,272,310,-38,0.23101696372032166,0.040460266172885895
Qiskit__qiskit-4478,ac0d0e36877da47636f0d89958d60eeda775396d,1121,4,1117,0.12203945964574814,0.5516193509101868
Qiskit__qiskit-4478,6b417641387bd0452974508874cb93813e107c77,4,2,2,0.5542055368423462,0.5659452080726624
Qiskit__qiskit-3319,9c951c7b39315dd138365bc9b714381fbb773164,46,2,44,0.40353238582611084,0.7576781511306763
Qiskit__qiskit-3319,3ff244c8c0c0b1265e61249a530b3e42331c5fc4,121,1,120,0.3363853693008423,0.7600371837615967
Qiskit__qiskit-1715,099dea9df29e3ccc997cbcae630d4aa03ec84b8f,321,7,314,0.12367438524961472,0.5347200632095337
Qiskit__qiskit-1715,736b2b889a2a6cc5c8da2972ad07af95c82808f2,201,1,200,0.18006542325019836,0.5852068066596985
Qiskit__qiskit-2448,ca699862920319db0a27bac282eea94478c4628b,83,67,16,0.2884126901626587,0.35261112451553345
Qiskit__qiskit-873,6aac7fcf2596891fd4484d6d9ac3de0f1639b555,55,3,52,0.23327592015266418,0.5396515130996704
Qiskit__qiskit-4840,f648e5d868b08541fa296b5ac6522c7ca13e6f09,970,36,934,0.15153618156909943,0.5003048777580261
Qiskit__qiskit-762,5d4d97d892e01dd4e0fbb826039c94a18684caec,149,1,148,0.21698996424674988,0.5219928026199341
Qiskit__qiskit-9587,c65aeb256396657cb1e12fd6a543f85b6721c5b3,1287,643,644,0.3481614589691162,0.264302521944046
Qiskit__qiskit-9587,5ed960253b627269d001e509fd9c3dcd944e6121,1926,56,1870,0.27985090017318726,0.5505481958389282
Qiskit__qiskit-9587,c5d144d11ecdfd3176e199926d16b5e64425c293,1050,441,609,0.38342681527137756,0.3274473547935486
Qiskit__qiskit-9587,29f32b89f04d7dc934e5e0420f3299bac5d91ce0,1230,857,373,0.3547420799732208,0.22699356079101562
Qiskit__qiskit-9587,b0369d9561f0fc470900e382d0ed05b3ce483687,336,11,325,0.5157238841056824,0.6310058832168579
Qiskit__qiskit-9587,4a0359d5a4799ceb99fb218c7b7c1340ce222562,756,84,672,0.4412834942340851,0.5275349617004395
Qiskit__qiskit-303,02a080d8668c7d0fd9757bc9c91e02cd29a50864,59,52,7,0.27813079953193665,0.30476221442222595
Qiskit__qiskit-7665,c9a41777bdabb747c89d1960c7a992f934c9a46c,42,1,41,0.43357306718826294,0.6995396614074707
Qiskit__qiskit-2459,9c4f582853f1cc3fd13dad6bf93de98e42c583f4,69,5,64,0.4054713249206543,0.6310227513313293
Qiskit__qiskit-2459,a3a9ac30e0daca6963ca4b506cc2510e10031efd,44,2,42,0.4320611357688904,0.6841703653335571
Qiskit__qiskit-6325,60e0fb27ef8304603b10b0f8062d67cfce444f4d,338,5,333,0.3710278272628784,0.7512003183364868
Qiskit__qiskit-3849,18381ab3bc791a2900804ecd366fc6d42a66b0c4,160,113,47,0.3681345582008362,0.4147459864616394
Qiskit__qiskit-3849,02d4b9169fb486f2d96afd1e73376523e802365d,712,2,710,0.20616593956947327,0.5845427513122559
Qiskit__qiskit-7643,d90b36acf1007b466a124f5770ba238e02bf105f,2405,14,2391,0.02257007360458374,0.5078597068786621
Qiskit__qiskit-10347,2838c898f2dafb14c74c47ee36267b63d7081fe8,2667,701,1966,0.19381876289844513,0.356454998254776
Qiskit__qiskit-8679,413731e6fe9fae765fa5c9fcc1421c457d155c97,199,4,195,0.48719480633735657,0.5360514521598816
Qiskit__qiskit-1962,6e95b03e6d592372cc971f36b7f70b7d0558854e,86,1,85,0.3014323115348816,0.7075355052947998
Qiskit__qiskit-2493,062b791533abefb26d7671e8754932460856b749,216,2,214,0.27345043420791626,0.6658288240432739
Qiskit__qiskit-2493,8b52124cf029a67e5d4e54e6fd6fa6409a15844d,544,17,527,0.10249889642000198,0.5692720413208008
Qiskit__qiskit-785,14c5b98f13c1d7ed0ae7309c8d827bb2139b7cef,171,38,133,0.258175253868103,0.2452051043510437
Qiskit__qiskit-6546,b3db02b94f03dc9369210d9b2eeffb21a1a03ada,568,117,451,0.39768436551094055,0.3796306848526001
Qiskit__qiskit-6546,82013a7f3b0469defe1f067cac11e81065d74b53,69,2,67,0.4560585021972656,0.6066100597381592
Qiskit__qiskit-5691,e9e5d48a879b2f87408292c83ba46930619c88f2,1530,1,1529,0.24644681811332703,0.5799809098243713
Qiskit__qiskit-5735,4682ce88bfaac5df410d9a85d3afa42c472cd77a,345,1,344,0.43493854999542236,0.6444754600524902
Qiskit__qiskit-7411,7743597c1e3166eccce08b1bf61244887b1cf91f,1341,506,835,0.29054760932922363,0.3573707342147827
Qiskit__qiskit-7411,f926dbdf3d96a18bed4ea4fd6cc9045b772ae49d,1414,1440,-26,0.28543198108673096,0.12788821756839752
Qiskit__qiskit-7411,b6c2f2b989dc3d7fc10cb5386335973c8550647a,1289,791,498,0.29378843307495117,0.27950966358184814
Qiskit__qiskit-7411,b3ac36d2a6d9e7abb6fb95fdd412ef600e47b98d,705,1598,-893,0.32992082834243774,0.1015867069363594
Qiskit__qiskit-7411,ead37fd98dfcc08c08057b7102a29b512610a85f,1086,1299,-213,0.30519038438796997,0.16560471057891846
Qiskit__qiskit-7411,0c3ed197f2c659e7bbe6f5ceba8442a533468923,761,11,750,0.32663360238075256,0.5627176761627197
Qiskit__qiskit-10555,b131e320486ac79489528bf40f540e3e8fe55eb4,923,9,914,0.40884727239608765,0.5828301310539246
Qiskit__qiskit-6541,25a07d50e85458cfaff60a0081dcd8e8941a68d7,428,4,424,0.3344261646270752,0.4733836352825165
Qiskit__qiskit-5026,b98b4092205cfe2bb454a2dd0eaf1192ec8b0e9e,154,1,153,0.3654614984989166,0.5039610862731934
Qiskit__qiskit-9664,68f093c1125eb65e6fe17ca1caac6168b3202bee,246,80,166,0.43576276302337646,0.44208425283432007
Qiskit__qiskit-9792,4d82214a5e03a988021423fd7027b9a8f5a3ceda,18,8,10,0.5583665370941162,0.5662249326705933
Qiskit__qiskit-3419,7283763f7ff4197ea4c8a076d365140da841640e,68,2,66,0.295693576335907,0.7404129505157471
Qiskit__qiskit-2769,9f3028d25042382ebc50cd4faf043503a2a9bdcf,133,1,132,0.30146920680999756,0.5696976184844971
Qiskit__qiskit-2533,73d196ad219adcd1c79451a19f64f261376e0074,391,109,282,0.18291959166526794,0.238722026348114
Qiskit__qiskit-2533,234ce0816144ad364d8a7d597f6f5719e6d924cb,368,2,366,0.18795129656791687,0.6352130174636841
Qiskit__qiskit-5479,087fa76c7b4e36ea85770b63210b5421b9669193,429,1,428,0.28531384468078613,0.47067224979400635
Qiskit__qiskit-5479,507cc58f17f2314b48a0379a2eb0b5c6695fa1a2,448,268,180,0.28059151768684387,0.2760286331176758
Qiskit__qiskit-5479,5e5faa23fd7eb4d0641c733a4fc798cd99a4fe7f,387,33,354,0.30332744121551514,0.4055086374282837
Qiskit__qiskit-5479,6cbab9523386f3775adc07c53abec15088b7a299,969,270,699,0.19754765927791595,0.27566659450531006
Qiskit__qiskit-5479,2bed8317830eff8130a4a962bcbe6521115d395e,792,17,775,0.2222670614719391,0.42645013332366943
Qiskit__qiskit-5479,387d242ac486baf960eee06eaf7733efe9d68915,247,961,-714,0.40394771099090576,0.07204939424991608
Qiskit__qiskit-5479,0a08d7108ec15fa03f17d98002a798abc41b21d8,326,444,-118,0.32501208782196045,0.21159599721431732
Qiskit__qiskit-5479,1ba1435be2baf163940c4a24f87fc7dd6a408e0b,1259,27,1232,0.15399491786956787,0.4101507067680359
Qiskit__qiskit-5479,9c44a493da29b1bfa0419bf5fe0a14a73d991a27,1005,454,551,0.19182470440864563,0.20785710215568542
Qiskit__qiskit-5479,d2b9412b552fff9d45ba28595fb2b66f3d300b44,254,676,-422,0.39401113986968994,0.14834898710250854
Qiskit__qiskit-5479,03bdfb02ccff9395ff862c0c2c1dccda9c90071b,636,114,522,0.24349214136600494,0.3433426022529602
Qiskit__qiskit-5479,c83ac056a31171f318c9c94fb75498b4efe83eff,273,190,83,0.36527734994888306,0.30933037400245667
Qiskit__qiskit-5479,f87909d441b4d52fad3af934f696379ccec89694,252,551,-299,0.3959333896636963,0.18246345221996307
Qiskit__qiskit-5479,f8454b07943d3559c0ac65f0ae11fb0fa79ce1ab,416,572,-156,0.2909899950027466,0.1773487627506256
Qiskit__qiskit-5479,c82c02c2ceac44de56d7bb61b29e953c75834354,986,381,605,0.19572877883911133,0.23632173240184784
Qiskit__qiskit-5479,212abc70e818cdb3db81e81d6e4fd5f88c5259a7,1452,215,1237,0.11366048455238342,0.29662030935287476
Qiskit__qiskit-5479,475644b75bccd167af63264c77877ca9ac12e857,908,57,851,0.20739158987998962,0.38158494234085083
Qiskit__qiskit-5479,e903759c6dfb54a08ef02f2c6ea995582d775ba5,534,393,141,0.26048925518989563,0.23145008087158203
Qiskit__qiskit-5479,a5100faac1a9e5b754ca1590e3b2823d9a309e42,1132,761,371,0.17294085025787354,0.12681737542152405
Qiskit__qiskit-5479,7b576077c3a6af3d2819febaed2ef50df33e5f70,667,554,113,0.2392314225435257,0.18210583925247192
Qiskit__qiskit-5479,91852c98326593605beabb4f6154808b1af48c21,800,344,456,0.22117185592651367,0.24774537980556488
Qiskit__qiskit-5479,5fcfb1271974a0adf5867d171c88f822de469e55,1439,1138,301,0.11924777179956436,-0.0002628243528306484
Qiskit__qiskit-5479,3e9c2362930b02ce5bf6d3fd4b7e7faed5afef3d,755,945,-190,0.2265019565820694,0.07538995146751404
Qiskit__qiskit-5479,7c4672061ff8d154014584bcc898e4d914931b79,425,543,-118,0.2863645851612091,0.18538102507591248
Qiskit__qiskit-5479,6983999bba84b01dddc6db45f041c9396ee49a14,842,400,442,0.21553759276866913,0.22713229060173035
Qiskit__qiskit-5479,976557c5f72cf75dad814069889e2eaeb86db783,960,277,683,0.19871829450130463,0.27448490262031555
Qiskit__qiskit-5479,c8819de7a62e0dfc40c161de3442cec7daa4cf3a,478,1079,-601,0.2730129063129425,0.025187622755765915
Qiskit__qiskit-5479,8e11a1dd97dd70e4b3b7ca69b2a179e54bfe6ab2,382,547,-165,0.3053470253944397,0.18414562940597534
Qiskit__qiskit-5479,53ffb8b6016a937380fe2a4d43dddde157ac5737,370,982,-612,0.3087308704853058,0.06462804973125458
Qiskit__qiskit-5479,7aa284e350556dac734185e3cf624d86d4c7b161,290,919,-629,0.35284024477005005,0.08268605917692184
Qiskit__qiskit-5479,2a4788bad91c397ecd1d5ab5e457ef1d75496ab0,391,383,8,0.3019503951072693,0.2360202521085739
Qiskit__qiskit-5479,032fe2e427d6cfd2e677fba4a8ab3ab7db3a0fdc,317,449,-132,0.32989200949668884,0.20937758684158325
Qiskit__qiskit-2112,a5536bbf53693681d775d3b6ff37d792bf29917e,75,2,73,0.2400909960269928,0.6437263488769531
Qiskit__qiskit-2112,055bb17569f8e59606156c62b629d59d5dff8d92,479,57,422,0.0858876034617424,0.35390549898147583
Qiskit__qiskit-2112,cb03b09f951d4c7c4c56549a1dc8412c0b5f1bbd,82,15,67,0.236338809132576,0.5339689254760742
Qiskit__qiskit-4797,a8ea37ba8283d51e39b1795bfa02a4e27dfa89fe,57,1,56,0.5169709920883179,0.7372900247573853
Qiskit__qiskit-6153,d03af6f596a9d5229f4a729301d8023c7ffb2498,357,1,356,0.31280046701431274,0.7171109914779663
Qiskit__qiskit-4431,138e3bba5e001cf85b390636c7fe3a4545363a69,955,12,943,0.20688900351524353,0.3044477105140686
Qiskit__qiskit-4431,c213d67af3ba54b673b9523c26af748c4e183900,1021,9,1012,0.18345695734024048,0.3354377746582031
Qiskit__qiskit-2389,a7e3d42774a38cf4dbb267960c5b63c75e3ec186,42,1,41,0.37636852264404297,0.7809023857116699
Qiskit__qiskit-10400,c837b3471293fb572d6cc901622f32d4885ccf5f,1065,3,1062,0.3204968273639679,0.5693211555480957
Qiskit__qiskit-10400,f4095f7484e778c9e6a98b78c8808b3b2018d36e,1086,2,1084,0.3165131211280823,0.5740777850151062
Qiskit__qiskit-10400,db724cf26a682b0a0d2830702a97b5454636cdc8,2336,138,2198,0.21048298478126526,0.3640679717063904
Qiskit__qiskit-10400,aceb1b1c5a2be8713a708b500fb0ea8cac2271ef,848,1,847,0.40951448678970337,0.5886932015419006
Qiskit__qiskit-430,2f5c7555e01eb7a71f5613218584c972c6d89622,13,137,-124,0.5202942490577698,0.22616298496723175
Qiskit__qiskit-1278,a69f04f7204c5b1ee90edd2e22c28c3b65003a3e,311,6,305,0.185906782746315,0.5564117431640625
Qiskit__qiskit-1542,8e5666a0492c8c2aeaba2435101fdc5625a80936,32,1,31,0.3836885988712311,0.8368479013442993
Qiskit__qiskit-8701,1f9d09419a6372db62adf2cefcf1e1ef980f8296,1284,2,1282,0.2612933814525604,0.5599246025085449
Qiskit__qiskit-8285,1b5cf676c39a2ecea80aa7a9eab21338bddbe869,1704,36,1668,0.22357933223247528,0.5905084013938904
Qiskit__qiskit-6609,68d575a4ee558348c9530593c9d46c02975cd85a,647,790,-143,0.25340574979782104,0.211440309882164
Qiskit__qiskit-6609,6105f465615c63ba167e850e74efbe83c544d350,1000,163,837,0.2033010721206665,0.36172086000442505
Qiskit__qiskit-6040,547fd1dc203f149a1f4a9d23a155b8366a2561a4,1106,208,898,0.2712695598602295,0.340287446975708
Qiskit__qiskit-6040,499d23fff0eb873502f51f01768a503867dd051d,235,22,213,0.5034797191619873,0.5943033695220947
Qiskit__qiskit-6040,d29f4648895fc1f32c298801916cb0a1145e790e,413,13,400,0.4147261083126068,0.6131932735443115
Qiskit__qiskit-4287,53e6851e6970092080c135302b967596c92f31bd,501,6,495,0.2443922460079193,0.5440866947174072
Qiskit__qiskit-4812,e98d48b637dce98460c373ac41ce7545431aa023,289,2,287,0.340802401304245,0.8064272999763489
Qiskit__qiskit-4812,28760bbea9c42bb5ee8796a2aff0cfe2b04087b3,380,1,379,0.3142625689506531,0.8156907558441162
Qiskit__qiskit-3084,52bc3b80106ae5a42f84a38e6965b3c29d95d7f3,129,25,104,0.21624700725078583,0.3385251760482788
Qiskit__qiskit-3084,90ad9f30abf8e6418e7805fbbbeb02167f4cb68c,75,4,71,0.24999572336673737,0.4057355225086212
Qiskit__qiskit-3084,00e6f8f3ca602aa762ef6182450346b8694e5124,639,41,598,0.06803499162197113,0.31004953384399414
Qiskit__qiskit-3084,aaadde0ab231f8485aa2c47990be5656687342e4,587,78,509,0.09769144654273987,0.2673475742340088
Qiskit__qiskit-3084,1b9e732344e13d48e29f62eaab4813824cc07c0f,246,6,240,0.1763850897550583,0.3975837230682373
Qiskit__qiskit-3084,3f917c7cba96d4515acd0d01899b4029fd501b1d,267,7,260,0.17245382070541382,0.37994715571403503
Qiskit__qiskit-3084,103d60de62733a4f35c2d2f6c9a121a3375b158c,371,42,329,0.14745491743087769,0.30816274881362915
Qiskit__qiskit-3084,d5629f90cbcd8ec1fb0a5df760deddf647c6a354,66,9,57,0.2573237419128418,0.36632853746414185
Qiskit__qiskit-9911,af3360bfae25cd09aa3a4b1ec61085f016288a1a,1352,744,608,0.26601141691207886,0.23463387787342072
Qiskit__qiskit-2106,781fecd090771c649cb9617a8134a7b87bb33945,259,67,192,0.3040944039821625,0.38840723037719727
Qiskit__qiskit-2106,b2d365437cae1281de35ebc74827f419e76e97e3,26,54,-28,0.41683030128479004,0.42533597350120544
Qiskit__qiskit-2106,9dba07c681d73af8425af685cbe43aff6936a69b,355,44,311,0.26432767510414124,0.4536449909210205
Qiskit__qiskit-9828,cffa0b05682a0c37ee4471cd43f9de280feb604f,593,72,521,0.3605114817619324,0.43931013345718384
Qiskit__qiskit-4932,de916b36d7931825d312207e9fe05bcd67b97209,236,116,120,0.4240802228450775,0.38391685485839844
Qiskit__qiskit-1860,77c5e4a2b4d7eb4548b2d142cd7012fce023f3f7,50,1,49,0.2570895552635193,0.658873438835144
Qiskit__qiskit-4224,c74859207e1719db4eaa77fc6841c3bf10a2680d,145,27,118,0.3182271718978882,0.719739556312561
Qiskit__qiskit-4224,c38f8b025a7d0c70d579e172f86c1dcb10e36abc,441,9,432,0.2600150406360626,0.750701904296875
Qiskit__qiskit-910,0d0e4bc49a134e64c374351036128aa756871560,139,1,138,0.2182070016860962,0.6960841417312622
Qiskit__qiskit-3211,d9f022bdabe6578c6a148c0dfd2484945989afe4,147,4,143,0.2515828013420105,0.6428166627883911
Qiskit__qiskit-6675,c362ec8570355d407f41f2e781a8c7ac38453ccd,861,14,847,0.24364742636680603,0.7151672840118408
Qiskit__qiskit-6675,9ce40bf7b722de8c7b9b83e172063a6a99d8b11a,492,27,465,0.30620893836021423,0.6792003512382507
Qiskit__qiskit-6675,62b684524619ea716db39e964d8af9ef11a1f376,469,1,468,0.31037425994873047,0.8209844827651978
Qiskit__qiskit-4862,b15e25a476ebdd4846fe61f13eac2c41a67e9c02,79,286,-207,0.45248982310295105,0.1849663257598877
Qiskit__qiskit-7515,b019f3c132463aa451821cc9bbf0e2851fc298cd,1246,4,1242,0.24500912427902222,0.5948435664176941
Qiskit__qiskit-765,507ec2a03186475824a149582f63873424679856,53,2,51,0.27522480487823486,0.5692392587661743
Qiskit__qiskit-2342,dca2e05cb0e8f529b378c43606a1fa956d69972a,30,1,29,0.34601423144340515,0.3947502076625824
Qiskit__qiskit-2342,f720d64ceba2868cd71f12c692ec517b850f2ae3,317,3,314,0.22372868657112122,0.35634931921958923
Qiskit__qiskit-2342,7a74dbc0c5c9d39de585538b86410bf5603ee60c,126,11,115,0.28166860342025757,0.33344221115112305
Qiskit__qiskit-3418,a51d80c19797094e8f32a99652420d3dd9543c74,606,1,605,0.12960755825042725,0.7547239661216736
Qiskit__qiskit-3148,b1aabcf68d8eb77c5c420d371486a5bf42abcd3b,683,3,680,0.10221759229898453,0.4439736008644104
Qiskit__qiskit-3788,cf8a8d22d85f9b1bd841be064df24637060bc0a5,826,37,789,0.08690772205591202,0.34453123807907104
Qiskit__qiskit-3788,f367155e864bad04d355b47826b12e4f72634fd7,745,70,675,0.1411583423614502,0.28348106145858765
Qiskit__qiskit-3788,57c034fc0e60a8fbd57fa262e2f6edf5c66eee26,627,113,514,0.18131601810455322,0.23524096608161926
Qiskit__qiskit-3788,96f9c385947aef3a12fc9672b92a84ae828f8647,806,79,727,0.10276676714420319,0.27106547355651855
Qiskit__qiskit-3788,f783c8bcbc20919a2678597f96fb26d9597ebb9f,785,8,777,0.11493366956710815,0.4024456739425659
Qiskit__qiskit-3788,5c9bcb5fd78333770ff6c50f6e066243ea99c4c3,702,119,583,0.15647566318511963,0.22645998001098633
Qiskit__qiskit-3788,dd0b8c13fec3e86fa04fd6ad36d8d86324290d9f,787,256,531,0.1143898069858551,0.11437340825796127
Qiskit__qiskit-3788,83668264fa1871f6b4a7ae000d82101d9c3cee32,544,82,462,0.21004152297973633,0.2696385085582733
Qiskit__qiskit-3788,0ebe48d98f1b0c2da6b59a298e611b68e1498987,848,18,830,0.05671136826276779,0.37772318720817566
Qiskit__qiskit-3788,1b01061427fa733932bd0e13e79dcf3fa4313475,710,51,659,0.1523175984621048,0.3121902346611023
Qiskit__qiskit-3788,dacc920c08ce99983eff65103b2d3b6f229243a6,444,306,138,0.245003342628479,0.08323438465595245
Qiskit__qiskit-3788,b027ad55f3b3b899204e13e9225959f2f6c0f817,829,42,787,0.08412834256887436,0.3324549198150635
Qiskit__qiskit-3788,bf38d4816dcfe4416ef7870cf65f2f41e55659ca,794,279,515,0.1076553463935852,0.09539209306240082
Qiskit__qiskit-3788,de0e73661cbed44d91af8e30306ad8a5f0e2927e,437,296,141,0.2457529604434967,0.08521188795566559
Qiskit__qiskit-3788,154270ca5762d96a5a4d8c9dc74d64088d876e77,838,78,760,0.0686151534318924,0.27218329906463623
Qiskit__qiskit-3788,11140c946e6e026fca84060c14777b0a473c77e4,857,16,841,0.029928095638751984,0.378637433052063
Qiskit__qiskit-2104,e7556a76956a67ef7510493a33f254ea316e4e6f,438,328,110,0.12435998022556305,0.022723812609910965
Qiskit__qiskit-2104,5b6b734c342fc279e675cfb87f061eecad1bd533,312,146,166,0.16879409551620483,0.20139649510383606
Qiskit__qiskit-2104,c1b2cf164d6b9be4cde8a8c355c84a10f613d464,288,244,44,0.17437629401683807,0.1066637709736824
Qiskit__qiskit-2104,5099d204e8249cb4d7749e9c62d091b5a2056cd1,320,217,103,0.16576045751571655,0.12458653748035431
Qiskit__qiskit-2104,04d9f340809287487e390a03d892465afa42abc4,142,276,-134,0.22081688046455383,0.0740266814827919
Qiskit__qiskit-2104,d0a5e7465eab449957c5f498d48eeac1bbefa636,286,358,-72,0.17525407671928406,-0.015399977564811707
Qiskit__qiskit-2104,2a3d131931d15dabf78365cd5578acf558cb9fb8,117,184,-67,0.23290947079658508,0.1614365428686142
Qiskit__qiskit-2104,e785384b784f4d80a6986d7ed06bfd564868e8fd,481,125,356,0.1007114052772522,0.23281362652778625
Qiskit__qiskit-2104,44d70af6d31eafb011347f48625de5b34cfff341,307,281,26,0.16944345831871033,0.07262742519378662
Qiskit__qiskit-2104,9b99b0d970095f18422454da9128f9c19592c666,266,296,-30,0.1801832914352417,0.04820040240883827
Qiskit__qiskit-2104,2f314661293960e229a519f9a79e63a5e3d0dc91,308,308,0,0.16929076611995697,0.04002893716096878
Qiskit__qiskit-2104,08a32fa056dc7a0600e5f8e1fb17cdbc95b8e1f6,327,151,176,0.1620386689901352,0.19564040005207062
Qiskit__qiskit-2104,a8e4b73b88d82d8081f3ce1d4754dee8e0e7a8b8,253,292,-39,0.1850997805595398,0.05427189916372299
Qiskit__qiskit-2735,f793317fce1e49d835d7423c5509da3b94f83f0c,94,37,57,0.29460418224334717,0.22293129563331604
Qiskit__qiskit-5379,bc6154d77bb73b03c33c134291b0ec2cced7fc59,654,5,649,0.3082553744316101,0.5841230154037476
Qiskit__qiskit-5284,8298178bb6e8b13fba8c3d6272fac44e93af9887,217,1,216,0.26086556911468506,0.7104983925819397
Qiskit__qiskit-9312,60d45f3af5cdb52e135505bfe5360890553bcc5d,1472,54,1418,0.2667747437953949,0.4167477488517761
Qiskit__qiskit-2917,661781e82c3533b7a3d2179735340769743bea9e,74,1,73,0.3746294379234314,0.719965934753418
Qiskit__qiskit-2917,2846d78997725a0909331bafac85cb8894886773,393,82,311,0.25325971841812134,0.34451115131378174
Qiskit__qiskit-5229,86958659b90074d9d0de9d48ad84a719f71e56dd,412,106,306,0.37954121828079224,0.4013327658176422
