bug_id,gt_blob_sha,faiss_rank,model_rank,rank_displacement,faiss_score,model_score
Qiskit__qiskit-10401,2a079b304fab57b80a4bd49baabd900d0dfaea78,1176,87,1089,0.32705169916152954,0.18033967912197113
Qiskit__qiskit-636,68017e0b9bae0217e3c307dfbf1e55429cab2621,39,2,37,0.2770654261112213,0.6262243986129761
Qiskit__qiskit-636,02acaa22c51010e623b93ff4843498e388bb3e5e,130,25,105,0.18594202399253845,0.5247266292572021
Qiskit__qiskit-9617,476e4857223839bb4111c2843765482f3cae0f86,16,79,-63,0.48665857315063477,0.38100937008857727
Qiskit__qiskit-2781,378053e6f08234908688b29a3f47829bac93a850,13,38,-25,0.4431241750717163,0.4273056983947754
Qiskit__qiskit-2781,b7744e6f6e08e6ea4abc66709b741b2799998987,22,2,20,0.42979297041893005,0.6308411359786987
Qiskit__qiskit-2781,71bad02824dab94bd630eb00f01c025cb2fcb2b0,49,4,45,0.3986915051937103,0.5938915610313416
Qiskit__qiskit-2781,4e907d522414432a4a714b580b912086a234ac19,6,34,-28,0.46213042736053467,0.4364985227584839
Qiskit__qiskit-2781,9128654cabd8696c4032d2135b2d256281995a0b,66,1,65,0.38638728857040405,0.6755489110946655
Qiskit__qiskit-6562,f7ae267653213a093f937f07490115efa2b935af,485,9,476,0.3127894997596741,0.5649389624595642
Qiskit__qiskit-3057,9e605f1a67b7bee06b4dcd51b92d2826b9eff130,502,2,500,0.2348039597272873,0.6518200039863586
Qiskit__qiskit-4140,5f3ddad3e8f570adc89b404ab076f32cb15b262a,340,31,309,0.23246195912361145,0.4263156056404114
Qiskit__qiskit-8989,6b48a30090ed637022ca9ac3e218db31ae20e029,84,1,83,0.42209163308143616,0.7129991054534912
Qiskit__qiskit-688,5e7693161dc87f4d0859ecaeab5a981fbc302689,240,12,228,0.290422260761261,0.48489153385162354
Qiskit__qiskit-688,b8bbe4ed0b5ec460beae19ee31997da5c442534a,73,21,52,0.3859676718711853,0.4513970613479614
Qiskit__qiskit-688,8ee13e47f8ce8e69e378c9379b60d284070fd34b,360,14,346,0.16589801013469696,0.4802577495574951
Qiskit__qiskit-688,6fad3fcd0a4f40b337e0100ec28fe8d637d83abd,227,50,177,0.2955028712749481,0.37966614961624146
Qiskit__qiskit-7140,e4f55ad485bd765106535df4d8751920d1264d0c,410,1,409,0.38472333550453186,0.5563795566558838
Qiskit__qiskit-4472,39b0cab8647844fdd86d0de04b47ea0d51bfa3ec,973,48,925,0.1933697611093521,0.3849925696849823
Qiskit__qiskit-3042,c4abde54f2fa4b282bd46d41ce8aaa3cd86f0f83,92,1,91,0.39617955684661865,0.7206109762191772
Qiskit__qiskit-3708,a09950f1cf1f8782d0a71cd639b762a87beb93a2,395,3,392,0.21955004334449768,0.5548012256622314
Qiskit__qiskit-9095,075ac339b18249160dc16062b0bcd14f581b745d,1124,1,1123,0.3361154794692993,0.6203742623329163
Qiskit__qiskit-5534,0bbf7ca17bef9d2ba4fd8b89dff0444f87ecc719,264,183,81,0.3591192066669464,0.2749483287334442
Qiskit__qiskit-3873,31e1ed962c44b3d8ef609f3f000a085cae6c255f,236,6,230,0.3814752697944641,0.45106855034828186
Qiskit__qiskit-3873,2b11897f72617bbb163aa4e4044be83acea41ed8,564,10,554,0.2974550724029541,0.4195546507835388
Qiskit__qiskit-3873,c0d727b17c3a240674645df91fdc520b4a83147b,276,4,272,0.3677007257938385,0.5021065473556519
Qiskit__qiskit-3873,c86562fcdc7cef1b02fcd9e88f801fed13c07e47,575,3,572,0.2949771583080292,0.5081682205200195
Qiskit__qiskit-3873,20282c655cf9de9b9003d161dacf901f6a464b23,244,11,233,0.3794248700141907,0.3987748920917511
Qiskit__qiskit-3873,d82094957a4d78533637ccb563194f840c50dcfd,270,7,263,0.3707854151725769,0.446846067905426
Qiskit__qiskit-3873,23ed6bf5ce6bd758c7ad43e50bad6923083e901d,309,1,308,0.35653409361839294,0.5255087614059448
Qiskit__qiskit-3873,fa1b5c405979069ab7c1de5bf68e8422fb7a6583,283,5,278,0.3651868999004364,0.48394060134887695
Qiskit__qiskit-4263,9143cbbb40b09e4cd009fda602dacadf44bf905b,427,12,415,0.2655046284198761,0.5914340615272522
Qiskit__qiskit-4263,be035a6ebbeefa13b358b5683f20972a263a2b1a,250,5,245,0.3146159052848816,0.6255939602851868
Qiskit__qiskit-7365,7f7caa8cd2091644bb0ef4e75273370d014c605f,181,7,174,0.3904537558555603,0.601319432258606
Qiskit__qiskit-7365,c765e0dc3bdd41311b7a11f4e02bcc0e9ea95a18,95,29,66,0.4123116731643677,0.513474702835083
Qiskit__qiskit-760,2ebd25ec522c626c62f9b2a3f06441731be96500,88,53,35,0.36123818159103394,0.36583876609802246
Qiskit__qiskit-10382,3778075e27a2a652aa6910a9c04037bca1f96ff3,901,1,900,0.38846737146377563,0.6875678300857544
Qiskit__qiskit-4049,6540c2f328a9a91c03d3455950f72b22eb021db4,807,5,802,0.22683335840702057,0.5244365334510803
Qiskit__qiskit-4049,f97d8d8fe3663ac74c555e8ab5d0d0eb4abccfd0,210,44,166,0.3496958017349243,0.4086796045303345
Qiskit__qiskit-4049,64791045075b9451d097a4417d1fbdf7a3b5d92a,680,140,540,0.258964478969574,0.2916855216026306
Qiskit__qiskit-4049,5c0a788bf533628f7606545d8feb07c25b279e12,787,127,660,0.23129874467849731,0.30263927578926086
Qiskit__qiskit-4049,182090b3ebac406d516486b61b06c25bec5df4ce,873,66,807,0.20371004939079285,0.37990283966064453
Qiskit__qiskit-4049,8866416541c315b11e088be8b1f9f28be874f143,505,7,498,0.2871758043766022,0.5122153162956238
Qiskit__qiskit-962,20af8c36a163418e2939c523ece2607950b5d082,232,14,218,0.21158047020435333,0.6370831727981567
Qiskit__qiskit-4095,b7ce4fbf856902db11c21c8ed0e139efabfbb090,186,1,185,0.39380836486816406,0.7574591636657715
Qiskit__qiskit-3566,db6453ed4b651400d72d06364fae1992400b8c57,755,5,750,0.18635135889053345,0.5086273550987244
Qiskit__qiskit-3566,b64990785eec3e9c581200de7c8878e7e7a95dbc,176,1,175,0.34098684787750244,0.5487730503082275
Qiskit__qiskit-4867,56193ca3e11ea8dab5f96f2c324e3255cf6a1d77,850,8,842,0.2950340211391449,0.36997881531715393
Qiskit__qiskit-877,8a6926a49840438bd3c9b0b4c6d3026d671c0e53,154,286,-132,0.20321163535118103,0.07161331921815872
Qiskit__qiskit-877,02abeaacdcf0e1c87334ab56d8bf1d4d71c70e06,49,8,41,0.2884838283061981,0.371579110622406
Qiskit__qiskit-2723,5e5654b987a1fb2963c7b79129abe290d6ccb8bc,25,2,23,0.4600814878940582,0.35563117265701294
Qiskit__qiskit-2723,eca1fa7707043ae37edb9275dbd0dbd977ef78fe,97,63,34,0.3921229839324951,0.1993953138589859
Qiskit__qiskit-5492,038134ae5a670fc97433fb6b800c776376e186bd,302,3,299,0.31821995973587036,0.5792336463928223
Qiskit__qiskit-10622,cf4f66e1e67b911031be98f224a5aed290fe38f1,820,3,817,0.4262367784976959,0.5056003928184509
Qiskit__qiskit-10622,53fd7b8389bfd3def11f348e2ff8447feffaf5b1,547,19,528,0.4882984161376953,0.43016481399536133
Qiskit__qiskit-10622,caa6cb6f48f9272ec59b5a360fadbe5abb0da880,2318,9,2309,0.20212535560131073,0.4620755612850189
Qiskit__qiskit-10622,e7ee6f893318264f5334f189b624b8a79abe275e,2883,139,2744,0.14720124006271362,0.3038002550601959
Qiskit__qiskit-10622,3db3aa707fd568b023d0015d57b8fe04b5b1954a,2719,1284,1435,0.1666262149810791,0.08525525778532028
Qiskit__qiskit-10622,97cd5b31984130baf29c51862dc09a6f90f0999a,1235,4,1231,0.29538875818252563,0.49564799666404724
Qiskit__qiskit-10622,caa5cbc2846c6182a02318e8eb73044d689c25d9,1036,7,1029,0.33204078674316406,0.4719415009021759
Qiskit__qiskit-10622,7da641c2d5fbb4860c76d6604c19e2174014a52b,1486,44,1442,0.26634305715560913,0.3850245773792267
Qiskit__qiskit-8335,c4586f2603fb693f625c984cd39b105a23c087b3,763,223,540,0.3555167019367218,0.36913353204727173
Qiskit__qiskit-8335,b22fef5d0fc6f0720256de1c8e617d37b51d8908,1614,41,1573,0.2704034745693207,0.4722707271575928
Qiskit__qiskit-8335,ba66293e3646f2d1284f80d32bcd85843a217e57,1458,156,1302,0.2848179340362549,0.3955349922180176
Qiskit__qiskit-8335,9c5cdfddd4636310e6718f28cd87902c17bb2751,998,110,888,0.3240167200565338,0.42498499155044556
Qiskit__qiskit-4513,7a1cfb6e7adedefcb13a7798ae967755ee54a22e,417,24,393,0.23640158772468567,0.4638950526714325
Qiskit__qiskit-6463,edc364183882921248efa20a7448128ad23675b7,855,1,854,0.2398051619529724,0.6533441543579102
Qiskit__qiskit-609,c4e91147e4a676bdb1bc959115187ebf4efdb279,39,7,32,0.25935521721839905,0.5381984710693359
Qiskit__qiskit-609,97d50823c94153eb92a3ae7fb012b9679323a585,176,12,164,0.14428994059562683,0.5302927494049072
Qiskit__qiskit-609,657d0eeadbbe2dec7eafab4cf45671224bea9c21,84,23,61,0.19688650965690613,0.5006998777389526
Qiskit__qiskit-609,a0b97f643c40318b01c5ce78672903d579ac0c9d,279,11,268,0.08822544664144516,0.5312868356704712
Qiskit__qiskit-609,55ebff50ed8e2bef1d3f6b05d7f3760864158829,41,20,21,0.25823020935058594,0.5026174783706665
Qiskit__qiskit-609,886099544412367b5f6bfee73fa4a0b401b33c13,61,41,20,0.2171432375907898,0.4591684639453888
Qiskit__qiskit-435,2fe10c061dbc46aeaac31161f0f3ab0db1baa386,89,160,-71,0.29605230689048767,0.22025349736213684
Qiskit__qiskit-435,622f595e8c5a38562b5c957fa688306097798660,18,317,-299,0.4434596300125122,-0.15200580656528473
Qiskit__qiskit-435,3388c6707801f8f88bbf951aa62a693df93bf7e5,271,312,-41,0.10066771507263184,-0.13403737545013428
Qiskit__qiskit-435,78205378eaac067bb36d68ea7727b68da06264eb,94,51,43,0.2861258387565613,0.45893263816833496
Qiskit__qiskit-435,60e9d9aea985db3a3f280c87b3229f7ec8736b26,166,40,126,0.1922898292541504,0.48737943172454834
Qiskit__qiskit-435,98dc55e58957849c0b3ba1b152b33b3269128d12,13,25,-12,0.4552735686302185,0.5224400758743286
Qiskit__qiskit-435,b26806c97f6ed75c73f8ff4082b0c2f47f92f43c,106,48,58,0.2642405927181244,0.4663599729537964
Qiskit__qiskit-435,1b41b4d622493f3b41fbf69a266fc7d69af63a9d,28,85,-57,0.4121007025241852,0.38993608951568604
Qiskit__qiskit-435,d3da8046825838e40a62a421281f67253740091e,137,17,120,0.2191687673330307,0.5475209951400757
Qiskit__qiskit-435,90b238fd5aa64ed175899ff0f9e948f0d6ee6516,67,70,-3,0.32453453540802,0.4172666072845459
Qiskit__qiskit-435,46bdba154d5c00e7bb2546a0e9ebf52e0ecfbdcc,111,53,58,0.2578745186328888,0.4567722678184509
Qiskit__qiskit-435,01b1ebb9fee7dc9dae1deab2f92cd26cf3a55eeb,228,50,178,0.14900067448616028,0.46067458391189575
Qiskit__qiskit-435,2d885cfdef3e409bc39826d7adee7841a47f963e,259,83,176,0.11089006811380386,0.39260369539260864
Qiskit__qiskit-435,c51acebdb88a94a28272fbfaeefc50191bab2f3b,163,91,72,0.19493165612220764,0.38503512740135193
Qiskit__qiskit-435,ddc0a5cbba1d00dfcccae18fdff5f2cf55086736,12,4,8,0.46532225608825684,0.613377571105957
Qiskit__qiskit-435,3e3689565a88d9b75ab957de6f3dd7939e688726,236,260,-24,0.14048081636428833,0.012735698372125626
Qiskit__qiskit-435,22c9c0f2cdbb76f89c6b791446ff4eef28b06bae,275,329,-54,0.0945395901799202,-0.18361198902130127
Qiskit__qiskit-435,e55edace6fa484c0e8339a7d43b70188a9a1c789,49,310,-261,0.369274377822876,-0.12554627656936646
Qiskit__qiskit-435,6b8992d52252c133d7c6c775ee89f63b4e932b6c,55,257,-202,0.3560895025730133,0.021499795839190483
Qiskit__qiskit-435,6a6ea3bc8ae64254c360d6f6e7d096b7879c809f,246,107,139,0.12896966934204102,0.3418724834918976
Qiskit__qiskit-435,872361fdea9338aa38559cb8573b2fcf9ba3ca5f,25,11,14,0.4170587658882141,0.5741569995880127
Qiskit__qiskit-435,4634d812e548df30ec80f1e5212eb75d332dbbca,185,79,106,0.17823083698749542,0.399567186832428
Qiskit__qiskit-435,d38715b392652a153dc9231046342b2d8407556b,76,20,56,0.308668851852417,0.5358383059501648
Qiskit__qiskit-435,d63f9954bee6a082fa51b3a5036870ef8e209fd3,249,255,-6,0.1250089555978775,0.026656728237867355
Qiskit__qiskit-435,dcefd6ff9af3788389d1fd6b252e45586fc112ec,39,28,11,0.38822948932647705,0.5152218341827393
Qiskit__qiskit-435,ed8621627c1becf6a930b4b6e72fbc01f7eb3568,224,84,140,0.151773601770401,0.3918232321739197
Qiskit__qiskit-435,9dba1f56a7df853d80cd121a3319da52cfb512c8,20,22,-2,0.42999374866485596,0.5287071466445923
Qiskit__qiskit-435,89d96f912a1d6c05c97cbce86c7818d887412ea9,74,311,-237,0.31540703773498535,-0.13006074726581573
Qiskit__qiskit-435,d07488f333a0ad312487b6329a15cfbec13beed1,43,56,-13,0.38114553689956665,0.4477340877056122
Qiskit__qiskit-435,adb3f5d811e54dbb3b9f54f95e59fbc20251112c,59,10,49,0.3471798896789551,0.5817687511444092
Qiskit__qiskit-435,c403951fc60814e6d17aae5f0a7a4f61b86dd16e,33,23,10,0.39404162764549255,0.5249950289726257
Qiskit__qiskit-435,f5281d223543150bfae3a0564bb4ced61563ce93,145,1,144,0.21009641885757446,0.6581349968910217
Qiskit__qiskit-435,aef20dfbfecbaa6b317e46e56de6b58bdd059724,264,334,-70,0.10420303046703339,-0.2214358001947403
Qiskit__qiskit-435,661e81c1d91b98a6628a67cfa320b4818a85120e,107,64,43,0.26346254348754883,0.43291497230529785
Qiskit__qiskit-435,6caf12556cb6861a2e37473fad63cdcc6c83748b,305,330,-25,0.06004786491394043,-0.18470758199691772
Qiskit__qiskit-435,07b5ee686043072029d362efbe730a0a7eaafe0c,48,9,39,0.3701476454734802,0.5854018926620483
Qiskit__qiskit-435,967894387f758d873a82a4dea5458f012acbc99d,186,233,-47,0.17768093943595886,0.08175889402627945
Qiskit__qiskit-435,1136091513bf8af437a6da6ebfa61b77fee7fd0b,60,112,-52,0.34619781374931335,0.32476991415023804
Qiskit__qiskit-5014,3494782e618efbf63980720436c1da75fd93f628,651,261,390,0.16794484853744507,0.18874016404151917
Qiskit__qiskit-5458,5e69fa7da6be7ca267146401715da99c51a6edad,357,1,356,0.29719507694244385,0.5518555641174316
Qiskit__qiskit-5506,fbf70eaae4f63128e8bd0befea3ab0dc425d826e,15,707,-692,0.6400281190872192,0.07065456360578537
Qiskit__qiskit-7913,1836d511208897774d8e9e2c0f5da0d77fc70b76,1173,443,730,0.27454477548599243,0.31789883971214294
Qiskit__qiskit-418,699df09452ac57bcfafdca7c21bb1b00ca4dd878,68,9,59,0.2644649147987366,0.5414576530456543
Qiskit__qiskit-1281,e15de5fbf631968e840d2e629ed845d57f6565f7,185,14,171,0.2562863230705261,0.5281890630722046
Qiskit__qiskit-1281,a3ca4eb457862ba180f7f5278251e12828eea65f,51,12,39,0.3451923429965973,0.5475398302078247
Qiskit__qiskit-1281,20b5b6cd626cd2f55aba546691bf297148d2e337,276,11,265,0.22565752267837524,0.5549325942993164
Qiskit__qiskit-1281,643e7b0d93d6b44be19b31f3132fcbfbf4947e67,167,9,158,0.26535657048225403,0.6041723489761353
Qiskit__qiskit-10411,c6c8db35ea65e953aac906d3bb99c39e52e32479,1352,600,752,0.2671847343444824,0.20548827946186066
Qiskit__qiskit-6619,29d5e469dcc708014ad5f9a9bb302a20d16ae3ba,908,215,693,0.2570101022720337,0.23397904634475708
Qiskit__qiskit-6619,b5c479ba69adaf9bdc1c871ea524672d0e7c4436,1081,1148,-67,0.23799829185009003,-0.014437856152653694
Qiskit__qiskit-6619,da8b12195a7a77d8a9d55b19dd53658bdcfdf1df,172,719,-547,0.3555995523929596,0.0911845862865448
Qiskit__qiskit-6619,a1f03b250043218f706cbf6d0c66bcf09a407b59,426,118,308,0.3142955005168915,0.2915930449962616
Qiskit__qiskit-3848,dbb72108d11b9a556fe34925329de6df266d8022,1056,36,1020,0.2169351577758789,0.5799891948699951
Qiskit__qiskit-3848,b6824ca1c5ac5c3003427b90a488023256d756f9,755,16,739,0.2515529990196228,0.6326949596405029
Qiskit__qiskit-7942,5bdc6e5b8b21af60f4c508093fbcc7df700c9855,1254,427,827,0.26804929971694946,0.27342644333839417
Qiskit__qiskit-7942,9d07af8b90521f3c2cd7c7136c64093e8f6789e5,728,152,576,0.31684184074401855,0.37690168619155884
Qiskit__qiskit-7942,13a5dca49c397f12fb377a649c8098478f66a2c3,586,1,585,0.3600045442581177,0.5748518705368042
Qiskit__qiskit-2237,4cff6617a55ef1949a90ade16e00d7b91c4bec76,88,17,71,0.2376793920993805,0.6028923988342285
Qiskit__qiskit-2237,2937db0059bf6eaf63b2e778651f00f069e8edeb,546,18,528,0.03921172395348549,0.6013433337211609
Qiskit__qiskit-2237,96a9fbf22f3256593d0b988533dab17495a4f094,256,28,228,0.17118196189403534,0.5592207908630371
Qiskit__qiskit-2237,e5a60c3754034c548765c95d028fcf266a713029,217,41,176,0.18337702751159668,0.4868626296520233
Qiskit__qiskit-2237,5b60d1a08ba9d8a3b049eda59199503a547f42a0,297,22,275,0.16155987977981567,0.5721752643585205
Qiskit__qiskit-2237,7e488b4e33645e19bbfa02c9088dee84591adaeb,31,29,2,0.30287015438079834,0.5579986572265625
Qiskit__qiskit-2237,272e4105fdda7e93de30317f3a9d70b31ff781de,141,34,107,0.2076694667339325,0.5265262722969055
Qiskit__qiskit-2237,c76f5892d997c96d9bc9a4a055978331cb26c49e,373,78,295,0.12776830792427063,0.3565259277820587
Qiskit__qiskit-2931,0324a0f7836179813f02797f2fcd60a62b7737df,610,11,599,0.041473597288131714,0.4679450988769531
Qiskit__qiskit-10355,9f573728572c9cb768473ca52342b6ec946879c3,1438,96,1342,0.24993658065795898,0.4902326464653015
Qiskit__qiskit-7299,503f6220d050077fb88c502da323eb71a677d633,558,1001,-443,0.29370585083961487,0.040426384657621384
Qiskit__qiskit-7299,2c59f103c3d2dcc872e046d76823b368cbe95355,890,99,791,0.24131152033805847,0.27726298570632935
Qiskit__qiskit-7299,8425182b0c79215984e2d50a6695602645f2dda7,1210,22,1188,0.20537430047988892,0.350887656211853
Qiskit__qiskit-7299,17d8783d3f83f60b9bf318f38a65d93d9c2298cc,725,110,615,0.2643663287162781,0.27086567878723145
Qiskit__qiskit-7299,f95fbf88a7b28033bcffdca3665ecda997b736f0,1320,35,1285,0.19572371244430542,0.33654117584228516
Qiskit__qiskit-6738,0de69ec58c22433002c82d449ef770e9d11e00a3,301,5,296,0.4323258399963379,0.6416743993759155
Qiskit__qiskit-8852,34884c8392e5fa52564bf236ac64575fdd9f0b77,532,14,518,0.4117901921272278,0.5245000123977661
Qiskit__qiskit-9368,9dd06040148d0826020be575bfacb68890f4d091,2524,556,1968,0.20032361149787903,0.18039670586585999
Qiskit__qiskit-9368,f74d8ca8515395bea9a314b68d7dd67db2c44c68,2717,253,2464,0.157200425863266,0.21151043474674225
Qiskit__qiskit-9368,71c17754bdad7ecbfb71766261b1ce474ec894fc,1613,1582,31,0.3070186376571655,0.09404854476451874
Qiskit__qiskit-9368,c40ae57bb14853d0aced1b01800c14cee2b34814,1895,1334,561,0.2853569984436035,0.11801125109195709
Qiskit__qiskit-4054,305afec2023182dd96b53c114b2a5f03318c196d,739,16,723,0.23057805001735687,0.4859570562839508
Qiskit__qiskit-5596,624f0c57abde429b194421e9d3e95c38d13506cd,819,94,725,0.21489354968070984,0.32745081186294556
Qiskit__qiskit-5596,a34ff364f04f12db7997e597e52b19f3ada9c48f,934,527,407,0.1965082585811615,0.22150734066963196
Qiskit__qiskit-5596,b59074bbb966b2abb8c0f81731d771fc088c9ad9,714,105,609,0.2311723679304123,0.3233763873577118
Qiskit__qiskit-5596,6f2e03699ef19f1a97503e79bce5b5663bc95d1f,481,17,464,0.2789522409439087,0.39011049270629883
Qiskit__qiskit-5596,d25a9301c1a194487b4e6f1062df192258babaca,1234,42,1192,0.1554490178823471,0.3537263870239258
Qiskit__qiskit-5596,365e796862ef4f38f47eb7dd7599e7d3edd719f5,327,1,326,0.33394482731819153,0.5249686241149902
Qiskit__qiskit-5596,99f1f738c7086bad390128cd5c0156538580ba30,298,365,-67,0.35315555334091187,0.25792330503463745
Qiskit__qiskit-5596,0ee2bec017bfe8e30583473f8b630ad493a36a3b,1586,693,893,0.09812143445014954,0.1773379147052765
Qiskit__qiskit-5596,572f4db6f7ca992c3bdf6ac57db6db2b630e86fa,530,360,170,0.2679477632045746,0.25916504859924316
Qiskit__qiskit-5596,ccd636c57f951ccf4e7348d46bc4c4df1a012942,1066,194,872,0.17736300826072693,0.29227033257484436
Qiskit__qiskit-5596,7b82ca07cd308306f5b886366e774addb2c479ae,320,103,217,0.33739084005355835,0.32460469007492065
Qiskit__qiskit-5596,f01fced1f4b66b71956acecdf92c26c9d500adaf,595,331,264,0.2523424029350281,0.26433736085891724
Qiskit__qiskit-5596,41dd90dd7b50736f8bd92953a4f54158d7b8d9be,648,352,296,0.24068622291088104,0.2609296441078186
Qiskit__qiskit-5596,8afba77cf1ec77d40f7e4299a783067d8f64ff43,550,490,60,0.2611273527145386,0.2309289574623108
Qiskit__qiskit-5596,a61bfdee099cbf82186b90a901c77ade2cae7707,491,248,243,0.27810314297676086,0.28124919533729553
Qiskit__qiskit-5596,8ea43685a462cef391d135bf2cd7706d2326840c,335,191,144,0.33143776655197144,0.29271644353866577
Qiskit__qiskit-5596,7616ddd5d35df3bf9fba754bc41410d40c2f15d9,1095,614,481,0.17325043678283691,0.19976170361042023
Qiskit__qiskit-5596,d7295aff3fd8db33df2f03ab6ce470ad5a00fb93,1099,260,839,0.1726847141981125,0.2795429825782776
Qiskit__qiskit-5596,7e6dc959ce273175038a13b9337b597a1937afc0,830,478,352,0.21369639039039612,0.2327784299850464
Qiskit__qiskit-5672,0a8efe7b3bc6e481dc67fbc2759ccec6f6424c78,443,14,429,0.35679322481155396,0.4533943235874176
Qiskit__qiskit-5672,5fa51c6727091bf85a2e6593d19767d0779c5c65,1629,90,1539,0.14393405616283417,0.3497622311115265
Qiskit__qiskit-2672,d4f2792bd15c5be5b1291898d7bac182868e42c1,132,21,111,0.4029727876186371,0.5014464855194092
Qiskit__qiskit-2672,ecfb03901ed58d38989fa568552ed2161e35a787,155,4,151,0.39288389682769775,0.6689729690551758
Qiskit__qiskit-2672,14bfaad1bcfe5cffa1d327132024bf1820563bd8,550,30,520,0.21749767661094666,0.47342589497566223
Qiskit__qiskit-2672,77256c752dbe3e9ad86477da0bb214c46062f9fe,446,16,430,0.26447904109954834,0.5221740007400513
Qiskit__qiskit-2672,7653a9048f53aec15d76db72b036037ca34d2947,123,5,118,0.4071294963359833,0.6608049273490906
Qiskit__qiskit-2672,54c47743b26a5db2752870bf40866e346c9dec9a,168,40,128,0.38825494050979614,0.44032976031303406
Qiskit__qiskit-2672,60f2eb5e0b8ae6e836b8e2c47289bdb9f8a7095e,52,3,49,0.45942580699920654,0.6695920825004578
Qiskit__qiskit-2672,d822a6d5b0a70f803ab073bcedda81d2f629f98a,358,97,261,0.2946910858154297,0.254853755235672
Qiskit__qiskit-2672,3eb928d4117c9d85cbadf85d494b2754bd4aa37c,321,11,310,0.3102806806564331,0.5602926015853882
Qiskit__qiskit-2672,fbd0fa66f5e60181d3d59a315577c6bdec117750,184,1,183,0.38306987285614014,0.67581707239151
Qiskit__qiskit-2672,38776c3e628fb4fa238fe4f7201f3af52af17c74,31,28,3,0.4866521656513214,0.488970547914505
Qiskit__qiskit-2672,ce91fbf78664c81c3016aa92c99d6d3310ab363b,226,6,220,0.35254979133605957,0.6561009883880615
Qiskit__qiskit-713,a2c9eed7ac18643d89d1d10d24b1db06091a1a74,97,40,57,0.2903139591217041,0.4824347496032715
Qiskit__qiskit-713,ae4a769b2d8b2711bd2354dbdd44bae58986f314,36,71,-35,0.34946101903915405,0.42829570174217224
Qiskit__qiskit-713,4533a2abee904dae1df37ce769f170f78df19a8a,139,216,-77,0.2716974914073944,0.22587445378303528
Qiskit__qiskit-713,1cef82eb0a70fb8e07ce510e69b9f69f237061f0,89,250,-161,0.2943764925003052,0.16397741436958313
Qiskit__qiskit-10545,8a44950d43677f9310b12a098d145374dc17befe,2559,161,2398,0.18314912915229797,0.22273150086402893
Qiskit__qiskit-10545,81ca9af75eee95f0957803da421b25244f739b7f,2994,92,2902,0.13658933341503143,0.2655363976955414
Qiskit__qiskit-10545,c56cd820262c9d835168d07d7ae4ea98924aa7eb,2846,318,2528,0.15757769346237183,0.1705344021320343
Qiskit__qiskit-10545,62880e3eeec997e6edd6f247c19c58e2e6d2db42,1518,147,1371,0.2593371272087097,0.2282300740480423
Qiskit__qiskit-10545,c80aa0296778e3c27ffc285122a1521c4dca7a67,2857,215,2642,0.1554017812013626,0.20219656825065613
Qiskit__qiskit-10545,b0790f1026f297c9dfb38ec7c45e0b6265244d9e,1286,193,1093,0.29013121128082275,0.2084703892469406
Qiskit__qiskit-4787,5768ad7b3cc0a2b203f0431110adf134ec130a81,523,7,516,0.26913246512413025,0.34160542488098145
Qiskit__qiskit-2061,6c4c76b61d078747e950a4c53c3617b7b2205113,44,1,43,0.4338501989841461,0.7648872137069702
Qiskit__qiskit-3174,50c280ff3c103538e56dd504e1601dc8bf46de75,39,1,38,0.44105756282806396,0.5977284908294678
Qiskit__qiskit-9597,77381747d86d5a5252a2521697b6c38ce004c33e,945,4,941,0.30632907152175903,0.4863733649253845
Qiskit__qiskit-9597,78b8598f60553abefbc6f47a73c223f1048b5654,779,142,637,0.36503875255584717,0.35233306884765625
Qiskit__qiskit-9597,dec2b0aec9f45d1ad65bfceda3d42d09d57a9043,1021,22,999,0.29397469758987427,0.43639788031578064
Qiskit__qiskit-5192,78d3395c219ba69b346203102df4dd9378fa059e,642,161,481,0.30707627534866333,0.41462695598602295
Qiskit__qiskit-5192,3039e08490e4050cb237ed9b1b7da80b8dfe0290,221,194,27,0.38491883873939514,0.34233736991882324
Qiskit__qiskit-5192,57c358b2837429041ab3d0b62355b7b945ef1197,720,132,588,0.29499274492263794,0.4520866274833679
Qiskit__qiskit-5192,4522109037772e03801c29c1c7a81a023bb6374f,855,276,579,0.2812287211418152,0.25342410802841187
Qiskit__qiskit-2167,b8f9cf904eaa703e74c5303461e3620550350a83,487,13,474,0.17313025891780853,0.6074884533882141
Qiskit__qiskit-2167,5600e5662f5b76f68670201f24a4c8dfd0cb820d,510,16,494,0.15470315515995026,0.600176990032196
Qiskit__qiskit-2167,44a29e781cf5e83907efb5ed4ad09c9904780d50,280,6,274,0.2547260522842407,0.636167585849762
Qiskit__qiskit-2167,c62a93969297f406436ae047087dc3bbb02a45f4,56,5,51,0.336744487285614,0.6369890570640564
Qiskit__qiskit-2167,c23aff0239e47466cebf8f6cb9ad33c02723787d,237,9,228,0.2674022316932678,0.6126348972320557
Qiskit__qiskit-2167,d5f34b5527da62ada83ae87ffa330d79507e74db,357,32,325,0.22487512230873108,0.55357825756073
Qiskit__qiskit-2167,8b4aa52fc84492f4d5641ef49111b8a667e4c6f1,67,7,60,0.33369094133377075,0.6280596256256104
Qiskit__qiskit-2167,4cf7f7652d5bd710dcf6c90e91389a530264f776,204,27,177,0.27818480134010315,0.5685685873031616
Qiskit__qiskit-2167,66178a02db0459497b0d87e4ee3ce0144c9ad23c,39,65,-26,0.3520479202270508,0.3915620446205139
Qiskit__qiskit-2167,5aa890b716ab1ab92027413b80e55fd557e60a52,135,20,115,0.30914953351020813,0.588664174079895
Qiskit__qiskit-2167,d866f9ce3fec60b903770c57e2562114712af431,406,1,405,0.207352876663208,0.6923501491546631
Qiskit__qiskit-2167,ea2ecc4741906cd60494136d8157956c7d0f29bb,52,2,50,0.34029421210289,0.6556872725486755
Qiskit__qiskit-2167,4d8656bc8e98f6ab5522176f50a4d8c6e5051606,104,21,83,0.32077980041503906,0.5885834693908691
Qiskit__qiskit-2167,9833931b4db6e756eafd3955d418c2b88941a26d,87,15,72,0.3246266543865204,0.6020975112915039
Qiskit__qiskit-2167,a68b7726b33e7b57dc30e52f2fc8955b120dc1fc,462,14,448,0.18642309308052063,0.604743480682373
Qiskit__qiskit-2167,4b16c97bee3d13e24f611de25c54f8e3de30f0ac,103,17,86,0.32092195749282837,0.5945795774459839
Qiskit__qiskit-2167,798fa44ae78e2518fb12fa162350b329383bfae8,504,33,471,0.1632290780544281,0.5480676889419556
Qiskit__qiskit-2167,dbadfe5047dbc540531d6b8aad10afd47ef517e0,447,42,405,0.19181029498577118,0.49275487661361694
Qiskit__qiskit-2325,fb77906ac2ace5d305b2b1d938b561eccfd8d50c,25,9,16,0.32674887776374817,0.4781457781791687
Qiskit__qiskit-2325,1d5774dfa4c2c0b78080b5a8732b9ccd2c8132bd,152,4,148,0.23830264806747437,0.4974770247936249
Qiskit__qiskit-2325,7b6c07a7a87382f5a60b707ef52c84a0caa5b141,388,10,378,0.14937251806259155,0.472189724445343
Qiskit__qiskit-2325,bbecd0c86304b4eb37ee59cd39d3dc9680cad114,376,22,354,0.1553502082824707,0.41614943742752075
Qiskit__qiskit-5676,52b10f14cb8337c8f0c87b816b8f8d61286284d8,533,2,531,0.2573997378349304,0.66609787940979
Qiskit__qiskit-1080,1bb753eaab31f98d1561fa5bc6c7d855f847f106,82,1,81,0.3095873296260834,0.7566131949424744
Qiskit__qiskit-5597,0a640d8e194a7fca677a326fc44e2d49fdab9b2e,1296,219,1077,0.21740499138832092,0.22464364767074585
Qiskit__qiskit-5597,87c3d24ca448d7910096eef303246b67431b06e7,843,23,820,0.2695308327674866,0.36070114374160767
Qiskit__qiskit-5597,ce9e82090bbc4b62190988bc7fb572119fcbdd59,1371,94,1277,0.2086120843887329,0.28491783142089844
Qiskit__qiskit-1718,6fbb170a3ceaa532c11bafb00f893e032d2d4b95,185,3,182,0.18208569288253784,0.7503864765167236
Qiskit__qiskit-3051,9edc9ede5db2c7cb282d746f6c6b4acc6393dbc5,131,6,125,0.3185081481933594,0.6546211242675781
Qiskit__qiskit-3051,08a74c2a8317282af13ec258417038bae56cf804,118,17,101,0.326987624168396,0.5384343862533569
Qiskit__qiskit-3051,f4ab91221df20a1fd0a68212f28414453073d621,203,2,201,0.2733796536922455,0.6805152893066406
Qiskit__qiskit-3051,64b97e81b80336a45d632fd5e39cbf48036813f5,547,16,531,0.13723191618919373,0.5410875082015991
Qiskit__qiskit-3051,a9e6a47d49fed813dd17043205853cf700f9298b,117,5,112,0.3276851177215576,0.6548441648483276
Qiskit__qiskit-3051,a4d30efc6e1038cc25cf5d3e490332091b7969a3,322,11,311,0.2127343714237213,0.5711345076560974
Qiskit__qiskit-2725,5d93fef6e1ee9576fe727b2b5a32dbd618a52619,11,6,5,0.4089597761631012,0.5648828744888306
Qiskit__qiskit-2725,0aff931130b2fcb6b3684c168b8977a553c79a4e,118,52,66,0.2922259569168091,0.44419974088668823
Qiskit__qiskit-1053,879fb8444bd814437f9741d4cd335ca22e69ebd3,30,3,27,0.35683104395866394,0.7114112377166748
Qiskit__qiskit-9941,a340aee45d8d13e1f9b38762d468788e476ff090,52,2,50,0.4394684433937073,0.7261471748352051
Qiskit__qiskit-9941,69bc9707d318d37dbbe6f71c39c4e5dbc5dcb5ab,1431,35,1396,0.30702975392341614,0.6079063415527344
Qiskit__qiskit-7933,a54df2d448ced90e837910c6f12251214a7000a2,122,1,121,0.43954479694366455,0.6621274352073669
Qiskit__qiskit-7711,6f6e2fbefc6ed855dbbddc935a8d55aba869b33b,1573,1,1572,0.20834241807460785,0.4489802420139313
Qiskit__qiskit-808,19db41cf3b4132059c22f61ac37a2132960e2bc7,147,1,146,0.30413275957107544,0.7194606065750122
Qiskit__qiskit-10383,3778075e27a2a652aa6910a9c04037bca1f96ff3,1054,4,1050,0.3319963216781616,0.5491060018539429
Qiskit__qiskit-8370,a5e8d5ce7348c7a3c79d036d64004eb9e5e0e200,1461,22,1439,0.31364068388938904,0.5020643472671509
Qiskit__qiskit-8370,a2804cb1ca27365c69fefadcac002f3d42ca0bd3,857,9,848,0.3814258277416229,0.5365475416183472
Qiskit__qiskit-8370,c78414223a937c6522ff658721f39284fd14638f,991,28,963,0.36369213461875916,0.4958108067512512
Qiskit__qiskit-8370,c367f6b902c3bc0f7e03532f60475ef3281d0757,417,45,372,0.44032418727874756,0.46510908007621765
Qiskit__qiskit-8370,5c27b15e8faf445b1c698bddd60d5b9ef5e0915b,1170,24,1146,0.34243834018707275,0.5007990002632141
Qiskit__qiskit-8370,f45f30606d41a6f35b21a77181cb3e3ab83404e7,1079,78,1001,0.353170245885849,0.427843302488327
Qiskit__qiskit-8370,893f05d35299b1297618ec198ffb242427aa900c,1022,30,992,0.3589000701904297,0.48933273553848267
Qiskit__qiskit-8370,217b1d0b6fa4e25c6426ac8ef98512304096e6c3,927,90,837,0.37171268463134766,0.4203888475894928
Qiskit__qiskit-8370,a1006d7dc7816a5b42369cc7dc407a5229d1be36,561,13,548,0.41788578033447266,0.5246250033378601
Qiskit__qiskit-8370,35cf34742bd8ef4930e5f1b5428f0d490984a6c6,1075,341,734,0.35379570722579956,0.32583627104759216
Qiskit__qiskit-8370,cacb7174a388c5d9f7b612346822897d4792a5b2,946,53,893,0.36947643756866455,0.45876532793045044
Qiskit__qiskit-8370,55014ce37a9d820b525430a492f138204a34012a,819,35,784,0.3865673542022705,0.48452645540237427
Qiskit__qiskit-8370,93139df849d3b37fefa7dd34486226771872ec24,1060,36,1024,0.3545990586280823,0.4782260060310364
Qiskit__qiskit-8370,1299b7381266c3a6fdef5f72a8be0e949e1cae0b,1455,34,1421,0.3137878179550171,0.48625054955482483
Qiskit__qiskit-8370,e2501ca79c79179bd1a7765e860a1184c9e3e3a7,922,40,882,0.3725375533103943,0.4680234491825104
Qiskit__qiskit-8370,db2710a37cbde296db895f12fafb9bd851590af3,591,7,584,0.41473039984703064,0.5577082633972168
Qiskit__qiskit-8370,a20708211a5e8c282d909bfaa0111e03750d244a,348,31,317,0.45821061730384827,0.48924583196640015
Qiskit__qiskit-8370,7897e6ebb99818d3f4b25cc51fd362968baa1b02,824,8,816,0.3861211836338043,0.5470062494277954
Qiskit__qiskit-8370,c10b3206959572d739489f8455f24c8519299f3f,2100,846,1254,0.23104114830493927,0.19599302113056183
Qiskit__qiskit-8370,4729f3b5b3405047129e7c5e0e483adcfdfa70ec,461,42,419,0.4304826855659485,0.46549636125564575
Qiskit__qiskit-8370,c3d050bee5e2f2e4822bae3af967f0bbb68f5b76,151,6,145,0.5148488879203796,0.5592776536941528
Qiskit__qiskit-8370,491f173984bfd466e79a9f7eb32fe0aaa5c8335c,772,49,723,0.39277535676956177,0.4627014398574829
Qiskit__qiskit-8370,67015fa055743bf375d61428e4d9e5c784726d2b,1887,84,1803,0.2625036835670471,0.42307594418525696
Qiskit__qiskit-8370,956887351a56a7b3b83f9a4c37f2af337894ab6c,1067,115,952,0.3542477488517761,0.408176064491272
Qiskit__qiskit-8370,b433aeff43f55414a6ecd0d34da44970dfbdbf8e,1544,18,1526,0.30424433946609497,0.5076023936271667
Qiskit__qiskit-2869,5e7d41c869f8b9f2efaecb546f5161ee2beea5ec,569,7,562,0.08976852893829346,0.7257421016693115
Qiskit__qiskit-2869,7b88489219d1e99e7ab7d54ba64e58d0323e8c80,460,14,446,0.12879329919815063,0.691550076007843
Qiskit__qiskit-2869,df96833d6c43aeeebd391bc5d116d12a413e1c8e,453,53,400,0.1296459138393402,0.5296003222465515
Qiskit__qiskit-4945,1ae5525db0e42365558c7a79e23f9d193f0ef5c5,1141,81,1060,0.12648600339889526,0.29258912801742554
Qiskit__qiskit-4945,1c3883c65757465dd1c2b7b637a3ff8ef969badf,418,97,321,0.28538787364959717,0.28142666816711426
Qiskit__qiskit-4945,a1a45767941b290ac016454f1d7c5e930d368f7a,212,6,206,0.39475899934768677,0.4250393807888031
Qiskit__qiskit-4945,ac3abb5d6f26980f339d6a4dc83346588c034200,609,261,348,0.2464258074760437,0.18823355436325073
Qiskit__qiskit-4945,1f901a88e40e18b9199cf89fe5a74e8a076b0744,504,55,449,0.26621517539024353,0.31285884976387024
Qiskit__qiskit-4945,46613269f3d9235fbcbcfed20da61d2018d24bb0,576,66,510,0.2527552843093872,0.30455324053764343
Qiskit__qiskit-4945,3bf6364b525c280fbe82ceed0a72a970e39fff43,241,13,228,0.3571338653564453,0.38357633352279663
Qiskit__qiskit-4945,3e4d1c7771d08f4473b6ea8a435fe362619c1d08,237,60,177,0.36056315898895264,0.30876410007476807
Qiskit__qiskit-4945,05e8a3f7a929813dbb090b4503b073f92a3171da,228,39,189,0.37155818939208984,0.33081957697868347
Qiskit__qiskit-4945,8f0c6283d2c9e879383eaf31593efcee75b6eaaf,385,75,310,0.29511889815330505,0.2950456738471985
Qiskit__qiskit-4945,f707c6739dae4cd8d9569f54bb93dba89cc51996,448,101,347,0.2786535322666168,0.2788609266281128
Qiskit__qiskit-4945,55213072987fa961d2e209c3800732077617afbb,442,90,352,0.28054937720298767,0.2873903512954712
Qiskit__qiskit-4945,0918bfeaecdad56e6375a7c4670c83404ae6e34b,1129,131,998,0.13137277960777283,0.25742119550704956
Qiskit__qiskit-4945,33c1c7dec0f6eef73bfa60383db10c6ca05b3bf5,1000,113,887,0.17611047625541687,0.2710454761981964
Qiskit__qiskit-4945,3f162061e7d88310c7af5db661452c7c6147d9cf,441,92,349,0.2809603810310364,0.28675025701522827
Qiskit__qiskit-4945,e1953ef8ef39f2b7e7d483c54cea4fa27522a4f7,1068,96,972,0.15755891799926758,0.2837127447128296
Qiskit__qiskit-4945,666d8838b9d7f657fbd32aae768a676c3ae38241,279,85,194,0.33077624440193176,0.28843337297439575
Qiskit__qiskit-4945,c1596000555cb6daa895c20be817c32bdcba1a4c,839,22,817,0.20217041671276093,0.362550288438797
Qiskit__qiskit-4945,8c77ce208385a58a666283aa525bd18eda2004df,332,210,122,0.30721309781074524,0.20729100704193115
Qiskit__qiskit-4945,83b1127d911afc944a1d799e87675f8e9db476f0,394,222,172,0.2904636263847351,0.20299240946769714
Qiskit__qiskit-4945,84fe4f8a5c668431a950ca903d452e4bc5bf988f,1044,99,945,0.16407066583633423,0.28067994117736816
Qiskit__qiskit-4945,f1f26b3457067b4298f4e82ec0d11d3407a067f3,1055,204,851,0.16055861115455627,0.2105570286512375
Qiskit__qiskit-4945,9bbb007276ddc5711c25e0cff06e66638e8ddeae,277,11,266,0.3312126100063324,0.38762468099594116
Qiskit__qiskit-4945,4d4b86d547b332e10f7c9bea98730c048d061799,685,74,611,0.2310815453529358,0.29682695865631104
Qiskit__qiskit-4945,b76db3e27fb4635f52dc965e55360b8351a3c7c4,605,52,553,0.24662598967552185,0.31687813997268677
Qiskit__qiskit-4945,6ceeba9d8eb2663e99ab228da060057b95f9f6eb,222,69,153,0.3787665367126465,0.3033626973628998
Qiskit__qiskit-5035,c07fcd1f6a2030f92761153bdf29fd98cc560521,460,1,459,0.3309599757194519,0.7530962228775024
Qiskit__qiskit-5074,e4a0fb22235f2726023bf5c42d951c59cbf4ba31,331,1,330,0.3494771718978882,0.7550338506698608
Qiskit__qiskit-3441,c2a3c3ddd91697d4c7283dcd292150a78b2fa124,171,1,170,0.24985280632972717,0.5349869132041931
Qiskit__qiskit-3441,c6b3c18591e76fa4f79368cdabd6af641c455e92,154,5,149,0.25521883368492126,0.47902417182922363
Qiskit__qiskit-3441,0775197cb8dc5d90e2e3581dbfa6e6326d0763de,522,2,520,0.16858354210853577,0.5323034524917603
Qiskit__qiskit-5039,73ee2ef8531de75a1cad0058cfade27b3af3e718,236,5,231,0.33653968572616577,0.565441370010376
Qiskit__qiskit-2836,157dd5c925027e22a078a9223ddceecfa7a94b59,221,2,219,0.2752147912979126,0.5773890018463135
Qiskit__qiskit-7733,35c8201af262b10de82ffe9600435f61978bd64f,853,33,820,0.28933459520339966,0.43136000633239746
Qiskit__qiskit-7733,f91faa7013fb112326c0ac21e27b83898ceb3076,1602,317,1285,0.21498903632164001,0.2872789800167084
Qiskit__qiskit-7733,5a4ad0f9628c0b4d1ed61e627df4326902876efd,863,12,851,0.28791937232017517,0.48657000064849854
Qiskit__qiskit-1668,7990081df5e7d6d48c4bda1bf282030fc3a70061,412,141,271,0.04962097480893135,0.10571117699146271
Qiskit__qiskit-1668,2769686c0433f4ffcddf3a528d23f0406f5dd201,375,104,271,0.07862135767936707,0.19063317775726318
Qiskit__qiskit-1668,f2c9f72a574640a261a99bda3ba718b71b8313b2,254,75,179,0.13043102622032166,0.2617664933204651
Qiskit__qiskit-1668,32d65fb4df3a93f7ca032f8f46b0e6c7b418bde0,370,71,299,0.08358869701623917,0.27163034677505493
Qiskit__qiskit-1668,fb9c67b859d01a4f89e169d0e8b2baeb503a3b9b,374,80,294,0.07924826443195343,0.2503690719604492
Qiskit__qiskit-1668,60c7ef9d6009d058c285f46f18c0fed4c9ec540a,340,59,281,0.09837733954191208,0.29264307022094727
Qiskit__qiskit-1668,12f5c34f860fdbfe5353b52292d983c9a6d77940,273,72,201,0.12186127156019211,0.2682768702507019
Qiskit__qiskit-1668,aab3070d19da8f031c831ce7cf19fcd9310a8d44,335,79,256,0.09949266910552979,0.2557440400123596
Qiskit__qiskit-1668,e8f409af8e4977febe9c5b7d463dfe6b314928ea,313,28,285,0.10846394300460815,0.394870400428772
Qiskit__qiskit-1668,9bf2367ce0eded8ba9de7db19b13c4477c219e52,47,47,0,0.2715302109718323,0.3417329788208008
Qiskit__qiskit-1668,90c53b5d6389d1ca511812c7ef74e3a82a2c4337,194,11,183,0.1529325544834137,0.4877104163169861
Qiskit__qiskit-1668,d72e83bb0f1c6e33a250adc9e3aa3a19d48dae7a,38,37,1,0.2835291028022766,0.3695930242538452
Qiskit__qiskit-1668,1a119253d758a59ad59a96556df123e1e89341f7,265,44,221,0.12435584515333176,0.3486301302909851
Qiskit__qiskit-1668,ebb4ec3c1220648ce9a085dae059a3831acd7d1c,326,43,283,0.10379446297883987,0.3491156995296478
Qiskit__qiskit-1668,dbb60d7688a4687cd81ced7790fb5e23d6598023,48,4,44,0.2710331082344055,0.5254795551300049
Qiskit__qiskit-1668,c9fb771f05f886d60b94f9735a4ec73fbea9e0f1,349,98,251,0.09449262171983719,0.21115101873874664
Qiskit__qiskit-1668,194c8d6c27e4382c5642bdaad54cb56d1ae28fe1,382,30,352,0.07660528272390366,0.3852587938308716
Qiskit__qiskit-1668,3f79385439b71f93fd7f3a1e76e1877ca580fa0c,231,112,119,0.13772329688072205,0.1680058091878891
Qiskit__qiskit-1668,80bacd592b32c4524d1698237039b80b0fbe1e1d,211,38,173,0.1438310146331787,0.36812347173690796
Qiskit__qiskit-1668,0fc2e1792e08cc36f11209a2ab67f0e4ebabc768,297,108,189,0.1121748685836792,0.17398735880851746
Qiskit__qiskit-1668,6769d33739f4196e4a0df4900f2cf51ead9a3e35,63,88,-25,0.24557767808437347,0.23450547456741333
Qiskit__qiskit-1668,780418fee96002182e5598ece791f9bb42bf8c23,263,21,242,0.12525177001953125,0.43841663002967834
Qiskit__qiskit-1668,5b278f07672d8176ed866bb20fa3cf61ef8ab8dc,336,48,288,0.0994400680065155,0.3410993814468384
Qiskit__qiskit-1668,e3ffea68ece6984d4dd4e65dbe2ddfaec0d05011,268,52,216,0.1238112822175026,0.3195764124393463
Qiskit__qiskit-1668,1e40404f9431ca73ca4e40daacce4f6a37bb3cc4,400,70,330,0.06353151798248291,0.27211540937423706
Qiskit__qiskit-1668,f741a75eacd8ca66ccc4d552a6f9f9f185ae93d2,298,65,233,0.11197373270988464,0.2878986597061157
Qiskit__qiskit-1668,a046235b914646c6941045b7db4c3452c4bdf054,344,57,287,0.09719899296760559,0.3009120523929596
Qiskit__qiskit-1668,2f532e5fa66fd8056e79208edbf5eca7c2d36e52,104,14,90,0.2048826515674591,0.4691813588142395
Qiskit__qiskit-1668,4facacccbcedef9423e4f9d051db4d5f20bf82cb,145,87,58,0.18478311598300934,0.23568910360336304
Qiskit__qiskit-1668,ca24e6bf2617e80a2b895e73bd9a1fc902efaf9a,283,68,215,0.11926731467247009,0.27988678216934204
Qiskit__qiskit-4276,665c33c28ad7acdd02a2049f9925064f7cbd8047,279,481,-202,0.25269854068756104,0.10937013477087021
Qiskit__qiskit-4276,c4e0d912172b5686ce2e6d3f2962b60f255a3dc4,677,646,31,0.16938382387161255,0.0519055537879467
Qiskit__qiskit-4276,f1738a6c476ee0ca48bb01d081651411f83d46d4,451,803,-352,0.21510885655879974,-0.025105522945523262
Qiskit__qiskit-4276,2b8a8cd99f0b77bbc34bdf927cb2c2e9674a9809,623,43,580,0.18463924527168274,0.2838869094848633
Qiskit__qiskit-4276,7a38570225f3be0c894824948a25c4a0f08493be,237,1,236,0.2698783874511719,0.4787864685058594
Qiskit__qiskit-4276,43352648c8726f547e6609f089b6d31656cfcfea,290,153,137,0.24840988218784332,0.20929503440856934
Qiskit__qiskit-1210,8410cf922aa97258382b8406663ef845556d07ed,493,87,406,0.04292215406894684,0.1279832273721695
Qiskit__qiskit-1210,1253962caa8822d62b2267f5ca3b96fc73a1db13,457,90,367,0.0835362896323204,0.1231720894575119
Qiskit__qiskit-1210,3d196dbfdc9bc48b5e1c1c5ecdcdc03118e5f0b7,196,17,179,0.23744356632232666,0.3330644965171814
Qiskit__qiskit-1210,5388b076b363772880a3c0605f84457baf7491af,473,269,204,0.07132077217102051,-0.06092425435781479
Qiskit__qiskit-1210,3f5d91130410bbeb50cd73a6707232831d9718c7,40,2,38,0.34631919860839844,0.6003499031066895
Qiskit__qiskit-1210,bb13dfe3e6cb0539dde2e34d5b9fbbe724f3f937,285,238,47,0.1706686168909073,-0.02762567438185215
Qiskit__qiskit-1210,4fe0f1f303bd0076167b6f4635e446875fa7f696,286,11,275,0.1704530119895935,0.3662927746772766
Qiskit__qiskit-1210,b9dd06bff1618a1e27d3617d97e4773da55c88f4,497,75,422,0.026695843786001205,0.15345607697963715
Qiskit__qiskit-1210,fd35f47760ecb9e67ace9aecc0095e229635066c,62,32,30,0.32771384716033936,0.2487821727991104
Qiskit__qiskit-1210,8a35bd8fa9870b0e30e859dd88610d187823aad9,13,19,-6,0.4177461564540863,0.32207244634628296
Qiskit__qiskit-1210,fbe7a4296519f5816a5e50ec7bdc8f24d4a64639,7,4,3,0.43536198139190674,0.534006655216217
Qiskit__qiskit-1210,a340f4ecb517786a12d2c43200862b67e6ba64cb,451,218,233,0.08478952944278717,-0.00087786465883255
Qiskit__qiskit-1210,244921578adb127e27ed759e6f72700b379106b8,439,196,243,0.09254293143749237,0.032724324613809586
Qiskit__qiskit-1210,3a3c15e076999a95465cd9d365e231aa888577c1,49,466,-417,0.33972668647766113,-0.2427816540002823
Qiskit__qiskit-1210,bab02eae2bde8bf0ce627a8d807333bae0638c0e,475,266,209,0.06918022036552429,-0.05402355268597603
Qiskit__qiskit-1210,dd94481b55e739f636f94d80848d5ac6160f81b0,462,401,61,0.08027876168489456,-0.1711982935667038
Qiskit__qiskit-1210,0ebd9c530e5e1a3390bfdd6270b0c61f898aa98f,470,92,378,0.07258103787899017,0.12164988368749619
Qiskit__qiskit-1210,dd5bac862470002e93f38f45d020067d125fda42,28,12,16,0.3598119616508484,0.3583923578262329
Qiskit__qiskit-1210,565305b2c53282ef6a89b4a0dfa00d09b29ada09,350,7,343,0.1350984275341034,0.44552081823349
Qiskit__qiskit-1210,82afa881758ad7a9c4f4adb34a2dd3b3f4953779,1,95,-94,0.5092647075653076,0.11837097257375717
Qiskit__qiskit-1210,302ae8afc06cef712386bd6a262fbc1df8169182,490,140,350,0.04950512945652008,0.07276645302772522
Qiskit__qiskit-1210,6975cf662c540b2c07f98cb0950a9a798c5aa639,121,26,95,0.27735981345176697,0.2802318334579468
Qiskit__qiskit-1210,61b0d6bf74a86757dc62e4c3b8aee879f669797e,433,220,213,0.09728319942951202,-0.008747074753046036
Qiskit__qiskit-1210,3de9bacb21edb0bc12543ba44e7d1ec5c2076205,186,8,178,0.24646678566932678,0.4382493793964386
Qiskit__qiskit-1210,bb07bc2ff3a8e42b341599955a1941f30ba915e3,474,146,328,0.07031437754631042,0.06979171186685562
Qiskit__qiskit-1210,12ef28a35b487235c77d59e109c04c25399ffa44,16,15,1,0.40144026279449463,0.346612811088562
Qiskit__qiskit-1210,1e96ad42a507361e8e1fb87e960350ee8d651e77,70,5,65,0.3176957964897156,0.5268367528915405
Qiskit__qiskit-1210,e4fdf7d4e263f57726995d162b4ce133fe3e39da,431,16,415,0.09810822457075119,0.33849191665649414
Qiskit__qiskit-1210,f0ad0ff17d4ee389bfe514e9a93b3cfff05753e0,498,166,332,0.022742636501789093,0.058536969125270844
Qiskit__qiskit-1210,4e5fc64969c3646c38a1329fdfe5cd33bd3d7681,370,245,125,0.12689737975597382,-0.031995683908462524
Qiskit__qiskit-1210,0d6f71ad8cd0cd1190d38560cc96fb7d47e9bcbd,90,1,89,0.2976101040840149,0.6394713521003723
Qiskit__qiskit-1210,6c02608065e69d3309fa56da3c6f1cad8380173a,415,176,239,0.10903272777795792,0.05142516642808914
Qiskit__qiskit-1210,ea47c9f87aad7b258a87449947b0c52a3c8ee4a2,463,41,422,0.07821333408355713,0.20151059329509735
Qiskit__qiskit-1210,9983a40395984e0e34a7ad4d747c7e9234c7a58b,464,272,192,0.07790223509073257,-0.06952439993619919
Qiskit__qiskit-1210,09c7c3770ff70f1de7b1a2dbb8845adbd22995a3,435,297,138,0.09622561931610107,-0.09681890159845352
Qiskit__qiskit-1210,c4a3fb27e5d4c44f36c24f1b9e76bd9d82e521e4,452,255,197,0.08471548557281494,-0.04393646493554115
Qiskit__qiskit-1210,07fad7a513b55c1afe7ee7b1425777cc3ec2540b,335,42,293,0.14262187480926514,0.1944347470998764
Qiskit__qiskit-1210,ebad2c88729538238b718ea8da18d4400d2ceb72,502,160,342,0.012145483866333961,0.06099611893296242
Qiskit__qiskit-1210,4873b3d51e9e71d3164de62cad00ca13036df92e,460,147,313,0.08142368495464325,0.06952289491891861
Qiskit__qiskit-1210,34f2f84ee3621d9ee2f28f0d88db45da644be845,379,13,366,0.12390615046024323,0.35200321674346924
Qiskit__qiskit-1210,850fa189428dfdeb41253e0170f6afa0b57389b3,483,38,445,0.06398977339267731,0.21779218316078186
Qiskit__qiskit-1210,d9a64009aa3cf8fa5886294ca6da45bd96d10694,35,199,-164,0.34972280263900757,0.029990985989570618
Qiskit__qiskit-1210,73e36f19af5400da10064b1402351a22233fd402,472,104,368,0.07134169340133667,0.11209806799888611
Qiskit__qiskit-1210,48d988dccaf93027536ebbc918f31c2eead91104,256,9,247,0.18983194231987,0.43698441982269287
Qiskit__qiskit-1210,78ba18dac50d2d04212a28f930b6e13e4804629b,481,215,266,0.06485053896903992,0.0050959233194589615
Qiskit__qiskit-1210,16602d302fc9ca70e360c61e1a8aa7165500240c,417,364,53,0.10834289342164993,-0.1461787223815918
Qiskit__qiskit-1210,3189df1488e5df5382ca33e7139552d2890c8850,461,227,234,0.08065573126077652,-0.016005825251340866
Qiskit__qiskit-1210,47a8e40668d2113328f7ac0eb23a842ca37c1131,364,316,48,0.1282624900341034,-0.11289532482624054
Qiskit__qiskit-1210,3ea3a8000eed46158025db95ee8b511540590a2c,500,132,368,0.015656646341085434,0.07498960942029953
Qiskit__qiskit-6235,0051f529f2f4edca934822bbf8a03b41f77a74d6,1395,1,1394,0.23996978998184204,0.7254196405410767
Qiskit__qiskit-6909,34e6819600dd96dde0b2796ac86f7f9b5a48c9d0,483,10,473,0.3935210108757019,0.6210322976112366
Qiskit__qiskit-6909,b0d233f246e7ad8378dc9739a1de5e9e649576c7,385,1,384,0.40780946612358093,0.7398594617843628
Qiskit__qiskit-4633,8994e012da48479fe86e13c3b9497ad5e3dbc23f,37,135,-98,0.4185556173324585,0.30632033944129944
Qiskit__qiskit-2473,528229a98ff8aea488bd2a20133059d4ce5d875f,159,3,156,0.37078049778938293,0.4131753444671631
Qiskit__qiskit-2473,6fdddbee6b513c3d260960d153083fedb9dd2fd9,30,4,26,0.46383196115493774,0.4026585817337036
Qiskit__qiskit-890,6f3b52307d22d5d32cfd52c6a91e4ef53ab25e39,95,31,64,0.2048768401145935,0.3564307689666748
Qiskit__qiskit-890,dd11f471ff4831d2a7a1f9742d7df579694f41d6,216,49,167,0.15163767337799072,0.3270433247089386
Qiskit__qiskit-2387,ceb7d017e5033805700b19a377ff3aef8747a694,391,3,388,0.133533775806427,0.5121939778327942
Qiskit__qiskit-5755,3c2340983196485f1e5a6ed8a8a9b53a8f86849e,89,2,87,0.46781644225120544,0.6661124229431152
Qiskit__qiskit-2652,1fe629cf1a799543397307ed779a4925adf8cac6,40,2,38,0.39991870522499084,0.6912000179290771
Qiskit__qiskit-4887,029f5de9700b66caa93e7fe952219069ef1ff25c,49,1,48,0.46117258071899414,0.6377915143966675
Qiskit__qiskit-9404,3ff574f00b50bc851c997090273e103e025df869,860,206,654,0.3380964994430542,0.47408080101013184
Qiskit__qiskit-3577,7136e25d9906a16b215d42383c2df3f2bef85f81,137,26,111,0.3136942386627197,0.5993747115135193
Qiskit__qiskit-3577,f8d2717c7a26e780f63c06f7d913c5b2dc12616d,132,3,129,0.3172292709350586,0.7392685413360596
Qiskit__qiskit-3577,d4c64d1ab38d44e5d6efa0eb1a6ba8aca2b4b840,236,57,179,0.2585422694683075,0.46855464577674866
Qiskit__qiskit-3577,bc09106d4dc76053fb605ad3546393c647f100d3,113,18,95,0.33134573698043823,0.6439402103424072
Qiskit__qiskit-8199,a9f8a5cc7e2b916527f4e4bc52570c0f5c52b13f,46,73,-27,0.5487561225891113,0.47627609968185425
Qiskit__qiskit-1856,b8d4dc0692fada791441a2667ae53cf7d0ec1514,188,126,62,0.25450199842453003,0.33102747797966003
Qiskit__qiskit-1856,5f0f3ec7c9ee1f5cfbd08b534e15e9427d411d4a,166,178,-12,0.2609661817550659,0.24449880421161652
Qiskit__qiskit-1856,792e1f40538992928a3e5128a92a37ad61ce797a,278,74,204,0.21802066266536713,0.40523454546928406
Qiskit__qiskit-1856,043d13dd52ee2f89b14db62d93c1935d2767cade,58,39,19,0.3187556862831116,0.46271735429763794
Qiskit__qiskit-1856,2aff1cf80f75c31d9a76082d14580ced6f694a43,229,51,178,0.2373417466878891,0.4441835880279541
Qiskit__qiskit-1856,4a720488d32166945bb37582c17433f7b2b1a89b,407,50,357,0.13780230283737183,0.4461390972137451
Qiskit__qiskit-1856,bee51f5b11f8e28b12a4fdc0aa3d7070e4e4df31,208,34,174,0.24759560823440552,0.47330373525619507
Qiskit__qiskit-1856,2197d7bf49eb4cfe57ee47a1d4bc1502fce04776,249,315,-66,0.22980543971061707,0.04469709098339081
Qiskit__qiskit-1856,c585379dc2cfb75cfcc4efc6a8114f3b930c2cd1,11,47,-36,0.40893518924713135,0.4493139684200287
Qiskit__qiskit-1856,5dffc16840ddd6dd2d8e37ec58e432dd01052b17,124,81,43,0.2838275134563446,0.3958097994327545
Qiskit__qiskit-1856,b4ec3352282db4001c198dddcd4a3d378c9056ed,36,124,-88,0.34377413988113403,0.3360278606414795
Qiskit__qiskit-1856,b070a1d68524e2c4e7440c54ebb60230096ba8a8,32,4,28,0.34727469086647034,0.5747649669647217
Qiskit__qiskit-2014,91c48e9dd668ed64affe78b7af1906084d85f967,43,29,14,0.33944863080978394,0.3879290819168091
Qiskit__qiskit-450,9571de128db90a020e5675006739c61c1b95eceb,71,34,37,0.34843531250953674,0.23741231858730316
Qiskit__qiskit-3547,d1e4ead516c99d8821de75f1579a92415292475c,479,340,139,0.30651965737342834,0.18975985050201416
Qiskit__qiskit-3547,03c94ef38ff6e759e4b8305a7c588ce7cf77153d,1088,13,1075,0.16971024870872498,0.4773814380168915
Qiskit__qiskit-9726,1a6a25100aeda7c3b1159e02ed9f3622d0615113,726,1,725,0.34501177072525024,0.6034362316131592
Qiskit__qiskit-3288,6326513da0f1d3e1f557121e8ccbeea3d88b9395,586,243,343,0.22571592032909393,0.07838325202465057
Qiskit__qiskit-3288,cc1e87adfd928f4375e7319997044c9145733f8d,567,76,491,0.23048537969589233,0.24569757282733917
Qiskit__qiskit-4807,e8b139f1073b7f1c216023fd30ed6704f72555dd,349,1,348,0.3713398575782776,0.5907489657402039
Qiskit__qiskit-6932,924db6c231fb4dd3cb7f19f772564db11c3fbd19,529,131,398,0.31113186478614807,0.31358271837234497
Qiskit__qiskit-977,5e8634912a98ed5cf162ea80e9a2d42b5f6e829f,243,7,236,0.24475805461406708,0.44144511222839355
Qiskit__qiskit-977,b9a52185904dd4432e8ef11c247116c70dfff388,21,121,-100,0.4212898910045624,0.3303481936454773
Qiskit__qiskit-977,f522c32f8e6e1aa084e9b56aff6d525078e3407d,126,379,-253,0.3015420436859131,0.06810633838176727
Qiskit__qiskit-977,20ac70ce9c4d5c72f5d0be9736695f0fcec21bfb,245,159,86,0.24464000761508942,0.29731595516204834
Qiskit__qiskit-977,6465921baa5fca6893456d5bc04cb955dbec2fed,31,10,21,0.401819109916687,0.43206119537353516
Qiskit__qiskit-977,8db198976b62ccaa7ea9dc376144468495845370,46,39,7,0.3720604479312897,0.39559054374694824
Qiskit__qiskit-977,548b2569ffa6db641aef2031c7779b0be61cdd8c,345,144,201,0.189317524433136,0.3144588768482208
Qiskit__qiskit-977,bf40b91da441cfa7942a88107a10e75ee04d6d26,314,31,283,0.20762228965759277,0.4072619676589966
Qiskit__qiskit-977,ec6e1a227b3bc79391cd6500fbf880a2f7e9e0f4,50,225,-175,0.3694847822189331,0.21354301273822784
Qiskit__qiskit-977,cd3b50a9d299508d222975c82e2fd1516fa48ad3,119,220,-101,0.30726584792137146,0.21896898746490479
Qiskit__qiskit-977,00a4d8a4e277af11e62c3e8cf8329427a366b2ad,165,25,140,0.2809104025363922,0.4152224361896515
Qiskit__qiskit-977,cb71a804382fa3e4f3ee6daa57252480c43b982e,34,86,-52,0.3954492211341858,0.3477095067501068
Qiskit__qiskit-977,7be7e8fd5f53fecc1d5acf74dc5f39bc2c198b8e,116,35,81,0.30857521295547485,0.4015468657016754
Qiskit__qiskit-977,35b868729db52ad8609936dfd634cb6c0bf05946,102,112,-10,0.31576916575431824,0.3339657485485077
Qiskit__qiskit-4141,b959bb53bb777bb8f9cde627d659d62cdeeaa860,170,2,168,0.3630635142326355,0.4856010973453522
Qiskit__qiskit-4141,cabd97314a9ad6878858617edc964021c0935ec3,673,1,672,0.2944258153438568,0.5274778604507446
Qiskit__qiskit-5324,e46a3762a8bc19bb51350a5b2921ef8224bdb5ad,1077,64,1013,0.23669007420539856,0.39250850677490234
Qiskit__qiskit-5324,8da3608a302cf40493ffe22ee2ad1049ee0ecdf1,405,19,386,0.377933531999588,0.4566265344619751
Qiskit__qiskit-2139,0cf6b8aa3d0d9ad99dc5c59357a523034c26195b,470,20,450,0.09082227945327759,0.2489795982837677
Qiskit__qiskit-5619,d609a41547cf576201560ccb5140970fc042f632,1724,13,1711,0.02112245000898838,0.49923163652420044
Qiskit__qiskit-5619,318c04f7748e001de65b62ceb2049bb51db9f789,1375,4,1371,0.1439286768436432,0.5458792448043823
Qiskit__qiskit-10537,26425238fce3e468c6e52b687cd6a98be1445c4e,347,2,345,0.5025535821914673,0.5792210698127747
Qiskit__qiskit-3751,d62943b249a1ca4922d67747a68788dec88c27a7,126,4,122,0.3890996277332306,0.42903000116348267
Qiskit__qiskit-6315,a8cd5f8e751790efbb12902390fce0850a84c923,1193,16,1177,0.3044596314430237,0.47547537088394165
Qiskit__qiskit-6315,777ae62b50eb231c076fca9ef75c35ea6c8a837e,484,2,482,0.38709235191345215,0.5578460693359375
Qiskit__qiskit-2755,bfd67d78269bc744a272461d956d23e6f37a7fe1,418,18,400,0.23483708500862122,0.402515172958374
Qiskit__qiskit-4713,907b883266e0c3da897040396c4c631d8b477a6e,62,8,54,0.4590083360671997,0.4636797308921814
Qiskit__qiskit-6018,1df38cfe4a56027f9957599a66662d9aaa72ac19,167,2,165,0.4288337826728821,0.3561175465583801
Qiskit__qiskit-6018,2e125a1989b642d2888b2e1dd6daa25795940895,944,215,729,0.2679249346256256,0.2005084753036499
Qiskit__qiskit-6018,4436d1394c73e9f79ed6224cc331b1bc7f98cd48,117,1,116,0.4422186315059662,0.37230512499809265
Qiskit__qiskit-2085,1c3fbc5ca16d62fb96a83ee2f7d3e8ca38a8082a,37,2,35,0.43679279088974,0.6341066956520081
Qiskit__qiskit-3888,097ca1fd4860220f1beea9b7e7ee9ca63984b771,199,3,196,0.3731212317943573,0.5774537324905396
Qiskit__qiskit-3888,d4fc3e438edd886ad610ca26542239d9e0e9779c,172,8,164,0.38136717677116394,0.5072742700576782
Qiskit__qiskit-3888,7e7c0d6c5ee2dc3c83cb3ec7b51eab3379f9c245,296,9,287,0.34084975719451904,0.5039975643157959
Qiskit__qiskit-3888,1cdda37826c3498cada4f96be3c4bc2166999163,376,2,374,0.3237101137638092,0.5905253887176514
Qiskit__qiskit-3888,97e88fafac3be11d01170341529c6e1bb78c2cb4,237,7,230,0.35864895582199097,0.5126553773880005
Qiskit__qiskit-3888,7b7532c8e3af518fe220806d57f3d19c0d21e47b,335,12,323,0.3328455090522766,0.4928476810455322
Qiskit__qiskit-1615,4a63c4155de1412bdb35f88ba512d8f8c829a1c4,197,35,162,0.21838869154453278,0.4904741048812866
Qiskit__qiskit-1615,887108a7c17abc45cbd4381eed451c7aa78335ee,390,542,-152,0.15852738916873932,0.06300383061170578
Qiskit__qiskit-1615,da41942781ab2611dd5f0f4bd823d51bcf092515,295,611,-316,0.1827438324689865,-0.12126678973436356
Qiskit__qiskit-1615,5f4dbe492e97c4606d98450df5343dc438d7d150,437,98,339,0.14419560134410858,0.41376277804374695
Qiskit__qiskit-1615,bba8af7b98d2f1195a4ae235306557306c454757,108,37,71,0.25188764929771423,0.48999282717704773
Qiskit__qiskit-1615,da2a46212e554a16489eef3e52c29e7b67a3b48f,502,21,481,0.12494614720344543,0.5272073745727539
Qiskit__qiskit-1615,819e9ffa810d9ab43e634b1941a845e63967b7e6,257,145,112,0.1949695497751236,0.36324143409729004
Qiskit__qiskit-1615,08fe0164ddf06076b7ecf777385cc707456fef62,378,593,-215,0.1622750461101532,-0.06566233932971954
Qiskit__qiskit-1615,a38866cc2f7dda6215b333100ca8e88371d53d92,446,568,-122,0.14264366030693054,0.009366508573293686
Qiskit__qiskit-1615,620955553c6801c42ceeb688f0978684d97982ab,348,561,-213,0.16938333213329315,0.021751772612333298
Qiskit__qiskit-1615,597acb06569fb6130f68ed291e888e6677ebb2d8,290,558,-268,0.1842508316040039,0.027162790298461914
Qiskit__qiskit-1615,09bc1b3cf1053b80e667df9befdd57a4b4f47a5d,273,25,248,0.18964135646820068,0.5078921914100647
Qiskit__qiskit-1615,50cbc1ab71180b72e856b882ff12d297d7ecb9a1,110,8,102,0.2510165572166443,0.5483521223068237
Qiskit__qiskit-4326,febb3c2926e2eb473835099f6438e6a76f5c56c6,660,1,659,0.25726109743118286,0.661048173904419
Qiskit__qiskit-4326,bc7f7659b5ba06922e9d8fc17009f518540a841b,576,76,500,0.2724495232105255,0.3472415804862976
Qiskit__qiskit-5740,d53b2481a05fce302165dae034b018d983a5aea5,179,27,152,0.4402593672275543,0.3674827218055725
Qiskit__qiskit-10484,d319cabc418ce73c13813ebc47e91935ac804b94,1197,2,1195,0.2976799011230469,0.47352367639541626
Qiskit__qiskit-10484,5fc4aac27bb99c7e9f90c56e333b961c70a756ac,1285,5,1280,0.28589993715286255,0.46935951709747314
Qiskit__qiskit-6530,08609998803dd1f776ed0ff273ffd1d202326cc3,1389,45,1344,0.157868891954422,0.5024733543395996
Qiskit__qiskit-6530,800e519c13135965f5fb08c20d022d43fcefce1c,1265,1,1264,0.17258143424987793,0.6488069891929626
Qiskit__qiskit-6530,ff87749ee31a684e5659e4aaac1446da6925cb57,1726,43,1683,0.11006209254264832,0.504986047744751
Qiskit__qiskit-6530,20493b72e6665c8f2f946608e4f1a6a0b0a43e2d,1474,77,1397,0.14692704379558563,0.478159636259079
Qiskit__qiskit-2173,38855639d362471175941fbded9e50a744d65c43,474,262,212,0.1357956975698471,0.03513053432106972
Qiskit__qiskit-2173,ba089a97ffaf24a9cd7919d22eb7f58ce77ce02b,462,550,-88,0.13799484074115753,-0.21767857670783997
Qiskit__qiskit-2173,2acc5bcb5c688fd3457b41dadb07fa10ce3fefd7,497,345,152,0.1211966723203659,-0.010842730291187763
Qiskit__qiskit-2173,039d640a0999bf4d853dfe64e3276f9368e090af,428,355,73,0.14926306903362274,-0.02300410158932209
Qiskit__qiskit-2173,23d338daa0285b92213a08a0d2f292f42e5e7daf,13,16,-3,0.4314165711402893,0.27875685691833496
Qiskit__qiskit-2173,d23faaeaf02bd079dd5d8bdc3d7cde7d802685c6,347,542,-195,0.170014426112175,-0.20466311275959015
Qiskit__qiskit-2173,95a28c1492ac689e5a267f2ca65d47ae18660ee1,304,501,-197,0.1827157586812973,-0.15423792600631714
Qiskit__qiskit-2173,9bc5350696bbd62caefe5bb6cc9232461ed1ec94,117,430,-313,0.29982733726501465,-0.09233970940113068
Qiskit__qiskit-2173,2ae29d27ef12af59491fe85cfc6bbd5ea1288ba5,109,560,-451,0.3033028244972229,-0.22887390851974487
Qiskit__qiskit-2173,d6d5e2b09724762c988e243741c200a8ab78fe67,415,304,111,0.15280354022979736,0.015457162633538246
Qiskit__qiskit-2173,69389a7c17a1f5af403e6c99312246dccb2eeb43,32,546,-514,0.3978281617164612,-0.21181607246398926
Qiskit__qiskit-2173,99a94789741d394fbeb1e1d9abc6950becf15de3,478,582,-104,0.1328583061695099,-0.36415839195251465
Qiskit__qiskit-2173,bc5d64e14c0d1d4d233e52dd949e7f11868f6a66,145,523,-378,0.27783846855163574,-0.18796390295028687
Qiskit__qiskit-2173,6dec1178ed038ec232092c336b7adc27bf339e5c,467,491,-24,0.13741597533226013,-0.14387467503547668
Qiskit__qiskit-2173,bd4005434000cf1a63b86682393ac55417499ab6,160,476,-316,0.25386762619018555,-0.13109350204467773
Qiskit__qiskit-2173,7683977485900a2c7276d89f0fd36783b2a675ea,343,539,-196,0.17131249606609344,-0.20223847031593323
Qiskit__qiskit-2173,db754b1fc004039d50b0ab74e09cf4a6efa9cf80,252,189,63,0.19620037078857422,0.07083693146705627
Qiskit__qiskit-2173,3dc432c132b64510f54c48c6bcc5ef2e4e63fb23,328,572,-244,0.17513781785964966,-0.30456945300102234
Qiskit__qiskit-2173,c4c75a9bccc53aea9af9f0b1b161930586118454,50,25,25,0.3663441240787506,0.25988906621932983
Qiskit__qiskit-2173,3fe3e025e9510f154d767fe9c989ba675f67df28,330,513,-183,0.17409634590148926,-0.16823410987854004
Qiskit__qiskit-2173,a51a955f6c982188029dfd36f317737c2482a594,353,380,-27,0.16921040415763855,-0.04245607554912567
Qiskit__qiskit-2173,221a840bb8535229fc4a3176723ec75b04d2bc07,466,463,3,0.1377885639667511,-0.11950336396694183
Qiskit__qiskit-2173,415bce860d691190f00ddcb05d467ac552931fd4,3,4,-1,0.4966026544570923,0.3703603744506836
Qiskit__qiskit-2173,be6b1f866bc5d3fdc38f4e9b6fd3e9f0bcf0235f,539,553,-14,0.09317795932292938,-0.2219763547182083
Qiskit__qiskit-2173,b1aa8ea2eced6d03da1875e2dcf4bf6ebabce008,456,446,10,0.14177098870277405,-0.1087229773402214
Qiskit__qiskit-2173,81890a5e7947bf8a7415f77e57ceb86ff7e332fa,14,97,-83,0.4311954379081726,0.1473546326160431
Qiskit__qiskit-2173,8e6d2c493668c1d72a079322503ce42a01695b7a,36,6,30,0.392277330160141,0.3600081503391266
Qiskit__qiskit-2173,027cecf9ecc517099922abcd6b5bc2fd6a67e393,504,341,163,0.11787539720535278,-0.007242055609822273
Qiskit__qiskit-2173,19bb25d1562a7b34cfaede8601a53405b7934db6,130,521,-391,0.29130738973617554,-0.18649950623512268
Qiskit__qiskit-2173,48025c032e53da1d273bc9f6061aedf737e23256,149,325,-176,0.2721167206764221,0.006034429185092449
Qiskit__qiskit-2173,2630c0ba47cd4a66f55484c3c2ab3557256e45d2,200,583,-383,0.22089138627052307,-0.40367478132247925
Qiskit__qiskit-2173,c788794f405cbbcbef07c4a9c86938ca54ae2b7f,265,415,-150,0.19339923560619354,-0.0779542401432991
Qiskit__qiskit-2173,cdb869a7b8a3cd1abdb569eff31c2873393d219c,327,552,-225,0.17519161105155945,-0.22060728073120117
Qiskit__qiskit-4511,edd6a86da9e2b6a77eced322d1acdb11070cfa54,115,4,111,0.3010268211364746,0.6023730039596558
Qiskit__qiskit-2790,d3e9257bc0b92759b001d153263bc7d2904f8b95,80,6,74,0.31228750944137573,0.5012968182563782
Qiskit__qiskit-10279,6a0c8a0842b44a245c339a48ed93cd2f65d75e07,985,8,977,0.40358781814575195,0.4736112356185913
Qiskit__qiskit-1229,b8284d1cc94d808fa2a7076074ec0cf2de8a99cd,88,2,86,0.26476040482521057,0.665929913520813
Qiskit__qiskit-1229,f5a83f6b65be4a167efdc24f99b0ddfc5f7caba9,197,1,196,0.20997284352779388,0.7035297155380249
Qiskit__qiskit-1229,43aa34f8d72a770c6a5926fc1fdf23210fb70a17,296,10,286,0.1721937507390976,0.5962702035903931
Qiskit__qiskit-1229,61ac3387d48bd34acdb5d2b1ba2740fa2d2d1185,156,3,153,0.22501368820667267,0.6452848315238953
Qiskit__qiskit-1229,27d60fe5c11ec92431926e6a2c88660d25d219d9,161,16,145,0.22320270538330078,0.561718225479126
Qiskit__qiskit-6625,855365fea069e19e7c0a0c3a4500a7f5f6f69a3b,1902,36,1866,0.19496232271194458,0.3428165316581726
Qiskit__qiskit-6102,ad121765378c37f47214619e21596bad0e97b2d3,17,5,12,0.5533984899520874,0.6130547523498535
Qiskit__qiskit-6102,d59b619384d942dc6d1ce8c6a4d371a8b9505e2d,7,55,-48,0.576373815536499,0.47140631079673767
Qiskit__qiskit-4366,eace6c8151f993f11caad78d4c1a60894941e2d2,293,424,-131,0.26801830530166626,0.1602480560541153
Qiskit__qiskit-6070,82b83fd92f244464e20cfa062e4143e7a4f54773,394,3,391,0.350788950920105,0.627044141292572
Qiskit__qiskit-6070,fe32642ff3751ccdd7bcc93e004b55dfa399af4e,609,44,565,0.31044822931289673,0.5329210758209229
Qiskit__qiskit-6070,22194073dbcb990414ca2a8d84cfe48b476d5a0c,326,17,309,0.37410956621170044,0.5759610533714294
Qiskit__qiskit-6070,94d4318dda4ed293a154c5eebae7b09ac1f8673b,166,27,139,0.4252500832080841,0.5610332489013672
Qiskit__qiskit-9002,330df026ee232eb22b4447c5ae322558ee707346,301,224,77,0.48345282673835754,0.4322316646575928
Qiskit__qiskit-9002,4f1aa909f0e0fdc3af6257a412864228f5938157,35,3,32,0.5411694645881653,0.704413890838623
Qiskit__qiskit-9002,2e764e68bb7067500e2d465b58a9a17f8b051654,1685,1228,457,0.2633838653564453,0.16112163662910461
Qiskit__qiskit-9002,223e2e77b4d89fc090e4eb55677a9f0efcd64e33,1347,349,998,0.31400156021118164,0.3846282958984375
Qiskit__qiskit-9002,c0430c4327a9c0efe1b805d3b09c8b3287b268a6,1189,1172,17,0.33866170048713684,0.17337699234485626
Qiskit__qiskit-9002,1ea4d19123a365296dbbc77b8669f6a3f9c9e5a4,751,34,717,0.413707971572876,0.5938223600387573
Qiskit__qiskit-3180,806fa6db51a085c9d86e98033f5e45f13d4a45dc,139,3,136,0.3950793445110321,0.6470733880996704
Qiskit__qiskit-3180,6c351f84b36565087046c3f278843d5d592c9a18,269,7,262,0.34698718786239624,0.6072555184364319
Qiskit__qiskit-3180,b0692d8380c560265638a34a84bd5eb7231e64c2,42,1,41,0.46280524134635925,0.7311517000198364
Qiskit__qiskit-4853,48123fee88ed40086e6c592d566179a5e504243e,317,1,316,0.37737756967544556,0.5466828346252441
Qiskit__qiskit-862,692baa72d61dc21867c59891f4653787ca58eb99,365,17,348,0.14014028012752533,0.47598153352737427
Qiskit__qiskit-5851,dd1eb3aa536a0ba0c0a5117b5890241ee2f0ad15,29,22,7,0.49997225403785706,0.35861605405807495
Qiskit__qiskit-5851,4f074ab64c55a44661e081dcd8153da8665f2de8,44,62,-18,0.4890519678592682,0.2861090302467346
Qiskit__qiskit-5182,40f9e4c8eec343f7428549f4111d8369e955d25b,247,210,37,0.37730103731155396,0.18660487234592438
Qiskit__qiskit-8098,137dce0741d58604a719693a28c1a5c0f8441cc7,1360,1,1359,0.2643709182739258,0.6690492630004883
Qiskit__qiskit-816,28148f12258ddfc7474a9b62c1a6e10d79f27219,11,1,10,0.4468233287334442,0.780095636844635
Qiskit__qiskit-1089,3bcd1726afb74dc58fd70ce234d8a6e3335ff38e,254,3,251,0.25869810581207275,0.40860715508461
Qiskit__qiskit-2088,929c9fa86f0ff3f31d2e19c7596d2fdd4f476f12,217,7,210,0.3259013891220093,0.47367721796035767
Qiskit__qiskit-2088,8b4dc1038f5a5c66d96dbf25a074974965f29694,360,22,338,0.2626650333404541,0.39763686060905457
Qiskit__qiskit-2088,3040479b7543ba37d0bc5827c8158624a05f0c81,181,2,179,0.3467552661895752,0.5010986328125
Qiskit__qiskit-2088,3b5fb371b3c6bc68f10fb09e481a993b498fa758,55,29,26,0.4556717872619629,0.36352792382240295
Qiskit__qiskit-2088,49e5447b7deb7765c4f0294f4c5bd70f18e897ef,372,16,356,0.25717517733573914,0.4209604859352112
Qiskit__qiskit-2088,cab1380657b23f4afdae470bc4300d0fbdf127a9,94,4,90,0.4067609906196594,0.49334216117858887
Qiskit__qiskit-2088,04440894bb29065856f1e8691ad833241dc3fe52,186,36,150,0.3425379693508148,0.3456360399723053
Qiskit__qiskit-2088,93a8ce6a4c5fc145b7db80276775b7febae8a445,381,6,375,0.24905437231063843,0.4806886315345764
Qiskit__qiskit-3459,794a52a0b427ace27050e2cf5f8987317a4309d4,262,64,198,0.29928600788116455,0.30299267172813416
Qiskit__qiskit-2212,625e0db3712d678b5f7f2bf6a8080fc5de9eda00,522,8,514,0.1988847851753235,0.37209558486938477
Qiskit__qiskit-2212,efde2bc7ea358b91e5d0b308242d0e536cf50b63,464,161,303,0.23209214210510254,0.06763705611228943
Qiskit__qiskit-2212,5385158b1c934c590d4ac11b1faebb5b03bac649,285,4,281,0.3050267994403839,0.397199809551239
Qiskit__qiskit-2212,de941131313a566670120e631e03e740c9b59747,113,66,47,0.3755280673503876,0.2401760220527649
Qiskit__qiskit-7972,759783d0c6895d52da13d7443a830010bf9ee3ea,412,8,404,0.44808822870254517,0.47167640924453735
Qiskit__qiskit-6418,48941cfcabd4d41afd579a0c492e7fcfbab3c547,366,1,365,0.38448771834373474,0.5639252662658691
Qiskit__qiskit-6418,37085b3c4085a16b8c34ef0fd49059e032b4f543,820,19,801,0.25118348002433777,0.5178760290145874
Qiskit__qiskit-6418,168d42d006ce393df03330570d9bcdcb50723989,486,8,478,0.3211527466773987,0.5331507325172424
Qiskit__qiskit-8298,8382fa62f8465eb78812fd2add6fd128e5eb2e15,1212,543,669,0.26147279143333435,0.2132103443145752
Qiskit__qiskit-4670,2e6a815d2a1ff56811f708b9e2e412a8fc89b03c,161,53,108,0.43040573596954346,0.5465458631515503
Qiskit__qiskit-4670,59b5c26075b4d6c5afc95d275754de3bf50194be,879,18,861,0.1634807586669922,0.6335617899894714
Qiskit__qiskit-4670,0f610c5ac5da724346b3d2fd3d68182d38edba47,287,7,280,0.2826295495033264,0.655977725982666
Qiskit__qiskit-4670,b497da50ef52f26f345a408415cbf0f2172ba498,725,5,720,0.19365206360816956,0.6615140438079834
Qiskit__qiskit-4670,6d58ee27bb759f06427004d9315ce73b75446d2c,177,21,156,0.3950038552284241,0.6247974038124084
Qiskit__qiskit-4670,da0de86c7c056b9c1e89c113bc925762d8743947,162,17,145,0.42636266350746155,0.6337955594062805
Qiskit__qiskit-4670,dad3a32ec6f0ed5401e902cb9efe29e841453251,189,13,176,0.36186453700065613,0.6412864327430725
Qiskit__qiskit-4670,8861ab8f9a512cc9d4147fd0036a395646634e5d,872,72,800,0.1640588343143463,0.5156870484352112
Qiskit__qiskit-4670,4fe1283f850343abb0ff5f518c8791951cdf473c,626,22,604,0.2109081894159317,0.6247912645339966
Qiskit__qiskit-4670,b8ddb6a8542c7f7c8aec5dc1569eb94c688d421e,570,107,463,0.2226419746875763,0.4610832929611206
Qiskit__qiskit-4670,f3ac28540e6800462696feb6ac2fc8fb55425d27,667,31,636,0.20492227375507355,0.6122356057167053
Qiskit__qiskit-4670,55aadbc28266d86d855954f197d1197a6fd37e31,465,40,425,0.24081099033355713,0.5835738778114319
Qiskit__qiskit-4670,df673e4abc0b61c678d8ced05372562c9c696b62,351,80,271,0.26639169454574585,0.4971247911453247
Qiskit__qiskit-4670,12dff0fa2067ff15c9bb711cad03dbe1f5a647e5,271,30,241,0.28820884227752686,0.6129580736160278
Qiskit__qiskit-4670,2ac0fa9c98b833631e236392e8b7a461cf11f1d3,220,14,206,0.31888067722320557,0.6368570923805237
Qiskit__qiskit-4670,a9be818f79a81aef4af781f9d156e76b20fdeab7,233,15,218,0.3030141592025757,0.6367539167404175
Qiskit__qiskit-5780,8d4f9f8b6f7dcb3e994081397dc257f765833244,496,40,456,0.42026287317276,0.454101026058197
Qiskit__qiskit-5662,6ef41d20a6bba6e9cae6c3d2b318b7b259753124,1403,21,1382,0.1850963830947876,0.47432395815849304
Qiskit__qiskit-5662,8cc377ef8a7a6b49eea327496538c7b3fb4db09f,61,8,53,0.49103960394859314,0.5405846238136292
Qiskit__qiskit-5662,cc51bd0f28ce484dcef98eabe7b5cbe93ed0febe,991,3,988,0.28150975704193115,0.5983352661132812
Qiskit__qiskit-5662,9ce297978d27fd9b67ae6cb6b32cfb5c1878a489,70,5,65,0.48435938358306885,0.5773258209228516
Qiskit__qiskit-5662,9f440dea45ffe7de754776ffb7b1ec6cd33ea8c4,71,1,70,0.48405539989471436,0.6940112709999084
Qiskit__qiskit-5662,a3bd73ef3c912b4ec95015ace738d82f970fdb48,1614,12,1602,0.12887321412563324,0.5185139179229736
Qiskit__qiskit-5662,1f48ba5797c4c2f1563b6ec306918568d354f6f3,55,18,37,0.49289804697036743,0.49468058347702026
Qiskit__qiskit-8384,251f68fa4f0f6c796476f4fddc0724cf4ea7b6bf,1874,5,1869,0.26788952946662903,0.5785516500473022
Qiskit__qiskit-2265,a84697c4abc01e6609f9347406c8797893bfbb0e,27,37,-10,0.3046274185180664,0.5490614175796509
Qiskit__qiskit-2265,7d05e1c1c0103ca83a5d9b913c6363e2a92b7ffe,24,22,2,0.31771284341812134,0.6053494215011597
Qiskit__qiskit-2265,900e95f9c5571aef0d21f178f8622c2a026b429c,213,14,199,0.1706176996231079,0.6277104020118713
Qiskit__qiskit-3142,082a8c4819b097a177a1cfed4defd98c01ed0bfc,374,1,373,0.30606532096862793,0.75634765625
Qiskit__qiskit-1955,9d1f3f289742cc721caad345fc9b2d96426d0bb8,35,80,-45,0.319979727268219,0.19208477437496185
Qiskit__qiskit-4156,c0055fe063533b334e9fab8c75718d73ab922f4d,573,18,555,0.33005571365356445,0.40204066038131714
Qiskit__qiskit-7095,47d8c8923cdcd65c8f318cade5468e29c3f74d9d,523,11,512,0.311820387840271,0.48655766248703003
Qiskit__qiskit-7584,12bd89a76dc2559acb5c51609a918ebf4e4b2a74,2,2,0,0.5600531101226807,0.599582314491272
Qiskit__qiskit-781,36c670a86379c2c40efa2f72b71fae8774ff33f8,85,74,11,0.3330366611480713,0.3344900608062744
Qiskit__qiskit-781,1dddc44a72b7c5b5eb41f44a7c50f9aa48032760,147,47,100,0.3009861707687378,0.35794293880462646
Qiskit__qiskit-4597,4389553265df1bb5ff11d05a7e5e0ae5085361eb,15,1,14,0.4650557041168213,0.7819709181785583
Qiskit__qiskit-6866,458bd0ed95222b9cdf6758e4d5172d2cec37b473,968,28,940,0.211976557970047,0.5114568471908569
Qiskit__qiskit-6866,3b3488e3675c20e928bb3c11aaf9a75e3689cf2f,602,32,570,0.27766698598861694,0.505542516708374
Qiskit__qiskit-6866,d248e66b2c07a9a84ab5f73fb7e7fabdfe3d8a74,1444,67,1377,0.15670910477638245,0.47252440452575684
Qiskit__qiskit-6866,f2558d4318907aed57f494f509771d6063b99bc9,1262,20,1242,0.17797322571277618,0.5229271650314331
Qiskit__qiskit-6866,08f09e4d2c287cedcb8d9fb75e1c6915c598a148,553,8,545,0.2907325327396393,0.5418379306793213
Qiskit__qiskit-6866,0a3e9843a5250c9a7d5e1303126e572855439321,1033,18,1015,0.20518510043621063,0.5248403549194336
Qiskit__qiskit-6866,f125fab52851b850ccd40c77c89097edc2454691,584,7,577,0.28264546394348145,0.5421420335769653
Qiskit__qiskit-6866,fda8ec4963ce4d94ccfb1d2cb9c507a34a94e7cd,844,23,821,0.22808139026165009,0.5215054750442505
Qiskit__qiskit-6866,82f6bd228e5f0a617fd1ad8b01073800a7dd7711,1705,25,1680,0.12352272868156433,0.5155960321426392
Qiskit__qiskit-6866,8749a2c747703530d41e9b96439a75758e7f83aa,1354,1,1353,0.16709968447685242,0.5807138085365295
Qiskit__qiskit-6866,33ebfe7e8a39ec7d826e98eb81be72db145e4882,520,5,515,0.3023531436920166,0.5569642782211304
Qiskit__qiskit-6866,66ae0ca36179ff8fdcb77d06152736cc96bbdea6,1498,55,1443,0.149666428565979,0.4858018755912781
Qiskit__qiskit-6866,3ebbdf620137a82afa38e79bbd6a86c7c4799052,438,26,412,0.3247614800930023,0.5136724710464478
Qiskit__qiskit-6866,2be571ce8984626f7a6604d2e7ac6b9e7f5dc95e,1951,19,1932,0.07648967206478119,0.523326575756073
Qiskit__qiskit-4579,f2b6f0d49270a48eeebbdd613bc7db7473da95c4,996,561,435,0.18323376774787903,0.09083416312932968
Qiskit__qiskit-4579,c1d15899a9f63a35d5b3426cb2e9baadb79b1d2f,785,437,348,0.21261826157569885,0.1614154875278473
Qiskit__qiskit-4579,edd23de7561dc7dc212ae4f9805c261162ef2fc5,2,332,-330,0.48004966974258423,0.20212936401367188
Qiskit__qiskit-4579,b3bb412e23d0d276e11675f8925cfa7de1c2ea73,741,490,251,0.21757151186466217,0.13381515443325043
Qiskit__qiskit-4579,779a58d44a51d687994aa73da3bb69b642b3b6e1,646,199,447,0.22973987460136414,0.2639894485473633
Qiskit__qiskit-4579,ae44ed5702c99e0bc2560bc431d075e19adf7511,685,564,121,0.2244889736175537,0.08991926908493042
Qiskit__qiskit-4579,fb37302651bec4fc7677fdd924b03d19ba96b15f,592,33,559,0.2353314459323883,0.37896108627319336
Qiskit__qiskit-1765,081aa8d049d8eb28246f971a63aa3eaf3e605cf5,355,335,20,0.10884552448987961,-0.091529980301857
Qiskit__qiskit-1765,cb9033eb996061208ee55e0f6843ce8ef99a28ba,234,252,-18,0.16351814568042755,0.008088159374892712
Qiskit__qiskit-1765,2caf3c0757a04dbe2336c74c1348fe97061488ff,316,277,39,0.12450077384710312,-0.02364644780755043
Qiskit__qiskit-1765,a051e62727e05e050999510cd6712f2c3020b020,199,367,-168,0.17444735765457153,-0.1543138325214386
Qiskit__qiskit-1765,c3a3199e42cd5f9ab767e6a4caf485022119ac53,305,373,-68,0.12940530478954315,-0.16315248608589172
Qiskit__qiskit-1765,9609f36d3495c78ca3262e7efbe30f2587d3ce9f,412,323,89,0.05136328190565109,-0.07393771409988403
Qiskit__qiskit-1765,1fe54d7ad92825c32d88f426f5376ff873a72944,258,354,-96,0.15234984457492828,-0.12303148210048676
Qiskit__qiskit-1765,299dde214ccd168c77165098dff6011d0bebd077,354,294,60,0.1088670939207077,-0.04796725511550903
Qiskit__qiskit-1765,20e3c9f79ffbf31841bdc39dbfab0be7e33a1a5a,364,207,157,0.10665179789066315,0.04659249633550644
Qiskit__qiskit-1765,72714862e12dda76b68633aa7af92a400c227659,319,303,16,0.12379325181245804,-0.05416938662528992
Qiskit__qiskit-1765,0f43811a1ea0d05d0b832df5128f89e074f5c6c7,328,356,-28,0.12019164860248566,-0.12390795350074768
Qiskit__qiskit-1765,75dd6b5d11d90c119996148b41cd607464eb3a91,409,263,146,0.057490769773721695,-0.007955407723784447
Qiskit__qiskit-1765,f5cbdb17342cf6c794888b41481e56839314f908,252,351,-99,0.1556147336959839,-0.11471541225910187
Qiskit__qiskit-1765,6619eeb98e3bd76ac1728052f8d2f505cf8e1d9a,301,295,6,0.13015279173851013,-0.04827776178717613
Qiskit__qiskit-1765,e5c4cb7d94cf7bd43b19cf6f08e34ad4e2162353,344,349,-5,0.11363860964775085,-0.11351484805345535
Qiskit__qiskit-1765,3d2a70aacc0c5dd2b521aa748a7cd7c57c51e7b3,358,244,114,0.10824163258075714,0.01435115560889244
Qiskit__qiskit-1765,4538b35886bae5c5e2c1974eaec933eae3895efb,290,347,-57,0.1354457288980484,-0.10962745547294617
Qiskit__qiskit-1765,aa1826600064c8626624db9cb616810aa7a4b776,308,236,72,0.1286672055721283,0.01866106316447258
Qiskit__qiskit-1765,f918cafcab1b23ce1799c31d42bd570aece9c612,410,229,181,0.05221596360206604,0.025235414505004883
Qiskit__qiskit-1765,676e8a66d2993da5a47743e1d876b21df77fd453,362,258,104,0.10684716701507568,-0.0008589494973421097
Qiskit__qiskit-1765,c3ede3a2800a81ffdca3df363447317f358acecc,288,221,67,0.13687941431999207,0.034666839987039566
Qiskit__qiskit-1765,732e668f2e0a3f53cba23bcecd6eedcf263ca672,294,333,-39,0.13366134464740753,-0.0859895646572113
Qiskit__qiskit-1765,c721f09264d270e791750f0e297a654105d1c840,313,226,87,0.12505358457565308,0.0277581587433815
Qiskit__qiskit-1765,96eff90c2dc7a65c3c428c9f7c60a4ee35050ac1,388,314,74,0.0849173367023468,-0.06624311208724976
Qiskit__qiskit-1765,f423d25b7c53e770bc8065ba4f11ae2c3393be77,381,278,103,0.0943538174033165,-0.02500002458691597
Qiskit__qiskit-1765,686261175bed39f2d2bbea2533222c0456b3ec40,300,291,9,0.1310187131166458,-0.04148993641138077
Qiskit__qiskit-1765,3b929798bebc6935365bce3611469ab0103c2f7a,221,285,-64,0.16751813888549805,-0.03259052336215973
Qiskit__qiskit-1765,485ad715efa7ad166ea68cae5f3ceede6a0de183,303,336,-33,0.1298593431711197,-0.09265045821666718
Qiskit__qiskit-1765,7ac9d5d8aca681edfb236820edaf3d2a34d471e2,351,260,91,0.1109686866402626,-0.0010789348743855953
Qiskit__qiskit-1765,a4ba93c0dfc77019916b44f3360eedf27bfc7d21,326,267,59,0.12128186970949173,-0.015400695614516735
Qiskit__qiskit-2069,b8595cf87cbe190c59bdc4e8d5dc10c8ceda6edd,90,230,-140,0.35629594326019287,0.0010468866676092148
Qiskit__qiskit-6348,d45cd77a0898ca2842bb32970ef6c04ae9a412f9,751,4,747,0.22893404960632324,0.6578397750854492
Qiskit__qiskit-2597,46ff78ed89d2c53ed6cd9d4923e89ea6bc587dbd,21,21,0,0.40690290927886963,0.6249874830245972
Qiskit__qiskit-2431,6de9394e3b7a05dfaaa35d78eb6bfe7390ed724a,138,6,132,0.24515186250209808,0.6561773419380188
Qiskit__qiskit-6556,34a35e71d6848daa635b5a4710ea1efc8c5982ec,1198,8,1190,0.2754683494567871,0.4624261260032654
Qiskit__qiskit-4582,83732d6193d2657c0526df42f49295c1b2ca55ec,452,64,388,0.2864674925804138,0.36897510290145874
Qiskit__qiskit-7856,848e977f2b48240c61f29336154da4b9316ad9ab,86,27,59,0.5044289827346802,0.5726929903030396
Qiskit__qiskit-9494,9e246a1fd1c139b5c42f11990625534a5d236158,1626,2,1624,0.2408618927001953,0.4606893062591553
Qiskit__qiskit-10476,c88fddadd77b287e4b9282dbd6f2ef08147dc9d8,1726,6,1720,0.2520844340324402,0.6173534989356995
Qiskit__qiskit-6487,f4213dba3c9e17ab1d6d817d057419fdf40244ea,311,1,310,0.3774326741695404,0.7407575845718384
Qiskit__qiskit-6487,12ffe2bf41e717bb12323fed8eabd0c608ebebb6,536,35,501,0.2934594750404358,0.5651334524154663
Qiskit__qiskit-1815,df25c93da8bad8fd1b4e7e6d79b254264e900c17,198,20,178,0.2169947773218155,0.41884845495224
Qiskit__qiskit-1815,53ff83adaff9c2827efa144611f0624e81244edd,428,14,414,0.08854036033153534,0.491012305021286
Qiskit__qiskit-1815,46775b691210edee36e4ada28b30550813b97064,33,30,3,0.3032796084880829,0.3411695063114166
Qiskit__qiskit-1815,710d586b5b8b7b35f3404736f5c1ffabf4a9b3d6,244,82,162,0.2007998824119568,0.1587735414505005
Qiskit__qiskit-1815,c64b727576c1a5361b3f94f3e79f2db7fa040869,255,52,203,0.19497689604759216,0.2566022574901581
Qiskit__qiskit-1815,04943d1697093e6be83495f0cf232c476672e646,436,9,427,0.05209118127822876,0.5385500192642212
Qiskit__qiskit-1815,709139f900a5ee722b7eb538e88d848017b2b4de,339,66,273,0.15993456542491913,0.204062819480896
Qiskit__qiskit-1815,ef697c61f679f0f3c8548f0e2290eacd7c9343bb,265,13,252,0.1920686662197113,0.5166413187980652
Qiskit__qiskit-1815,99279004f70a6b8f24c6282ec73662c4abe6a86d,236,34,202,0.20311355590820312,0.3081931173801422
Qiskit__qiskit-1815,fc712d72953b979dff3d461a41fbfe1fb6cca87f,220,18,202,0.20906010270118713,0.43775591254234314
Qiskit__qiskit-1815,0a2c2cdbd5d2e286114025e6b33952d64debdcbd,358,1,357,0.14963477849960327,0.6424909234046936
Qiskit__qiskit-1815,c6296b1aef401bc94a4c1e333758a38a89bb9d4c,371,11,360,0.14098891615867615,0.5223151445388794
Qiskit__qiskit-1815,beb17576707f39dd49abc864886c8547e8c10318,260,45,215,0.19402232766151428,0.27549272775650024
Qiskit__qiskit-1815,f2f411f3c963730a611ee6c1134ddcdb8ad6e333,82,2,80,0.26429855823516846,0.5807685852050781
Qiskit__qiskit-1815,46adeff44a78083041b955b8507670a3f6bc3f6b,320,5,315,0.16745731234550476,0.5682563781738281
Qiskit__qiskit-1815,a5f30ee89b85bc3718b9821c60d894b66fae4f91,412,105,307,0.10642577707767487,0.12410882860422134
Qiskit__qiskit-1815,e76ebea1068366fe0b0da5109a0a1fb9700ded4d,304,25,279,0.17601646482944489,0.37822863459587097
Qiskit__qiskit-1815,c342bcbb61c9316b49ce2ec63e88d03676f479ce,285,54,231,0.1878516972064972,0.24572879076004028
Qiskit__qiskit-1815,709c5262eb3a7aa6808ffc4cecabb45b3bf1afa7,449,8,441,-0.005209658294916153,0.539060652256012
Qiskit__qiskit-4270,0f839046a63bf3ece49cbe8901523cbbf7e21c33,149,2,147,0.37562012672424316,0.5331085920333862
Qiskit__qiskit-9038,cfa19eb7b6cff4ad56dddd1f063f9f6774679e39,930,20,910,0.28182369470596313,0.6063354015350342
Qiskit__qiskit-9038,a7f4f93efdaacdd4427a1b9d9712f8ae2f8b9c2e,841,16,825,0.29906654357910156,0.6147844791412354
Qiskit__qiskit-9038,6f2e4e1077f9feb240e76f45c20c96a5ee9fdcc6,1547,115,1432,0.22318945825099945,0.5052320957183838
Qiskit__qiskit-9038,a3e4020338d0ac03b335d7768b91cb55d56403ba,787,21,766,0.31158483028411865,0.6055720448493958
Qiskit__qiskit-9038,4c01ddc261917b48e557f2d8ef2429523fe59afe,785,22,763,0.3119526207447052,0.6052874326705933
Qiskit__qiskit-9085,95176bdc10aef95e17571f7d18cc9c418b9e93aa,521,423,98,0.2873709499835968,0.24309875071048737
Qiskit__qiskit-9085,8950de5ccc9fd2895625437e7fba7f14f1e979ea,1121,176,945,0.23486226797103882,0.3209676742553711
Qiskit__qiskit-9085,7c2e2af35efb228e604abeb42c59f83bf49297df,1860,42,1818,0.17662441730499268,0.4019303619861603
Qiskit__qiskit-9085,2797ce48fe54625c61c84a2def734ec647c802bb,918,34,884,0.2532053291797638,0.41153234243392944
Qiskit__qiskit-9085,877eb28c499ef02c44e035de69ab6c750dabca22,882,273,609,0.256731241941452,0.2865791320800781
Qiskit__qiskit-9085,60d18da562bf3ab088518c87586151ada9f92784,113,8,105,0.3464196026325226,0.46334195137023926
Qiskit__qiskit-9085,cd348bfa3626ea16f635201f174d6559ef8d743e,408,631,-223,0.3003557324409485,0.19189807772636414
Qiskit__qiskit-9162,ec27ef5239013bc44e908fd7a0940ee11c1f8c90,668,2364,-1696,0.37332379817962646,0.03608933091163635
Qiskit__qiskit-9162,4756cb98ef6343445376ae8200ca9e4fed6fa80a,2775,2458,317,0.17759087681770325,0.020840391516685486
Qiskit__qiskit-9162,cf2aa70a40444c181e79bc4fec31acd7101439d3,2362,2686,-324,0.253352552652359,-0.04080457612872124
Qiskit__qiskit-9162,9d0561c11c6d2f33520204b4dab88ada7f16bc8b,1102,1631,-529,0.3403717279434204,0.166219562292099
Qiskit__qiskit-9162,4d460894aab2851b44d4f111bda44cff59ec23b7,2090,2151,-61,0.27433955669403076,0.07935850322246552
Qiskit__qiskit-9162,d23656620319bc18b291eaa9ea82629ceb9f7968,1698,1776,-78,0.29874929785728455,0.14505472779273987
Qiskit__qiskit-9162,950b2447d936e3d328c205a6949c94c1681af76a,2328,2758,-430,0.25698643922805786,-0.07510410249233246
Qiskit__qiskit-9162,f811bea83f73b7e8f958de65d5f81d440c43aa56,1414,585,829,0.3177775740623474,0.2967681884765625
Qiskit__qiskit-9162,44ce2253fddf0ae5ff7c81da0bdf2ed0b345ed94,112,1634,-1522,0.43224596977233887,0.16583730280399323
Qiskit__qiskit-9162,293e0a641e8a702b8daf5596a1b514ca7da295ce,1634,1536,98,0.3027220368385315,0.17923837900161743
Qiskit__qiskit-9162,fc59ee355b95e543a09b00e40f729f97fcd31656,322,2691,-2369,0.40251457691192627,-0.042593009769916534
Qiskit__qiskit-9162,046452074aeb21d0fde5bef841116348aaab95a2,1431,2427,-996,0.316378653049469,0.026380164548754692
Qiskit__qiskit-9162,fb346d6e56390fa8e37f5866bc479e3ca7c41a24,2404,2750,-346,0.24928626418113708,-0.072092205286026
Qiskit__qiskit-9162,874389147ac10dc7f3a30c21df444c4ab3af250d,1782,2303,-521,0.2932268977165222,0.04736613109707832
Qiskit__qiskit-9162,4f59d1b9f6c21a52fdc34671aa50e78f1e79002a,960,2328,-1368,0.3500113785266876,0.0426836758852005
Qiskit__qiskit-9162,bb5c66fafe821838ee994ab9e1c5ba30cd24aba6,1663,2648,-985,0.3010091483592987,-0.02889089472591877
Qiskit__qiskit-9162,430e7842278f2a03b1c81b75b5a0f1f9ec53910f,2701,2606,95,0.2029169350862503,-0.015365160070359707
Qiskit__qiskit-9162,b20ca0cf9a8a0d3de4e2d9aa0b146a8d26c694d3,1699,2587,-888,0.2987060546875,-0.008394553326070309
Qiskit__qiskit-9162,3295bbf4b9c866e3adf0efc839d8d818a0210eb0,2780,1939,841,0.17541304230690002,0.1185026541352272
Qiskit__qiskit-9162,3326d3dae1a3ab369cfa8c5d3a32bbbdac99d1c8,1561,2379,-818,0.3077712953090668,0.03337666019797325
Qiskit__qiskit-9162,b7cb21ac8a1649245d57496842cd471cb2d927e1,1354,2135,-781,0.32254379987716675,0.08261393010616302
Qiskit__qiskit-9162,2c280c2fa6cda43da28934be979e49edcb787f1b,1170,2717,-1547,0.33645176887512207,-0.05604512244462967
Qiskit__qiskit-9162,9db38aa71ab780c3e87300a5602e87ea52dbaff1,2375,2223,152,0.251725435256958,0.06482815742492676
Qiskit__qiskit-9162,346241d3b2cad8e9a23c72dc4beda9cd53385c88,2305,2392,-87,0.2593438923358917,0.03168035298585892
Qiskit__qiskit-9162,7f5f9fcc700851628adb613627821bd6f78a154e,370,1594,-1224,0.3967747092247009,0.1723635494709015
Qiskit__qiskit-530,c1e1b68dd5990417f75b72589cfb12d5d36abf75,340,117,223,0.03316010162234306,0.39206334948539734
Qiskit__qiskit-530,2908e8ef5c4a50a89b1ba81552e8a07edee972bc,212,22,190,0.17805570363998413,0.6229996085166931
Qiskit__qiskit-530,154011f5c7120c44f7101ea95d2052560686e22a,303,47,256,0.10695851594209671,0.5499008893966675
Qiskit__qiskit-530,d19123fcd445e2e77138b7f6d6c48f7cb17bc2f4,152,31,121,0.210555762052536,0.5812557935714722
Qiskit__qiskit-530,dcd1adaa80a726385923a77d8d227acbff2e9fe4,191,30,161,0.18849769234657288,0.5866540670394897
Qiskit__qiskit-530,06dc4b05caced54e462d98a78f8ca4da079478ac,80,44,36,0.2536529302597046,0.5567227005958557
Qiskit__qiskit-530,6c5787b9381de25cdb22cf1fce0cb739c7940ad6,61,146,-85,0.26673391461372375,0.3203310966491699
Qiskit__qiskit-1115,10d59a2aa7f0d9dbf230a9bd590d647a230ee700,222,1,221,0.22095121443271637,0.6891065835952759
Qiskit__qiskit-1115,aa58784cf246592ea908ba77bdfbb92d1813d0a5,53,11,42,0.317807137966156,0.5260217785835266
Qiskit__qiskit-1334,4b2223bc099cde779de6cf9158aea20f7272c58e,141,2,139,0.175909161567688,0.7222899794578552
Qiskit__qiskit-1334,b689562b701eacf9c4408084a7d68417c4c04700,208,1,207,0.15787401795387268,0.7422776818275452
Qiskit__qiskit-9316,ce5178436abbb5fcd8ab3acb74c02228efc32112,115,8,107,0.42853015661239624,0.6214787364006042
Qiskit__qiskit-9316,089934e7dc8042c098b734ec465cd3c39af67fac,736,29,707,0.36523014307022095,0.5817219018936157
Qiskit__qiskit-2249,7d85e1075f6f7911f4df8f8d78088ce9738ce773,107,554,-447,0.2660936117172241,-0.19184385240077972
Qiskit__qiskit-2249,0e0b1a2d62b1606f3ad66ce8b72d59641144a51d,363,191,172,0.18860715627670288,0.1864970624446869
Qiskit__qiskit-2249,d8fa0b17f0339c907e1068843829011f94c7912b,157,35,122,0.25132906436920166,0.3500322699546814
Qiskit__qiskit-2249,37d0a3480859f4b6a47dda519ee0d4f013f2f679,540,357,183,0.10348783433437347,0.03472033143043518
Qiskit__qiskit-2249,8983660e43b39cb2933ca4357768d2a8de2f20b8,238,573,-335,0.22938764095306396,-0.246752068400383
Qiskit__qiskit-2249,16ed15a36510d340c381d88a98e8272c210f11c2,27,61,-34,0.3344460725784302,0.2868587374687195
Qiskit__qiskit-2249,54576d39576815db2249d38696bbaaf2bcd1af14,516,452,64,0.12637080252170563,-0.026620203629136086
Qiskit__qiskit-2249,f41e920245743bfb45e13725af2b945a82d0698c,22,249,-227,0.35634350776672363,0.14705556631088257
Qiskit__qiskit-2249,1c1ef22d1789c69f8da3532a46effb88d5322b46,304,164,140,0.20829761028289795,0.20870208740234375
Qiskit__qiskit-2249,c269c8621d8b25380c0bfead82cee02360a968be,337,323,14,0.19767367839813232,0.06966222822666168
Qiskit__qiskit-2249,f0dc26267c55782ae6ffa1b33b62e4749b081b6f,444,106,338,0.16342739760875702,0.2453427016735077
Qiskit__qiskit-2249,7de312a550a0a7d674c80c3ef8a20bc3c0371dd9,486,180,306,0.14347849786281586,0.196618914604187
Qiskit__qiskit-2249,bb08f3f8180f20eea8e6cec909bc9c681102f74c,331,215,116,0.1994709074497223,0.1722562164068222
Qiskit__qiskit-2249,a25666a29889c7b93cf850d6b62d9d799efcf7ce,277,347,-70,0.21690186858177185,0.041204504668712616
Qiskit__qiskit-2249,504d9c3bfc470c9eab5825fcf57396fe07563686,342,131,211,0.19579288363456726,0.23018480837345123
Qiskit__qiskit-2249,55552126ebbd46087d091f3f2e6248d74fff4d40,379,63,316,0.18420785665512085,0.28499698638916016
Qiskit__qiskit-2249,d25ca7d5f14a1f372d7dc45c13ce0b2129d41216,425,128,297,0.1703115701675415,0.23166529834270477
Qiskit__qiskit-2249,daa068e5443dfe7d94c768e29d72e191cb7e9a02,83,298,-215,0.27507954835891724,0.09260579943656921
Qiskit__qiskit-2249,2ffee49c96f6b0d4e726b20ab221ca6cee9b27eb,510,586,-76,0.13069617748260498,-0.31369632482528687
Qiskit__qiskit-2249,3ef4a07f1863a09f68999fe1240b87aea5ccce89,491,28,463,0.13875305652618408,0.3670301139354706
Qiskit__qiskit-2249,4ab73144b4478ee7744424cca15f27716c6db24d,543,537,6,0.09974554181098938,-0.14993250370025635
Qiskit__qiskit-2249,13cd2b4347008169639ca6b4045c49854a9a75ca,59,242,-183,0.28561246395111084,0.1559014767408371
Qiskit__qiskit-2249,56e76a5b5bbdadac80aebe895d8213f68c74b3c0,123,156,-33,0.2610892057418823,0.2146427035331726
Qiskit__qiskit-2249,238e5278344292ebc62ea19aff765bfc678760a7,414,473,-59,0.1752300262451172,-0.042933203279972076
Qiskit__qiskit-2249,ebaaf6e591f19d7fe1a6eab578c1ce68503bcba3,528,568,-40,0.11438192427158356,-0.23446357250213623
Qiskit__qiskit-2249,70dce516ad93a936256b7f1401ceeb8811294e0a,494,300,194,0.13820074498653412,0.08784593641757965
Qiskit__qiskit-2249,610a02a1c9833e7190da6e21d9935bd84784adda,274,542,-268,0.21856828033924103,-0.15766632556915283
Qiskit__qiskit-2249,16a45a52070f1f8241bf342b91cd273877572e46,312,446,-134,0.2061167061328888,-0.020830128341913223
Qiskit__qiskit-2249,ae4489dde310d8d7e7ab428f7c5e30cb8bbb98ca,520,218,302,0.12079204618930817,0.17079249024391174
Qiskit__qiskit-2249,d0af73cac24c151147fe0bbe18f570f6b9ba1f38,264,519,-255,0.22148564457893372,-0.10867692530155182
Qiskit__qiskit-2249,4b72a8b8ba4035b591694982869c45c5644fa677,436,498,-62,0.16602489352226257,-0.06786903738975525
Qiskit__qiskit-2249,8a9761348754291cfe20dc9c5d83574123782ac0,226,312,-86,0.23199841380119324,0.07891666889190674
Qiskit__qiskit-2249,1f78ef06a01fc7cdb8089e8ffe112254825b0e04,338,422,-84,0.1974228024482727,-0.006515771150588989
Qiskit__qiskit-2249,0b3d30bf9b66ade9b4f5e94b8da29630c40fd67b,550,562,-12,0.09561800956726074,-0.2167481929063797
Qiskit__qiskit-2249,db012ca6c679a661f5c6cabb9174d758cec777e1,262,412,-150,0.22245831787586212,-0.002435317263007164
Qiskit__qiskit-2249,bf2d7faf659f2e506a2b493672659f87a6fd762e,279,528,-249,0.21640372276306152,-0.1282527893781662
Qiskit__qiskit-2249,64160c8fd9240ee484a315db3a54a0c61ce03a6d,128,531,-403,0.2586071193218231,-0.13570266962051392
Qiskit__qiskit-2249,95fa4abf238c42c0b7d4161e1216c6a7e6e68b26,214,141,73,0.23541249334812164,0.22247979044914246
Qiskit__qiskit-2249,b2a58dc045bdc194003c3845ad3ba59fbad5819e,409,414,-5,0.17730672657489777,-0.0037256418727338314
Qiskit__qiskit-2249,addb9928abe538aac7a9bc6f6a632eff66f4b2be,19,5,14,0.36551472544670105,0.45167276263237
Qiskit__qiskit-2249,f2f9121b6ab22505346a196850382f23b2d024df,435,432,3,0.16628600656986237,-0.011468361131846905
Qiskit__qiskit-2249,7daa900bdd86db71bd01843b61b3716e2e3e975e,380,314,66,0.1836729645729065,0.07769700139760971
Qiskit__qiskit-2249,368b901146955fb22d3a5c1eb46fa75ce5123dd6,305,569,-264,0.20815685391426086,-0.2393488734960556
Qiskit__qiskit-2249,d8429bfb457e84f02ac7c293a0218093e009930a,299,240,59,0.20952212810516357,0.1563970297574997
Qiskit__qiskit-2249,b51c29dce91e223dce1ebf5d243a11345405d347,362,456,-94,0.18953146040439606,-0.03159268945455551
Qiskit__qiskit-2249,ac158049a29eb5dc939bf1356dd65f024d10c3ac,166,167,-1,0.24849218130111694,0.20753395557403564
Qiskit__qiskit-2249,15dabacd8ea2fb7c510a1ff65be113c3cac0816e,466,534,-68,0.15664002299308777,-0.14026132225990295
Qiskit__qiskit-2249,01284ea8964204deada91be5bd2ab15fda138587,557,490,67,0.07510519027709961,-0.062301233410835266
Qiskit__qiskit-2249,e69afae741859fe05b5f191d930aaa0cc0138694,35,87,-52,0.3192223608493805,0.2660626173019409
Qiskit__qiskit-2249,256360830d813ec733d7cf4b382f540ff5ce3753,144,508,-364,0.25474271178245544,-0.08567434549331665
Qiskit__qiskit-2249,c57243eb9e3625f89f05d088b0d8bf454e223912,42,318,-276,0.30401623249053955,0.07247579842805862
Qiskit__qiskit-2249,d432fb942cf7d526857196f0fd2d27070ab330ef,484,539,-55,0.14467328786849976,-0.15530937910079956
Qiskit__qiskit-2249,da1581561a9824a0583dcef3d1446c645afd0fae,413,91,322,0.17563840746879578,0.2620149254798889
Qiskit__qiskit-2249,ffe9db359b4809ecf2a7f5540da2246b5e858f91,73,190,-117,0.27841252088546753,0.18808653950691223
Qiskit__qiskit-2249,300d71bd68fc281cc1a9c067b9804903166015a8,127,382,-255,0.2588968873023987,0.01517224870622158
Qiskit__qiskit-2249,c6cc804fa599277bf76408441c496cbca0419ff6,224,268,-44,0.23225581645965576,0.12364937365055084
Qiskit__qiskit-2249,3248009e803e4cf411af38086fb78e19e643fa41,325,483,-158,0.20097652077674866,-0.05340396985411644
Qiskit__qiskit-2249,61609cb4766f5528b6890f1b77ee5b6ef92203ff,521,433,88,0.11985793709754944,-0.013721007853746414
Qiskit__qiskit-2249,d4f8e92ac514db357365919068f31b389b2d08ff,354,344,10,0.19148100912570953,0.04912266880273819
Qiskit__qiskit-2249,775eed66a057205bd3dbdbbbd11edb5e144fb119,477,124,353,0.14879417419433594,0.23359987139701843
Qiskit__qiskit-2249,e11162dc85e2238ec554727fa570267a696b1386,343,453,-110,0.1954297125339508,-0.02798858843743801
Qiskit__qiskit-2249,b2f92d869b3c4f40a4889fc8c51dcfd35be93fdc,108,588,-480,0.2652328312397003,-0.3594173789024353
Qiskit__qiskit-2249,ef181e2bafef95afcf791f0c67fdb5de7816a235,511,46,465,0.12951190769672394,0.31356629729270935
Qiskit__qiskit-2249,2c1992a8cb5a531ec019b72e1ef4f0959e93c83f,54,407,-353,0.2917709946632385,0.0009546796791255474
Qiskit__qiskit-2249,901516e3ea339016b35a05d0784d972c41c13c4d,556,402,154,0.07592922449111938,0.003952630329877138
Qiskit__qiskit-2249,1f042b74146278a28f84a270bb6b2881c77a2e30,282,536,-254,0.21533417701721191,-0.14549319446086884
Qiskit__qiskit-2249,61037c2de9a9a561049b76f0c38fbd3445520336,335,450,-115,0.19807328283786774,-0.023720573633909225
Qiskit__qiskit-2249,9157eafec8750ca5c7919b3e571b19424eb825b7,302,546,-244,0.20876182615756989,-0.17020465433597565
Qiskit__qiskit-2249,71f03777c63db4836139c8b726c8205df4db0e19,105,516,-411,0.2662622332572937,-0.10181939601898193
Qiskit__qiskit-2249,549ae1a76df2d393f3e4f950cb30444be0d60ede,341,140,201,0.1961284875869751,0.2242390215396881
Qiskit__qiskit-2249,d68a2f4ae94b4c47d1662606071636f69eb8a1fc,182,119,63,0.24534699320793152,0.23537395894527435
Qiskit__qiskit-2249,7eb171023d5dbc964ef5393bfa2cf775be248623,187,133,54,0.24361586570739746,0.2296133041381836
Qiskit__qiskit-2249,38d0215cb839586c2b9cf487d6a8ad29777c3c62,291,43,248,0.2124735563993454,0.3229779005050659
Qiskit__qiskit-2249,d90fb318d764b5c2a8b91f7c3f997b573753e5bd,169,65,104,0.24730366468429565,0.2829500734806061
Qiskit__qiskit-2249,46263dcbd446911d5f7e3e13356fc4f36566dddf,212,584,-372,0.23596042394638062,-0.29684898257255554
Qiskit__qiskit-2249,5175035344596c88e6bbaa6d70d09d08959fcd01,421,486,-65,0.17180891335010529,-0.05861451476812363
Qiskit__qiskit-2249,1e7cb70a03cc6d0bab2a4bf7fd87fd2019a522bd,253,320,-67,0.2251068651676178,0.0715341717004776
Qiskit__qiskit-2249,bfd403682da01c8ff4827fc624c0f2821fcef993,134,392,-258,0.25687751173973083,0.00898441206663847
Qiskit__qiskit-2249,0757fe983af1813abf9a37bfca47a2ead2621b47,497,380,117,0.13687948882579803,0.015673674643039703
Qiskit__qiskit-2249,649cad656957a0c5a2477225645437136ddcca41,311,385,-74,0.20622053742408752,0.014223362319171429
Qiskit__qiskit-2249,2c04de9b0a7075f75e2ac2e49f3c90e0210a365a,159,330,-171,0.2509191632270813,0.060323163866996765
Qiskit__qiskit-2249,e26bf5384cdfe071da1f68b3e58e5b23500a74fb,423,366,57,0.17086738348007202,0.026942137628793716
Qiskit__qiskit-2249,cc08706343834410892781a2275ae62c7988d3ec,79,449,-370,0.27597495913505554,-0.023033883422613144
Qiskit__qiskit-2249,d34fc8ab7a2f79aa0212805e08fdb030aee19903,481,545,-64,0.14542873203754425,-0.1698615550994873
Qiskit__qiskit-2249,af82e1b4791f9cc4059973451e2feb81207a24e6,236,260,-24,0.22995053231716156,0.13313087821006775
Qiskit__qiskit-2249,ea110d666ce8596771e4fe4cd2bb735136d0cba4,326,122,204,0.20046165585517883,0.23471136391162872
Qiskit__qiskit-2249,7c6e67f122448374c387cd7a246924ae41130149,496,521,-25,0.13690185546875,-0.11862270534038544
Qiskit__qiskit-2249,e841c347b467911ba8f03598d2b787f498c4aaf9,523,97,426,0.11866448819637299,0.2586129307746887
Qiskit__qiskit-2249,66ef1c061df6912741db8486c95217a31d5fae7e,256,90,166,0.22459754347801208,0.2627676725387573
Qiskit__qiskit-2249,015102476b99ff997943c5da6e6a5751fc89f500,565,364,201,0.051318343728780746,0.027350321412086487
Qiskit__qiskit-2249,1ad5cf0b1218f72b2c552ddd4e15a9dcd3bf9d02,247,484,-237,0.22748057544231415,-0.05452904850244522
Qiskit__qiskit-2249,07a916992822421fb159a78f7ca9385b4538ed18,334,467,-133,0.19902066886425018,-0.04023505002260208
Qiskit__qiskit-2249,40d89a6db4c6b5e1a07eed580e0610caf899484f,401,100,301,0.17896419763565063,0.25405821204185486
Qiskit__qiskit-2249,e74f144831d1db99840cf560457abdebc317d985,389,310,79,0.18183287978172302,0.08095520734786987
Qiskit__qiskit-2249,40cf9a354f2d71862e2c7a6a50b59be39f66fef6,309,80,229,0.20714277029037476,0.26888754963874817
Qiskit__qiskit-2249,0c10ed57e24005169ab1e3e76e54b516c741a101,388,161,227,0.18207937479019165,0.2100079357624054
Qiskit__qiskit-2249,62bd2107496392a2d1decff84712cc58e662a687,431,580,-149,0.16726401448249817,-0.2851771116256714
Qiskit__qiskit-2249,a1c9bb593edf65aeb748ec6dcaf9ffdb8f08196a,69,104,-35,0.27967527508735657,0.24707968533039093
Qiskit__qiskit-2249,a030558b2037a2100ca5f6e09abcf8e4013e6c39,29,285,-256,0.330778032541275,0.10733575373888016
Qiskit__qiskit-2249,a09da522dcf93200130cda2dbc35b879dcffe110,310,461,-151,0.20639722049236298,-0.035761065781116486
Qiskit__qiskit-2249,5f8cd759b57f3caaf18a9f497e83ac75ca22e585,284,566,-282,0.2152079939842224,-0.22797390818595886
Qiskit__qiskit-2249,111cd9ccbadc9239a137d5088529246f2db5da21,168,574,-406,0.24780471622943878,-0.24789409339427948
Qiskit__qiskit-2249,6619d470d67fd7cfdfe5e52d768855e7cd783bbf,40,213,-173,0.30643314123153687,0.17301435768604279
Qiskit__qiskit-2249,5229c46a006eb45f02c13c0aa436a8a2f3909d40,454,259,195,0.16046090424060822,0.13327446579933167
Qiskit__qiskit-2249,22b77a99af00d1134fb9388fa17e473eaa5eff7b,270,315,-45,0.21953992545604706,0.0776742547750473
Qiskit__qiskit-2249,5aae1ad5565678c18d15ef572935ce73ffcdae8f,198,480,-282,0.24054399132728577,-0.04759512469172478
Qiskit__qiskit-2249,5baa86d4b6f09546b8b94052228d65681c521819,268,403,-135,0.2205832302570343,0.003478939877822995
Qiskit__qiskit-2249,8f9919f2895e3c32df158dc536e9c51e6ac1c851,72,199,-127,0.27843740582466125,0.17912399768829346
Qiskit__qiskit-2249,e7b2c83cf965f7cf298b4d3dd89faf48e64ef146,504,139,365,0.1343175172805786,0.22491541504859924
Qiskit__qiskit-2249,77bbf7add56557fe549498ca97a37be52aafac3e,532,205,327,0.1135619580745697,0.17832621932029724
Qiskit__qiskit-2249,d12b7f6ef6808d590ca2aa39eb05ffcd4ad8ad2a,265,230,35,0.22125478088855743,0.165231391787529
Qiskit__qiskit-2249,c0e8a95d02a0399b761239d6f4cafd50d3721f51,321,527,-206,0.20157238841056824,-0.12796737253665924
Qiskit__qiskit-2249,f90d431f2e4b78dbd019cd72fe677b67625c9909,476,292,184,0.14940324425697327,0.09905657917261124
Qiskit__qiskit-2249,169810fe35af0a4558b08c36c12862f7599e13af,447,93,354,0.16262227296829224,0.2609516680240631
Qiskit__qiskit-2249,4bd360080e162d6a7e2e688094dc7a0a3d68340a,267,415,-148,0.22073614597320557,-0.003802351653575897
Qiskit__qiskit-2249,3876475ab9cd59daa50c28075ed4408e46d21de1,547,404,143,0.09625275433063507,0.003301935736089945
Qiskit__qiskit-2249,38e5c105f54f00372c0a1094e5c97daf6c1e4f7b,189,222,-33,0.24236425757408142,0.16893094778060913
Qiskit__qiskit-2249,a5d0cfb272396648b8898158c2cb335157085139,251,153,98,0.22622740268707275,0.2158859670162201
Qiskit__qiskit-2249,97de43d964010dfd3be7e70ed08d5a84d8b098c5,434,398,36,0.16642484068870544,0.005847349762916565
Qiskit__qiskit-2249,18aee1daee36173550e175fedacb94a4900a6d80,213,443,-230,0.2357376217842102,-0.01902431808412075
Qiskit__qiskit-2249,e771c0479e149dd0d12e9b7da3f6d9cdde2dd6b8,260,280,-20,0.22268900275230408,0.11227349191904068
Qiskit__qiskit-2249,435b302e7811c061a4e72175275d2787b389dcac,295,168,127,0.21025116741657257,0.20619964599609375
Qiskit__qiskit-2249,fbf244f4cef71ca327e5ebe53bcfdb5eac006244,344,497,-153,0.19527319073677063,-0.06614785641431808
Qiskit__qiskit-2249,d1f53f860f7c398982312eb78dc2e72972a236e9,424,509,-85,0.1707855463027954,-0.0919421911239624
Qiskit__qiskit-2249,5eaea22b90442d7a32e809b8e88b7e384fc1752d,201,303,-102,0.24012646079063416,0.08748920261859894
Qiskit__qiskit-2249,33d2854e8d129ac862074e1ef8f47176614e338f,488,296,192,0.14145708084106445,0.09646336734294891
Qiskit__qiskit-2249,c85abdab9568ffa50883d2ce05a00c4dc5da3465,383,102,281,0.18299579620361328,0.24948936700820923
Qiskit__qiskit-2249,b79efbde10a6590a19557c2ab12198f8285ef4e4,381,425,-44,0.18353821337223053,-0.0077010877430438995
Qiskit__qiskit-2249,55f2dabd7851adc009f61d61eee238a39df21ba0,237,120,117,0.2298501431941986,0.2349783182144165
Qiskit__qiskit-2249,9cc2352ca10acf4fe585c3f39ea16e321af60e9a,558,560,-2,0.0735505223274231,-0.2112373411655426
Qiskit__qiskit-2249,5e948c37fba69f83b2036bb4f80f0fc2658b5553,468,388,80,0.15285217761993408,0.011293595656752586
Qiskit__qiskit-2249,a2cf50fc5770c798c50099743b2ffb9c9df56b30,377,27,350,0.18454164266586304,0.3682909607887268
Qiskit__qiskit-2249,8492cd6280ab107e21cbfe8606d4ebf08a73d535,505,350,155,0.1342582106590271,0.03907154127955437
Qiskit__qiskit-2249,92a9533f4ee25feb03c9913dac510dd95227d75f,563,355,208,0.06374768912792206,0.03624769300222397
Qiskit__qiskit-2249,e3dbdebfd5fa429abcef8031913c50ab0afbf5b3,283,429,-146,0.21531298756599426,-0.010468404740095139
Qiskit__qiskit-2249,47bb754894187f0e57579bbc08295707730c43d9,412,585,-173,0.17582044005393982,-0.30958226323127747
Qiskit__qiskit-2249,071fb2157fc06fe746e55093d3d3e12237ad80c7,275,590,-315,0.21802887320518494,-0.4230163097381592
Qiskit__qiskit-2249,b75ff45ce5e06820574d87945ecbb36bd8a91ef5,475,375,100,0.14967693388462067,0.019089967012405396
Qiskit__qiskit-2249,efccd9227aabb30d1a525180621dbf89d861b82d,378,158,220,0.18436267971992493,0.2117849886417389
Qiskit__qiskit-2249,d9839bda2155179352b72baeb1c187f7fcd7589d,450,457,-7,0.16190564632415771,-0.03174496069550514
Qiskit__qiskit-2249,4217cc317d5813aabc866698f73afe90f91f05de,364,505,-141,0.18853157758712769,-0.08152686059474945
Qiskit__qiskit-2249,d6bd502f3699ad11df611f89f2ec900dc012c5a6,294,39,255,0.21093419194221497,0.3392937481403351
Qiskit__qiskit-2249,6cea432c6693c5999b60245611be8e69975149d5,519,159,360,0.12181112170219421,0.2109212428331375
Qiskit__qiskit-2249,1b742b3f761c6aa23811cd4706db8dbbed1c8fe3,87,81,6,0.2745744585990906,0.26873311400413513
Qiskit__qiskit-2249,268560a88f196a542f20d8d56b8ddd65ce05c8b5,221,275,-54,0.2332615852355957,0.11763548105955124
Qiskit__qiskit-2249,f7a10ba135f1776b64fb584d4a237de70a3fa65c,407,525,-118,0.17777833342552185,-0.1256999373435974
Qiskit__qiskit-2249,d1862f6e6112dd06caa8e9d759ca2a1dee91a7ad,533,409,124,0.11327344179153442,-0.0011206790804862976
Qiskit__qiskit-2249,8fed3569fec7f5f33adb5c9654e1cd3d1f057c36,146,270,-124,0.2546267807483673,0.12188145518302917
Qiskit__qiskit-2249,e83a02d58150bc74917c80cde65dac6a815c8c91,4,500,-496,0.5073633790016174,-0.07409243285655975
Qiskit__qiskit-2249,ce129e536e69540ada9dff60de39a991e2dc3970,130,359,-229,0.2579139471054077,0.03183110058307648
Qiskit__qiskit-2249,d032862fd881e2ba23c7c5586d4e7a731525826d,12,130,-118,0.43220701813697815,0.23043331503868103
Qiskit__qiskit-2249,d616b137721dd37cf5fdb44de919a23c249ca5fb,95,352,-257,0.2709543704986572,0.03786243498325348
Qiskit__qiskit-2249,37d7861bc0a542fbc6000f81726cc600bcd9e5a5,418,96,322,0.17354846000671387,0.2597091495990753
Qiskit__qiskit-2249,d304af19aa7949e2cb8714887e3779abdc3b847c,297,309,-12,0.2097896784543991,0.08216630667448044
Qiskit__qiskit-2249,721f9ee196606e70882dd15078581f05c9b24c98,177,233,-56,0.24612995982170105,0.16423337161540985
Qiskit__qiskit-2249,33d0077ae0f8c0d2450c0bce627969046d774af5,26,198,-172,0.3384507894515991,0.17976099252700806
Qiskit__qiskit-2249,0f15b49e3417aa47b75dc907f9b1f92aa04df4cf,517,390,127,0.1258971095085144,0.010088006034493446
Qiskit__qiskit-2249,d4018d1d3d3e34e3d0cf2aefa1474efe77e8206c,314,189,125,0.20484647154808044,0.18934868276119232
Qiskit__qiskit-2249,be394900aa50297a2c85a9169e9ddf6860e266f8,546,517,29,0.09758248925209045,-0.1019008681178093
Qiskit__qiskit-2249,9e88ff2fbc10fdbdb2f93954b0a21f08443cbc10,307,374,-67,0.2072329819202423,0.02070753090083599
Qiskit__qiskit-2249,5120a776e69e24978e9c9d484131f23cac1c6e88,278,60,218,0.21650944650173187,0.28831765055656433
Qiskit__qiskit-2249,d7c187a2d745f96dc88547acf349d716887ccf0c,478,503,-25,0.1474798023700714,-0.07830151915550232
Qiskit__qiskit-2249,4a197d93d215dbc3b6666da1341dde3f9b79e4ba,537,526,11,0.1099676638841629,-0.12703773379325867
Qiskit__qiskit-2249,7bd4ea1b57c119f7001fcaf1033fb224615e1abe,227,413,-186,0.231745183467865,-0.0033481894060969353
Qiskit__qiskit-2249,18aba8320f24d56a2f66c015200f81e67529cc82,114,532,-418,0.26271820068359375,-0.13769203424453735
Qiskit__qiskit-2249,74100834fccb857d88ae07a0ce7eeca8818d20bc,239,339,-100,0.22891268134117126,0.05392433702945709
Qiskit__qiskit-2249,dabc9496cdf8f37a43b0de5bedd64f2a8f7479d4,48,105,-57,0.29806771874427795,0.24662432074546814
Qiskit__qiskit-2249,6db939ded3054b836d4cb3961df4643512ce1bf0,135,570,-435,0.25655946135520935,-0.23958620429039001
Qiskit__qiskit-2249,eea0be50275b80f87d99560a3c5970214c89dbf9,23,177,-154,0.3524436950683594,0.2021101862192154
Qiskit__qiskit-2249,08e9c20f15ae8b8b18b3ca0659bb3ed944fbf463,271,565,-294,0.21953341364860535,-0.22428429126739502
Qiskit__qiskit-2249,dd12f5aab49f0ce8b8dfa768760d4d6a56887792,485,544,-59,0.14367881417274475,-0.16872654855251312
Qiskit__qiskit-2249,10ef4c440aa5779b178ee464e951bec2a9eeee5f,566,481,85,0.03642459586262703,-0.05126418173313141
Qiskit__qiskit-2249,48a8b918fbac2392868cfc39d5cd8d21ea59e66d,223,244,-21,0.23280847072601318,0.15393951535224915
Qiskit__qiskit-2249,e66c0493eaf0a9c2a23c8e26914fa4860b7e6592,513,462,51,0.12782591581344604,-0.03593166917562485
Qiskit__qiskit-2249,c6343a4f2a8130052e457976c2504cd6167362aa,433,391,42,0.16720332205295563,0.009350614622235298
Qiskit__qiskit-2249,3fdcfff5f72dd146a64e3f578f9800597b054c83,46,51,-5,0.29896706342697144,0.3054053783416748
Qiskit__qiskit-2249,ea782731b19292b4aaade98e58955e8706f51a75,361,437,-76,0.18970605731010437,-0.015042388811707497
Qiskit__qiskit-2249,c7d73814a6c4ca5180379a11658b29724b233ce5,316,152,164,0.20413655042648315,0.21664829552173615
Qiskit__qiskit-2249,57367f9259c0351ee554ed0a55059394af9ccedd,367,74,293,0.18744218349456787,0.2732984721660614
Qiskit__qiskit-2249,37813b9440407e742ba88425ec31daa32acde8b0,246,197,49,0.22790047526359558,0.18043474853038788
Qiskit__qiskit-2249,a002920eb5d7a428fdeaf26b3528bcdc18af468a,371,203,168,0.1862083375453949,0.1786288619041443
Qiskit__qiskit-2249,076b6023d20d5abb19d157fb99a966d9ce516eb0,422,184,238,0.17168155312538147,0.19305628538131714
Qiskit__qiskit-2249,2ea99c4d559293901b06de3176495462985b4a7d,63,150,-87,0.2815943658351898,0.21860066056251526
Qiskit__qiskit-2249,69d79948059f4ff53edf64456e267b49b69d0835,429,193,236,0.16780200600624084,0.18550199270248413
Qiskit__qiskit-2249,009043bda88200f34a50775db73a3db1895d545d,175,271,-96,0.24632246792316437,0.1201489195227623
Qiskit__qiskit-2249,24de5ca16a0d0ae90b5256c9c9600c3caa81e6a6,411,8,403,0.1768898367881775,0.44678354263305664
Qiskit__qiskit-2249,43977c506993be00b98f761ef97e51a16ece7000,56,293,-237,0.290325790643692,0.0985129177570343
Qiskit__qiskit-2249,a6bb7c52b3211b5ae56d0add9cb44f68e33efa03,427,558,-131,0.16836412250995636,-0.20000270009040833
Qiskit__qiskit-2249,c3a9b1163206473b901d027a5afe159750bce883,512,174,338,0.12945547699928284,0.20298241078853607
Qiskit__qiskit-2249,3fd366a835bca26d180f9e4e13b718657cae3f81,400,581,-181,0.17910146713256836,-0.2879112958908081
Qiskit__qiskit-2249,7b9c91a7f78533798ce273cdc6cd42e1b49f4635,272,493,-221,0.2194107323884964,-0.0643090158700943
Qiskit__qiskit-2249,ade57aaa853123fbc42c5cdd055a72530458d3c1,195,269,-74,0.24094754457473755,0.12333335727453232
Qiskit__qiskit-2249,34dd5c749ad1c179b9d5d678738a9f6514b496d0,286,263,23,0.2142498791217804,0.1307922899723053
Qiskit__qiskit-2249,4fd32fa143000fae8a06b2cf3b260957f51670f0,426,541,-115,0.1689390242099762,-0.15712618827819824
Qiskit__qiskit-2249,78589f83955f112c6b6dfac902eb4f0664717c7f,479,442,37,0.14699146151542664,-0.01849554106593132
Qiskit__qiskit-2249,31fdd1482b311f9e576df502b3e3694f2441ecf8,205,550,-345,0.23866727948188782,-0.18256136775016785
Qiskit__qiskit-2249,e30ec72601306e77b27d9b415da1d85e5cbb329e,498,395,103,0.1366995871067047,0.006454861722886562
Qiskit__qiskit-2249,c661b9db2cf9499993e69cb4dc303ab16860c4ca,515,194,321,0.12658165395259857,0.18489417433738708
Qiskit__qiskit-2249,4b836a6d116de941f40acf79d3dd32d96b7448bd,52,351,-299,0.29309046268463135,0.03901083767414093
Qiskit__qiskit-2249,51ed9748f50bb49ad7c826309dc713e831e6e669,368,273,95,0.1871972382068634,0.11855736374855042
Qiskit__qiskit-2249,f2ee6fdaf19334a61b3541bb37d40a83c6fa91c8,373,349,24,0.18540161848068237,0.04002177715301514
Qiskit__qiskit-2249,dabe0f9e2a652e67ae67ba1e499a372fdbffb43a,254,69,185,0.22494818270206451,0.27954691648483276
Qiskit__qiskit-2249,0d536e1c7f09752deb4d9bb97dd84805fbaacb2e,290,155,135,0.21300190687179565,0.2147986888885498
Qiskit__qiskit-2249,5b53272b67484ca1dbd0df68e594002d4e7f0fec,474,543,-69,0.14969667792320251,-0.16576243937015533
Qiskit__qiskit-2249,9058b4f1c2ccf3c4681012cd888670b733f2b6ca,443,470,-27,0.1646467000246048,-0.040987178683280945
Qiskit__qiskit-2249,6590ad708f57ce4f0f670e2e7c6513fa66b35618,473,384,89,0.15034231543540955,0.014653914608061314
Qiskit__qiskit-2249,63593a8713a59acea8c304c23225bee25fbe3af1,350,282,68,0.19340157508850098,0.10979016125202179
Qiskit__qiskit-2249,e57fd97d97c60f406723d2840d6d4413737193e8,204,52,152,0.23917153477668762,0.30451372265815735
Qiskit__qiskit-2249,3e3b888d7528b4f2acbcbabe68feced2d03a1202,5,523,-518,0.5002512335777283,-0.12183795869350433
Qiskit__qiskit-2249,07fcf187eaa6f6ca33a26a6031264550bd770778,220,165,55,0.23353584110736847,0.2081102877855301
Qiskit__qiskit-2249,e1c90dd30ca0cdbfe574997426333e1776480735,541,518,23,0.10034208744764328,-0.10305681824684143
Qiskit__qiskit-2249,a217d011dc8ebd90b1570cd76626ba03c1e57eb7,176,66,110,0.24615108966827393,0.2821362614631653
Qiskit__qiskit-2249,bc9ff93ecaa6d9ce2b37779456e0b1909a18d6b8,375,147,228,0.1849762499332428,0.22044870257377625
Qiskit__qiskit-2249,b24beb91927ff6c2567e477b9fdf3fec73df8bc9,499,556,-57,0.13652195036411285,-0.19693437218666077
Qiskit__qiskit-2249,0b7b8730bbfa90c258f0d86b422baa369ad90c62,493,441,52,0.13821007311344147,-0.018438052386045456
Qiskit__qiskit-2249,ebf528e3ab212e2a21acd04f5062829348fa3f9f,396,329,67,0.1802603006362915,0.060848020017147064
Qiskit__qiskit-2249,261f03512828649f8ba9cf2bae121532056ccee9,240,267,-27,0.22883333265781403,0.1246129646897316
Qiskit__qiskit-2249,b2fd75547bca946cef3a32e26fa35c32ed8ce521,287,75,212,0.21379803121089935,0.27249467372894287
Qiskit__qiskit-2249,74d6c173de58a3e194074e350ffff6c94b1ea0f7,548,494,54,0.09606840461492538,-0.06476592272520065
Qiskit__qiskit-2249,52f67a199d5059589680545367bb79e6fe722c23,229,137,92,0.2314521223306656,0.22583816945552826
Qiskit__qiskit-2249,898234c06b42f6d51b3e1dd76e00d2d1c38fcdf5,553,416,137,0.07836086302995682,-0.004012615419924259
Qiskit__qiskit-2249,780d3501dd27e2668fed57bd8667eab688a8d219,525,540,-15,0.11646817624568939,-0.1554737091064453
Qiskit__qiskit-2249,c0c27e554c409c928f92bc6018c934c898d83ee4,432,341,91,0.1672229766845703,0.05236104130744934
Qiskit__qiskit-2249,6a7f616b202b8a63a4342370669222f608305be3,549,324,225,0.09578871726989746,0.06932332366704941
Qiskit__qiskit-2249,294bde26aa728258cdaa8f0faf90a3d5a5bc528e,255,272,-17,0.22474756836891174,0.11936426162719727
Qiskit__qiskit-2249,36b65b39cb10610a65e68fa2309936761a7e253f,487,397,90,0.1429033726453781,0.00591416098177433
Qiskit__qiskit-2249,5b8a417329ef5c2521dd895a6396c50262f1bcbe,395,495,-100,0.18052183091640472,-0.06492648273706436
Qiskit__qiskit-2249,05844209f518504f718921691d872d642d87eaf0,242,308,-66,0.2288086712360382,0.0822763442993164
Qiskit__qiskit-2249,dac140f9654a1b2956b011e2236df77f8a8fc6e8,211,209,2,0.23663903772830963,0.17529411613941193
Qiskit__qiskit-2249,954cc8dc0803f33cef72a063e3a0bcc98f1015ac,261,575,-314,0.22251982986927032,-0.2494737207889557
Qiskit__qiskit-2249,572b8c2912e61883fcc11affa46dc9ad45433bb7,410,533,-123,0.1768963485956192,-0.13840579986572266
Qiskit__qiskit-2249,3951e828360f6ab94fd8decad5f5e8f0835aa78a,172,88,84,0.246905118227005,0.26368290185928345
Qiskit__qiskit-2249,689b55cb82b8933dcf0c1b32c28360362332c44c,359,71,288,0.1906096339225769,0.27762889862060547
Qiskit__qiskit-2249,1c7f265e24989dbc8475043371f9a4dc6d9b6a90,480,328,152,0.14571113884449005,0.06146775558590889
Qiskit__qiskit-2249,707451bcf44af6f5bc0ea040a6c120fc1cb91324,398,142,256,0.17954502999782562,0.22236575186252594
Qiskit__qiskit-2249,738edcd04d5c662f9c7979fc796e21d888652a92,360,567,-207,0.1898830235004425,-0.23239046335220337
Qiskit__qiskit-2249,48be42c667e3a0eccdecf93276bdb27ee126eed8,266,304,-38,0.22080455720424652,0.08617404848337173
Qiskit__qiskit-2249,57ba73dd00211471c69a7812d63452b814073bdf,241,232,9,0.2288152128458023,0.1646229326725006
Qiskit__qiskit-2249,cc0ccbbd5f74beda1858ad8648b0c6e993149e3a,353,195,158,0.1917041540145874,0.18328601121902466
Qiskit__qiskit-2249,01328e62a9a2829c1fbc8805e758ca1f0af1dfcb,539,10,529,0.10433638095855713,0.4250178337097168
Qiskit__qiskit-2249,591b2f58f472f769ff4cf95b3a095ff1c998058f,180,228,-48,0.24593105912208557,0.16572527587413788
Qiskit__qiskit-2249,9c97040364f5c5b60a3c3c6e7842487469292822,250,79,171,0.22631388902664185,0.2697988450527191
Qiskit__qiskit-2249,8532c58b192faba02023d1e73c8efa6f0fe50208,420,564,-144,0.17271549999713898,-0.21909472346305847
Qiskit__qiskit-2249,f04e935cc64170855f76152db6394f563bb1d197,50,216,-166,0.2963947057723999,0.17201167345046997
Qiskit__qiskit-2249,978d52e5ca75ef0ef186a09e9ac9eb82d4b9b3c4,456,361,95,0.15921127796173096,0.029013920575380325
Qiskit__qiskit-2249,b86265c5d333ec98a3cde86a9ce370312d621d2b,529,224,305,0.11429613828659058,0.16850630939006805
Qiskit__qiskit-2249,f0cb372b7335c501ff4a236b40cc0bdf0d764a21,531,288,243,0.11386844515800476,0.10403714329004288
Qiskit__qiskit-2249,b4d84c20e24776ff5b6ee2e6e24b51ad3e6f808e,386,399,-13,0.1824805736541748,0.005487475544214249
Qiskit__qiskit-2249,72a4c0959a604e3c0cf6b4eadbf812ee40c7dcbb,148,19,129,0.25412899255752563,0.39227694272994995
Qiskit__qiskit-2249,33accdce395f022b555af1a45aa7f373d75e3e1c,329,479,-150,0.19987747073173523,-0.047559015452861786
Qiskit__qiskit-2249,4fbed5d29fe291bfd0703bc4c125233294c93004,506,57,449,0.1339908391237259,0.29296088218688965
Qiskit__qiskit-2249,6cf92238a27b058b29ac1ee165afdc5fd30b9dc0,464,435,29,0.15720689296722412,-0.014183963648974895
Qiskit__qiskit-2249,16fd1fdd88c4768b27f7d441ec710c703bb703a1,524,48,476,0.11784909665584564,0.3111932873725891
Qiskit__qiskit-2249,9a8c224eaacc6c99cc778511512c5710b9039e05,113,530,-417,0.26336246728897095,-0.13055700063705444
Qiskit__qiskit-2249,fc8598c1ed6c51d3338c385371ea07c75fe902cc,276,316,-40,0.21697264909744263,0.07461721450090408
Qiskit__qiskit-2249,1f156f3ae92b2cf86431562faf4d65e65ea461df,258,515,-257,0.224522665143013,-0.10116738826036453
Qiskit__qiskit-2249,896e26d9394a1984d84c3dff55c0b3a0aaa0d242,402,86,316,0.1788044571876526,0.2663530111312866
Qiskit__qiskit-2249,8ab98a949a49711b847b798466b2cf1b608f8ab0,555,454,101,0.07728483527898788,-0.029156873002648354
Qiskit__qiskit-2249,a644d6c825ba60e34920a613d1e3deda4a86f1ee,536,372,164,0.11024771630764008,0.022860761731863022
Qiskit__qiskit-2249,bf7ae36364a9d84e88eca6743f9cf29a561a1b73,490,113,377,0.13976694643497467,0.23814886808395386
Qiskit__qiskit-2249,58d43f551a8facbd76ad0e722edfd5c71c56530d,542,362,180,0.09991547465324402,0.028451070189476013
Qiskit__qiskit-2249,490af95ebaf7d205e03c0eb98e8ce933234e319f,206,561,-355,0.2384997010231018,-0.2124633491039276
Qiskit__qiskit-2249,2ba81c19112b854cd68f745738f7ab32801d5593,285,578,-293,0.2143508940935135,-0.26378533244132996
Qiskit__qiskit-2249,4958d8f0fc222a6d881d98871909e9ddac1e0d17,508,579,-71,0.13264596462249756,-0.26827454566955566
Qiskit__qiskit-2249,e7033c231b0b964221c29d0b4f0cf0675ef9c89c,459,36,423,0.15892787277698517,0.34591934084892273
Qiskit__qiskit-3663,438ffd2ceded2bbefcf1497a48328fc7e9044edf,303,3,300,0.3159669041633606,0.5418773889541626
Qiskit__qiskit-3663,86686bcadffaf1cd0d51fe6a5b09943bd52a0153,487,1,486,0.28354281187057495,0.5716618299484253
Qiskit__qiskit-3663,ff4e6c0326cc130d9dfd25eaa45a99e3ee28fd2c,390,2,388,0.301072895526886,0.5680238008499146
Qiskit__qiskit-2024,585780753094319306e395704fa5a98b16a5765e,152,14,138,0.33868902921676636,0.4670756459236145
Qiskit__qiskit-2024,11e2a8b0d39226b284d2cd9f52cdd5ba526f5e70,2,1,1,0.5626698136329651,0.6495416164398193
Qiskit__qiskit-2024,7f34b92d2dea6800ad747dbf74dc7206e0c4e69d,192,2,190,0.31040191650390625,0.6155074834823608
Qiskit__qiskit-2024,2763daf0471fd771279262060c72a816105df5d5,27,58,-31,0.4480384886264801,0.21581611037254333
Qiskit__qiskit-2024,852e4a5dd204b29a7d795e0117da3a8a53c59ef7,236,60,176,0.28338831663131714,0.20917190611362457
Qiskit__qiskit-9843,48bd0b0f8b38196da46d23f591e9b48b76d9f135,2122,2,2120,0.2697793245315552,0.6084291338920593
Qiskit__qiskit-4517,f8ac3e2863fae01b0f31ff2d1f30a020403baa5e,204,5,199,0.3218994736671448,0.40516501665115356
Qiskit__qiskit-807,ad0c0debc02f93f0dc6e892b8be024e03c11ec3a,177,336,-159,0.2510925233364105,-0.02239367552101612
Qiskit__qiskit-807,68c944a43848665f7cfea448cb5f9d1813e7d2e2,211,439,-228,0.23489975929260254,-0.2185598611831665
Qiskit__qiskit-807,8ef276f42b7fd949ec987f7d7532f6a70c594abe,167,69,98,0.25811439752578735,0.23578642308712006
Qiskit__qiskit-807,dff36f84bc43ea21cc43315fa6c8fa410bb5bdef,83,7,76,0.2965603470802307,0.343816876411438
Qiskit__qiskit-807,0cd2c1aab25417b2525176b539dba49d4c202c68,101,26,75,0.28721103072166443,0.30283796787261963
Qiskit__qiskit-807,198dc0e0ec827bc37bde106ce7d9636e2940eaf5,194,389,-195,0.2437707930803299,-0.10086190700531006
Qiskit__qiskit-807,ee4beb755fec033336dc364f0eb8533bcaa6bee4,388,154,234,0.10741826891899109,0.17642159759998322
Qiskit__qiskit-807,a8e84197eda0ff6016b6b529d12dfc5b02d71cc3,230,47,183,0.22916468977928162,0.26168692111968994
Qiskit__qiskit-807,9944a3220e3d6f0a98ba4e3845af7af6923fb251,222,317,-95,0.23136183619499207,0.002030649222433567
Qiskit__qiskit-807,58f7435b20a8266c043f4e8841d96b35880647ae,155,438,-283,0.26151901483535767,-0.20016738772392273
Qiskit__qiskit-807,b80c32312373c31caa2cb429a384e397ec6ba72a,337,416,-79,0.1793152242898941,-0.1349393129348755
Qiskit__qiskit-807,d3c9414d7498a0dc1587750d2dac5c87e3d6ea4b,289,22,267,0.2077450156211853,0.3176867663860321
Qiskit__qiskit-3978,eb7b404f8e9040a6ffd435d5b76d88395b145917,210,3,207,0.35575681924819946,0.6726546287536621
Qiskit__qiskit-3978,d5fe2465f8b4b96b2423f27497d15b15131b97e0,500,2,498,0.293097585439682,0.7184880375862122
Qiskit__qiskit-3978,b5051dfebbd1705cd51dc449366893903058bfd0,243,1,242,0.3483988344669342,0.7284270524978638
Qiskit__qiskit-4076,7416a57b942199313e03156dff29add37de96e06,751,92,659,0.21140339970588684,0.2568480968475342
Qiskit__qiskit-4076,6dc6b86436779aa308866586ece551e43faaa55a,919,50,869,0.17574521899223328,0.302046537399292
Qiskit__qiskit-4076,d13724efefb0c1c0ce127bb98e7f92f446509c49,603,6,597,0.23437541723251343,0.4013620615005493
Qiskit__qiskit-4076,cb024771bf08298b8d736ff4c98b7dd070757bca,312,7,305,0.28345388174057007,0.399812251329422
Qiskit__qiskit-4076,b5d713315db952154f3a69b9b0266123bb566c4e,454,20,434,0.2563711106777191,0.36548882722854614
Qiskit__qiskit-4076,65588a76edaa36807a6c17fdbeb5b12b5c30d2fa,98,2,96,0.323658287525177,0.43522942066192627
Qiskit__qiskit-4076,40e54933087cbc5df1ae8503870a0ca32a6975db,717,42,675,0.21708381175994873,0.31731581687927246
Qiskit__qiskit-4076,b634812fa406b9a85f8455526e4dbfcb5b92b9e1,1004,23,981,0.1445833146572113,0.35655754804611206
Qiskit__qiskit-4076,af24ca0e6502a620278db80cfc686ff84e45b200,555,36,519,0.24117648601531982,0.3254587650299072
Qiskit__qiskit-4076,6a347394a0b1c8925422ce40404f005cada86f93,311,48,263,0.28360623121261597,0.3068307042121887
Qiskit__qiskit-4076,35c023e0a7ce05a226f20f8739c8c1ffc80d4654,173,21,152,0.30468934774398804,0.36190706491470337
Qiskit__qiskit-4076,595d1f7ce5e803342c8ae677463ec41bc02d9649,915,65,850,0.17655250430107117,0.28196191787719727
Qiskit__qiskit-4076,9b0bf78c3356f4a4fa5731fa0c147b7ef688ca90,736,29,707,0.2148144692182541,0.33898404240608215
Qiskit__qiskit-1366,b54791fe9953d80c9c40fe0d8b0c0138c2a6ad4c,63,74,-11,0.30621010065078735,0.1778615117073059
Qiskit__qiskit-2811,02d87c037ab2ec5e343bc9f0028672e09d105e67,148,200,-52,0.26949748396873474,0.1407708078622818
Qiskit__qiskit-908,16c0b0f8521a503896b7f9298d6dcb07d679b578,65,2,63,0.36758339405059814,0.614798903465271
Qiskit__qiskit-908,d0ba1bd611a4eaa170dacb6ac1fbdcbe0a86a4bc,219,1,218,0.2784379720687866,0.6455777883529663
Qiskit__qiskit-5623,f50237d389229d283b629c4bbc07aac20767ce1a,195,24,171,0.3608816862106323,0.49095064401626587
Qiskit__qiskit-5623,e22ed364f7d6b172f4ca253cb9b80974c594b232,424,21,403,0.3058711290359497,0.4964563250541687
Qiskit__qiskit-5623,c4845af0fc519bca9ff9d62073930e006846bfb4,689,325,364,0.27122998237609863,0.25799426436424255
Qiskit__qiskit-5623,1a375873f1063658aa1ff5f9a85624b295bab76b,634,27,607,0.27686917781829834,0.4866843819618225
Qiskit__qiskit-5623,8757699b73d1197cbbf0fcbdeacfa96329a521ec,503,46,457,0.29493552446365356,0.4604613482952118
Qiskit__qiskit-5623,93b3cff66d2a93a24f46fea2c5f2c89aece00050,1321,179,1142,0.2106475532054901,0.35440516471862793
Qiskit__qiskit-5623,23be85f8aa4b57598f0765cea08e79fcd4a4a783,374,5,369,0.31383776664733887,0.527148962020874
Qiskit__qiskit-5623,712ae0ef2236e8a2b382dc860fa0d921f7e1cc84,426,92,334,0.3053300976753235,0.4132397174835205
Qiskit__qiskit-5623,3b3ca44660701561645ded82be5882cbc310d123,1231,14,1217,0.2222241759300232,0.5051740407943726
Qiskit__qiskit-5623,c44b55d6e736013d17e5e7bfca7a86b173690549,1537,8,1529,0.17465482652187347,0.5180715322494507
Qiskit__qiskit-5958,43e3bf443652236240bb7a98681e725379a7d7aa,856,4,852,0.24041306972503662,0.5468089580535889
Qiskit__qiskit-2095,a7d979d12095d5ca2844d485392c0d79374cb95e,483,124,359,0.14780817925930023,0.1928126960992813
Qiskit__qiskit-2095,887056b924f7b0ed08382529c3ed76defa406c72,272,12,260,0.23101696372032166,0.33697372674942017
Qiskit__qiskit-2095,974b53c60733bbddcfe1192aa964e3ae75b0813c,13,425,-412,0.3666112422943115,-0.061656396836042404
Qiskit__qiskit-4478,6b417641387bd0452974508874cb93813e107c77,4,1,3,0.5542055368423462,0.5859859585762024
Qiskit__qiskit-4478,ac0d0e36877da47636f0d89958d60eeda775396d,1121,3,1118,0.12203945964574814,0.5274274945259094
Qiskit__qiskit-3319,9c951c7b39315dd138365bc9b714381fbb773164,46,2,44,0.40353238582611084,0.656438946723938
Qiskit__qiskit-3319,3ff244c8c0c0b1265e61249a530b3e42331c5fc4,121,1,120,0.3363853693008423,0.662493109703064
Qiskit__qiskit-1715,099dea9df29e3ccc997cbcae630d4aa03ec84b8f,321,6,315,0.12367438524961472,0.5334223508834839
Qiskit__qiskit-1715,736b2b889a2a6cc5c8da2972ad07af95c82808f2,201,8,193,0.18006542325019836,0.5172482132911682
Qiskit__qiskit-2448,ca699862920319db0a27bac282eea94478c4628b,83,37,46,0.2884126901626587,0.4649178385734558
Qiskit__qiskit-873,6aac7fcf2596891fd4484d6d9ac3de0f1639b555,55,4,51,0.23327592015266418,0.6005659103393555
Qiskit__qiskit-4840,f648e5d868b08541fa296b5ac6522c7ca13e6f09,970,16,954,0.15153618156909943,0.5386438369750977
Qiskit__qiskit-762,5d4d97d892e01dd4e0fbb826039c94a18684caec,149,1,148,0.21698996424674988,0.4479813277721405
Qiskit__qiskit-9587,4a0359d5a4799ceb99fb218c7b7c1340ce222562,756,43,713,0.4412834942340851,0.531322717666626
Qiskit__qiskit-9587,c65aeb256396657cb1e12fd6a543f85b6721c5b3,1287,746,541,0.3481614589691162,0.22336827218532562
Qiskit__qiskit-9587,29f32b89f04d7dc934e5e0420f3299bac5d91ce0,1230,340,890,0.3547420799732208,0.3510581851005554
Qiskit__qiskit-9587,c5d144d11ecdfd3176e199926d16b5e64425c293,1050,342,708,0.38342681527137756,0.35025641322135925
Qiskit__qiskit-9587,5ed960253b627269d001e509fd9c3dcd944e6121,1926,70,1856,0.27985090017318726,0.5139963626861572
Qiskit__qiskit-9587,b0369d9561f0fc470900e382d0ed05b3ce483687,336,59,277,0.5157238841056824,0.5200178027153015
Qiskit__qiskit-303,02a080d8668c7d0fd9757bc9c91e02cd29a50864,59,71,-12,0.27813079953193665,0.3340669274330139
Qiskit__qiskit-7665,c9a41777bdabb747c89d1960c7a992f934c9a46c,42,1,41,0.43357306718826294,0.6559725999832153
Qiskit__qiskit-2459,a3a9ac30e0daca6963ca4b506cc2510e10031efd,44,1,43,0.4320611357688904,0.7428431510925293
Qiskit__qiskit-2459,9c4f582853f1cc3fd13dad6bf93de98e42c583f4,69,2,67,0.4054713249206543,0.733214259147644
Qiskit__qiskit-6325,60e0fb27ef8304603b10b0f8062d67cfce444f4d,338,6,332,0.3710278272628784,0.6960582733154297
Qiskit__qiskit-3849,02d4b9169fb486f2d96afd1e73376523e802365d,712,1,711,0.20616593956947327,0.6131267547607422
Qiskit__qiskit-3849,18381ab3bc791a2900804ecd366fc6d42a66b0c4,160,11,149,0.3681345582008362,0.5400358438491821
Qiskit__qiskit-7643,d90b36acf1007b466a124f5770ba238e02bf105f,2405,4,2401,0.02257007360458374,0.5363665223121643
Qiskit__qiskit-10347,2838c898f2dafb14c74c47ee36267b63d7081fe8,2667,370,2297,0.19381876289844513,0.3645649254322052
Qiskit__qiskit-8679,413731e6fe9fae765fa5c9fcc1421c457d155c97,199,45,154,0.48719480633735657,0.46261876821517944
Qiskit__qiskit-1962,6e95b03e6d592372cc971f36b7f70b7d0558854e,86,1,85,0.3014323115348816,0.7257319688796997
Qiskit__qiskit-2493,062b791533abefb26d7671e8754932460856b749,216,9,207,0.27345043420791626,0.5711227655410767
Qiskit__qiskit-2493,8b52124cf029a67e5d4e54e6fd6fa6409a15844d,544,19,525,0.10249889642000198,0.5084655284881592
Qiskit__qiskit-785,14c5b98f13c1d7ed0ae7309c8d827bb2139b7cef,171,52,119,0.258175253868103,0.32438865303993225
Qiskit__qiskit-6546,b3db02b94f03dc9369210d9b2eeffb21a1a03ada,568,12,556,0.39768436551094055,0.534652590751648
Qiskit__qiskit-6546,82013a7f3b0469defe1f067cac11e81065d74b53,69,1,68,0.4560585021972656,0.6826272010803223
Qiskit__qiskit-5691,e9e5d48a879b2f87408292c83ba46930619c88f2,1530,1,1529,0.24644681811332703,0.6622146368026733
Qiskit__qiskit-5735,4682ce88bfaac5df410d9a85d3afa42c472cd77a,345,2,343,0.43493854999542236,0.6729457378387451
Qiskit__qiskit-7411,0c3ed197f2c659e7bbe6f5ceba8442a533468923,761,62,699,0.32663360238075256,0.5957475900650024
Qiskit__qiskit-7411,7743597c1e3166eccce08b1bf61244887b1cf91f,1341,468,873,0.29054760932922363,0.4137743413448334
Qiskit__qiskit-7411,f926dbdf3d96a18bed4ea4fd6cc9045b772ae49d,1414,626,788,0.28543198108673096,0.339816689491272
Qiskit__qiskit-7411,b3ac36d2a6d9e7abb6fb95fdd412ef600e47b98d,705,1406,-701,0.32992082834243774,0.11956029385328293
Qiskit__qiskit-7411,ead37fd98dfcc08c08057b7102a29b512610a85f,1086,826,260,0.30519038438796997,0.2592387795448303
Qiskit__qiskit-7411,b6c2f2b989dc3d7fc10cb5386335973c8550647a,1289,505,784,0.29378843307495117,0.3950284421443939
Qiskit__qiskit-10555,b131e320486ac79489528bf40f540e3e8fe55eb4,923,42,881,0.40884727239608765,0.48713600635528564
Qiskit__qiskit-6541,25a07d50e85458cfaff60a0081dcd8e8941a68d7,428,31,397,0.3344261646270752,0.41695261001586914
Qiskit__qiskit-5026,b98b4092205cfe2bb454a2dd0eaf1192ec8b0e9e,154,2,152,0.3654614984989166,0.5629465579986572
Qiskit__qiskit-9664,68f093c1125eb65e6fe17ca1caac6168b3202bee,246,100,146,0.43576276302337646,0.5009340643882751
Qiskit__qiskit-9792,4d82214a5e03a988021423fd7027b9a8f5a3ceda,18,40,-22,0.5583665370941162,0.4729655385017395
Qiskit__qiskit-3419,7283763f7ff4197ea4c8a076d365140da841640e,68,2,66,0.295693576335907,0.7283815145492554
Qiskit__qiskit-2769,9f3028d25042382ebc50cd4faf043503a2a9bdcf,133,1,132,0.30146920680999756,0.6246660351753235
Qiskit__qiskit-2533,234ce0816144ad364d8a7d597f6f5719e6d924cb,368,2,366,0.18795129656791687,0.5238419771194458
Qiskit__qiskit-2533,73d196ad219adcd1c79451a19f64f261376e0074,391,31,360,0.18291959166526794,0.3368191123008728
Qiskit__qiskit-5479,d2b9412b552fff9d45ba28595fb2b66f3d300b44,254,631,-377,0.39401113986968994,0.14630404114723206
Qiskit__qiskit-5479,507cc58f17f2314b48a0379a2eb0b5c6695fa1a2,448,756,-308,0.28059151768684387,0.1108122318983078
Qiskit__qiskit-5479,5e5faa23fd7eb4d0641c733a4fc798cd99a4fe7f,387,218,169,0.30332744121551514,0.253086119890213
Qiskit__qiskit-5479,2a4788bad91c397ecd1d5ab5e457ef1d75496ab0,391,640,-249,0.3019503951072693,0.14406807720661163
Qiskit__qiskit-5479,e903759c6dfb54a08ef02f2c6ea995582d775ba5,534,643,-109,0.26048925518989563,0.14311781525611877
Qiskit__qiskit-5479,c83ac056a31171f318c9c94fb75498b4efe83eff,273,593,-320,0.36527734994888306,0.15944381058216095
Qiskit__qiskit-5479,7b576077c3a6af3d2819febaed2ef50df33e5f70,667,1117,-450,0.2392314225435257,0.025729099288582802
Qiskit__qiskit-5479,03bdfb02ccff9395ff862c0c2c1dccda9c90071b,636,306,330,0.24349214136600494,0.22833053767681122
Qiskit__qiskit-5479,6983999bba84b01dddc6db45f041c9396ee49a14,842,633,209,0.21553759276866913,0.14608359336853027
Qiskit__qiskit-5479,91852c98326593605beabb4f6154808b1af48c21,800,437,363,0.22117185592651367,0.1972283124923706
Qiskit__qiskit-5479,087fa76c7b4e36ea85770b63210b5421b9669193,429,9,420,0.28531384468078613,0.36639511585235596
Qiskit__qiskit-5479,a5100faac1a9e5b754ca1590e3b2823d9a309e42,1132,1254,-122,0.17294085025787354,-0.019916540011763573
Qiskit__qiskit-5479,8e11a1dd97dd70e4b3b7ca69b2a179e54bfe6ab2,382,1131,-749,0.3053470253944397,0.02020484022796154
Qiskit__qiskit-5479,475644b75bccd167af63264c77877ca9ac12e857,908,238,670,0.20739158987998962,0.24876506626605988
Qiskit__qiskit-5479,7c4672061ff8d154014584bcc898e4d914931b79,425,205,220,0.2863645851612091,0.2562578320503235
Qiskit__qiskit-5479,1ba1435be2baf163940c4a24f87fc7dd6a408e0b,1259,42,1217,0.15399491786956787,0.33101335167884827
Qiskit__qiskit-5479,5fcfb1271974a0adf5867d171c88f822de469e55,1439,1193,246,0.11924777179956436,-0.0015418529510498047
Qiskit__qiskit-5479,f87909d441b4d52fad3af934f696379ccec89694,252,783,-531,0.3959333896636963,0.10382333397865295
Qiskit__qiskit-5479,f8454b07943d3559c0ac65f0ae11fb0fa79ce1ab,416,952,-536,0.2909899950027466,0.0687040388584137
Qiskit__qiskit-5479,7aa284e350556dac734185e3cf624d86d4c7b161,290,1302,-1012,0.35284024477005005,-0.03989150747656822
Qiskit__qiskit-5479,387d242ac486baf960eee06eaf7733efe9d68915,247,1292,-1045,0.40394771099090576,-0.035871438682079315
Qiskit__qiskit-5479,53ffb8b6016a937380fe2a4d43dddde157ac5737,370,1236,-866,0.3087308704853058,-0.01560218632221222
Qiskit__qiskit-5479,c8819de7a62e0dfc40c161de3442cec7daa4cf3a,478,1434,-956,0.2730129063129425,-0.09978000819683075
Qiskit__qiskit-5479,212abc70e818cdb3db81e81d6e4fd5f88c5259a7,1452,444,1008,0.11366048455238342,0.19602245092391968
Qiskit__qiskit-5479,0a08d7108ec15fa03f17d98002a798abc41b21d8,326,784,-458,0.32501208782196045,0.10380405187606812
Qiskit__qiskit-5479,c82c02c2ceac44de56d7bb61b29e953c75834354,986,940,46,0.19572877883911133,0.07062382996082306
Qiskit__qiskit-5479,6cbab9523386f3775adc07c53abec15088b7a299,969,683,286,0.19754765927791595,0.13010558485984802
Qiskit__qiskit-5479,976557c5f72cf75dad814069889e2eaeb86db783,960,959,1,0.19871829450130463,0.06722451746463776
Qiskit__qiskit-5479,032fe2e427d6cfd2e677fba4a8ab3ab7db3a0fdc,317,1134,-817,0.32989200949668884,0.019849276170134544
Qiskit__qiskit-5479,9c44a493da29b1bfa0419bf5fe0a14a73d991a27,1005,257,748,0.19182470440864563,0.241606667637825
Qiskit__qiskit-5479,2bed8317830eff8130a4a962bcbe6521115d395e,792,66,726,0.2222670614719391,0.311864972114563
Qiskit__qiskit-5479,3e9c2362930b02ce5bf6d3fd4b7e7faed5afef3d,755,1407,-652,0.2265019565820694,-0.08810633420944214
Qiskit__qiskit-2112,055bb17569f8e59606156c62b629d59d5dff8d92,479,39,440,0.0858876034617424,0.4221557676792145
Qiskit__qiskit-2112,cb03b09f951d4c7c4c56549a1dc8412c0b5f1bbd,82,44,38,0.236338809132576,0.41444677114486694
Qiskit__qiskit-2112,a5536bbf53693681d775d3b6ff37d792bf29917e,75,4,71,0.2400909960269928,0.6194283962249756
Qiskit__qiskit-4797,a8ea37ba8283d51e39b1795bfa02a4e27dfa89fe,57,2,55,0.5169709920883179,0.7108451724052429
Qiskit__qiskit-6153,d03af6f596a9d5229f4a729301d8023c7ffb2498,357,1,356,0.31280046701431274,0.6431800127029419
Qiskit__qiskit-4431,138e3bba5e001cf85b390636c7fe3a4545363a69,955,269,686,0.20688900351524353,0.14570052921772003
Qiskit__qiskit-4431,c213d67af3ba54b673b9523c26af748c4e183900,1021,361,660,0.18345695734024048,0.1012483537197113
Qiskit__qiskit-2389,a7e3d42774a38cf4dbb267960c5b63c75e3ec186,42,1,41,0.37636852264404297,0.732422947883606
Qiskit__qiskit-10400,db724cf26a682b0a0d2830702a97b5454636cdc8,2336,186,2150,0.21048298478126526,0.33650320768356323
Qiskit__qiskit-10400,c837b3471293fb572d6cc901622f32d4885ccf5f,1065,14,1051,0.3204968273639679,0.48861104249954224
Qiskit__qiskit-10400,f4095f7484e778c9e6a98b78c8808b3b2018d36e,1086,73,1013,0.3165131211280823,0.4124321937561035
Qiskit__qiskit-10400,aceb1b1c5a2be8713a708b500fb0ea8cac2271ef,848,15,833,0.40951448678970337,0.48805832862854004
Qiskit__qiskit-430,2f5c7555e01eb7a71f5613218584c972c6d89622,13,145,-132,0.5202942490577698,0.13081255555152893
Qiskit__qiskit-1278,a69f04f7204c5b1ee90edd2e22c28c3b65003a3e,311,4,307,0.185906782746315,0.5321289300918579
Qiskit__qiskit-1542,8e5666a0492c8c2aeaba2435101fdc5625a80936,32,1,31,0.3836885988712311,0.7445471882820129
Qiskit__qiskit-8701,1f9d09419a6372db62adf2cefcf1e1ef980f8296,1284,1,1283,0.2612933814525604,0.5895341634750366
Qiskit__qiskit-8285,1b5cf676c39a2ecea80aa7a9eab21338bddbe869,1704,12,1692,0.22357933223247528,0.6361305713653564
Qiskit__qiskit-6609,6105f465615c63ba167e850e74efbe83c544d350,1000,37,963,0.2033010721206665,0.42277806997299194
Qiskit__qiskit-6609,68d575a4ee558348c9530593c9d46c02975cd85a,647,52,595,0.25340574979782104,0.3758333921432495
Qiskit__qiskit-6040,d29f4648895fc1f32c298801916cb0a1145e790e,413,26,387,0.4147261083126068,0.6103661060333252
Qiskit__qiskit-6040,547fd1dc203f149a1f4a9d23a155b8366a2561a4,1106,118,988,0.2712695598602295,0.43442273139953613
Qiskit__qiskit-6040,499d23fff0eb873502f51f01768a503867dd051d,235,38,197,0.5034797191619873,0.5940160751342773
Qiskit__qiskit-4287,53e6851e6970092080c135302b967596c92f31bd,501,13,488,0.2443922460079193,0.4740843176841736
Qiskit__qiskit-4812,e98d48b637dce98460c373ac41ce7545431aa023,289,1,288,0.340802401304245,0.8116654753684998
Qiskit__qiskit-4812,28760bbea9c42bb5ee8796a2aff0cfe2b04087b3,380,2,378,0.3142625689506531,0.7852696776390076
Qiskit__qiskit-3084,1b9e732344e13d48e29f62eaab4813824cc07c0f,246,17,229,0.1763850897550583,0.29402878880500793
Qiskit__qiskit-3084,aaadde0ab231f8485aa2c47990be5656687342e4,587,52,535,0.09769144654273987,0.2580718696117401
Qiskit__qiskit-3084,d5629f90cbcd8ec1fb0a5df760deddf647c6a354,66,56,10,0.2573237419128418,0.2565283179283142
Qiskit__qiskit-3084,00e6f8f3ca602aa762ef6182450346b8694e5124,639,36,603,0.06803499162197113,0.2709878087043762
Qiskit__qiskit-3084,103d60de62733a4f35c2d2f6c9a121a3375b158c,371,2,369,0.14745491743087769,0.35386893153190613
Qiskit__qiskit-3084,52bc3b80106ae5a42f84a38e6965b3c29d95d7f3,129,58,71,0.21624700725078583,0.25469857454299927
Qiskit__qiskit-3084,3f917c7cba96d4515acd0d01899b4029fd501b1d,267,268,-1,0.17245382070541382,0.11689022183418274
Qiskit__qiskit-3084,90ad9f30abf8e6418e7805fbbbeb02167f4cb68c,75,172,-97,0.24999572336673737,0.16909751296043396
Qiskit__qiskit-9911,af3360bfae25cd09aa3a4b1ec61085f016288a1a,1352,524,828,0.26601141691207886,0.21589817106723785
Qiskit__qiskit-2106,b2d365437cae1281de35ebc74827f419e76e97e3,26,54,-28,0.41683030128479004,0.41793301701545715
Qiskit__qiskit-2106,781fecd090771c649cb9617a8134a7b87bb33945,259,52,207,0.3040944039821625,0.4222758114337921
Qiskit__qiskit-2106,9dba07c681d73af8425af685cbe43aff6936a69b,355,75,280,0.26432767510414124,0.3210611641407013
Qiskit__qiskit-9828,cffa0b05682a0c37ee4471cd43f9de280feb604f,593,14,579,0.3605114817619324,0.4777442216873169
Qiskit__qiskit-4932,de916b36d7931825d312207e9fe05bcd67b97209,236,16,220,0.4240802228450775,0.4855385422706604
Qiskit__qiskit-1860,77c5e4a2b4d7eb4548b2d142cd7012fce023f3f7,50,1,49,0.2570895552635193,0.6560283899307251
Qiskit__qiskit-4224,c74859207e1719db4eaa77fc6841c3bf10a2680d,145,16,129,0.3182271718978882,0.6962203979492188
Qiskit__qiskit-4224,c38f8b025a7d0c70d579e172f86c1dcb10e36abc,441,2,439,0.2600150406360626,0.7502326369285583
Qiskit__qiskit-910,0d0e4bc49a134e64c374351036128aa756871560,139,1,138,0.2182070016860962,0.6265982389450073
Qiskit__qiskit-3211,d9f022bdabe6578c6a148c0dfd2484945989afe4,147,3,144,0.2515828013420105,0.6657559275627136
Qiskit__qiskit-6675,9ce40bf7b722de8c7b9b83e172063a6a99d8b11a,492,17,475,0.30620893836021423,0.6775489449501038
Qiskit__qiskit-6675,62b684524619ea716db39e964d8af9ef11a1f376,469,1,468,0.31037425994873047,0.7871813774108887
Qiskit__qiskit-6675,c362ec8570355d407f41f2e781a8c7ac38453ccd,861,13,848,0.24364742636680603,0.7143838405609131
Qiskit__qiskit-4862,b15e25a476ebdd4846fe61f13eac2c41a67e9c02,79,417,-338,0.45248982310295105,0.1400446891784668
Qiskit__qiskit-7515,b019f3c132463aa451821cc9bbf0e2851fc298cd,1246,4,1242,0.24500912427902222,0.5271108150482178
Qiskit__qiskit-765,507ec2a03186475824a149582f63873424679856,53,3,50,0.27522480487823486,0.5800290107727051
Qiskit__qiskit-2342,7a74dbc0c5c9d39de585538b86410bf5603ee60c,126,4,122,0.28166860342025757,0.37870490550994873
Qiskit__qiskit-2342,f720d64ceba2868cd71f12c692ec517b850f2ae3,317,2,315,0.22372868657112122,0.44614866375923157
Qiskit__qiskit-2342,dca2e05cb0e8f529b378c43606a1fa956d69972a,30,1,29,0.34601423144340515,0.4594959318637848
Qiskit__qiskit-3418,a51d80c19797094e8f32a99652420d3dd9543c74,606,1,605,0.12960755825042725,0.7772598266601562
Qiskit__qiskit-3148,b1aabcf68d8eb77c5c420d371486a5bf42abcd3b,683,16,667,0.10221759229898453,0.37367600202560425
Qiskit__qiskit-3788,de0e73661cbed44d91af8e30306ad8a5f0e2927e,437,572,-135,0.2457529604434967,-0.0625276118516922
Qiskit__qiskit-3788,96f9c385947aef3a12fc9672b92a84ae828f8647,806,36,770,0.10276676714420319,0.39663809537887573
Qiskit__qiskit-3788,83668264fa1871f6b4a7ae000d82101d9c3cee32,544,25,519,0.21004152297973633,0.42871880531311035
Qiskit__qiskit-3788,dd0b8c13fec3e86fa04fd6ad36d8d86324290d9f,787,81,706,0.1143898069858551,0.29174333810806274
Qiskit__qiskit-3788,5c9bcb5fd78333770ff6c50f6e066243ea99c4c3,702,40,662,0.15647566318511963,0.3915574848651886
Qiskit__qiskit-3788,dacc920c08ce99983eff65103b2d3b6f229243a6,444,71,373,0.245003342628479,0.304288387298584
Qiskit__qiskit-3788,f783c8bcbc20919a2678597f96fb26d9597ebb9f,785,26,759,0.11493366956710815,0.42334455251693726
Qiskit__qiskit-3788,f367155e864bad04d355b47826b12e4f72634fd7,745,6,739,0.1411583423614502,0.5005138516426086
Qiskit__qiskit-3788,0ebe48d98f1b0c2da6b59a298e611b68e1498987,848,23,825,0.05671136826276779,0.43747419118881226
Qiskit__qiskit-3788,154270ca5762d96a5a4d8c9dc74d64088d876e77,838,35,803,0.0686151534318924,0.4026765823364258
Qiskit__qiskit-3788,bf38d4816dcfe4416ef7870cf65f2f41e55659ca,794,54,740,0.1076553463935852,0.3418717384338379
Qiskit__qiskit-3788,1b01061427fa733932bd0e13e79dcf3fa4313475,710,21,689,0.1523175984621048,0.44407832622528076
Qiskit__qiskit-3788,57c034fc0e60a8fbd57fa262e2f6edf5c66eee26,627,88,539,0.18131601810455322,0.27585649490356445
Qiskit__qiskit-3788,cf8a8d22d85f9b1bd841be064df24637060bc0a5,826,32,794,0.08690772205591202,0.41317299008369446
Qiskit__qiskit-3788,11140c946e6e026fca84060c14777b0a473c77e4,857,14,843,0.029928095638751984,0.45823216438293457
Qiskit__qiskit-3788,b027ad55f3b3b899204e13e9225959f2f6c0f817,829,27,802,0.08412834256887436,0.4212139844894409
Qiskit__qiskit-2104,08a32fa056dc7a0600e5f8e1fb17cdbc95b8e1f6,327,97,230,0.1620386689901352,0.3034694790840149
Qiskit__qiskit-2104,9b99b0d970095f18422454da9128f9c19592c666,266,69,197,0.1801832914352417,0.3314884901046753
Qiskit__qiskit-2104,04d9f340809287487e390a03d892465afa42abc4,142,74,68,0.22081688046455383,0.32761311531066895
Qiskit__qiskit-2104,5b6b734c342fc279e675cfb87f061eecad1bd533,312,108,204,0.16879409551620483,0.2908760905265808
Qiskit__qiskit-2104,d0a5e7465eab449957c5f498d48eeac1bbefa636,286,159,127,0.17525407671928406,0.2433573603630066
Qiskit__qiskit-2104,5099d204e8249cb4d7749e9c62d091b5a2056cd1,320,150,170,0.16576045751571655,0.2524077892303467
Qiskit__qiskit-2104,e785384b784f4d80a6986d7ed06bfd564868e8fd,481,58,423,0.1007114052772522,0.343477725982666
Qiskit__qiskit-2104,c1b2cf164d6b9be4cde8a8c355c84a10f613d464,288,92,196,0.17437629401683807,0.3108329772949219
Qiskit__qiskit-2104,44d70af6d31eafb011347f48625de5b34cfff341,307,63,244,0.16944345831871033,0.3386682868003845
Qiskit__qiskit-2104,2f314661293960e229a519f9a79e63a5e3d0dc91,308,144,164,0.16929076611995697,0.2546516954898834
Qiskit__qiskit-2104,a8e4b73b88d82d8081f3ce1d4754dee8e0e7a8b8,253,85,168,0.1850997805595398,0.3138797879219055
Qiskit__qiskit-2104,2a3d131931d15dabf78365cd5578acf558cb9fb8,117,54,63,0.23290947079658508,0.34677472710609436
Qiskit__qiskit-2104,e7556a76956a67ef7510493a33f254ea316e4e6f,438,89,349,0.12435998022556305,0.31151336431503296
Qiskit__qiskit-2735,f793317fce1e49d835d7423c5509da3b94f83f0c,94,39,55,0.29460418224334717,0.24322643876075745
Qiskit__qiskit-5379,bc6154d77bb73b03c33c134291b0ec2cced7fc59,654,1,653,0.3082553744316101,0.5886927843093872
Qiskit__qiskit-5284,8298178bb6e8b13fba8c3d6272fac44e93af9887,217,2,215,0.26086556911468506,0.6921337842941284
Qiskit__qiskit-9312,60d45f3af5cdb52e135505bfe5360890553bcc5d,1472,357,1115,0.2667747437953949,0.3529157340526581
Qiskit__qiskit-2917,661781e82c3533b7a3d2179735340769743bea9e,74,1,73,0.3746294379234314,0.671824038028717
Qiskit__qiskit-2917,2846d78997725a0909331bafac85cb8894886773,393,80,313,0.25325971841812134,0.3183993697166443
Qiskit__qiskit-5229,86958659b90074d9d0de9d48ad84a719f71e56dd,412,99,313,0.37954121828079224,0.34610670804977417
