bug_id,gt_blob_sha,faiss_rank,model_rank,rank_displacement,faiss_score,model_score,n_candidates_ranked
Qiskit__qiskit-10401,2a079b304fab57b80a4bd49baabd900d0dfaea78,1176,-1,-1,0.32705169916152954,0.27779698371887207,300
Qiskit__qiskit-636,02acaa22c51010e623b93ff4843498e388bb3e5e,130,30,100,0.18594202399253845,0.4987258315086365,296
Qiskit__qiskit-636,68017e0b9bae0217e3c307dfbf1e55429cab2621,39,3,36,0.2770654261112213,0.6211426854133606,296
Qiskit__qiskit-9617,476e4857223839bb4111c2843765482f3cae0f86,16,16,0,0.48665857315063477,0.34610772132873535,300
Qiskit__qiskit-2781,71bad02824dab94bd630eb00f01c025cb2fcb2b0,49,7,42,0.3986915051937103,0.6014528274536133,300
Qiskit__qiskit-2781,378053e6f08234908688b29a3f47829bac93a850,13,10,3,0.4431241750717163,0.5884689688682556,300
Qiskit__qiskit-2781,4e907d522414432a4a714b580b912086a234ac19,6,35,-29,0.46213042736053467,0.4561231732368469,300
Qiskit__qiskit-2781,b7744e6f6e08e6ea4abc66709b741b2799998987,22,16,6,0.42979297041893005,0.5642000436782837,300
Qiskit__qiskit-2781,9128654cabd8696c4032d2135b2d256281995a0b,66,2,64,0.38638728857040405,0.6618587970733643,300
Qiskit__qiskit-6562,f7ae267653213a093f937f07490115efa2b935af,485,-1,-1,0.3127894997596741,0.5822347402572632,300
Qiskit__qiskit-3057,9e605f1a67b7bee06b4dcd51b92d2826b9eff130,502,-1,-1,0.2348039597272873,0.7654339075088501,300
Qiskit__qiskit-4140,5f3ddad3e8f570adc89b404ab076f32cb15b262a,340,-1,-1,0.23246195912361145,0.5480732917785645,300
Qiskit__qiskit-8989,6b48a30090ed637022ca9ac3e218db31ae20e029,84,1,83,0.42209163308143616,0.7340331077575684,300
Qiskit__qiskit-688,6fad3fcd0a4f40b337e0100ec28fe8d637d83abd,227,31,196,0.2955028712749481,0.3340383768081665,296
Qiskit__qiskit-688,b8bbe4ed0b5ec460beae19ee31997da5c442534a,73,26,47,0.3859676718711853,0.34205490350723267,296
Qiskit__qiskit-688,8ee13e47f8ce8e69e378c9379b60d284070fd34b,360,-1,-1,0.16589801013469696,0.22584086656570435,296
Qiskit__qiskit-688,5e7693161dc87f4d0859ecaeab5a981fbc302689,240,30,210,0.290422260761261,0.3344421684741974,296
Qiskit__qiskit-7140,e4f55ad485bd765106535df4d8751920d1264d0c,410,-1,-1,0.38472333550453186,0.5303980708122253,300
Qiskit__qiskit-4472,39b0cab8647844fdd86d0de04b47ea0d51bfa3ec,973,-1,-1,0.1933697611093521,0.3530363440513611,300
Qiskit__qiskit-3042,c4abde54f2fa4b282bd46d41ce8aaa3cd86f0f83,92,1,91,0.39617955684661865,0.7172249555587769,300
Qiskit__qiskit-3708,a09950f1cf1f8782d0a71cd639b762a87beb93a2,395,-1,-1,0.21955004334449768,0.6344923973083496,300
Qiskit__qiskit-9095,075ac339b18249160dc16062b0bcd14f581b745d,1124,-1,-1,0.3361154794692993,0.5226215124130249,300
Qiskit__qiskit-5534,0bbf7ca17bef9d2ba4fd8b89dff0444f87ecc719,264,93,171,0.3591192066669464,0.20413407683372498,300
Qiskit__qiskit-3873,d82094957a4d78533637ccb563194f840c50dcfd,270,7,263,0.3707854151725769,0.29869544506073,300
Qiskit__qiskit-3873,23ed6bf5ce6bd758c7ad43e50bad6923083e901d,309,-1,-1,0.35653409361839294,0.35965120792388916,300
Qiskit__qiskit-3873,c86562fcdc7cef1b02fcd9e88f801fed13c07e47,575,-1,-1,0.2949771583080292,0.3711250126361847,300
Qiskit__qiskit-3873,c0d727b17c3a240674645df91fdc520b4a83147b,276,3,273,0.3677007257938385,0.34601253271102905,300
Qiskit__qiskit-3873,31e1ed962c44b3d8ef609f3f000a085cae6c255f,236,6,230,0.3814752697944641,0.30844342708587646,300
Qiskit__qiskit-3873,20282c655cf9de9b9003d161dacf901f6a464b23,244,4,240,0.3794248700141907,0.314433217048645,300
Qiskit__qiskit-3873,2b11897f72617bbb163aa4e4044be83acea41ed8,564,-1,-1,0.2974550724029541,0.2823144495487213,300
Qiskit__qiskit-3873,fa1b5c405979069ab7c1de5bf68e8422fb7a6583,283,2,281,0.3651868999004364,0.3511233627796173,300
Qiskit__qiskit-4263,be035a6ebbeefa13b358b5683f20972a263a2b1a,250,9,241,0.3146159052848816,0.5531841516494751,300
Qiskit__qiskit-4263,9143cbbb40b09e4cd009fda602dacadf44bf905b,427,-1,-1,0.2655046284198761,0.4160996675491333,300
Qiskit__qiskit-7365,7f7caa8cd2091644bb0ef4e75273370d014c605f,181,13,168,0.3904537558555603,0.5128719210624695,300
Qiskit__qiskit-7365,c765e0dc3bdd41311b7a11f4e02bcc0e9ea95a18,95,6,89,0.4123116731643677,0.5566331148147583,300
Qiskit__qiskit-760,2ebd25ec522c626c62f9b2a3f06441731be96500,88,13,75,0.36123818159103394,0.4761810898780823,296
Qiskit__qiskit-10382,3778075e27a2a652aa6910a9c04037bca1f96ff3,901,-1,-1,0.38846737146377563,0.6971969604492188,300
Qiskit__qiskit-4049,6540c2f328a9a91c03d3455950f72b22eb021db4,807,-1,-1,0.22683335840702057,0.45120641589164734,300
Qiskit__qiskit-4049,182090b3ebac406d516486b61b06c25bec5df4ce,873,-1,-1,0.20371004939079285,0.47114861011505127,300
Qiskit__qiskit-4049,64791045075b9451d097a4417d1fbdf7a3b5d92a,680,-1,-1,0.258964478969574,0.28352171182632446,300
Qiskit__qiskit-4049,f97d8d8fe3663ac74c555e8ab5d0d0eb4abccfd0,210,23,187,0.3496958017349243,0.3278200626373291,300
Qiskit__qiskit-4049,5c0a788bf533628f7606545d8feb07c25b279e12,787,-1,-1,0.23129874467849731,0.31983792781829834,300
Qiskit__qiskit-4049,8866416541c315b11e088be8b1f9f28be874f143,505,-1,-1,0.2871758043766022,0.39912667870521545,300
Qiskit__qiskit-962,20af8c36a163418e2939c523ece2607950b5d082,232,4,228,0.21158047020435333,0.7098032832145691,297
Qiskit__qiskit-4095,b7ce4fbf856902db11c21c8ed0e139efabfbb090,186,1,185,0.39380836486816406,0.7527168989181519,300
Qiskit__qiskit-3566,db6453ed4b651400d72d06364fae1992400b8c57,755,-1,-1,0.18635135889053345,0.4729945659637451,300
Qiskit__qiskit-3566,b64990785eec3e9c581200de7c8878e7e7a95dbc,176,1,175,0.34098684787750244,0.5770725011825562,300
Qiskit__qiskit-4867,56193ca3e11ea8dab5f96f2c324e3255cf6a1d77,850,-1,-1,0.2950340211391449,0.3394854962825775,300
Qiskit__qiskit-877,8a6926a49840438bd3c9b0b4c6d3026d671c0e53,154,237,-83,0.20321163535118103,-0.11011539399623871,297
Qiskit__qiskit-877,02abeaacdcf0e1c87334ab56d8bf1d4d71c70e06,49,19,30,0.2884838283061981,0.23356018960475922,297
Qiskit__qiskit-2723,eca1fa7707043ae37edb9275dbd0dbd977ef78fe,97,96,1,0.3921229839324951,0.2373020052909851,300
Qiskit__qiskit-2723,5e5654b987a1fb2963c7b79129abe290d6ccb8bc,25,45,-20,0.4600814878940582,0.3295970559120178,300
Qiskit__qiskit-5492,038134ae5a670fc97433fb6b800c776376e186bd,302,-1,-1,0.31821995973587036,0.5218642950057983,300
Qiskit__qiskit-10622,cf4f66e1e67b911031be98f224a5aed290fe38f1,820,-1,-1,0.4262367784976959,0.6176059246063232,300
Qiskit__qiskit-10622,3db3aa707fd568b023d0015d57b8fe04b5b1954a,2719,-1,-1,0.1666262149810791,-0.015816792845726013,300
Qiskit__qiskit-10622,caa6cb6f48f9272ec59b5a360fadbe5abb0da880,2318,-1,-1,0.20212535560131073,0.5812137126922607,300
Qiskit__qiskit-10622,7da641c2d5fbb4860c76d6604c19e2174014a52b,1486,-1,-1,0.26634305715560913,0.4726554751396179,300
Qiskit__qiskit-10622,97cd5b31984130baf29c51862dc09a6f90f0999a,1235,-1,-1,0.29538875818252563,0.6200665235519409,300
Qiskit__qiskit-10622,53fd7b8389bfd3def11f348e2ff8447feffaf5b1,547,-1,-1,0.4882984161376953,0.542863130569458,300
Qiskit__qiskit-10622,caa5cbc2846c6182a02318e8eb73044d689c25d9,1036,-1,-1,0.33204078674316406,0.5818387866020203,300
Qiskit__qiskit-10622,e7ee6f893318264f5334f189b624b8a79abe275e,2883,-1,-1,0.14720124006271362,0.39323192834854126,300
Qiskit__qiskit-8335,c4586f2603fb693f625c984cd39b105a23c087b3,763,-1,-1,0.3555167019367218,0.5024252533912659,300
Qiskit__qiskit-8335,ba66293e3646f2d1284f80d32bcd85843a217e57,1458,-1,-1,0.2848179340362549,0.5388036966323853,300
Qiskit__qiskit-8335,9c5cdfddd4636310e6718f28cd87902c17bb2751,998,-1,-1,0.3240167200565338,0.5816642045974731,300
Qiskit__qiskit-8335,b22fef5d0fc6f0720256de1c8e617d37b51d8908,1614,-1,-1,0.2704034745693207,0.5617880821228027,300
Qiskit__qiskit-4513,7a1cfb6e7adedefcb13a7798ae967755ee54a22e,417,-1,-1,0.23640158772468567,0.5704256296157837,300
Qiskit__qiskit-6463,edc364183882921248efa20a7448128ad23675b7,855,-1,-1,0.2398051619529724,0.6522884368896484,300
Qiskit__qiskit-609,657d0eeadbbe2dec7eafab4cf45671224bea9c21,84,4,80,0.19688650965690613,0.49498459696769714,296
Qiskit__qiskit-609,886099544412367b5f6bfee73fa4a0b401b33c13,61,31,30,0.2171432375907898,0.412352979183197,296
Qiskit__qiskit-609,c4e91147e4a676bdb1bc959115187ebf4efdb279,39,1,38,0.25935521721839905,0.5181069374084473,296
Qiskit__qiskit-609,a0b97f643c40318b01c5ce78672903d579ac0c9d,279,34,245,0.08822544664144516,0.4104830324649811,296
Qiskit__qiskit-609,55ebff50ed8e2bef1d3f6b05d7f3760864158829,41,3,38,0.25823020935058594,0.4981039762496948,296
Qiskit__qiskit-609,97d50823c94153eb92a3ae7fb012b9679323a585,176,2,174,0.14428994059562683,0.5115014910697937,296
Qiskit__qiskit-435,622f595e8c5a38562b5c957fa688306097798660,18,269,-251,0.4434596300125122,-0.10601692646741867,296
Qiskit__qiskit-435,60e9d9aea985db3a3f280c87b3229f7ec8736b26,166,10,156,0.1922898292541504,0.571844220161438,296
Qiskit__qiskit-435,661e81c1d91b98a6628a67cfa320b4818a85120e,107,138,-31,0.26346254348754883,0.2566986083984375,296
Qiskit__qiskit-435,b26806c97f6ed75c73f8ff4082b0c2f47f92f43c,106,100,6,0.2642405927181244,0.3356223702430725,296
Qiskit__qiskit-435,c51acebdb88a94a28272fbfaeefc50191bab2f3b,163,77,86,0.19493165612220764,0.41010582447052,296
Qiskit__qiskit-435,1136091513bf8af437a6da6ebfa61b77fee7fd0b,60,97,-37,0.34619781374931335,0.3475400507450104,296
Qiskit__qiskit-435,90b238fd5aa64ed175899ff0f9e948f0d6ee6516,67,59,8,0.32453453540802,0.42885375022888184,296
Qiskit__qiskit-435,3388c6707801f8f88bbf951aa62a693df93bf7e5,271,252,19,0.10066771507263184,-0.03754241764545441,296
Qiskit__qiskit-435,2d885cfdef3e409bc39826d7adee7841a47f963e,259,69,190,0.11089006811380386,0.4154309630393982,296
Qiskit__qiskit-435,d38715b392652a153dc9231046342b2d8407556b,76,7,69,0.308668851852417,0.5877944827079773,296
Qiskit__qiskit-435,d63f9954bee6a082fa51b3a5036870ef8e209fd3,249,195,54,0.1250089555978775,0.0958951935172081,296
Qiskit__qiskit-435,01b1ebb9fee7dc9dae1deab2f92cd26cf3a55eeb,228,42,186,0.14900067448616028,0.47594526410102844,296
Qiskit__qiskit-435,98dc55e58957849c0b3ba1b152b33b3269128d12,13,23,-10,0.4552735686302185,0.5211042165756226,296
Qiskit__qiskit-435,967894387f758d873a82a4dea5458f012acbc99d,186,183,3,0.17768093943595886,0.14108066260814667,296
Qiskit__qiskit-435,dcefd6ff9af3788389d1fd6b252e45586fc112ec,39,27,12,0.38822948932647705,0.5145857334136963,296
Qiskit__qiskit-435,872361fdea9338aa38559cb8573b2fcf9ba3ca5f,25,20,5,0.4170587658882141,0.5364118218421936,296
Qiskit__qiskit-435,ed8621627c1becf6a930b4b6e72fbc01f7eb3568,224,98,126,0.151773601770401,0.34724098443984985,296
Qiskit__qiskit-435,89d96f912a1d6c05c97cbce86c7818d887412ea9,74,238,-164,0.31540703773498535,-0.0034327898174524307,296
Qiskit__qiskit-435,d3da8046825838e40a62a421281f67253740091e,137,65,72,0.2191687673330307,0.42021864652633667,296
Qiskit__qiskit-435,6b8992d52252c133d7c6c775ee89f63b4e932b6c,55,199,-144,0.3560895025730133,0.08155675232410431,296
Qiskit__qiskit-435,ddc0a5cbba1d00dfcccae18fdff5f2cf55086736,12,11,1,0.46532225608825684,0.5715736150741577,296
Qiskit__qiskit-435,22c9c0f2cdbb76f89c6b791446ff4eef28b06bae,275,251,24,0.0945395901799202,-0.03274186700582504,296
Qiskit__qiskit-435,aef20dfbfecbaa6b317e46e56de6b58bdd059724,264,261,3,0.10420303046703339,-0.06682943552732468,296
Qiskit__qiskit-435,f5281d223543150bfae3a0564bb4ced61563ce93,145,2,143,0.21009641885757446,0.6105508804321289,296
Qiskit__qiskit-435,2fe10c061dbc46aeaac31161f0f3ab0db1baa386,89,111,-22,0.29605230689048767,0.3154671788215637,296
Qiskit__qiskit-435,3e3689565a88d9b75ab957de6f3dd7939e688726,236,237,-1,0.14048081636428833,-0.0008129999041557312,296
Qiskit__qiskit-435,1b41b4d622493f3b41fbf69a266fc7d69af63a9d,28,40,-12,0.4121007025241852,0.4802713692188263,296
Qiskit__qiskit-435,d07488f333a0ad312487b6329a15cfbec13beed1,43,33,10,0.38114553689956665,0.5000019669532776,296
Qiskit__qiskit-435,46bdba154d5c00e7bb2546a0e9ebf52e0ecfbdcc,111,18,93,0.2578745186328888,0.5487987399101257,296
Qiskit__qiskit-435,6a6ea3bc8ae64254c360d6f6e7d096b7879c809f,246,91,155,0.12896966934204102,0.3620178699493408,296
Qiskit__qiskit-435,adb3f5d811e54dbb3b9f54f95e59fbc20251112c,59,46,13,0.3471798896789551,0.46097123622894287,296
Qiskit__qiskit-435,4634d812e548df30ec80f1e5212eb75d332dbbca,185,26,159,0.17823083698749542,0.5159086585044861,296
Qiskit__qiskit-435,e55edace6fa484c0e8339a7d43b70188a9a1c789,49,274,-225,0.369274377822876,-0.1253594160079956,296
Qiskit__qiskit-435,07b5ee686043072029d362efbe730a0a7eaafe0c,48,15,33,0.3701476454734802,0.564591646194458,296
Qiskit__qiskit-435,78205378eaac067bb36d68ea7727b68da06264eb,94,37,57,0.2861258387565613,0.4890476167201996,296
Qiskit__qiskit-435,c403951fc60814e6d17aae5f0a7a4f61b86dd16e,33,16,17,0.39404162764549255,0.5596810579299927,296
Qiskit__qiskit-435,9dba1f56a7df853d80cd121a3319da52cfb512c8,20,30,-10,0.42999374866485596,0.5082521438598633,296
Qiskit__qiskit-435,6caf12556cb6861a2e37473fad63cdcc6c83748b,305,-1,-1,0.06004786491394043,-0.13695849478244781,296
Qiskit__qiskit-5014,3494782e618efbf63980720436c1da75fd93f628,651,-1,-1,0.16794484853744507,0.2911280691623688,300
Qiskit__qiskit-5458,5e69fa7da6be7ca267146401715da99c51a6edad,357,-1,-1,0.29719507694244385,0.5504432320594788,300
Qiskit__qiskit-5506,fbf70eaae4f63128e8bd0befea3ab0dc425d826e,15,258,-243,0.6400281190872192,0.09116552025079727,300
Qiskit__qiskit-7913,1836d511208897774d8e9e2c0f5da0d77fc70b76,1173,-1,-1,0.27454477548599243,0.3998667299747467,300
Qiskit__qiskit-418,699df09452ac57bcfafdca7c21bb1b00ca4dd878,68,27,41,0.2644649147987366,0.45401349663734436,274
Qiskit__qiskit-1281,e15de5fbf631968e840d2e629ed845d57f6565f7,185,5,180,0.2562863230705261,0.55096435546875,295
Qiskit__qiskit-1281,a3ca4eb457862ba180f7f5278251e12828eea65f,51,12,39,0.3451923429965973,0.49747103452682495,295
Qiskit__qiskit-1281,643e7b0d93d6b44be19b31f3132fcbfbf4947e67,167,7,160,0.26535657048225403,0.5254225730895996,295
Qiskit__qiskit-1281,20b5b6cd626cd2f55aba546691bf297148d2e337,276,6,270,0.22565752267837524,0.5270484685897827,295
Qiskit__qiskit-10411,c6c8db35ea65e953aac906d3bb99c39e52e32479,1352,-1,-1,0.2671847343444824,0.30389636754989624,300
Qiskit__qiskit-6619,b5c479ba69adaf9bdc1c871ea524672d0e7c4436,1081,-1,-1,0.23799829185009003,0.1395433247089386,300
Qiskit__qiskit-6619,da8b12195a7a77d8a9d55b19dd53658bdcfdf1df,172,103,69,0.3555995523929596,0.15034416317939758,300
Qiskit__qiskit-6619,a1f03b250043218f706cbf6d0c66bcf09a407b59,426,-1,-1,0.3142955005168915,0.41577059030532837,300
Qiskit__qiskit-6619,29d5e469dcc708014ad5f9a9bb302a20d16ae3ba,908,-1,-1,0.2570101022720337,0.1893303394317627,300
Qiskit__qiskit-3848,dbb72108d11b9a556fe34925329de6df266d8022,1056,-1,-1,0.2169351577758789,0.622369647026062,300
Qiskit__qiskit-3848,b6824ca1c5ac5c3003427b90a488023256d756f9,755,-1,-1,0.2515529990196228,0.7017092704772949,300
Qiskit__qiskit-7942,13a5dca49c397f12fb377a649c8098478f66a2c3,586,-1,-1,0.3600045442581177,0.2989574074745178,300
Qiskit__qiskit-7942,5bdc6e5b8b21af60f4c508093fbcc7df700c9855,1254,-1,-1,0.26804929971694946,0.14582008123397827,300
Qiskit__qiskit-7942,9d07af8b90521f3c2cd7c7136c64093e8f6789e5,728,-1,-1,0.31684184074401855,0.18723949790000916,300
Qiskit__qiskit-2237,e5a60c3754034c548765c95d028fcf266a713029,217,25,192,0.18337702751159668,0.5144728422164917,299
Qiskit__qiskit-2237,c76f5892d997c96d9bc9a4a055978331cb26c49e,373,-1,-1,0.12776830792427063,0.45776358246803284,299
Qiskit__qiskit-2237,5b60d1a08ba9d8a3b049eda59199503a547f42a0,297,26,271,0.16155987977981567,0.5112389922142029,299
Qiskit__qiskit-2237,7e488b4e33645e19bbfa02c9088dee84591adaeb,31,16,15,0.30287015438079834,0.5757725238800049,299
Qiskit__qiskit-2237,2937db0059bf6eaf63b2e778651f00f069e8edeb,546,-1,-1,0.03921172395348549,0.5351907014846802,299
Qiskit__qiskit-2237,272e4105fdda7e93de30317f3a9d70b31ff781de,141,17,124,0.2076694667339325,0.5641188025474548,299
Qiskit__qiskit-2237,4cff6617a55ef1949a90ade16e00d7b91c4bec76,88,14,74,0.2376793920993805,0.587871789932251,299
Qiskit__qiskit-2237,96a9fbf22f3256593d0b988533dab17495a4f094,256,24,232,0.17118196189403534,0.5315943956375122,299
Qiskit__qiskit-2931,0324a0f7836179813f02797f2fcd60a62b7737df,610,-1,-1,0.041473597288131714,0.4304071068763733,300
Qiskit__qiskit-10355,9f573728572c9cb768473ca52342b6ec946879c3,1438,-1,-1,0.24993658065795898,0.46664661169052124,300
Qiskit__qiskit-7299,8425182b0c79215984e2d50a6695602645f2dda7,1210,-1,-1,0.20537430047988892,0.43052947521209717,300
Qiskit__qiskit-7299,17d8783d3f83f60b9bf318f38a65d93d9c2298cc,725,-1,-1,0.2643663287162781,0.24610653519630432,300
Qiskit__qiskit-7299,f95fbf88a7b28033bcffdca3665ecda997b736f0,1320,-1,-1,0.19572371244430542,0.365916907787323,300
Qiskit__qiskit-7299,503f6220d050077fb88c502da323eb71a677d633,558,-1,-1,0.29370585083961487,0.11979219317436218,300
Qiskit__qiskit-7299,2c59f103c3d2dcc872e046d76823b368cbe95355,890,-1,-1,0.24131152033805847,0.34828585386276245,300
Qiskit__qiskit-6738,0de69ec58c22433002c82d449ef770e9d11e00a3,301,-1,-1,0.4323258399963379,0.6313549280166626,300
Qiskit__qiskit-8852,34884c8392e5fa52564bf236ac64575fdd9f0b77,532,-1,-1,0.4117901921272278,0.48276033997535706,300
Qiskit__qiskit-9368,f74d8ca8515395bea9a314b68d7dd67db2c44c68,2717,-1,-1,0.157200425863266,0.3144114017486572,256
Qiskit__qiskit-9368,9dd06040148d0826020be575bfacb68890f4d091,2524,-1,-1,0.20032361149787903,0.11900830268859863,256
Qiskit__qiskit-9368,71c17754bdad7ecbfb71766261b1ce474ec894fc,1613,-1,-1,0.3070186376571655,0.1461305022239685,256
Qiskit__qiskit-9368,c40ae57bb14853d0aced1b01800c14cee2b34814,1895,-1,-1,0.2853569984436035,0.09461236000061035,256
Qiskit__qiskit-4054,305afec2023182dd96b53c114b2a5f03318c196d,739,-1,-1,0.23057805001735687,0.4216548204421997,300
Qiskit__qiskit-5596,a61bfdee099cbf82186b90a901c77ade2cae7707,491,-1,-1,0.27810314297676086,0.39727312326431274,300
Qiskit__qiskit-5596,b59074bbb966b2abb8c0f81731d771fc088c9ad9,714,-1,-1,0.2311723679304123,0.4977146089076996,300
Qiskit__qiskit-5596,0ee2bec017bfe8e30583473f8b630ad493a36a3b,1586,-1,-1,0.09812143445014954,0.4079573452472687,300
Qiskit__qiskit-5596,41dd90dd7b50736f8bd92953a4f54158d7b8d9be,648,-1,-1,0.24068622291088104,0.4530431628227234,300
Qiskit__qiskit-5596,6f2e03699ef19f1a97503e79bce5b5663bc95d1f,481,-1,-1,0.2789522409439087,0.38349148631095886,300
Qiskit__qiskit-5596,99f1f738c7086bad390128cd5c0156538580ba30,298,1,297,0.35315555334091187,0.5286210179328918,300
Qiskit__qiskit-5596,8ea43685a462cef391d135bf2cd7706d2326840c,335,-1,-1,0.33143776655197144,0.4818636178970337,300
Qiskit__qiskit-5596,8afba77cf1ec77d40f7e4299a783067d8f64ff43,550,-1,-1,0.2611273527145386,0.45351365208625793,300
Qiskit__qiskit-5596,7616ddd5d35df3bf9fba754bc41410d40c2f15d9,1095,-1,-1,0.17325043678283691,0.398628294467926,300
Qiskit__qiskit-5596,7e6dc959ce273175038a13b9337b597a1937afc0,830,-1,-1,0.21369639039039612,0.3816530108451843,300
Qiskit__qiskit-5596,ccd636c57f951ccf4e7348d46bc4c4df1a012942,1066,-1,-1,0.17736300826072693,0.4139859676361084,300
Qiskit__qiskit-5596,d25a9301c1a194487b4e6f1062df192258babaca,1234,-1,-1,0.1554490178823471,0.3450040817260742,300
Qiskit__qiskit-5596,624f0c57abde429b194421e9d3e95c38d13506cd,819,-1,-1,0.21489354968070984,0.4371902346611023,300
Qiskit__qiskit-5596,a34ff364f04f12db7997e597e52b19f3ada9c48f,934,-1,-1,0.1965082585811615,0.3826821446418762,300
Qiskit__qiskit-5596,d7295aff3fd8db33df2f03ab6ce470ad5a00fb93,1099,-1,-1,0.1726847141981125,0.4419768452644348,300
Qiskit__qiskit-5596,365e796862ef4f38f47eb7dd7599e7d3edd719f5,327,-1,-1,0.33394482731819153,0.5783431529998779,300
Qiskit__qiskit-5596,f01fced1f4b66b71956acecdf92c26c9d500adaf,595,-1,-1,0.2523424029350281,0.43845856189727783,300
Qiskit__qiskit-5596,7b82ca07cd308306f5b886366e774addb2c479ae,320,-1,-1,0.33739084005355835,0.4385436177253723,300
Qiskit__qiskit-5596,572f4db6f7ca992c3bdf6ac57db6db2b630e86fa,530,-1,-1,0.2679477632045746,0.3981204032897949,300
Qiskit__qiskit-5672,5fa51c6727091bf85a2e6593d19767d0779c5c65,1629,-1,-1,0.14393405616283417,0.37483543157577515,300
Qiskit__qiskit-5672,0a8efe7b3bc6e481dc67fbc2759ccec6f6424c78,443,-1,-1,0.35679322481155396,0.43781986832618713,300
Qiskit__qiskit-2672,fbd0fa66f5e60181d3d59a315577c6bdec117750,184,1,183,0.38306987285614014,0.6172500848770142,300
Qiskit__qiskit-2672,38776c3e628fb4fa238fe4f7201f3af52af17c74,31,14,17,0.4866521656513214,0.4994402229785919,300
Qiskit__qiskit-2672,7653a9048f53aec15d76db72b036037ca34d2947,123,3,120,0.4071294963359833,0.5951962471008301,300
Qiskit__qiskit-2672,14bfaad1bcfe5cffa1d327132024bf1820563bd8,550,-1,-1,0.21749767661094666,0.4868708848953247,300
Qiskit__qiskit-2672,ce91fbf78664c81c3016aa92c99d6d3310ab363b,226,2,224,0.35254979133605957,0.6059325933456421,300
Qiskit__qiskit-2672,77256c752dbe3e9ad86477da0bb214c46062f9fe,446,-1,-1,0.26447904109954834,0.5037423968315125,300
Qiskit__qiskit-2672,54c47743b26a5db2752870bf40866e346c9dec9a,168,27,141,0.38825494050979614,0.42037081718444824,300
Qiskit__qiskit-2672,ecfb03901ed58d38989fa568552ed2161e35a787,155,6,149,0.39288389682769775,0.5711891651153564,300
Qiskit__qiskit-2672,3eb928d4117c9d85cbadf85d494b2754bd4aa37c,321,-1,-1,0.3102806806564331,0.5250069499015808,300
Qiskit__qiskit-2672,d4f2792bd15c5be5b1291898d7bac182868e42c1,132,13,119,0.4029727876186371,0.5037637948989868,300
Qiskit__qiskit-2672,d822a6d5b0a70f803ab073bcedda81d2f629f98a,358,-1,-1,0.2946910858154297,0.19955375790596008,300
Qiskit__qiskit-2672,60f2eb5e0b8ae6e836b8e2c47289bdb9f8a7095e,52,4,48,0.45942580699920654,0.5857503414154053,300
Qiskit__qiskit-713,1cef82eb0a70fb8e07ce510e69b9f69f237061f0,89,39,50,0.2943764925003052,0.4031248688697815,297
Qiskit__qiskit-713,ae4a769b2d8b2711bd2354dbdd44bae58986f314,36,77,-41,0.34946101903915405,0.3571709990501404,297
Qiskit__qiskit-713,4533a2abee904dae1df37ce769f170f78df19a8a,139,73,66,0.2716974914073944,0.36156952381134033,297
Qiskit__qiskit-713,a2c9eed7ac18643d89d1d10d24b1db06091a1a74,97,32,65,0.2903139591217041,0.4124877452850342,297
Qiskit__qiskit-10545,c80aa0296778e3c27ffc285122a1521c4dca7a67,2857,-1,-1,0.1554017812013626,0.233767569065094,300
Qiskit__qiskit-10545,8a44950d43677f9310b12a098d145374dc17befe,2559,-1,-1,0.18314912915229797,0.40672752261161804,300
Qiskit__qiskit-10545,81ca9af75eee95f0957803da421b25244f739b7f,2994,-1,-1,0.13658933341503143,0.46100670099258423,300
Qiskit__qiskit-10545,62880e3eeec997e6edd6f247c19c58e2e6d2db42,1518,-1,-1,0.2593371272087097,0.4444398581981659,300
Qiskit__qiskit-10545,c56cd820262c9d835168d07d7ae4ea98924aa7eb,2846,-1,-1,0.15757769346237183,0.45248982310295105,300
Qiskit__qiskit-10545,b0790f1026f297c9dfb38ec7c45e0b6265244d9e,1286,-1,-1,0.29013121128082275,0.4357348680496216,300
Qiskit__qiskit-4787,5768ad7b3cc0a2b203f0431110adf134ec130a81,523,-1,-1,0.26913246512413025,0.4044971168041229,300
Qiskit__qiskit-2061,6c4c76b61d078747e950a4c53c3617b7b2205113,44,1,43,0.4338501989841461,0.797207236289978,300
Qiskit__qiskit-3174,50c280ff3c103538e56dd504e1601dc8bf46de75,39,1,38,0.44105756282806396,0.6425701975822449,300
Qiskit__qiskit-9597,dec2b0aec9f45d1ad65bfceda3d42d09d57a9043,1021,-1,-1,0.29397469758987427,0.4368159770965576,300
Qiskit__qiskit-9597,78b8598f60553abefbc6f47a73c223f1048b5654,779,-1,-1,0.36503875255584717,0.39739200472831726,300
Qiskit__qiskit-9597,77381747d86d5a5252a2521697b6c38ce004c33e,945,-1,-1,0.30632907152175903,0.5436030030250549,300
Qiskit__qiskit-5192,78d3395c219ba69b346203102df4dd9378fa059e,642,-1,-1,0.30707627534866333,0.6140261888504028,300
Qiskit__qiskit-5192,3039e08490e4050cb237ed9b1b7da80b8dfe0290,221,72,149,0.38491883873939514,0.25651127099990845,300
Qiskit__qiskit-5192,57c358b2837429041ab3d0b62355b7b945ef1197,720,-1,-1,0.29499274492263794,0.6538196802139282,300
Qiskit__qiskit-5192,4522109037772e03801c29c1c7a81a023bb6374f,855,-1,-1,0.2812287211418152,0.30187684297561646,300
Qiskit__qiskit-2167,b8f9cf904eaa703e74c5303461e3620550350a83,487,-1,-1,0.17313025891780853,0.7229124307632446,299
Qiskit__qiskit-2167,ea2ecc4741906cd60494136d8157956c7d0f29bb,52,2,50,0.34029421210289,0.7051174640655518,299
Qiskit__qiskit-2167,798fa44ae78e2518fb12fa162350b329383bfae8,504,-1,-1,0.1632290780544281,0.6288031339645386,299
Qiskit__qiskit-2167,d866f9ce3fec60b903770c57e2562114712af431,406,-1,-1,0.207352876663208,0.6959465742111206,299
Qiskit__qiskit-2167,5aa890b716ab1ab92027413b80e55fd557e60a52,135,12,123,0.30914953351020813,0.6642084121704102,299
Qiskit__qiskit-2167,66178a02db0459497b0d87e4ee3ce0144c9ad23c,39,46,-7,0.3520479202270508,0.36879777908325195,299
Qiskit__qiskit-2167,dbadfe5047dbc540531d6b8aad10afd47ef517e0,447,-1,-1,0.19181029498577118,0.5920606851577759,299
Qiskit__qiskit-2167,5600e5662f5b76f68670201f24a4c8dfd0cb820d,510,-1,-1,0.15470315515995026,0.689511775970459,299
Qiskit__qiskit-2167,4cf7f7652d5bd710dcf6c90e91389a530264f776,204,17,187,0.27818480134010315,0.6299216151237488,299
Qiskit__qiskit-2167,4b16c97bee3d13e24f611de25c54f8e3de30f0ac,103,10,93,0.32092195749282837,0.6793477535247803,299
Qiskit__qiskit-2167,4d8656bc8e98f6ab5522176f50a4d8c6e5051606,104,5,99,0.32077980041503906,0.6964653730392456,299
Qiskit__qiskit-2167,a68b7726b33e7b57dc30e52f2fc8955b120dc1fc,462,-1,-1,0.18642309308052063,0.6958186626434326,299
Qiskit__qiskit-2167,d5f34b5527da62ada83ae87ffa330d79507e74db,357,-1,-1,0.22487512230873108,0.6375013589859009,299
Qiskit__qiskit-2167,8b4aa52fc84492f4d5641ef49111b8a667e4c6f1,67,13,54,0.33369094133377075,0.6479944586753845,299
Qiskit__qiskit-2167,c23aff0239e47466cebf8f6cb9ad33c02723787d,237,21,216,0.2674022316932678,0.6172224283218384,299
Qiskit__qiskit-2167,c62a93969297f406436ae047087dc3bbb02a45f4,56,6,50,0.336744487285614,0.6854600310325623,299
Qiskit__qiskit-2167,44a29e781cf5e83907efb5ed4ad09c9904780d50,280,3,277,0.2547260522842407,0.7034343481063843,299
Qiskit__qiskit-2167,9833931b4db6e756eafd3955d418c2b88941a26d,87,15,72,0.3246266543865204,0.6396803855895996,299
Qiskit__qiskit-2325,fb77906ac2ace5d305b2b1d938b561eccfd8d50c,25,20,5,0.32674887776374817,0.46991652250289917,299
Qiskit__qiskit-2325,1d5774dfa4c2c0b78080b5a8732b9ccd2c8132bd,152,7,145,0.23830264806747437,0.5454344749450684,299
Qiskit__qiskit-2325,bbecd0c86304b4eb37ee59cd39d3dc9680cad114,376,-1,-1,0.1553502082824707,0.47040122747421265,299
Qiskit__qiskit-2325,7b6c07a7a87382f5a60b707ef52c84a0caa5b141,388,-1,-1,0.14937251806259155,0.5014240741729736,299
Qiskit__qiskit-5676,52b10f14cb8337c8f0c87b816b8f8d61286284d8,533,-1,-1,0.2573997378349304,0.6545171737670898,300
Qiskit__qiskit-1080,1bb753eaab31f98d1561fa5bc6c7d855f847f106,82,1,81,0.3095873296260834,0.7378733158111572,296
Qiskit__qiskit-5597,87c3d24ca448d7910096eef303246b67431b06e7,843,-1,-1,0.2695308327674866,0.45271724462509155,300
Qiskit__qiskit-5597,ce9e82090bbc4b62190988bc7fb572119fcbdd59,1371,-1,-1,0.2086120843887329,0.4041885733604431,300
Qiskit__qiskit-5597,0a640d8e194a7fca677a326fc44e2d49fdab9b2e,1296,-1,-1,0.21740499138832092,0.3005942702293396,300
Qiskit__qiskit-1718,6fbb170a3ceaa532c11bafb00f893e032d2d4b95,185,2,183,0.18208569288253784,0.8032434582710266,295
Qiskit__qiskit-3051,f4ab91221df20a1fd0a68212f28414453073d621,203,1,202,0.2733796536922455,0.7155182361602783,300
Qiskit__qiskit-3051,9edc9ede5db2c7cb282d746f6c6b4acc6393dbc5,131,7,124,0.3185081481933594,0.6382197141647339,300
Qiskit__qiskit-3051,a9e6a47d49fed813dd17043205853cf700f9298b,117,4,113,0.3276851177215576,0.6615403890609741,300
Qiskit__qiskit-3051,64b97e81b80336a45d632fd5e39cbf48036813f5,547,-1,-1,0.13723191618919373,0.6115574240684509,300
Qiskit__qiskit-3051,a4d30efc6e1038cc25cf5d3e490332091b7969a3,322,-1,-1,0.2127343714237213,0.6360670328140259,300
Qiskit__qiskit-3051,08a74c2a8317282af13ec258417038bae56cf804,118,5,113,0.326987624168396,0.6487513780593872,300
Qiskit__qiskit-2725,0aff931130b2fcb6b3684c168b8977a553c79a4e,118,18,100,0.2922259569168091,0.46071135997772217,300
Qiskit__qiskit-2725,5d93fef6e1ee9576fe727b2b5a32dbd618a52619,11,1,10,0.4089597761631012,0.584660530090332,300
Qiskit__qiskit-1053,879fb8444bd814437f9741d4cd335ca22e69ebd3,30,10,20,0.35683104395866394,0.6909283995628357,296
Qiskit__qiskit-9941,a340aee45d8d13e1f9b38762d468788e476ff090,52,3,49,0.4394684433937073,0.720847487449646,300
Qiskit__qiskit-9941,69bc9707d318d37dbbe6f71c39c4e5dbc5dcb5ab,1431,-1,-1,0.30702975392341614,0.6341007947921753,300
Qiskit__qiskit-7933,a54df2d448ced90e837910c6f12251214a7000a2,122,1,121,0.43954479694366455,0.48696208000183105,300
Qiskit__qiskit-7711,6f6e2fbefc6ed855dbbddc935a8d55aba869b33b,1573,-1,-1,0.20834241807460785,0.45467740297317505,299
Qiskit__qiskit-808,19db41cf3b4132059c22f61ac37a2132960e2bc7,147,1,146,0.30413275957107544,0.5454291701316833,296
Qiskit__qiskit-10383,3778075e27a2a652aa6910a9c04037bca1f96ff3,1054,-1,-1,0.3319963216781616,0.5731397867202759,300
Qiskit__qiskit-8370,67015fa055743bf375d61428e4d9e5c784726d2b,1887,-1,-1,0.2625036835670471,0.5190171599388123,300
Qiskit__qiskit-8370,c3d050bee5e2f2e4822bae3af967f0bbb68f5b76,151,3,148,0.5148488879203796,0.6118288636207581,300
Qiskit__qiskit-8370,a20708211a5e8c282d909bfaa0111e03750d244a,348,-1,-1,0.45821061730384827,0.5631723999977112,300
Qiskit__qiskit-8370,cacb7174a388c5d9f7b612346822897d4792a5b2,946,-1,-1,0.36947643756866455,0.48110446333885193,300
Qiskit__qiskit-8370,a5e8d5ce7348c7a3c79d036d64004eb9e5e0e200,1461,-1,-1,0.31364068388938904,0.5507301092147827,300
Qiskit__qiskit-8370,893f05d35299b1297618ec198ffb242427aa900c,1022,-1,-1,0.3589000701904297,0.5577831864356995,300
Qiskit__qiskit-8370,1299b7381266c3a6fdef5f72a8be0e949e1cae0b,1455,-1,-1,0.3137878179550171,0.5390850305557251,300
Qiskit__qiskit-8370,55014ce37a9d820b525430a492f138204a34012a,819,-1,-1,0.3865673542022705,0.5262354016304016,300
Qiskit__qiskit-8370,35cf34742bd8ef4930e5f1b5428f0d490984a6c6,1075,-1,-1,0.35379570722579956,0.3179458677768707,300
Qiskit__qiskit-8370,5c27b15e8faf445b1c698bddd60d5b9ef5e0915b,1170,-1,-1,0.34243834018707275,0.5513788461685181,300
Qiskit__qiskit-8370,7897e6ebb99818d3f4b25cc51fd362968baa1b02,824,-1,-1,0.3861211836338043,0.6104736924171448,300
Qiskit__qiskit-8370,b433aeff43f55414a6ecd0d34da44970dfbdbf8e,1544,-1,-1,0.30424433946609497,0.5668165683746338,300
Qiskit__qiskit-8370,c78414223a937c6522ff658721f39284fd14638f,991,-1,-1,0.36369213461875916,0.5243165493011475,300
Qiskit__qiskit-8370,4729f3b5b3405047129e7c5e0e483adcfdfa70ec,461,-1,-1,0.4304826855659485,0.5121078491210938,300
Qiskit__qiskit-8370,c367f6b902c3bc0f7e03532f60475ef3281d0757,417,-1,-1,0.44032418727874756,0.5263322591781616,300
Qiskit__qiskit-8370,c10b3206959572d739489f8455f24c8519299f3f,2100,-1,-1,0.23104114830493927,0.20923694968223572,300
Qiskit__qiskit-8370,f45f30606d41a6f35b21a77181cb3e3ab83404e7,1079,-1,-1,0.353170245885849,0.4628169536590576,300
Qiskit__qiskit-8370,db2710a37cbde296db895f12fafb9bd851590af3,591,-1,-1,0.41473039984703064,0.6176320314407349,300
Qiskit__qiskit-8370,a2804cb1ca27365c69fefadcac002f3d42ca0bd3,857,-1,-1,0.3814258277416229,0.6062290668487549,300
Qiskit__qiskit-8370,e2501ca79c79179bd1a7765e860a1184c9e3e3a7,922,-1,-1,0.3725375533103943,0.5572260618209839,300
Qiskit__qiskit-8370,a1006d7dc7816a5b42369cc7dc407a5229d1be36,561,-1,-1,0.41788578033447266,0.546067476272583,300
Qiskit__qiskit-8370,217b1d0b6fa4e25c6426ac8ef98512304096e6c3,927,-1,-1,0.37171268463134766,0.3779381513595581,300
Qiskit__qiskit-8370,491f173984bfd466e79a9f7eb32fe0aaa5c8335c,772,-1,-1,0.39277535676956177,0.5169271230697632,300
Qiskit__qiskit-8370,956887351a56a7b3b83f9a4c37f2af337894ab6c,1067,-1,-1,0.3542477488517761,0.4239789843559265,300
Qiskit__qiskit-8370,93139df849d3b37fefa7dd34486226771872ec24,1060,-1,-1,0.3545990586280823,0.4351007640361786,300
Qiskit__qiskit-2869,5e7d41c869f8b9f2efaecb546f5161ee2beea5ec,569,-1,-1,0.08976852893829346,0.7373870015144348,300
Qiskit__qiskit-2869,df96833d6c43aeeebd391bc5d116d12a413e1c8e,453,-1,-1,0.1296459138393402,0.6214802265167236,300
Qiskit__qiskit-2869,7b88489219d1e99e7ab7d54ba64e58d0323e8c80,460,-1,-1,0.12879329919815063,0.6906391382217407,300
Qiskit__qiskit-4945,1ae5525db0e42365558c7a79e23f9d193f0ef5c5,1141,-1,-1,0.12648600339889526,0.344566285610199,300
Qiskit__qiskit-4945,b76db3e27fb4635f52dc965e55360b8351a3c7c4,605,-1,-1,0.24662598967552185,0.4555588960647583,300
Qiskit__qiskit-4945,0918bfeaecdad56e6375a7c4670c83404ae6e34b,1129,-1,-1,0.13137277960777283,0.34725311398506165,300
Qiskit__qiskit-4945,e1953ef8ef39f2b7e7d483c54cea4fa27522a4f7,1068,-1,-1,0.15755891799926758,0.31316468119621277,300
Qiskit__qiskit-4945,f707c6739dae4cd8d9569f54bb93dba89cc51996,448,-1,-1,0.2786535322666168,0.40818822383880615,300
Qiskit__qiskit-4945,8c77ce208385a58a666283aa525bd18eda2004df,332,-1,-1,0.30721309781074524,0.10046352446079254,300
Qiskit__qiskit-4945,4d4b86d547b332e10f7c9bea98730c048d061799,685,-1,-1,0.2310815453529358,0.42865896224975586,300
Qiskit__qiskit-4945,33c1c7dec0f6eef73bfa60383db10c6ca05b3bf5,1000,-1,-1,0.17611047625541687,0.23168405890464783,300
Qiskit__qiskit-4945,c1596000555cb6daa895c20be817c32bdcba1a4c,839,-1,-1,0.20217041671276093,0.46751701831817627,300
Qiskit__qiskit-4945,ac3abb5d6f26980f339d6a4dc83346588c034200,609,-1,-1,0.2464258074760437,0.25065386295318604,300
Qiskit__qiskit-4945,666d8838b9d7f657fbd32aae768a676c3ae38241,279,47,232,0.33077624440193176,0.24674628674983978,300
Qiskit__qiskit-4945,a1a45767941b290ac016454f1d7c5e930d368f7a,212,8,204,0.39475899934768677,0.396797776222229,300
Qiskit__qiskit-4945,46613269f3d9235fbcbcfed20da61d2018d24bb0,576,-1,-1,0.2527552843093872,0.3672471046447754,300
Qiskit__qiskit-4945,3f162061e7d88310c7af5db661452c7c6147d9cf,441,-1,-1,0.2809603810310364,0.3191431164741516,300
Qiskit__qiskit-4945,8f0c6283d2c9e879383eaf31593efcee75b6eaaf,385,-1,-1,0.29511889815330505,0.3605234622955322,300
Qiskit__qiskit-4945,9bbb007276ddc5711c25e0cff06e66638e8ddeae,277,4,273,0.3312126100063324,0.4165670871734619,300
Qiskit__qiskit-4945,84fe4f8a5c668431a950ca903d452e4bc5bf988f,1044,-1,-1,0.16407066583633423,0.3872983157634735,300
Qiskit__qiskit-4945,6ceeba9d8eb2663e99ab228da060057b95f9f6eb,222,7,215,0.3787665367126465,0.40114539861679077,300
Qiskit__qiskit-4945,1c3883c65757465dd1c2b7b637a3ff8ef969badf,418,-1,-1,0.28538787364959717,0.4199042320251465,300
Qiskit__qiskit-4945,1f901a88e40e18b9199cf89fe5a74e8a076b0744,504,-1,-1,0.26621517539024353,0.4515618085861206,300
Qiskit__qiskit-4945,83b1127d911afc944a1d799e87675f8e9db476f0,394,-1,-1,0.2904636263847351,0.23718075454235077,300
Qiskit__qiskit-4945,f1f26b3457067b4298f4e82ec0d11d3407a067f3,1055,-1,-1,0.16055861115455627,0.24441775679588318,300
Qiskit__qiskit-4945,05e8a3f7a929813dbb090b4503b073f92a3171da,228,1,227,0.37155818939208984,0.4399835467338562,300
Qiskit__qiskit-4945,3bf6364b525c280fbe82ceed0a72a970e39fff43,241,6,235,0.3571338653564453,0.4045688509941101,300
Qiskit__qiskit-4945,3e4d1c7771d08f4473b6ea8a435fe362619c1d08,237,2,235,0.36056315898895264,0.4259619116783142,300
Qiskit__qiskit-4945,55213072987fa961d2e209c3800732077617afbb,442,-1,-1,0.28054937720298767,0.38374024629592896,300
Qiskit__qiskit-5035,c07fcd1f6a2030f92761153bdf29fd98cc560521,460,-1,-1,0.3309599757194519,0.7757779359817505,300
Qiskit__qiskit-5074,e4a0fb22235f2726023bf5c42d951c59cbf4ba31,331,-1,-1,0.3494771718978882,0.818824052810669,300
Qiskit__qiskit-3441,c6b3c18591e76fa4f79368cdabd6af641c455e92,154,4,150,0.25521883368492126,0.48562729358673096,300
Qiskit__qiskit-3441,0775197cb8dc5d90e2e3581dbfa6e6326d0763de,522,-1,-1,0.16858354210853577,0.5157357454299927,300
Qiskit__qiskit-3441,c2a3c3ddd91697d4c7283dcd292150a78b2fa124,171,2,169,0.24985280632972717,0.5004755854606628,300
Qiskit__qiskit-5039,73ee2ef8531de75a1cad0058cfade27b3af3e718,236,1,235,0.33653968572616577,0.5912561416625977,300
Qiskit__qiskit-2836,157dd5c925027e22a078a9223ddceecfa7a94b59,221,1,220,0.2752147912979126,0.6185401678085327,300
Qiskit__qiskit-7733,f91faa7013fb112326c0ac21e27b83898ceb3076,1602,-1,-1,0.21498903632164001,0.39316290616989136,300
Qiskit__qiskit-7733,5a4ad0f9628c0b4d1ed61e627df4326902876efd,863,-1,-1,0.28791937232017517,0.3809587359428406,300
Qiskit__qiskit-7733,35c8201af262b10de82ffe9600435f61978bd64f,853,-1,-1,0.28933459520339966,0.4664774537086487,300
Qiskit__qiskit-1668,780418fee96002182e5598ece791f9bb42bf8c23,263,11,252,0.12525177001953125,0.47746676206588745,296
Qiskit__qiskit-1668,2769686c0433f4ffcddf3a528d23f0406f5dd201,375,-1,-1,0.07862135767936707,0.18806332349777222,296
Qiskit__qiskit-1668,fb9c67b859d01a4f89e169d0e8b2baeb503a3b9b,374,-1,-1,0.07924826443195343,0.2642456889152527,296
Qiskit__qiskit-1668,80bacd592b32c4524d1698237039b80b0fbe1e1d,211,23,188,0.1438310146331787,0.3991026282310486,296
Qiskit__qiskit-1668,f741a75eacd8ca66ccc4d552a6f9f9f185ae93d2,298,53,245,0.11197373270988464,0.30974283814430237,296
Qiskit__qiskit-1668,ca24e6bf2617e80a2b895e73bd9a1fc902efaf9a,283,31,252,0.11926731467247009,0.37083950638771057,296
Qiskit__qiskit-1668,9bf2367ce0eded8ba9de7db19b13c4477c219e52,47,37,10,0.2715302109718323,0.34411999583244324,296
Qiskit__qiskit-1668,3f79385439b71f93fd7f3a1e76e1877ca580fa0c,231,80,151,0.13772329688072205,0.225397989153862,296
Qiskit__qiskit-1668,ebb4ec3c1220648ce9a085dae059a3831acd7d1c,326,-1,-1,0.10379446297883987,0.34692996740341187,296
Qiskit__qiskit-1668,e8f409af8e4977febe9c5b7d463dfe6b314928ea,313,-1,-1,0.10846394300460815,0.4140470027923584,296
Qiskit__qiskit-1668,d72e83bb0f1c6e33a250adc9e3aa3a19d48dae7a,38,22,16,0.2835291028022766,0.4018818736076355,296
Qiskit__qiskit-1668,c9fb771f05f886d60b94f9735a4ec73fbea9e0f1,349,-1,-1,0.09449262171983719,0.24823689460754395,296
Qiskit__qiskit-1668,2f532e5fa66fd8056e79208edbf5eca7c2d36e52,104,41,63,0.2048826515674591,0.33657723665237427,296
Qiskit__qiskit-1668,194c8d6c27e4382c5642bdaad54cb56d1ae28fe1,382,-1,-1,0.07660528272390366,0.3556361794471741,296
Qiskit__qiskit-1668,4facacccbcedef9423e4f9d051db4d5f20bf82cb,145,119,26,0.18478311598300934,0.11493319272994995,296
Qiskit__qiskit-1668,f2c9f72a574640a261a99bda3ba718b71b8313b2,254,68,186,0.13043102622032166,0.2741360068321228,296
Qiskit__qiskit-1668,e3ffea68ece6984d4dd4e65dbe2ddfaec0d05011,268,20,248,0.1238112822175026,0.4124971926212311,296
Qiskit__qiskit-1668,6769d33739f4196e4a0df4900f2cf51ead9a3e35,63,104,-41,0.24557767808437347,0.1660163849592209,296
Qiskit__qiskit-1668,dbb60d7688a4687cd81ced7790fb5e23d6598023,48,1,47,0.2710331082344055,0.5693721771240234,296
Qiskit__qiskit-1668,32d65fb4df3a93f7ca032f8f46b0e6c7b418bde0,370,-1,-1,0.08358869701623917,0.27228134870529175,296
Qiskit__qiskit-1668,5b278f07672d8176ed866bb20fa3cf61ef8ab8dc,336,-1,-1,0.0994400680065155,0.35218319296836853,296
Qiskit__qiskit-1668,0fc2e1792e08cc36f11209a2ab67f0e4ebabc768,297,79,218,0.1121748685836792,0.23369567096233368,296
Qiskit__qiskit-1668,1e40404f9431ca73ca4e40daacce4f6a37bb3cc4,400,-1,-1,0.06353151798248291,0.2529223561286926,296
Qiskit__qiskit-1668,1a119253d758a59ad59a96556df123e1e89341f7,265,21,244,0.12435584515333176,0.4087578356266022,296
Qiskit__qiskit-1668,aab3070d19da8f031c831ce7cf19fcd9310a8d44,335,-1,-1,0.09949266910552979,0.2902683913707733,296
Qiskit__qiskit-1668,90c53b5d6389d1ca511812c7ef74e3a82a2c4337,194,6,188,0.1529325544834137,0.5208569765090942,296
Qiskit__qiskit-1668,60c7ef9d6009d058c285f46f18c0fed4c9ec540a,340,-1,-1,0.09837733954191208,0.32640203833580017,296
Qiskit__qiskit-1668,12f5c34f860fdbfe5353b52292d983c9a6d77940,273,76,197,0.12186127156019211,0.24545881152153015,296
Qiskit__qiskit-1668,7990081df5e7d6d48c4bda1bf282030fc3a70061,412,-1,-1,0.04962097480893135,0.20529796183109283,296
Qiskit__qiskit-1668,a046235b914646c6941045b7db4c3452c4bdf054,344,-1,-1,0.09719899296760559,0.3245046138763428,296
Qiskit__qiskit-4276,2b8a8cd99f0b77bbc34bdf927cb2c2e9674a9809,623,-1,-1,0.18463924527168274,0.30092552304267883,300
Qiskit__qiskit-4276,c4e0d912172b5686ce2e6d3f2962b60f255a3dc4,677,-1,-1,0.16938382387161255,0.13867847621440887,300
Qiskit__qiskit-4276,43352648c8726f547e6609f089b6d31656cfcfea,290,35,255,0.24840988218784332,0.2547585368156433,300
Qiskit__qiskit-4276,f1738a6c476ee0ca48bb01d081651411f83d46d4,451,-1,-1,0.21510885655879974,-0.04631872475147247,300
Qiskit__qiskit-4276,665c33c28ad7acdd02a2049f9925064f7cbd8047,279,49,230,0.25269854068756104,0.22610463201999664,300
Qiskit__qiskit-4276,7a38570225f3be0c894824948a25c4a0f08493be,237,1,236,0.2698783874511719,0.4077557325363159,300
Qiskit__qiskit-1210,4e5fc64969c3646c38a1329fdfe5cd33bd3d7681,370,-1,-1,0.12689737975597382,-0.07705385982990265,294
Qiskit__qiskit-1210,c4a3fb27e5d4c44f36c24f1b9e76bd9d82e521e4,452,-1,-1,0.08471548557281494,-0.060438185930252075,294
Qiskit__qiskit-1210,34f2f84ee3621d9ee2f28f0d88db45da644be845,379,-1,-1,0.12390615046024323,0.3023248612880707,294
Qiskit__qiskit-1210,b9dd06bff1618a1e27d3617d97e4773da55c88f4,497,-1,-1,0.026695843786001205,0.07477541267871857,294
Qiskit__qiskit-1210,47a8e40668d2113328f7ac0eb23a842ca37c1131,364,-1,-1,0.1282624900341034,-0.0704163908958435,294
Qiskit__qiskit-1210,3d196dbfdc9bc48b5e1c1c5ecdcdc03118e5f0b7,196,10,186,0.23744356632232666,0.3869301378726959,294
Qiskit__qiskit-1210,1253962caa8822d62b2267f5ca3b96fc73a1db13,457,-1,-1,0.0835362896323204,0.12458393722772598,294
Qiskit__qiskit-1210,5388b076b363772880a3c0605f84457baf7491af,473,-1,-1,0.07132077217102051,-0.0668325424194336,294
Qiskit__qiskit-1210,302ae8afc06cef712386bd6a262fbc1df8169182,490,-1,-1,0.04950512945652008,0.036364588886499405,294
Qiskit__qiskit-1210,8a35bd8fa9870b0e30e859dd88610d187823aad9,13,17,-4,0.4177461564540863,0.3303706645965576,294
Qiskit__qiskit-1210,0d6f71ad8cd0cd1190d38560cc96fb7d47e9bcbd,90,1,89,0.2976101040840149,0.6398108005523682,294
Qiskit__qiskit-1210,78ba18dac50d2d04212a28f930b6e13e4804629b,481,-1,-1,0.06485053896903992,-0.03453206643462181,294
Qiskit__qiskit-1210,6975cf662c540b2c07f98cb0950a9a798c5aa639,121,27,94,0.27735981345176697,0.21610116958618164,294
Qiskit__qiskit-1210,82afa881758ad7a9c4f4adb34a2dd3b3f4953779,1,52,-51,0.5092647075653076,0.10634782910346985,294
Qiskit__qiskit-1210,07fad7a513b55c1afe7ee7b1425777cc3ec2540b,335,-1,-1,0.14262187480926514,0.24814853072166443,294
Qiskit__qiskit-1210,bab02eae2bde8bf0ce627a8d807333bae0638c0e,475,-1,-1,0.06918022036552429,-0.020228127017617226,294
Qiskit__qiskit-1210,3a3c15e076999a95465cd9d365e231aa888577c1,49,262,-213,0.33972668647766113,-0.25300031900405884,294
Qiskit__qiskit-1210,8410cf922aa97258382b8406663ef845556d07ed,493,-1,-1,0.04292215406894684,0.048698149621486664,294
Qiskit__qiskit-1210,850fa189428dfdeb41253e0170f6afa0b57389b3,483,-1,-1,0.06398977339267731,0.17417404055595398,294
Qiskit__qiskit-1210,1e96ad42a507361e8e1fb87e960350ee8d651e77,70,4,66,0.3176957964897156,0.5237829685211182,294
Qiskit__qiskit-1210,73e36f19af5400da10064b1402351a22233fd402,472,-1,-1,0.07134169340133667,0.07866586744785309,294
Qiskit__qiskit-1210,3f5d91130410bbeb50cd73a6707232831d9718c7,40,3,37,0.34631919860839844,0.5353182554244995,294
Qiskit__qiskit-1210,0ebd9c530e5e1a3390bfdd6270b0c61f898aa98f,470,-1,-1,0.07258103787899017,0.0941537618637085,294
Qiskit__qiskit-1210,3189df1488e5df5382ca33e7139552d2890c8850,461,-1,-1,0.08065573126077652,-0.0322793647646904,294
Qiskit__qiskit-1210,ebad2c88729538238b718ea8da18d4400d2ceb72,502,-1,-1,0.012145483866333961,-0.029264917597174644,294
Qiskit__qiskit-1210,fbe7a4296519f5816a5e50ec7bdc8f24d4a64639,7,5,2,0.43536198139190674,0.5061851739883423,294
Qiskit__qiskit-1210,3de9bacb21edb0bc12543ba44e7d1ec5c2076205,186,7,179,0.24646678566932678,0.42765867710113525,294
Qiskit__qiskit-1210,09c7c3770ff70f1de7b1a2dbb8845adbd22995a3,435,-1,-1,0.09622561931610107,-0.07756127417087555,294
Qiskit__qiskit-1210,61b0d6bf74a86757dc62e4c3b8aee879f669797e,433,-1,-1,0.09728319942951202,-0.04161326587200165,294
Qiskit__qiskit-1210,6c02608065e69d3309fa56da3c6f1cad8380173a,415,-1,-1,0.10903272777795792,0.09023597091436386,294
Qiskit__qiskit-1210,4fe0f1f303bd0076167b6f4635e446875fa7f696,286,6,280,0.1704530119895935,0.4710078537464142,294
Qiskit__qiskit-1210,565305b2c53282ef6a89b4a0dfa00d09b29ada09,350,-1,-1,0.1350984275341034,0.38991227746009827,294
Qiskit__qiskit-1210,d9a64009aa3cf8fa5886294ca6da45bd96d10694,35,165,-130,0.34972280263900757,-0.10216124355792999,294
Qiskit__qiskit-1210,bb13dfe3e6cb0539dde2e34d5b9fbbe724f3f937,285,83,202,0.1706686168909073,0.03642738610506058,294
Qiskit__qiskit-1210,48d988dccaf93027536ebbc918f31c2eead91104,256,9,247,0.18983194231987,0.4020746350288391,294
Qiskit__qiskit-1210,3ea3a8000eed46158025db95ee8b511540590a2c,500,-1,-1,0.015656646341085434,0.04633036255836487,294
Qiskit__qiskit-1210,16602d302fc9ca70e360c61e1a8aa7165500240c,417,-1,-1,0.10834289342164993,-0.15266725420951843,294
Qiskit__qiskit-1210,ea47c9f87aad7b258a87449947b0c52a3c8ee4a2,463,-1,-1,0.07821333408355713,0.1371535062789917,294
Qiskit__qiskit-1210,fd35f47760ecb9e67ace9aecc0095e229635066c,62,11,51,0.32771384716033936,0.37631404399871826,294
Qiskit__qiskit-1210,a340f4ecb517786a12d2c43200862b67e6ba64cb,451,-1,-1,0.08478952944278717,-0.02471707947552204,294
Qiskit__qiskit-1210,4873b3d51e9e71d3164de62cad00ca13036df92e,460,-1,-1,0.08142368495464325,0.0611153244972229,294
Qiskit__qiskit-1210,12ef28a35b487235c77d59e109c04c25399ffa44,16,8,8,0.40144026279449463,0.41387349367141724,294
Qiskit__qiskit-1210,bb07bc2ff3a8e42b341599955a1941f30ba915e3,474,-1,-1,0.07031437754631042,0.022673405706882477,294
Qiskit__qiskit-1210,dd94481b55e739f636f94d80848d5ac6160f81b0,462,-1,-1,0.08027876168489456,-0.1554783582687378,294
Qiskit__qiskit-1210,e4fdf7d4e263f57726995d162b4ce133fe3e39da,431,-1,-1,0.09810822457075119,0.4228495955467224,294
Qiskit__qiskit-1210,dd5bac862470002e93f38f45d020067d125fda42,28,14,14,0.3598119616508484,0.3589704930782318,294
Qiskit__qiskit-1210,f0ad0ff17d4ee389bfe514e9a93b3cfff05753e0,498,-1,-1,0.022742636501789093,0.06791926920413971,294
Qiskit__qiskit-1210,244921578adb127e27ed759e6f72700b379106b8,439,-1,-1,0.09254293143749237,0.0033726822584867477,294
Qiskit__qiskit-1210,9983a40395984e0e34a7ad4d747c7e9234c7a58b,464,-1,-1,0.07790223509073257,-0.07289838790893555,294
Qiskit__qiskit-6235,0051f529f2f4edca934822bbf8a03b41f77a74d6,1395,-1,-1,0.23996978998184204,0.6328039169311523,300
Qiskit__qiskit-6909,b0d233f246e7ad8378dc9739a1de5e9e649576c7,385,-1,-1,0.40780946612358093,0.7446335554122925,300
Qiskit__qiskit-6909,34e6819600dd96dde0b2796ac86f7f9b5a48c9d0,483,-1,-1,0.3935210108757019,0.6815047264099121,300
Qiskit__qiskit-4633,8994e012da48479fe86e13c3b9497ad5e3dbc23f,37,58,-21,0.4185556173324585,0.2790585160255432,300
Qiskit__qiskit-2473,6fdddbee6b513c3d260960d153083fedb9dd2fd9,30,67,-37,0.46383196115493774,0.24439473450183868,300
Qiskit__qiskit-2473,528229a98ff8aea488bd2a20133059d4ce5d875f,159,3,156,0.37078049778938293,0.4261932373046875,300
Qiskit__qiskit-890,dd11f471ff4831d2a7a1f9742d7df579694f41d6,216,4,212,0.15163767337799072,0.36981505155563354,297
Qiskit__qiskit-890,6f3b52307d22d5d32cfd52c6a91e4ef53ab25e39,95,6,89,0.2048768401145935,0.3605195879936218,297
Qiskit__qiskit-2387,ceb7d017e5033805700b19a377ff3aef8747a694,391,-1,-1,0.133533775806427,0.49676141142845154,299
Qiskit__qiskit-5755,3c2340983196485f1e5a6ed8a8a9b53a8f86849e,89,8,81,0.46781644225120544,0.7107248306274414,300
Qiskit__qiskit-2652,1fe629cf1a799543397307ed779a4925adf8cac6,40,1,39,0.39991870522499084,0.6563540697097778,300
Qiskit__qiskit-4887,029f5de9700b66caa93e7fe952219069ef1ff25c,49,1,48,0.46117258071899414,0.5320360064506531,300
Qiskit__qiskit-9404,3ff574f00b50bc851c997090273e103e025df869,860,-1,-1,0.3380964994430542,0.46145060658454895,300
Qiskit__qiskit-3577,bc09106d4dc76053fb605ad3546393c647f100d3,113,17,96,0.33134573698043823,0.6711492538452148,300
Qiskit__qiskit-3577,7136e25d9906a16b215d42383c2df3f2bef85f81,137,14,123,0.3136942386627197,0.68081134557724,300
Qiskit__qiskit-3577,d4c64d1ab38d44e5d6efa0eb1a6ba8aca2b4b840,236,42,194,0.2585422694683075,0.49434393644332886,300
Qiskit__qiskit-3577,f8d2717c7a26e780f63c06f7d913c5b2dc12616d,132,8,124,0.3172292709350586,0.7096371650695801,300
Qiskit__qiskit-8199,a9f8a5cc7e2b916527f4e4bc52570c0f5c52b13f,46,36,10,0.5487561225891113,0.4132019877433777,300
Qiskit__qiskit-1856,043d13dd52ee2f89b14db62d93c1935d2767cade,58,27,31,0.3187556862831116,0.4695794880390167,297
Qiskit__qiskit-1856,4a720488d32166945bb37582c17433f7b2b1a89b,407,-1,-1,0.13780230283737183,0.4947456419467926,297
Qiskit__qiskit-1856,792e1f40538992928a3e5128a92a37ad61ce797a,278,90,188,0.21802066266536713,0.3518165946006775,297
Qiskit__qiskit-1856,2197d7bf49eb4cfe57ee47a1d4bc1502fce04776,249,183,66,0.22980543971061707,0.09518539905548096,297
Qiskit__qiskit-1856,5f0f3ec7c9ee1f5cfbd08b534e15e9427d411d4a,166,146,20,0.2609661817550659,0.20936906337738037,297
Qiskit__qiskit-1856,bee51f5b11f8e28b12a4fdc0aa3d7070e4e4df31,208,64,144,0.24759560823440552,0.3960314989089966,297
Qiskit__qiskit-1856,b4ec3352282db4001c198dddcd4a3d378c9056ed,36,28,8,0.34377413988113403,0.4692115783691406,297
Qiskit__qiskit-1856,5dffc16840ddd6dd2d8e37ec58e432dd01052b17,124,39,85,0.2838275134563446,0.4519329369068146,297
Qiskit__qiskit-1856,b8d4dc0692fada791441a2667ae53cf7d0ec1514,188,79,109,0.25450199842453003,0.3668135404586792,297
Qiskit__qiskit-1856,2aff1cf80f75c31d9a76082d14580ced6f694a43,229,51,178,0.2373417466878891,0.42332732677459717,297
Qiskit__qiskit-1856,b070a1d68524e2c4e7440c54ebb60230096ba8a8,32,16,16,0.34727469086647034,0.5166645050048828,297
Qiskit__qiskit-1856,c585379dc2cfb75cfcc4efc6a8114f3b930c2cd1,11,29,-18,0.40893518924713135,0.4666917324066162,297
Qiskit__qiskit-2014,91c48e9dd668ed64affe78b7af1906084d85f967,43,12,31,0.33944863080978394,0.45399603247642517,297
Qiskit__qiskit-450,9571de128db90a020e5675006739c61c1b95eceb,71,197,-126,0.34843531250953674,-0.012676776386797428,296
Qiskit__qiskit-3547,03c94ef38ff6e759e4b8305a7c588ce7cf77153d,1088,-1,-1,0.16971024870872498,0.4097582697868347,300
Qiskit__qiskit-3547,d1e4ead516c99d8821de75f1579a92415292475c,479,-1,-1,0.30651965737342834,0.192452073097229,300
Qiskit__qiskit-9726,1a6a25100aeda7c3b1159e02ed9f3622d0615113,726,-1,-1,0.34501177072525024,0.5946776270866394,300
Qiskit__qiskit-3288,6326513da0f1d3e1f557121e8ccbeea3d88b9395,586,-1,-1,0.22571592032909393,-0.05899198353290558,300
Qiskit__qiskit-3288,cc1e87adfd928f4375e7319997044c9145733f8d,567,-1,-1,0.23048537969589233,0.11352424323558807,300
Qiskit__qiskit-4807,e8b139f1073b7f1c216023fd30ed6704f72555dd,349,-1,-1,0.3713398575782776,0.5694303512573242,300
Qiskit__qiskit-6932,924db6c231fb4dd3cb7f19f772564db11c3fbd19,529,-1,-1,0.31113186478614807,0.29486262798309326,300
Qiskit__qiskit-977,7be7e8fd5f53fecc1d5acf74dc5f39bc2c198b8e,116,82,34,0.30857521295547485,0.34197381138801575,296
Qiskit__qiskit-977,f522c32f8e6e1aa084e9b56aff6d525078e3407d,126,291,-165,0.3015420436859131,-0.16498033702373505,296
Qiskit__qiskit-977,bf40b91da441cfa7942a88107a10e75ee04d6d26,314,-1,-1,0.20762228965759277,0.41246649622917175,296
Qiskit__qiskit-977,548b2569ffa6db641aef2031c7779b0be61cdd8c,345,-1,-1,0.189317524433136,0.29538553953170776,296
Qiskit__qiskit-977,8db198976b62ccaa7ea9dc376144468495845370,46,57,-11,0.3720604479312897,0.3887752294540405,296
Qiskit__qiskit-977,5e8634912a98ed5cf162ea80e9a2d42b5f6e829f,243,14,229,0.24475805461406708,0.4616549015045166,296
Qiskit__qiskit-977,cb71a804382fa3e4f3ee6daa57252480c43b982e,34,132,-98,0.3954492211341858,0.2718545198440552,296
Qiskit__qiskit-977,b9a52185904dd4432e8ef11c247116c70dfff388,21,119,-98,0.4212898910045624,0.2953335642814636,296
Qiskit__qiskit-977,00a4d8a4e277af11e62c3e8cf8329427a366b2ad,165,40,125,0.2809104025363922,0.4132847487926483,296
Qiskit__qiskit-977,20ac70ce9c4d5c72f5d0be9736695f0fcec21bfb,245,88,157,0.24464000761508942,0.3371956944465637,296
Qiskit__qiskit-977,ec6e1a227b3bc79391cd6500fbf880a2f7e9e0f4,50,222,-172,0.3694847822189331,0.10106834024190903,296
Qiskit__qiskit-977,6465921baa5fca6893456d5bc04cb955dbec2fed,31,25,6,0.401819109916687,0.44400882720947266,296
Qiskit__qiskit-977,35b868729db52ad8609936dfd634cb6c0bf05946,102,145,-43,0.31576916575431824,0.2507290244102478,296
Qiskit__qiskit-977,cd3b50a9d299508d222975c82e2fd1516fa48ad3,119,255,-136,0.30726584792137146,0.010609772056341171,296
Qiskit__qiskit-4141,b959bb53bb777bb8f9cde627d659d62cdeeaa860,170,1,169,0.3630635142326355,0.5317059755325317,300
Qiskit__qiskit-4141,cabd97314a9ad6878858617edc964021c0935ec3,673,-1,-1,0.2944258153438568,0.5693868398666382,300
Qiskit__qiskit-5324,8da3608a302cf40493ffe22ee2ad1049ee0ecdf1,405,-1,-1,0.377933531999588,0.43547481298446655,300
Qiskit__qiskit-5324,e46a3762a8bc19bb51350a5b2921ef8224bdb5ad,1077,-1,-1,0.23669007420539856,0.26821044087409973,300
Qiskit__qiskit-2139,0cf6b8aa3d0d9ad99dc5c59357a523034c26195b,470,-1,-1,0.09082227945327759,0.3053077459335327,299
Qiskit__qiskit-5619,318c04f7748e001de65b62ceb2049bb51db9f789,1375,-1,-1,0.1439286768436432,0.47953975200653076,300
Qiskit__qiskit-5619,d609a41547cf576201560ccb5140970fc042f632,1724,-1,-1,0.02112245000898838,0.4276816248893738,300
Qiskit__qiskit-10537,26425238fce3e468c6e52b687cd6a98be1445c4e,347,-1,-1,0.5025535821914673,0.5200880765914917,300
Qiskit__qiskit-3751,d62943b249a1ca4922d67747a68788dec88c27a7,126,2,124,0.3890996277332306,0.4137055575847626,300
Qiskit__qiskit-6315,777ae62b50eb231c076fca9ef75c35ea6c8a837e,484,-1,-1,0.38709235191345215,0.4610379934310913,300
Qiskit__qiskit-6315,a8cd5f8e751790efbb12902390fce0850a84c923,1193,-1,-1,0.3044596314430237,0.4168013632297516,300
Qiskit__qiskit-2755,bfd67d78269bc744a272461d956d23e6f37a7fe1,418,-1,-1,0.23483708500862122,0.4874590337276459,300
Qiskit__qiskit-4713,907b883266e0c3da897040396c4c631d8b477a6e,62,24,38,0.4590083360671997,0.3636091947555542,300
Qiskit__qiskit-6018,1df38cfe4a56027f9957599a66662d9aaa72ac19,167,5,162,0.4288337826728821,0.3643808364868164,300
Qiskit__qiskit-6018,2e125a1989b642d2888b2e1dd6daa25795940895,944,-1,-1,0.2679249346256256,0.25317147374153137,300
Qiskit__qiskit-6018,4436d1394c73e9f79ed6224cc331b1bc7f98cd48,117,6,111,0.4422186315059662,0.35063832998275757,300
Qiskit__qiskit-2085,1c3fbc5ca16d62fb96a83ee2f7d3e8ca38a8082a,37,3,34,0.43679279088974,0.6472454071044922,297
Qiskit__qiskit-3888,1cdda37826c3498cada4f96be3c4bc2166999163,376,-1,-1,0.3237101137638092,0.44529855251312256,300
Qiskit__qiskit-3888,d4fc3e438edd886ad610ca26542239d9e0e9779c,172,1,171,0.38136717677116394,0.453687459230423,300
Qiskit__qiskit-3888,7b7532c8e3af518fe220806d57f3d19c0d21e47b,335,-1,-1,0.3328455090522766,0.398703932762146,300
Qiskit__qiskit-3888,97e88fafac3be11d01170341529c6e1bb78c2cb4,237,5,232,0.35864895582199097,0.43578091263771057,300
Qiskit__qiskit-3888,7e7c0d6c5ee2dc3c83cb3ec7b51eab3379f9c245,296,3,293,0.34084975719451904,0.442586213350296,300
Qiskit__qiskit-3888,097ca1fd4860220f1beea9b7e7ee9ca63984b771,199,2,197,0.3731212317943573,0.45131784677505493,300
Qiskit__qiskit-1615,887108a7c17abc45cbd4381eed451c7aa78335ee,390,-1,-1,0.15852738916873932,-0.08155816793441772,294
Qiskit__qiskit-1615,50cbc1ab71180b72e856b882ff12d297d7ecb9a1,110,22,88,0.2510165572166443,0.35283219814300537,294
Qiskit__qiskit-1615,620955553c6801c42ceeb688f0978684d97982ab,348,-1,-1,0.16938333213329315,0.045378055423498154,294
Qiskit__qiskit-1615,08fe0164ddf06076b7ecf777385cc707456fef62,378,-1,-1,0.1622750461101532,-0.09825220704078674,294
Qiskit__qiskit-1615,da41942781ab2611dd5f0f4bd823d51bcf092515,295,292,3,0.1827438324689865,-0.2938086688518524,294
Qiskit__qiskit-1615,bba8af7b98d2f1195a4ae235306557306c454757,108,10,98,0.25188764929771423,0.3876935839653015,294
Qiskit__qiskit-1615,a38866cc2f7dda6215b333100ca8e88371d53d92,446,-1,-1,0.14264366030693054,-0.07758301496505737,294
Qiskit__qiskit-1615,819e9ffa810d9ab43e634b1941a845e63967b7e6,257,94,163,0.1949695497751236,0.24398064613342285,294
Qiskit__qiskit-1615,09bc1b3cf1053b80e667df9befdd57a4b4f47a5d,273,107,166,0.18964135646820068,0.22867029905319214,294
Qiskit__qiskit-1615,da2a46212e554a16489eef3e52c29e7b67a3b48f,502,-1,-1,0.12494614720344543,0.3986551761627197,294
Qiskit__qiskit-1615,5f4dbe492e97c4606d98450df5343dc438d7d150,437,-1,-1,0.14419560134410858,0.2651684880256653,294
Qiskit__qiskit-1615,4a63c4155de1412bdb35f88ba512d8f8c829a1c4,197,9,188,0.21838869154453278,0.39256545901298523,294
Qiskit__qiskit-1615,597acb06569fb6130f68ed291e888e6677ebb2d8,290,281,9,0.1842508316040039,-0.09675277024507523,294
Qiskit__qiskit-4326,bc7f7659b5ba06922e9d8fc17009f518540a841b,576,-1,-1,0.2724495232105255,0.461048424243927,300
Qiskit__qiskit-4326,febb3c2926e2eb473835099f6438e6a76f5c56c6,660,-1,-1,0.25726109743118286,0.6243606209754944,300
Qiskit__qiskit-5740,d53b2481a05fce302165dae034b018d983a5aea5,179,10,169,0.4402593672275543,0.3512331247329712,300
Qiskit__qiskit-10484,d319cabc418ce73c13813ebc47e91935ac804b94,1197,-1,-1,0.2976799011230469,0.2705221176147461,300
Qiskit__qiskit-10484,5fc4aac27bb99c7e9f90c56e333b961c70a756ac,1285,-1,-1,0.28589993715286255,0.2527649402618408,300
Qiskit__qiskit-6530,ff87749ee31a684e5659e4aaac1446da6925cb57,1726,-1,-1,0.11006209254264832,0.5841754674911499,300
Qiskit__qiskit-6530,08609998803dd1f776ed0ff273ffd1d202326cc3,1389,-1,-1,0.157868891954422,0.5485082268714905,300
Qiskit__qiskit-6530,20493b72e6665c8f2f946608e4f1a6a0b0a43e2d,1474,-1,-1,0.14692704379558563,0.5467216968536377,300
Qiskit__qiskit-6530,800e519c13135965f5fb08c20d022d43fcefce1c,1265,-1,-1,0.17258143424987793,0.6544347405433655,300
Qiskit__qiskit-2173,7683977485900a2c7276d89f0fd36783b2a675ea,343,-1,-1,0.17131249606609344,-0.16505198180675507,299
Qiskit__qiskit-2173,b1aa8ea2eced6d03da1875e2dcf4bf6ebabce008,456,-1,-1,0.14177098870277405,-0.0026897501666098833,299
Qiskit__qiskit-2173,2ae29d27ef12af59491fe85cfc6bbd5ea1288ba5,109,221,-112,0.3033028244972229,-0.07044549286365509,299
Qiskit__qiskit-2173,c788794f405cbbcbef07c4a9c86938ca54ae2b7f,265,187,78,0.19339923560619354,-0.03607701137661934,299
Qiskit__qiskit-2173,ba089a97ffaf24a9cd7919d22eb7f58ce77ce02b,462,-1,-1,0.13799484074115753,-0.14645975828170776,299
Qiskit__qiskit-2173,027cecf9ecc517099922abcd6b5bc2fd6a67e393,504,-1,-1,0.11787539720535278,-0.06424818933010101,299
Qiskit__qiskit-2173,3dc432c132b64510f54c48c6bcc5ef2e4e63fb23,328,-1,-1,0.17513781785964966,-0.16118252277374268,299
Qiskit__qiskit-2173,221a840bb8535229fc4a3176723ec75b04d2bc07,466,-1,-1,0.1377885639667511,-0.1293235868215561,299
Qiskit__qiskit-2173,8e6d2c493668c1d72a079322503ce42a01695b7a,36,12,24,0.392277330160141,0.25117555260658264,299
Qiskit__qiskit-2173,19bb25d1562a7b34cfaede8601a53405b7934db6,130,255,-125,0.29130738973617554,-0.13350947201251984,299
Qiskit__qiskit-2173,c4c75a9bccc53aea9af9f0b1b161930586118454,50,19,31,0.3663441240787506,0.21157971024513245,299
Qiskit__qiskit-2173,d6d5e2b09724762c988e243741c200a8ab78fe67,415,-1,-1,0.15280354022979736,0.020494500175118446,299
Qiskit__qiskit-2173,2acc5bcb5c688fd3457b41dadb07fa10ce3fefd7,497,-1,-1,0.1211966723203659,-0.07246840000152588,299
Qiskit__qiskit-2173,99a94789741d394fbeb1e1d9abc6950becf15de3,478,-1,-1,0.1328583061695099,-0.23573467135429382,299
Qiskit__qiskit-2173,2630c0ba47cd4a66f55484c3c2ab3557256e45d2,200,261,-61,0.22089138627052307,-0.1445627510547638,299
Qiskit__qiskit-2173,3fe3e025e9510f154d767fe9c989ba675f67df28,330,-1,-1,0.17409634590148926,-0.08072319626808167,299
Qiskit__qiskit-2173,38855639d362471175941fbded9e50a744d65c43,474,-1,-1,0.1357956975698471,-0.03331184759736061,299
Qiskit__qiskit-2173,bc5d64e14c0d1d4d233e52dd949e7f11868f6a66,145,253,-108,0.27783846855163574,-0.12304897606372833,299
Qiskit__qiskit-2173,23d338daa0285b92213a08a0d2f292f42e5e7daf,13,43,-30,0.4314165711402893,0.16242143511772156,299
Qiskit__qiskit-2173,81890a5e7947bf8a7415f77e57ceb86ff7e332fa,14,96,-82,0.4311954379081726,0.0766012966632843,299
Qiskit__qiskit-2173,cdb869a7b8a3cd1abdb569eff31c2873393d219c,327,-1,-1,0.17519161105155945,-0.17449024319648743,299
Qiskit__qiskit-2173,6dec1178ed038ec232092c336b7adc27bf339e5c,467,-1,-1,0.13741597533226013,-0.1290932595729828,299
Qiskit__qiskit-2173,be6b1f866bc5d3fdc38f4e9b6fd3e9f0bcf0235f,539,-1,-1,0.09317795932292938,-0.16590605676174164,299
Qiskit__qiskit-2173,a51a955f6c982188029dfd36f317737c2482a594,353,-1,-1,0.16921040415763855,-0.0646820068359375,299
Qiskit__qiskit-2173,415bce860d691190f00ddcb05d467ac552931fd4,3,5,-2,0.4966026544570923,0.28248441219329834,299
Qiskit__qiskit-2173,9bc5350696bbd62caefe5bb6cc9232461ed1ec94,117,160,-43,0.29982733726501465,-0.018681544810533524,299
Qiskit__qiskit-2173,bd4005434000cf1a63b86682393ac55417499ab6,160,199,-39,0.25386762619018555,-0.047550052404403687,299
Qiskit__qiskit-2173,95a28c1492ac689e5a267f2ca65d47ae18660ee1,304,-1,-1,0.1827157586812973,-0.08388862013816833,299
Qiskit__qiskit-2173,69389a7c17a1f5af403e6c99312246dccb2eeb43,32,242,-210,0.3978281617164612,-0.0988425612449646,299
Qiskit__qiskit-2173,d23faaeaf02bd079dd5d8bdc3d7cde7d802685c6,347,-1,-1,0.170014426112175,-0.14357244968414307,299
Qiskit__qiskit-2173,48025c032e53da1d273bc9f6061aedf737e23256,149,207,-58,0.2721167206764221,-0.062050510197877884,299
Qiskit__qiskit-2173,039d640a0999bf4d853dfe64e3276f9368e090af,428,-1,-1,0.14926306903362274,-0.012208210304379463,299
Qiskit__qiskit-2173,db754b1fc004039d50b0ab74e09cf4a6efa9cf80,252,183,69,0.19620037078857422,-0.03463553637266159,299
Qiskit__qiskit-4511,edd6a86da9e2b6a77eced322d1acdb11070cfa54,115,4,111,0.3010268211364746,0.6291036009788513,300
Qiskit__qiskit-2790,d3e9257bc0b92759b001d153263bc7d2904f8b95,80,9,71,0.31228750944137573,0.4696202576160431,300
Qiskit__qiskit-10279,6a0c8a0842b44a245c339a48ed93cd2f65d75e07,985,-1,-1,0.40358781814575195,0.5263614654541016,300
Qiskit__qiskit-1229,f5a83f6b65be4a167efdc24f99b0ddfc5f7caba9,197,1,196,0.20997284352779388,0.6629546880722046,295
Qiskit__qiskit-1229,61ac3387d48bd34acdb5d2b1ba2740fa2d2d1185,156,7,149,0.22501368820667267,0.5795312523841858,295
Qiskit__qiskit-1229,43aa34f8d72a770c6a5926fc1fdf23210fb70a17,296,2,294,0.1721937507390976,0.6363891959190369,295
Qiskit__qiskit-1229,27d60fe5c11ec92431926e6a2c88660d25d219d9,161,5,156,0.22320270538330078,0.6033507585525513,295
Qiskit__qiskit-1229,b8284d1cc94d808fa2a7076074ec0cf2de8a99cd,88,4,84,0.26476040482521057,0.6114611029624939,295
Qiskit__qiskit-6625,855365fea069e19e7c0a0c3a4500a7f5f6f69a3b,1902,-1,-1,0.19496232271194458,0.30597326159477234,299
Qiskit__qiskit-6102,ad121765378c37f47214619e21596bad0e97b2d3,17,1,16,0.5533984899520874,0.6448198556900024,300
Qiskit__qiskit-6102,d59b619384d942dc6d1ce8c6a4d371a8b9505e2d,7,22,-15,0.576373815536499,0.5432664752006531,300
Qiskit__qiskit-4366,eace6c8151f993f11caad78d4c1a60894941e2d2,293,155,138,0.26801830530166626,0.12386482954025269,300
Qiskit__qiskit-6070,fe32642ff3751ccdd7bcc93e004b55dfa399af4e,609,-1,-1,0.31044822931289673,0.5559877157211304,300
Qiskit__qiskit-6070,82b83fd92f244464e20cfa062e4143e7a4f54773,394,-1,-1,0.350788950920105,0.6619715690612793,300
Qiskit__qiskit-6070,94d4318dda4ed293a154c5eebae7b09ac1f8673b,166,4,162,0.4252500832080841,0.5812289714813232,300
Qiskit__qiskit-6070,22194073dbcb990414ca2a8d84cfe48b476d5a0c,326,-1,-1,0.37410956621170044,0.6791235208511353,300
Qiskit__qiskit-9002,330df026ee232eb22b4447c5ae322558ee707346,301,-1,-1,0.48345282673835754,0.5453312397003174,300
Qiskit__qiskit-9002,2e764e68bb7067500e2d465b58a9a17f8b051654,1685,-1,-1,0.2633838653564453,0.2900339365005493,300
Qiskit__qiskit-9002,223e2e77b4d89fc090e4eb55677a9f0efcd64e33,1347,-1,-1,0.31400156021118164,0.4890870153903961,300
Qiskit__qiskit-9002,4f1aa909f0e0fdc3af6257a412864228f5938157,35,1,34,0.5411694645881653,0.7399744987487793,300
Qiskit__qiskit-9002,1ea4d19123a365296dbbc77b8669f6a3f9c9e5a4,751,-1,-1,0.413707971572876,0.6554281711578369,300
Qiskit__qiskit-9002,c0430c4327a9c0efe1b805d3b09c8b3287b268a6,1189,-1,-1,0.33866170048713684,0.19555866718292236,300
Qiskit__qiskit-3180,806fa6db51a085c9d86e98033f5e45f13d4a45dc,139,2,137,0.3950793445110321,0.6904047727584839,300
Qiskit__qiskit-3180,6c351f84b36565087046c3f278843d5d592c9a18,269,14,255,0.34698718786239624,0.5336483716964722,300
Qiskit__qiskit-3180,b0692d8380c560265638a34a84bd5eb7231e64c2,42,1,41,0.46280524134635925,0.7626920938491821,300
Qiskit__qiskit-4853,48123fee88ed40086e6c592d566179a5e504243e,317,-1,-1,0.37737756967544556,0.5020391941070557,300
Qiskit__qiskit-862,692baa72d61dc21867c59891f4653787ca58eb99,365,-1,-1,0.14014028012752533,0.4580065906047821,296
Qiskit__qiskit-5851,4f074ab64c55a44661e081dcd8153da8665f2de8,44,17,27,0.4890519678592682,0.2381843477487564,300
Qiskit__qiskit-5851,dd1eb3aa536a0ba0c0a5117b5890241ee2f0ad15,29,1,28,0.49997225403785706,0.39233264327049255,300
Qiskit__qiskit-5182,40f9e4c8eec343f7428549f4111d8369e955d25b,247,63,184,0.37730103731155396,0.2526583671569824,300
Qiskit__qiskit-8098,137dce0741d58604a719693a28c1a5c0f8441cc7,1360,-1,-1,0.2643709182739258,0.6212601661682129,300
Qiskit__qiskit-816,28148f12258ddfc7474a9b62c1a6e10d79f27219,11,1,10,0.4468233287334442,0.771692156791687,299
Qiskit__qiskit-1089,3bcd1726afb74dc58fd70ce234d8a6e3335ff38e,254,2,252,0.25869810581207275,0.4888761043548584,299
Qiskit__qiskit-2088,cab1380657b23f4afdae470bc4300d0fbdf127a9,94,4,90,0.4067609906196594,0.49825596809387207,300
Qiskit__qiskit-2088,93a8ce6a4c5fc145b7db80276775b7febae8a445,381,-1,-1,0.24905437231063843,0.4836738109588623,300
Qiskit__qiskit-2088,49e5447b7deb7765c4f0294f4c5bd70f18e897ef,372,-1,-1,0.25717517733573914,0.44664448499679565,300
Qiskit__qiskit-2088,8b4dc1038f5a5c66d96dbf25a074974965f29694,360,-1,-1,0.2626650333404541,0.37389814853668213,300
Qiskit__qiskit-2088,04440894bb29065856f1e8691ad833241dc3fe52,186,30,156,0.3425379693508148,0.38637420535087585,300
Qiskit__qiskit-2088,3b5fb371b3c6bc68f10fb09e481a993b498fa758,55,34,21,0.4556717872619629,0.3672996163368225,300
Qiskit__qiskit-2088,929c9fa86f0ff3f31d2e19c7596d2fdd4f476f12,217,7,210,0.3259013891220093,0.48306822776794434,300
Qiskit__qiskit-2088,3040479b7543ba37d0bc5827c8158624a05f0c81,181,1,180,0.3467552661895752,0.5603030323982239,300
Qiskit__qiskit-3459,794a52a0b427ace27050e2cf5f8987317a4309d4,262,25,237,0.29928600788116455,0.3604038953781128,300
Qiskit__qiskit-2212,efde2bc7ea358b91e5d0b308242d0e536cf50b63,464,-1,-1,0.23209214210510254,0.10543124377727509,299
Qiskit__qiskit-2212,de941131313a566670120e631e03e740c9b59747,113,1,112,0.3755280673503876,0.5153179168701172,299
Qiskit__qiskit-2212,5385158b1c934c590d4ac11b1faebb5b03bac649,285,10,275,0.3050267994403839,0.3695136308670044,299
Qiskit__qiskit-2212,625e0db3712d678b5f7f2bf6a8080fc5de9eda00,522,-1,-1,0.1988847851753235,0.2813895046710968,299
Qiskit__qiskit-7972,759783d0c6895d52da13d7443a830010bf9ee3ea,412,-1,-1,0.44808822870254517,0.40725529193878174,300
Qiskit__qiskit-6418,48941cfcabd4d41afd579a0c492e7fcfbab3c547,366,-1,-1,0.38448771834373474,0.6695218682289124,300
Qiskit__qiskit-6418,168d42d006ce393df03330570d9bcdcb50723989,486,-1,-1,0.3211527466773987,0.6501138210296631,300
Qiskit__qiskit-6418,37085b3c4085a16b8c34ef0fd49059e032b4f543,820,-1,-1,0.25118348002433777,0.6867174506187439,300
Qiskit__qiskit-8298,8382fa62f8465eb78812fd2add6fd128e5eb2e15,1212,-1,-1,0.26147279143333435,0.21483775973320007,300
Qiskit__qiskit-4670,59b5c26075b4d6c5afc95d275754de3bf50194be,879,-1,-1,0.1634807586669922,0.6996711492538452,300
Qiskit__qiskit-4670,2ac0fa9c98b833631e236392e8b7a461cf11f1d3,220,8,212,0.31888067722320557,0.6984346508979797,300
Qiskit__qiskit-4670,6d58ee27bb759f06427004d9315ce73b75446d2c,177,1,176,0.3950038552284241,0.7190115451812744,300
Qiskit__qiskit-4670,4fe1283f850343abb0ff5f518c8791951cdf473c,626,-1,-1,0.2109081894159317,0.7100063562393188,300
Qiskit__qiskit-4670,0f610c5ac5da724346b3d2fd3d68182d38edba47,287,16,271,0.2826295495033264,0.6637561917304993,300
Qiskit__qiskit-4670,f3ac28540e6800462696feb6ac2fc8fb55425d27,667,-1,-1,0.20492227375507355,0.7085676193237305,300
Qiskit__qiskit-4670,df673e4abc0b61c678d8ced05372562c9c696b62,351,-1,-1,0.26639169454574585,0.5491127371788025,300
Qiskit__qiskit-4670,12dff0fa2067ff15c9bb711cad03dbe1f5a647e5,271,3,268,0.28820884227752686,0.7146202325820923,300
Qiskit__qiskit-4670,8861ab8f9a512cc9d4147fd0036a395646634e5d,872,-1,-1,0.1640588343143463,0.6762520670890808,300
Qiskit__qiskit-4670,b497da50ef52f26f345a408415cbf0f2172ba498,725,-1,-1,0.19365206360816956,0.695814847946167,300
Qiskit__qiskit-4670,dad3a32ec6f0ed5401e902cb9efe29e841453251,189,4,185,0.36186453700065613,0.7120429277420044,300
Qiskit__qiskit-4670,a9be818f79a81aef4af781f9d156e76b20fdeab7,233,2,231,0.3030141592025757,0.716628909111023,300
Qiskit__qiskit-4670,da0de86c7c056b9c1e89c113bc925762d8743947,162,9,153,0.42636266350746155,0.6942325234413147,300
Qiskit__qiskit-4670,55aadbc28266d86d855954f197d1197a6fd37e31,465,-1,-1,0.24081099033355713,0.6817727088928223,300
Qiskit__qiskit-4670,2e6a815d2a1ff56811f708b9e2e412a8fc89b03c,161,12,149,0.43040573596954346,0.6851509213447571,300
Qiskit__qiskit-4670,b8ddb6a8542c7f7c8aec5dc1569eb94c688d421e,570,-1,-1,0.2226419746875763,0.6175113916397095,300
Qiskit__qiskit-5780,8d4f9f8b6f7dcb3e994081397dc257f765833244,496,-1,-1,0.42026287317276,0.48909908533096313,300
Qiskit__qiskit-5662,9ce297978d27fd9b67ae6cb6b32cfb5c1878a489,70,7,63,0.48435938358306885,0.45642802119255066,300
Qiskit__qiskit-5662,a3bd73ef3c912b4ec95015ace738d82f970fdb48,1614,-1,-1,0.12887321412563324,0.49887529015541077,300
Qiskit__qiskit-5662,6ef41d20a6bba6e9cae6c3d2b318b7b259753124,1403,-1,-1,0.1850963830947876,0.5142028331756592,300
Qiskit__qiskit-5662,9f440dea45ffe7de754776ffb7b1ec6cd33ea8c4,71,1,70,0.48405539989471436,0.5758798718452454,300
Qiskit__qiskit-5662,cc51bd0f28ce484dcef98eabe7b5cbe93ed0febe,991,-1,-1,0.28150975704193115,0.4394713342189789,300
Qiskit__qiskit-5662,1f48ba5797c4c2f1563b6ec306918568d354f6f3,55,18,37,0.49289804697036743,0.32456836104393005,300
Qiskit__qiskit-5662,8cc377ef8a7a6b49eea327496538c7b3fb4db09f,61,6,55,0.49103960394859314,0.46518683433532715,300
Qiskit__qiskit-8384,251f68fa4f0f6c796476f4fddc0724cf4ea7b6bf,1874,-1,-1,0.26788952946662903,0.5552770495414734,300
Qiskit__qiskit-2265,7d05e1c1c0103ca83a5d9b913c6363e2a92b7ffe,24,6,18,0.31771284341812134,0.697372555732727,299
Qiskit__qiskit-2265,900e95f9c5571aef0d21f178f8622c2a026b429c,213,16,197,0.1706176996231079,0.6583184003829956,299
Qiskit__qiskit-2265,a84697c4abc01e6609f9347406c8797893bfbb0e,27,10,17,0.3046274185180664,0.6721702814102173,299
Qiskit__qiskit-3142,082a8c4819b097a177a1cfed4defd98c01ed0bfc,374,-1,-1,0.30606532096862793,0.7958002686500549,300
Qiskit__qiskit-1955,9d1f3f289742cc721caad345fc9b2d96426d0bb8,35,175,-140,0.319979727268219,-0.0035830410197377205,297
Qiskit__qiskit-4156,c0055fe063533b334e9fab8c75718d73ab922f4d,573,-1,-1,0.33005571365356445,0.40407848358154297,300
Qiskit__qiskit-7095,47d8c8923cdcd65c8f318cade5468e29c3f74d9d,523,-1,-1,0.311820387840271,0.4408472180366516,300
Qiskit__qiskit-7584,12bd89a76dc2559acb5c51609a918ebf4e4b2a74,2,1,1,0.5600531101226807,0.5717860460281372,300
Qiskit__qiskit-781,1dddc44a72b7c5b5eb41f44a7c50f9aa48032760,147,38,109,0.3009861707687378,0.28657078742980957,299
Qiskit__qiskit-781,36c670a86379c2c40efa2f72b71fae8774ff33f8,85,17,68,0.3330366611480713,0.32807642221450806,299
Qiskit__qiskit-4597,4389553265df1bb5ff11d05a7e5e0ae5085361eb,15,2,13,0.4650557041168213,0.7165642380714417,300
Qiskit__qiskit-6866,08f09e4d2c287cedcb8d9fb75e1c6915c598a148,553,-1,-1,0.2907325327396393,0.6048787236213684,300
Qiskit__qiskit-6866,d248e66b2c07a9a84ab5f73fb7e7fabdfe3d8a74,1444,-1,-1,0.15670910477638245,0.5559428930282593,300
Qiskit__qiskit-6866,3ebbdf620137a82afa38e79bbd6a86c7c4799052,438,-1,-1,0.3247614800930023,0.5726602077484131,300
Qiskit__qiskit-6866,66ae0ca36179ff8fdcb77d06152736cc96bbdea6,1498,-1,-1,0.149666428565979,0.5296317338943481,300
Qiskit__qiskit-6866,2be571ce8984626f7a6604d2e7ac6b9e7f5dc95e,1951,-1,-1,0.07648967206478119,0.5941508412361145,300
Qiskit__qiskit-6866,fda8ec4963ce4d94ccfb1d2cb9c507a34a94e7cd,844,-1,-1,0.22808139026165009,0.5838251113891602,300
Qiskit__qiskit-6866,458bd0ed95222b9cdf6758e4d5172d2cec37b473,968,-1,-1,0.211976557970047,0.5300149917602539,300
Qiskit__qiskit-6866,0a3e9843a5250c9a7d5e1303126e572855439321,1033,-1,-1,0.20518510043621063,0.6139028668403625,300
Qiskit__qiskit-6866,33ebfe7e8a39ec7d826e98eb81be72db145e4882,520,-1,-1,0.3023531436920166,0.6153966188430786,300
Qiskit__qiskit-6866,3b3488e3675c20e928bb3c11aaf9a75e3689cf2f,602,-1,-1,0.27766698598861694,0.5734813809394836,300
Qiskit__qiskit-6866,82f6bd228e5f0a617fd1ad8b01073800a7dd7711,1705,-1,-1,0.12352272868156433,0.5919667482376099,300
Qiskit__qiskit-6866,8749a2c747703530d41e9b96439a75758e7f83aa,1354,-1,-1,0.16709968447685242,0.5826721787452698,300
Qiskit__qiskit-6866,f125fab52851b850ccd40c77c89097edc2454691,584,-1,-1,0.28264546394348145,0.5860112905502319,300
Qiskit__qiskit-6866,f2558d4318907aed57f494f509771d6063b99bc9,1262,-1,-1,0.17797322571277618,0.5762516260147095,300
Qiskit__qiskit-4579,edd23de7561dc7dc212ae4f9805c261162ef2fc5,2,10,-8,0.48004966974258423,0.3402998447418213,300
Qiskit__qiskit-4579,b3bb412e23d0d276e11675f8925cfa7de1c2ea73,741,-1,-1,0.21757151186466217,0.31531333923339844,300
Qiskit__qiskit-4579,779a58d44a51d687994aa73da3bb69b642b3b6e1,646,-1,-1,0.22973987460136414,0.3000637888908386,300
Qiskit__qiskit-4579,f2b6f0d49270a48eeebbdd613bc7db7473da95c4,996,-1,-1,0.18323376774787903,0.2868748903274536,300
Qiskit__qiskit-4579,ae44ed5702c99e0bc2560bc431d075e19adf7511,685,-1,-1,0.2244889736175537,0.3457683324813843,300
Qiskit__qiskit-4579,c1d15899a9f63a35d5b3426cb2e9baadb79b1d2f,785,-1,-1,0.21261826157569885,0.28751763701438904,300
Qiskit__qiskit-4579,fb37302651bec4fc7677fdd924b03d19ba96b15f,592,-1,-1,0.2353314459323883,0.3819822072982788,300
Qiskit__qiskit-1765,cb9033eb996061208ee55e0f6843ce8ef99a28ba,234,47,187,0.16351814568042755,0.23552343249320984,296
Qiskit__qiskit-1765,9609f36d3495c78ca3262e7efbe30f2587d3ce9f,412,-1,-1,0.05136328190565109,0.1219828724861145,296
Qiskit__qiskit-1765,f423d25b7c53e770bc8065ba4f11ae2c3393be77,381,-1,-1,0.0943538174033165,0.026494257152080536,296
Qiskit__qiskit-1765,7ac9d5d8aca681edfb236820edaf3d2a34d471e2,351,-1,-1,0.1109686866402626,0.13793352246284485,296
Qiskit__qiskit-1765,081aa8d049d8eb28246f971a63aa3eaf3e605cf5,355,-1,-1,0.10884552448987961,0.024774571880698204,296
Qiskit__qiskit-1765,485ad715efa7ad166ea68cae5f3ceede6a0de183,303,-1,-1,0.1298593431711197,0.01014065369963646,296
Qiskit__qiskit-1765,aa1826600064c8626624db9cb616810aa7a4b776,308,-1,-1,0.1286672055721283,0.09186571836471558,296
Qiskit__qiskit-1765,1fe54d7ad92825c32d88f426f5376ff873a72944,258,200,58,0.15234984457492828,-0.086257204413414,296
Qiskit__qiskit-1765,c3ede3a2800a81ffdca3df363447317f358acecc,288,67,221,0.13687941431999207,0.1703619360923767,296
Qiskit__qiskit-1765,f5cbdb17342cf6c794888b41481e56839314f908,252,262,-10,0.1556147336959839,-0.19856950640678406,296
Qiskit__qiskit-1765,e5c4cb7d94cf7bd43b19cf6f08e34ad4e2162353,344,-1,-1,0.11363860964775085,0.046177733689546585,296
Qiskit__qiskit-1765,4538b35886bae5c5e2c1974eaec933eae3895efb,290,143,147,0.1354457288980484,0.006784787401556969,296
Qiskit__qiskit-1765,c3a3199e42cd5f9ab767e6a4caf485022119ac53,305,-1,-1,0.12940530478954315,-0.05838673561811447,296
Qiskit__qiskit-1765,96eff90c2dc7a65c3c428c9f7c60a4ee35050ac1,388,-1,-1,0.0849173367023468,0.11128997802734375,296
Qiskit__qiskit-1765,0f43811a1ea0d05d0b832df5128f89e074f5c6c7,328,-1,-1,0.12019164860248566,0.015488119795918465,296
Qiskit__qiskit-1765,20e3c9f79ffbf31841bdc39dbfab0be7e33a1a5a,364,-1,-1,0.10665179789066315,0.06357570737600327,296
Qiskit__qiskit-1765,c721f09264d270e791750f0e297a654105d1c840,313,-1,-1,0.12505358457565308,0.09947267919778824,296
Qiskit__qiskit-1765,3b929798bebc6935365bce3611469ab0103c2f7a,221,108,113,0.16751813888549805,0.05966028571128845,296
Qiskit__qiskit-1765,676e8a66d2993da5a47743e1d876b21df77fd453,362,-1,-1,0.10684716701507568,0.16362036764621735,296
Qiskit__qiskit-1765,72714862e12dda76b68633aa7af92a400c227659,319,-1,-1,0.12379325181245804,0.07798050343990326,296
Qiskit__qiskit-1765,686261175bed39f2d2bbea2533222c0456b3ec40,300,115,185,0.1310187131166458,0.0489562526345253,296
Qiskit__qiskit-1765,732e668f2e0a3f53cba23bcecd6eedcf263ca672,294,127,167,0.13366134464740753,0.027931738644838333,296
Qiskit__qiskit-1765,75dd6b5d11d90c119996148b41cd607464eb3a91,409,-1,-1,0.057490769773721695,0.13380897045135498,296
Qiskit__qiskit-1765,2caf3c0757a04dbe2336c74c1348fe97061488ff,316,-1,-1,0.12450077384710312,0.09295403957366943,296
Qiskit__qiskit-1765,a051e62727e05e050999510cd6712f2c3020b020,199,172,27,0.17444735765457153,-0.04355217143893242,296
Qiskit__qiskit-1765,a4ba93c0dfc77019916b44f3360eedf27bfc7d21,326,-1,-1,0.12128186970949173,0.055083293467760086,296
Qiskit__qiskit-1765,299dde214ccd168c77165098dff6011d0bebd077,354,-1,-1,0.1088670939207077,0.07717330753803253,296
Qiskit__qiskit-1765,3d2a70aacc0c5dd2b521aa748a7cd7c57c51e7b3,358,-1,-1,0.10824163258075714,0.0482279397547245,296
Qiskit__qiskit-1765,6619eeb98e3bd76ac1728052f8d2f505cf8e1d9a,301,-1,-1,0.13015279173851013,0.08964891731739044,296
Qiskit__qiskit-1765,f918cafcab1b23ce1799c31d42bd570aece9c612,410,-1,-1,0.05221596360206604,0.15232178568840027,296
Qiskit__qiskit-2069,b8595cf87cbe190c59bdc4e8d5dc10c8ceda6edd,90,128,-38,0.35629594326019287,0.006536601576954126,300
Qiskit__qiskit-6348,d45cd77a0898ca2842bb32970ef6c04ae9a412f9,751,-1,-1,0.22893404960632324,0.6767305135726929,300
Qiskit__qiskit-2597,46ff78ed89d2c53ed6cd9d4923e89ea6bc587dbd,21,8,13,0.40690290927886963,0.7344037294387817,300
Qiskit__qiskit-2431,6de9394e3b7a05dfaaa35d78eb6bfe7390ed724a,138,5,133,0.24515186250209808,0.7078277468681335,300
Qiskit__qiskit-6556,34a35e71d6848daa635b5a4710ea1efc8c5982ec,1198,-1,-1,0.2754683494567871,0.46693843603134155,298
Qiskit__qiskit-4582,83732d6193d2657c0526df42f49295c1b2ca55ec,452,-1,-1,0.2864674925804138,0.4718261957168579,300
Qiskit__qiskit-7856,848e977f2b48240c61f29336154da4b9316ad9ab,86,3,83,0.5044289827346802,0.6591881513595581,300
Qiskit__qiskit-9494,9e246a1fd1c139b5c42f11990625534a5d236158,1626,-1,-1,0.2408618927001953,0.448602557182312,300
Qiskit__qiskit-10476,c88fddadd77b287e4b9282dbd6f2ef08147dc9d8,1726,-1,-1,0.2520844340324402,0.7700984477996826,300
Qiskit__qiskit-6487,f4213dba3c9e17ab1d6d817d057419fdf40244ea,311,-1,-1,0.3774326741695404,0.7226535081863403,300
Qiskit__qiskit-6487,12ffe2bf41e717bb12323fed8eabd0c608ebebb6,536,-1,-1,0.2934594750404358,0.5656043887138367,300
Qiskit__qiskit-1815,04943d1697093e6be83495f0cf232c476672e646,436,-1,-1,0.05209118127822876,0.5200260877609253,297
Qiskit__qiskit-1815,f2f411f3c963730a611ee6c1134ddcdb8ad6e333,82,1,81,0.26429855823516846,0.5404160022735596,297
Qiskit__qiskit-1815,710d586b5b8b7b35f3404736f5c1ffabf4a9b3d6,244,67,177,0.2007998824119568,0.1262127012014389,297
Qiskit__qiskit-1815,99279004f70a6b8f24c6282ec73662c4abe6a86d,236,16,220,0.20311355590820312,0.3142601251602173,297
Qiskit__qiskit-1815,46775b691210edee36e4ada28b30550813b97064,33,17,16,0.3032796084880829,0.30715739727020264,297
Qiskit__qiskit-1815,53ff83adaff9c2827efa144611f0624e81244edd,428,-1,-1,0.08854036033153534,0.5190120935440063,297
Qiskit__qiskit-1815,ef697c61f679f0f3c8548f0e2290eacd7c9343bb,265,5,260,0.1920686662197113,0.4533783793449402,297
Qiskit__qiskit-1815,709c5262eb3a7aa6808ffc4cecabb45b3bf1afa7,449,-1,-1,-0.005209658294916153,0.5698468685150146,297
Qiskit__qiskit-1815,c342bcbb61c9316b49ce2ec63e88d03676f479ce,285,50,235,0.1878516972064972,0.17907121777534485,297
Qiskit__qiskit-1815,beb17576707f39dd49abc864886c8547e8c10318,260,19,241,0.19402232766151428,0.3028331398963928,297
Qiskit__qiskit-1815,46adeff44a78083041b955b8507670a3f6bc3f6b,320,-1,-1,0.16745731234550476,0.48535478115081787,297
Qiskit__qiskit-1815,fc712d72953b979dff3d461a41fbfe1fb6cca87f,220,14,206,0.20906010270118713,0.322295218706131,297
Qiskit__qiskit-1815,e76ebea1068366fe0b0da5109a0a1fb9700ded4d,304,-1,-1,0.17601646482944489,0.2864486575126648,297
Qiskit__qiskit-1815,c6296b1aef401bc94a4c1e333758a38a89bb9d4c,371,-1,-1,0.14098891615867615,0.49430137872695923,297
Qiskit__qiskit-1815,c64b727576c1a5361b3f94f3e79f2db7fa040869,255,12,243,0.19497689604759216,0.33360254764556885,297
Qiskit__qiskit-1815,709139f900a5ee722b7eb538e88d848017b2b4de,339,-1,-1,0.15993456542491913,0.30378395318984985,297
Qiskit__qiskit-1815,a5f30ee89b85bc3718b9821c60d894b66fae4f91,412,-1,-1,0.10642577707767487,0.13157495856285095,297
Qiskit__qiskit-1815,0a2c2cdbd5d2e286114025e6b33952d64debdcbd,358,-1,-1,0.14963477849960327,0.644746720790863,297
Qiskit__qiskit-1815,df25c93da8bad8fd1b4e7e6d79b254264e900c17,198,9,189,0.2169947773218155,0.3890073895454407,297
Qiskit__qiskit-4270,0f839046a63bf3ece49cbe8901523cbbf7e21c33,149,11,138,0.37562012672424316,0.5343905687332153,300
Qiskit__qiskit-9038,4c01ddc261917b48e557f2d8ef2429523fe59afe,785,-1,-1,0.3119526207447052,0.6783101558685303,300
Qiskit__qiskit-9038,6f2e4e1077f9feb240e76f45c20c96a5ee9fdcc6,1547,-1,-1,0.22318945825099945,0.5944767594337463,300
Qiskit__qiskit-9038,a3e4020338d0ac03b335d7768b91cb55d56403ba,787,-1,-1,0.31158483028411865,0.6704471111297607,300
Qiskit__qiskit-9038,a7f4f93efdaacdd4427a1b9d9712f8ae2f8b9c2e,841,-1,-1,0.29906654357910156,0.674386739730835,300
Qiskit__qiskit-9038,cfa19eb7b6cff4ad56dddd1f063f9f6774679e39,930,-1,-1,0.28182369470596313,0.6753185987472534,300
Qiskit__qiskit-9085,8950de5ccc9fd2895625437e7fba7f14f1e979ea,1121,-1,-1,0.23486226797103882,0.4050813615322113,300
Qiskit__qiskit-9085,60d18da562bf3ab088518c87586151ada9f92784,113,1,112,0.3464196026325226,0.4846523404121399,300
Qiskit__qiskit-9085,2797ce48fe54625c61c84a2def734ec647c802bb,918,-1,-1,0.2532053291797638,0.4465559422969818,300
Qiskit__qiskit-9085,cd348bfa3626ea16f635201f174d6559ef8d743e,408,-1,-1,0.3003557324409485,0.27401894330978394,300
Qiskit__qiskit-9085,877eb28c499ef02c44e035de69ab6c750dabca22,882,-1,-1,0.256731241941452,0.38519319891929626,300
Qiskit__qiskit-9085,95176bdc10aef95e17571f7d18cc9c418b9e93aa,521,-1,-1,0.2873709499835968,0.3463640809059143,300
Qiskit__qiskit-9085,7c2e2af35efb228e604abeb42c59f83bf49297df,1860,-1,-1,0.17662441730499268,0.43912914395332336,300
Qiskit__qiskit-9162,874389147ac10dc7f3a30c21df444c4ab3af250d,1782,-1,-1,0.2932268977165222,-0.005747340619564056,300
Qiskit__qiskit-9162,3326d3dae1a3ab369cfa8c5d3a32bbbdac99d1c8,1561,-1,-1,0.3077712953090668,0.07974866032600403,300
Qiskit__qiskit-9162,3295bbf4b9c866e3adf0efc839d8d818a0210eb0,2780,-1,-1,0.17541304230690002,0.10713352262973785,300
Qiskit__qiskit-9162,bb5c66fafe821838ee994ab9e1c5ba30cd24aba6,1663,-1,-1,0.3010091483592987,-0.011862184852361679,300
Qiskit__qiskit-9162,fc59ee355b95e543a09b00e40f729f97fcd31656,322,-1,-1,0.40251457691192627,-0.0517289936542511,300
Qiskit__qiskit-9162,430e7842278f2a03b1c81b75b5a0f1f9ec53910f,2701,-1,-1,0.2029169350862503,0.03452742099761963,300
Qiskit__qiskit-9162,950b2447d936e3d328c205a6949c94c1681af76a,2328,-1,-1,0.25698643922805786,0.10770302265882492,300
Qiskit__qiskit-9162,9db38aa71ab780c3e87300a5602e87ea52dbaff1,2375,-1,-1,0.251725435256958,0.11236628890037537,300
Qiskit__qiskit-9162,b7cb21ac8a1649245d57496842cd471cb2d927e1,1354,-1,-1,0.32254379987716675,0.12658321857452393,300
Qiskit__qiskit-9162,cf2aa70a40444c181e79bc4fec31acd7101439d3,2362,-1,-1,0.253352552652359,-0.016529377549886703,300
Qiskit__qiskit-9162,fb346d6e56390fa8e37f5866bc479e3ca7c41a24,2404,-1,-1,0.24928626418113708,0.02716653048992157,300
Qiskit__qiskit-9162,b20ca0cf9a8a0d3de4e2d9aa0b146a8d26c694d3,1699,-1,-1,0.2987060546875,-0.005379468202590942,300
Qiskit__qiskit-9162,346241d3b2cad8e9a23c72dc4beda9cd53385c88,2305,-1,-1,0.2593438923358917,0.2564270496368408,300
Qiskit__qiskit-9162,2c280c2fa6cda43da28934be979e49edcb787f1b,1170,-1,-1,0.33645176887512207,-0.030738703906536102,300
Qiskit__qiskit-9162,4d460894aab2851b44d4f111bda44cff59ec23b7,2090,-1,-1,0.27433955669403076,0.05069505050778389,300
Qiskit__qiskit-9162,9d0561c11c6d2f33520204b4dab88ada7f16bc8b,1102,-1,-1,0.3403717279434204,0.09550118446350098,300
Qiskit__qiskit-9162,7f5f9fcc700851628adb613627821bd6f78a154e,370,-1,-1,0.3967747092247009,0.12294372916221619,300
Qiskit__qiskit-9162,44ce2253fddf0ae5ff7c81da0bdf2ed0b345ed94,112,53,59,0.43224596977233887,0.2563042938709259,300
Qiskit__qiskit-9162,046452074aeb21d0fde5bef841116348aaab95a2,1431,-1,-1,0.316378653049469,0.16444048285484314,300
Qiskit__qiskit-9162,d23656620319bc18b291eaa9ea82629ceb9f7968,1698,-1,-1,0.29874929785728455,0.3201809823513031,300
Qiskit__qiskit-9162,f811bea83f73b7e8f958de65d5f81d440c43aa56,1414,-1,-1,0.3177775740623474,0.18165016174316406,300
Qiskit__qiskit-9162,293e0a641e8a702b8daf5596a1b514ca7da295ce,1634,-1,-1,0.3027220368385315,0.29162824153900146,300
Qiskit__qiskit-9162,ec27ef5239013bc44e908fd7a0940ee11c1f8c90,668,-1,-1,0.37332379817962646,0.30461180210113525,300
Qiskit__qiskit-9162,4756cb98ef6343445376ae8200ca9e4fed6fa80a,2775,-1,-1,0.17759087681770325,-0.10387139022350311,300
Qiskit__qiskit-9162,4f59d1b9f6c21a52fdc34671aa50e78f1e79002a,960,-1,-1,0.3500113785266876,0.09482835233211517,300
Qiskit__qiskit-530,06dc4b05caced54e462d98a78f8ca4da079478ac,80,28,52,0.2536529302597046,0.5771742463111877,296
Qiskit__qiskit-530,dcd1adaa80a726385923a77d8d227acbff2e9fe4,191,24,167,0.18849769234657288,0.6066881418228149,296
Qiskit__qiskit-530,d19123fcd445e2e77138b7f6d6c48f7cb17bc2f4,152,20,132,0.210555762052536,0.6160749197006226,296
Qiskit__qiskit-530,c1e1b68dd5990417f75b72589cfb12d5d36abf75,340,-1,-1,0.03316010162234306,0.5361954569816589,296
Qiskit__qiskit-530,154011f5c7120c44f7101ea95d2052560686e22a,303,-1,-1,0.10695851594209671,0.5881136655807495,296
Qiskit__qiskit-530,2908e8ef5c4a50a89b1ba81552e8a07edee972bc,212,18,194,0.17805570363998413,0.6182045936584473,296
Qiskit__qiskit-530,6c5787b9381de25cdb22cf1fce0cb739c7940ad6,61,80,-19,0.26673391461372375,0.43650346994400024,296
Qiskit__qiskit-1115,10d59a2aa7f0d9dbf230a9bd590d647a230ee700,222,1,221,0.22095121443271637,0.6596846580505371,296
Qiskit__qiskit-1115,aa58784cf246592ea908ba77bdfbb92d1813d0a5,53,12,41,0.317807137966156,0.512622594833374,296
Qiskit__qiskit-1334,4b2223bc099cde779de6cf9158aea20f7272c58e,141,2,139,0.175909161567688,0.7469584941864014,293
Qiskit__qiskit-1334,b689562b701eacf9c4408084a7d68417c4c04700,208,1,207,0.15787401795387268,0.7472453117370605,293
Qiskit__qiskit-9316,089934e7dc8042c098b734ec465cd3c39af67fac,736,-1,-1,0.36523014307022095,0.5742297172546387,300
Qiskit__qiskit-9316,ce5178436abbb5fcd8ab3acb74c02228efc32112,115,5,110,0.42853015661239624,0.6217203140258789,300
Qiskit__qiskit-2249,0757fe983af1813abf9a37bfca47a2ead2621b47,497,-1,-1,0.13687948882579803,0.10890251398086548,299
Qiskit__qiskit-2249,ef181e2bafef95afcf791f0c67fdb5de7816a235,511,-1,-1,0.12951190769672394,0.1980096697807312,299
Qiskit__qiskit-2249,7daa900bdd86db71bd01843b61b3716e2e3e975e,380,-1,-1,0.1836729645729065,-0.04453517124056816,299
Qiskit__qiskit-2249,5b53272b67484ca1dbd0df68e594002d4e7f0fec,474,-1,-1,0.14969667792320251,0.1258612871170044,299
Qiskit__qiskit-2249,015102476b99ff997943c5da6e6a5751fc89f500,565,-1,-1,0.051318343728780746,-0.06675668805837631,299
Qiskit__qiskit-2249,36b65b39cb10610a65e68fa2309936761a7e253f,487,-1,-1,0.1429033726453781,0.22394751012325287,299
Qiskit__qiskit-2249,d0af73cac24c151147fe0bbe18f570f6b9ba1f38,264,88,176,0.22148564457893372,0.1607140451669693,299
Qiskit__qiskit-2249,46263dcbd446911d5f7e3e13356fc4f36566dddf,212,289,-77,0.23596042394638062,-0.3100142776966095,299
Qiskit__qiskit-2249,c6343a4f2a8130052e457976c2504cd6167362aa,433,-1,-1,0.16720332205295563,0.20616689324378967,299
Qiskit__qiskit-2249,a217d011dc8ebd90b1570cd76626ba03c1e57eb7,176,7,169,0.24615108966827393,0.36108094453811646,299
Qiskit__qiskit-2249,c6cc804fa599277bf76408441c496cbca0419ff6,224,19,205,0.23225581645965576,0.29600799083709717,299
Qiskit__qiskit-2249,57367f9259c0351ee554ed0a55059394af9ccedd,367,-1,-1,0.18744218349456787,0.09185248613357544,299
Qiskit__qiskit-2249,92a9533f4ee25feb03c9913dac510dd95227d75f,563,-1,-1,0.06374768912792206,0.3361743688583374,299
Qiskit__qiskit-2249,7eb171023d5dbc964ef5393bfa2cf775be248623,187,2,185,0.24361586570739746,0.39278852939605713,299
Qiskit__qiskit-2249,63593a8713a59acea8c304c23225bee25fbe3af1,350,-1,-1,0.19340157508850098,0.28477805852890015,299
Qiskit__qiskit-2249,e11162dc85e2238ec554727fa570267a696b1386,343,-1,-1,0.1954297125339508,-0.12158545851707458,299
Qiskit__qiskit-2249,38d0215cb839586c2b9cf487d6a8ad29777c3c62,291,1,290,0.2124735563993454,0.4254012107849121,299
Qiskit__qiskit-2249,ebaaf6e591f19d7fe1a6eab578c1ce68503bcba3,528,-1,-1,0.11438192427158356,-0.28744950890541077,299
Qiskit__qiskit-2249,34dd5c749ad1c179b9d5d678738a9f6514b496d0,286,45,241,0.2142498791217804,0.23459643125534058,299
Qiskit__qiskit-2249,b2f92d869b3c4f40a4889fc8c51dcfd35be93fdc,108,297,-189,0.2652328312397003,-0.37276792526245117,299
Qiskit__qiskit-2249,d90fb318d764b5c2a8b91f7c3f997b573753e5bd,169,150,19,0.24730366468429565,0.06671100109815598,299
Qiskit__qiskit-2249,07fcf187eaa6f6ca33a26a6031264550bd770778,220,86,134,0.23353584110736847,0.16334134340286255,299
Qiskit__qiskit-2249,b79efbde10a6590a19557c2ab12198f8285ef4e4,381,-1,-1,0.18353821337223053,0.12148968130350113,299
Qiskit__qiskit-2249,dabe0f9e2a652e67ae67ba1e499a372fdbffb43a,254,161,93,0.22494818270206451,0.05132031440734863,299
Qiskit__qiskit-2249,f2f9121b6ab22505346a196850382f23b2d024df,435,-1,-1,0.16628600656986237,0.01597856730222702,299
Qiskit__qiskit-2249,33d2854e8d129ac862074e1ef8f47176614e338f,488,-1,-1,0.14145708084106445,-0.04707746580243111,299
Qiskit__qiskit-2249,5175035344596c88e6bbaa6d70d09d08959fcd01,421,-1,-1,0.17180891335010529,0.03189387917518616,299
Qiskit__qiskit-2249,40cf9a354f2d71862e2c7a6a50b59be39f66fef6,309,-1,-1,0.20714277029037476,0.24769003689289093,299
Qiskit__qiskit-2249,15dabacd8ea2fb7c510a1ff65be113c3cac0816e,466,-1,-1,0.15664002299308777,-0.049152735620737076,299
Qiskit__qiskit-2249,3951e828360f6ab94fd8decad5f5e8f0835aa78a,172,30,142,0.246905118227005,0.2715822756290436,299
Qiskit__qiskit-2249,d304af19aa7949e2cb8714887e3779abdc3b847c,297,27,270,0.2097896784543991,0.2810974419116974,299
Qiskit__qiskit-2249,72a4c0959a604e3c0cf6b4eadbf812ee40c7dcbb,148,91,57,0.25412899255752563,0.15575680136680603,299
Qiskit__qiskit-2249,08e9c20f15ae8b8b18b3ca0659bb3ed944fbf463,271,271,0,0.21953341364860535,-0.16426008939743042,299
Qiskit__qiskit-2249,cc0ccbbd5f74beda1858ad8648b0c6e993149e3a,353,-1,-1,0.1917041540145874,0.2981964349746704,299
Qiskit__qiskit-2249,e3dbdebfd5fa429abcef8031913c50ab0afbf5b3,283,198,85,0.21531298756599426,-0.018548164516687393,299
Qiskit__qiskit-2249,fbf244f4cef71ca327e5ebe53bcfdb5eac006244,344,-1,-1,0.19527319073677063,0.0751594752073288,299
Qiskit__qiskit-2249,1ad5cf0b1218f72b2c552ddd4e15a9dcd3bf9d02,247,218,29,0.22748057544231415,-0.05238889157772064,299
Qiskit__qiskit-2249,16a45a52070f1f8241bf342b91cd273877572e46,312,-1,-1,0.2061167061328888,0.08790911734104156,299
Qiskit__qiskit-2249,775eed66a057205bd3dbdbbbd11edb5e144fb119,477,-1,-1,0.14879417419433594,0.288537859916687,299
Qiskit__qiskit-2249,ea782731b19292b4aaade98e58955e8706f51a75,361,-1,-1,0.18970605731010437,0.18836817145347595,299
Qiskit__qiskit-2249,95fa4abf238c42c0b7d4161e1216c6a7e6e68b26,214,115,99,0.23541249334812164,0.12013277411460876,299
Qiskit__qiskit-2249,56e76a5b5bbdadac80aebe895d8213f68c74b3c0,123,53,70,0.2610892057418823,0.21600019931793213,299
Qiskit__qiskit-2249,6db939ded3054b836d4cb3961df4643512ce1bf0,135,281,-146,0.25655946135520935,-0.22471417486667633,299
Qiskit__qiskit-2249,cc08706343834410892781a2275ae62c7988d3ec,79,259,-180,0.27597495913505554,-0.11517602205276489,299
Qiskit__qiskit-2249,649cad656957a0c5a2477225645437136ddcca41,311,-1,-1,0.20622053742408752,0.08440405130386353,299
Qiskit__qiskit-2249,47bb754894187f0e57579bbc08295707730c43d9,412,-1,-1,0.17582044005393982,-0.2626391351222992,299
Qiskit__qiskit-2249,4a197d93d215dbc3b6666da1341dde3f9b79e4ba,537,-1,-1,0.1099676638841629,0.15757137537002563,299
Qiskit__qiskit-2249,d4f8e92ac514db357365919068f31b389b2d08ff,354,-1,-1,0.19148100912570953,0.084955595433712,299
Qiskit__qiskit-2249,268560a88f196a542f20d8d56b8ddd65ce05c8b5,221,179,42,0.2332615852355957,0.010376104153692722,299
Qiskit__qiskit-2249,33accdce395f022b555af1a45aa7f373d75e3e1c,329,-1,-1,0.19987747073173523,0.021160250529646873,299
Qiskit__qiskit-2249,e7033c231b0b964221c29d0b4f0cf0675ef9c89c,459,-1,-1,0.15892787277698517,0.1424638330936432,299
Qiskit__qiskit-2249,f90d431f2e4b78dbd019cd72fe677b67625c9909,476,-1,-1,0.14940324425697327,-0.013275385834276676,299
Qiskit__qiskit-2249,d12b7f6ef6808d590ca2aa39eb05ffcd4ad8ad2a,265,186,79,0.22125478088855743,-0.0011424925178289413,299
Qiskit__qiskit-2249,5120a776e69e24978e9c9d484131f23cac1c6e88,278,190,88,0.21650944650173187,-0.006143445149064064,299
Qiskit__qiskit-2249,dd12f5aab49f0ce8b8dfa768760d4d6a56887792,485,-1,-1,0.14367881417274475,-0.09651148319244385,299
Qiskit__qiskit-2249,bfd403682da01c8ff4827fc624c0f2821fcef993,134,235,-101,0.25687751173973083,-0.07621294260025024,299
Qiskit__qiskit-2249,97de43d964010dfd3be7e70ed08d5a84d8b098c5,434,-1,-1,0.16642484068870544,0.15149232745170593,299
Qiskit__qiskit-2249,da1581561a9824a0583dcef3d1446c645afd0fae,413,-1,-1,0.17563840746879578,0.05655070021748543,299
Qiskit__qiskit-2249,8ab98a949a49711b847b798466b2cf1b608f8ab0,555,-1,-1,0.07728483527898788,-0.019585084170103073,299
Qiskit__qiskit-2249,b2a58dc045bdc194003c3845ad3ba59fbad5819e,409,-1,-1,0.17730672657489777,0.1572406142950058,299
Qiskit__qiskit-2249,22b77a99af00d1134fb9388fa17e473eaa5eff7b,270,123,147,0.21953992545604706,0.11089467257261276,299
Qiskit__qiskit-2249,d9839bda2155179352b72baeb1c187f7fcd7589d,450,-1,-1,0.16190564632415771,-0.09746365249156952,299
Qiskit__qiskit-2249,55f2dabd7851adc009f61d61eee238a39df21ba0,237,137,100,0.2298501431941986,0.08957202732563019,299
Qiskit__qiskit-2249,addb9928abe538aac7a9bc6f6a632eff66f4b2be,19,75,-56,0.36551472544670105,0.18659062683582306,299
Qiskit__qiskit-2249,ce129e536e69540ada9dff60de39a991e2dc3970,130,165,-35,0.2579139471054077,0.0405115932226181,299
Qiskit__qiskit-2249,a644d6c825ba60e34920a613d1e3deda4a86f1ee,536,-1,-1,0.11024771630764008,0.18999548256397247,299
Qiskit__qiskit-2249,5b8a417329ef5c2521dd895a6396c50262f1bcbe,395,-1,-1,0.18052183091640472,0.15867097675800323,299
Qiskit__qiskit-2249,dac140f9654a1b2956b011e2236df77f8a8fc6e8,211,17,194,0.23663903772830963,0.2996421456336975,299
Qiskit__qiskit-2249,ebf528e3ab212e2a21acd04f5062829348fa3f9f,396,-1,-1,0.1802603006362915,0.2739509344100952,299
Qiskit__qiskit-2249,d1f53f860f7c398982312eb78dc2e72972a236e9,424,-1,-1,0.1707855463027954,0.1963348090648651,299
Qiskit__qiskit-2249,37813b9440407e742ba88425ec31daa32acde8b0,246,163,83,0.22790047526359558,0.041181400418281555,299
Qiskit__qiskit-2249,18aba8320f24d56a2f66c015200f81e67529cc82,114,283,-169,0.26271820068359375,-0.23783278465270996,299
Qiskit__qiskit-2249,d8429bfb457e84f02ac7c293a0218093e009930a,299,194,105,0.20952212810516357,-0.012670787051320076,299
Qiskit__qiskit-2249,c7d73814a6c4ca5180379a11658b29724b233ce5,316,-1,-1,0.20413655042648315,0.0776008665561676,299
Qiskit__qiskit-2249,ae4489dde310d8d7e7ab428f7c5e30cb8bbb98ca,520,-1,-1,0.12079204618930817,0.015350108966231346,299
Qiskit__qiskit-2249,5eaea22b90442d7a32e809b8e88b7e384fc1752d,201,215,-14,0.24012646079063416,-0.04672059416770935,299
Qiskit__qiskit-2249,13cd2b4347008169639ca6b4045c49854a9a75ca,59,236,-177,0.28561246395111084,-0.07820944488048553,299
Qiskit__qiskit-2249,9058b4f1c2ccf3c4681012cd888670b733f2b6ca,443,-1,-1,0.1646467000246048,0.15335509181022644,299
Qiskit__qiskit-2249,4b72a8b8ba4035b591694982869c45c5644fa677,436,-1,-1,0.16602489352226257,0.13197015225887299,299
Qiskit__qiskit-2249,d8fa0b17f0339c907e1068843829011f94c7912b,157,160,-3,0.25132906436920166,0.05365541949868202,299
Qiskit__qiskit-2249,38e5c105f54f00372c0a1094e5c97daf6c1e4f7b,189,211,-22,0.24236425757408142,-0.04256948083639145,299
Qiskit__qiskit-2249,898234c06b42f6d51b3e1dd76e00d2d1c38fcdf5,553,-1,-1,0.07836086302995682,-0.0649326965212822,299
Qiskit__qiskit-2249,8983660e43b39cb2933ca4357768d2a8de2f20b8,238,298,-60,0.22938764095306396,-0.3758964538574219,299
Qiskit__qiskit-2249,b51c29dce91e223dce1ebf5d243a11345405d347,362,-1,-1,0.18953146040439606,0.2166728675365448,299
Qiskit__qiskit-2249,e30ec72601306e77b27d9b415da1d85e5cbb329e,498,-1,-1,0.1366995871067047,0.2576654553413391,299
Qiskit__qiskit-2249,4fd32fa143000fae8a06b2cf3b260957f51670f0,426,-1,-1,0.1689390242099762,-0.1388387680053711,299
Qiskit__qiskit-2249,57ba73dd00211471c69a7812d63452b814073bdf,241,208,33,0.2288152128458023,-0.032580092549324036,299
Qiskit__qiskit-2249,9c97040364f5c5b60a3c3c6e7842487469292822,250,9,241,0.22631388902664185,0.34214603900909424,299
Qiskit__qiskit-2249,689b55cb82b8933dcf0c1b32c28360362332c44c,359,-1,-1,0.1906096339225769,0.18092289566993713,299
Qiskit__qiskit-2249,18aee1daee36173550e175fedacb94a4900a6d80,213,253,-40,0.2357376217842102,-0.10103911906480789,299
Qiskit__qiskit-2249,707451bcf44af6f5bc0ea040a6c120fc1cb91324,398,-1,-1,0.17954502999782562,0.03569980710744858,299
Qiskit__qiskit-2249,e57fd97d97c60f406723d2840d6d4413737193e8,204,120,84,0.23917153477668762,0.11594056338071823,299
Qiskit__qiskit-2249,c85abdab9568ffa50883d2ce05a00c4dc5da3465,383,-1,-1,0.18299579620361328,-0.0021118447184562683,299
Qiskit__qiskit-2249,a25666a29889c7b93cf850d6b62d9d799efcf7ce,277,255,22,0.21690186858177185,-0.10521599650382996,299
Qiskit__qiskit-2249,b75ff45ce5e06820574d87945ecbb36bd8a91ef5,475,-1,-1,0.14967693388462067,0.16682709753513336,299
Qiskit__qiskit-2249,48a8b918fbac2392868cfc39d5cd8d21ea59e66d,223,171,52,0.23280847072601318,0.020051609724760056,299
Qiskit__qiskit-2249,55552126ebbd46087d091f3f2e6248d74fff4d40,379,-1,-1,0.18420785665512085,0.35066699981689453,299
Qiskit__qiskit-2249,ac158049a29eb5dc939bf1356dd65f024d10c3ac,166,139,27,0.24849218130111694,0.08435149490833282,299
Qiskit__qiskit-2249,0f15b49e3417aa47b75dc907f9b1f92aa04df4cf,517,-1,-1,0.1258971095085144,-0.02178880199790001,299
Qiskit__qiskit-2249,8532c58b192faba02023d1e73c8efa6f0fe50208,420,-1,-1,0.17271549999713898,-0.2572787404060364,299
Qiskit__qiskit-2249,901516e3ea339016b35a05d0784d972c41c13c4d,556,-1,-1,0.07592922449111938,-0.07252925634384155,299
Qiskit__qiskit-2249,bc9ff93ecaa6d9ce2b37779456e0b1909a18d6b8,375,-1,-1,0.1849762499332428,0.09034930914640427,299
Qiskit__qiskit-2249,37d0a3480859f4b6a47dda519ee0d4f013f2f679,540,-1,-1,0.10348783433437347,-0.058929361402988434,299
Qiskit__qiskit-2249,0b7b8730bbfa90c258f0d86b422baa369ad90c62,493,-1,-1,0.13821007311344147,0.20408481359481812,299
Qiskit__qiskit-2249,e83a02d58150bc74917c80cde65dac6a815c8c91,4,284,-280,0.5073633790016174,-0.24186170101165771,299
Qiskit__qiskit-2249,0d536e1c7f09752deb4d9bb97dd84805fbaacb2e,290,184,106,0.21300190687179565,0.00236460380256176,299
Qiskit__qiskit-2249,be394900aa50297a2c85a9169e9ddf6860e266f8,546,-1,-1,0.09758248925209045,-0.21704286336898804,299
Qiskit__qiskit-2249,64160c8fd9240ee484a315db3a54a0c61ce03a6d,128,268,-140,0.2586071193218231,-0.15739953517913818,299
Qiskit__qiskit-2249,954cc8dc0803f33cef72a063e3a0bcc98f1015ac,261,286,-25,0.22251982986927032,-0.25564292073249817,299
Qiskit__qiskit-2249,77bbf7add56557fe549498ca97a37be52aafac3e,532,-1,-1,0.1135619580745697,0.3052929639816284,299
Qiskit__qiskit-2249,07a916992822421fb159a78f7ca9385b4538ed18,334,-1,-1,0.19902066886425018,0.13810504972934723,299
Qiskit__qiskit-2249,d616b137721dd37cf5fdb44de919a23c249ca5fb,95,47,48,0.2709543704986572,0.2254869043827057,299
Qiskit__qiskit-2249,549ae1a76df2d393f3e4f950cb30444be0d60ede,341,-1,-1,0.1961284875869751,0.08099865168333054,299
Qiskit__qiskit-2249,a1c9bb593edf65aeb748ec6dcaf9ffdb8f08196a,69,63,6,0.27967527508735657,0.20124268531799316,299
Qiskit__qiskit-2249,05844209f518504f718921691d872d642d87eaf0,242,126,116,0.2288086712360382,0.10422593355178833,299
Qiskit__qiskit-2249,a5d0cfb272396648b8898158c2cb335157085139,251,175,76,0.22622740268707275,0.016675781458616257,299
Qiskit__qiskit-2249,0b3d30bf9b66ade9b4f5e94b8da29630c40fd67b,550,-1,-1,0.09561800956726074,-0.2711049020290375,299
Qiskit__qiskit-2249,2c1992a8cb5a531ec019b72e1ef4f0959e93c83f,54,252,-198,0.2917709946632385,-0.09970501065254211,299
Qiskit__qiskit-2249,c3a9b1163206473b901d027a5afe159750bce883,512,-1,-1,0.12945547699928284,0.21253308653831482,299
Qiskit__qiskit-2249,daa068e5443dfe7d94c768e29d72e191cb7e9a02,83,73,10,0.27507954835891724,0.19031207263469696,299
Qiskit__qiskit-2249,74d6c173de58a3e194074e350ffff6c94b1ea0f7,548,-1,-1,0.09606840461492538,-0.23643025755882263,299
Qiskit__qiskit-2249,ea110d666ce8596771e4fe4cd2bb735136d0cba4,326,-1,-1,0.20046165585517883,0.018560491502285004,299
Qiskit__qiskit-2249,01328e62a9a2829c1fbc8805e758ca1f0af1dfcb,539,-1,-1,0.10433638095855713,0.23987966775894165,299
Qiskit__qiskit-2249,5e948c37fba69f83b2036bb4f80f0fc2658b5553,468,-1,-1,0.15285217761993408,0.028005797415971756,299
Qiskit__qiskit-2249,e7b2c83cf965f7cf298b4d3dd89faf48e64ef146,504,-1,-1,0.1343175172805786,-0.05436490476131439,299
Qiskit__qiskit-2249,fc8598c1ed6c51d3338c385371ea07c75fe902cc,276,159,117,0.21697264909744263,0.055405329912900925,299
Qiskit__qiskit-2249,43977c506993be00b98f761ef97e51a16ece7000,56,114,-58,0.290325790643692,0.1202300563454628,299
Qiskit__qiskit-2249,52f67a199d5059589680545367bb79e6fe722c23,229,145,84,0.2314521223306656,0.07169532775878906,299
Qiskit__qiskit-2249,111cd9ccbadc9239a137d5088529246f2db5da21,168,279,-111,0.24780471622943878,-0.2035629004240036,299
Qiskit__qiskit-2249,9157eafec8750ca5c7919b3e571b19424eb825b7,302,-1,-1,0.20876182615756989,-0.2626315951347351,299
Qiskit__qiskit-2249,31fdd1482b311f9e576df502b3e3694f2441ecf8,205,292,-87,0.23866727948188782,-0.3168926537036896,299
Qiskit__qiskit-2249,e841c347b467911ba8f03598d2b787f498c4aaf9,523,-1,-1,0.11866448819637299,0.2444259524345398,299
Qiskit__qiskit-2249,eea0be50275b80f87d99560a3c5970214c89dbf9,23,119,-96,0.3524436950683594,0.11695904284715652,299
Qiskit__qiskit-2249,01284ea8964204deada91be5bd2ab15fda138587,557,-1,-1,0.07510519027709961,-0.08047942817211151,299
Qiskit__qiskit-2249,48be42c667e3a0eccdecf93276bdb27ee126eed8,266,135,131,0.22080455720424652,0.0902157574892044,299
Qiskit__qiskit-2249,c269c8621d8b25380c0bfead82cee02360a968be,337,-1,-1,0.19767367839813232,-0.00310338893905282,299
Qiskit__qiskit-2249,4b836a6d116de941f40acf79d3dd32d96b7448bd,52,28,24,0.29309046268463135,0.27881157398223877,299
Qiskit__qiskit-2249,5baa86d4b6f09546b8b94052228d65681c521819,268,48,220,0.2205832302570343,0.22127966582775116,299
Qiskit__qiskit-2249,70dce516ad93a936256b7f1401ceeb8811294e0a,494,-1,-1,0.13820074498653412,-0.04590100795030594,299
Qiskit__qiskit-2249,e66c0493eaf0a9c2a23c8e26914fa4860b7e6592,513,-1,-1,0.12782591581344604,-0.07787978649139404,299
Qiskit__qiskit-2249,78589f83955f112c6b6dfac902eb4f0664717c7f,479,-1,-1,0.14699146151542664,0.19448094069957733,299
Qiskit__qiskit-2249,d432fb942cf7d526857196f0fd2d27070ab330ef,484,-1,-1,0.14467328786849976,-0.12694765627384186,299
Qiskit__qiskit-2249,4bd360080e162d6a7e2e688094dc7a0a3d68340a,267,260,7,0.22073614597320557,-0.11676689982414246,299
Qiskit__qiskit-2249,3fd366a835bca26d180f9e4e13b718657cae3f81,400,-1,-1,0.17910146713256836,-0.274514764547348,299
Qiskit__qiskit-2249,69d79948059f4ff53edf64456e267b49b69d0835,429,-1,-1,0.16780200600624084,0.2823820114135742,299
Qiskit__qiskit-2249,f2ee6fdaf19334a61b3541bb37d40a83c6fa91c8,373,-1,-1,0.18540161848068237,0.16993394494056702,299
Qiskit__qiskit-2249,61037c2de9a9a561049b76f0c38fbd3445520336,335,-1,-1,0.19807328283786774,0.14999797940254211,299
Qiskit__qiskit-2249,d68a2f4ae94b4c47d1662606071636f69eb8a1fc,182,156,26,0.24534699320793152,0.061093538999557495,299
Qiskit__qiskit-2249,0e0b1a2d62b1606f3ad66ce8b72d59641144a51d,363,-1,-1,0.18860715627670288,-0.014792247675359249,299
Qiskit__qiskit-2249,ade57aaa853123fbc42c5cdd055a72530458d3c1,195,214,-19,0.24094754457473755,-0.04586271941661835,299
Qiskit__qiskit-2249,f41e920245743bfb45e13725af2b945a82d0698c,22,40,-18,0.35634350776672363,0.25039342045783997,299
Qiskit__qiskit-2249,076b6023d20d5abb19d157fb99a966d9ce516eb0,422,-1,-1,0.17168155312538147,-0.012395087629556656,299
Qiskit__qiskit-2249,1f042b74146278a28f84a270bb6b2881c77a2e30,282,237,45,0.21533417701721191,-0.08470465242862701,299
Qiskit__qiskit-2249,7c6e67f122448374c387cd7a246924ae41130149,496,-1,-1,0.13690185546875,-0.11062830686569214,299
Qiskit__qiskit-2249,58d43f551a8facbd76ad0e722edfd5c71c56530d,542,-1,-1,0.09991547465324402,-0.16033515334129333,299
Qiskit__qiskit-2249,a6bb7c52b3211b5ae56d0add9cb44f68e33efa03,427,-1,-1,0.16836412250995636,-0.3540950119495392,299
Qiskit__qiskit-2249,5aae1ad5565678c18d15ef572935ce73ffcdae8f,198,293,-95,0.24054399132728577,-0.31806421279907227,299
Qiskit__qiskit-2249,f7a10ba135f1776b64fb584d4a237de70a3fa65c,407,-1,-1,0.17777833342552185,0.02105717733502388,299
Qiskit__qiskit-2249,e1c90dd30ca0cdbfe574997426333e1776480735,541,-1,-1,0.10034208744764328,-0.18427851796150208,299
Qiskit__qiskit-2249,294bde26aa728258cdaa8f0faf90a3d5a5bc528e,255,16,239,0.22474756836891174,0.3055933117866516,299
Qiskit__qiskit-2249,300d71bd68fc281cc1a9c067b9804903166015a8,127,173,-46,0.2588968873023987,0.01820775866508484,299
Qiskit__qiskit-2249,896e26d9394a1984d84c3dff55c0b3a0aaa0d242,402,-1,-1,0.1788044571876526,0.19922277331352234,299
Qiskit__qiskit-2249,504d9c3bfc470c9eab5825fcf57396fe07563686,342,-1,-1,0.19579288363456726,0.056110087782144547,299
Qiskit__qiskit-2249,3ef4a07f1863a09f68999fe1240b87aea5ccce89,491,-1,-1,0.13875305652618408,0.14064384996891022,299
Qiskit__qiskit-2249,1f156f3ae92b2cf86431562faf4d65e65ea461df,258,282,-24,0.224522665143013,-0.23715278506278992,299
Qiskit__qiskit-2249,6619d470d67fd7cfdfe5e52d768855e7cd783bbf,40,4,36,0.30643314123153687,0.378498375415802,299
Qiskit__qiskit-2249,4fbed5d29fe291bfd0703bc4c125233294c93004,506,-1,-1,0.1339908391237259,0.05194916948676109,299
Qiskit__qiskit-2249,591b2f58f472f769ff4cf95b3a095ff1c998058f,180,203,-23,0.24593105912208557,-0.024728095158934593,299
Qiskit__qiskit-2249,3e3b888d7528b4f2acbcbabe68feced2d03a1202,5,291,-286,0.5002512335777283,-0.31472083926200867,299
Qiskit__qiskit-2249,6a7f616b202b8a63a4342370669222f608305be3,549,-1,-1,0.09578871726989746,0.1059659868478775,299
Qiskit__qiskit-2249,5229c46a006eb45f02c13c0aa436a8a2f3909d40,454,-1,-1,0.16046090424060822,0.2605752646923065,299
Qiskit__qiskit-2249,40d89a6db4c6b5e1a07eed580e0610caf899484f,401,-1,-1,0.17896419763565063,0.07511740922927856,299
Qiskit__qiskit-2249,16ed15a36510d340c381d88a98e8272c210f11c2,27,29,-2,0.3344460725784302,0.27176451683044434,299
Qiskit__qiskit-2249,4217cc317d5813aabc866698f73afe90f91f05de,364,-1,-1,0.18853157758712769,0.13471394777297974,299
Qiskit__qiskit-2249,572b8c2912e61883fcc11affa46dc9ad45433bb7,410,-1,-1,0.1768963485956192,0.060478031635284424,299
Qiskit__qiskit-2249,c0c27e554c409c928f92bc6018c934c898d83ee4,432,-1,-1,0.1672229766845703,-0.10092028230428696,299
Qiskit__qiskit-2249,3876475ab9cd59daa50c28075ed4408e46d21de1,547,-1,-1,0.09625275433063507,-0.1678677499294281,299
Qiskit__qiskit-2249,1c7f265e24989dbc8475043371f9a4dc6d9b6a90,480,-1,-1,0.14571113884449005,-0.0046301838010549545,299
Qiskit__qiskit-2249,3fdcfff5f72dd146a64e3f578f9800597b054c83,46,65,-19,0.29896706342697144,0.1995478868484497,299
Qiskit__qiskit-2249,d34fc8ab7a2f79aa0212805e08fdb030aee19903,481,-1,-1,0.14542873203754425,0.13625568151474,299
Qiskit__qiskit-2249,16fd1fdd88c4768b27f7d441ec710c703bb703a1,524,-1,-1,0.11784909665584564,0.26153600215911865,299
Qiskit__qiskit-2249,009043bda88200f34a50775db73a3db1895d545d,175,178,-3,0.24632246792316437,0.01221523154526949,299
Qiskit__qiskit-2249,8492cd6280ab107e21cbfe8606d4ebf08a73d535,505,-1,-1,0.1342582106590271,0.17332565784454346,299
Qiskit__qiskit-2249,2ea99c4d559293901b06de3176495462985b4a7d,63,74,-11,0.2815943658351898,0.18701905012130737,299
Qiskit__qiskit-2249,2c04de9b0a7075f75e2ac2e49f3c90e0210a365a,159,206,-47,0.2509191632270813,-0.02668827585875988,299
Qiskit__qiskit-2249,9cc2352ca10acf4fe585c3f39ea16e321af60e9a,558,-1,-1,0.0735505223274231,-0.18659301102161407,299
Qiskit__qiskit-2249,435b302e7811c061a4e72175275d2787b389dcac,295,181,114,0.21025116741657257,0.00754726305603981,299
Qiskit__qiskit-2249,33d0077ae0f8c0d2450c0bce627969046d774af5,26,84,-58,0.3384507894515991,0.16769957542419434,299
Qiskit__qiskit-2249,2ffee49c96f6b0d4e726b20ab221ca6cee9b27eb,510,-1,-1,0.13069617748260498,-0.27020418643951416,299
Qiskit__qiskit-2249,f0cb372b7335c501ff4a236b40cc0bdf0d764a21,531,-1,-1,0.11386844515800476,0.1882706880569458,299
Qiskit__qiskit-2249,368b901146955fb22d3a5c1eb46fa75ce5123dd6,305,-1,-1,0.20815685391426086,-0.37004929780960083,299
Qiskit__qiskit-2249,c57243eb9e3625f89f05d088b0d8bf454e223912,42,239,-197,0.30401623249053955,-0.08557939529418945,299
Qiskit__qiskit-2249,e69afae741859fe05b5f191d930aaa0cc0138694,35,143,-108,0.3192223608493805,0.07391337305307388,299
Qiskit__qiskit-2249,e771c0479e149dd0d12e9b7da3f6d9cdde2dd6b8,260,182,78,0.22268900275230408,0.005594797432422638,299
Qiskit__qiskit-2249,4958d8f0fc222a6d881d98871909e9ddac1e0d17,508,-1,-1,0.13264596462249756,-0.38060876727104187,299
Qiskit__qiskit-2249,490af95ebaf7d205e03c0eb98e8ce933234e319f,206,294,-88,0.2384997010231018,-0.34411805868148804,299
Qiskit__qiskit-2249,54576d39576815db2249d38696bbaaf2bcd1af14,516,-1,-1,0.12637080252170563,0.0300179161131382,299
Qiskit__qiskit-2249,071fb2157fc06fe746e55093d3d3e12237ad80c7,275,299,-24,0.21802887320518494,-0.43792450428009033,299
Qiskit__qiskit-2249,af82e1b4791f9cc4059973451e2feb81207a24e6,236,191,45,0.22995053231716156,-0.009742563590407372,299
Qiskit__qiskit-2249,738edcd04d5c662f9c7979fc796e21d888652a92,360,-1,-1,0.1898830235004425,-0.33345097303390503,299
Qiskit__qiskit-2249,bf2d7faf659f2e506a2b493672659f87a6fd762e,279,212,67,0.21640372276306152,-0.04298095032572746,299
Qiskit__qiskit-2249,256360830d813ec733d7cf4b382f540ff5ce3753,144,287,-143,0.25474271178245544,-0.2838338315486908,299
Qiskit__qiskit-2249,261f03512828649f8ba9cf2bae121532056ccee9,240,221,19,0.22883333265781403,-0.057000868022441864,299
Qiskit__qiskit-2249,37d7861bc0a542fbc6000f81726cc600bcd9e5a5,418,-1,-1,0.17354846000671387,0.041114259511232376,299
Qiskit__qiskit-2249,a002920eb5d7a428fdeaf26b3528bcdc18af468a,371,-1,-1,0.1862083375453949,0.12207414954900742,299
Qiskit__qiskit-2249,74100834fccb857d88ae07a0ce7eeca8818d20bc,239,68,171,0.22891268134117126,0.19657441973686218,299
Qiskit__qiskit-2249,7de312a550a0a7d674c80c3ef8a20bc3c0371dd9,486,-1,-1,0.14347849786281586,0.2928680181503296,299
Qiskit__qiskit-2249,e26bf5384cdfe071da1f68b3e58e5b23500a74fb,423,-1,-1,0.17086738348007202,0.22539234161376953,299
Qiskit__qiskit-2249,238e5278344292ebc62ea19aff765bfc678760a7,414,-1,-1,0.1752300262451172,-0.1781773567199707,299
Qiskit__qiskit-2249,b86265c5d333ec98a3cde86a9ce370312d621d2b,529,-1,-1,0.11429613828659058,-0.026126783341169357,299
Qiskit__qiskit-2249,f04e935cc64170855f76152db6394f563bb1d197,50,76,-26,0.2963947057723999,0.1861623078584671,299
Qiskit__qiskit-2249,9e88ff2fbc10fdbdb2f93954b0a21f08443cbc10,307,-1,-1,0.2072329819202423,0.052759334444999695,299
Qiskit__qiskit-2249,1f78ef06a01fc7cdb8089e8ffe112254825b0e04,338,-1,-1,0.1974228024482727,0.14711953699588776,299
Qiskit__qiskit-2249,6cea432c6693c5999b60245611be8e69975149d5,519,-1,-1,0.12181112170219421,0.22273346781730652,299
Qiskit__qiskit-2249,71f03777c63db4836139c8b726c8205df4db0e19,105,147,-42,0.2662622332572937,0.06788709759712219,299
Qiskit__qiskit-2249,7bd4ea1b57c119f7001fcaf1033fb224615e1abe,227,257,-30,0.231745183467865,-0.1115477979183197,299
Qiskit__qiskit-2249,d4018d1d3d3e34e3d0cf2aefa1474efe77e8206c,314,-1,-1,0.20484647154808044,0.36671942472457886,299
Qiskit__qiskit-2249,6590ad708f57ce4f0f670e2e7c6513fa66b35618,473,-1,-1,0.15034231543540955,-0.1511690765619278,299
Qiskit__qiskit-2249,169810fe35af0a4558b08c36c12862f7599e13af,447,-1,-1,0.16262227296829224,0.05778166651725769,299
Qiskit__qiskit-2249,1c1ef22d1789c69f8da3532a46effb88d5322b46,304,-1,-1,0.20829761028289795,-0.024156613275408745,299
Qiskit__qiskit-2249,61609cb4766f5528b6890f1b77ee5b6ef92203ff,521,-1,-1,0.11985793709754944,0.11204997450113297,299
Qiskit__qiskit-2249,d25ca7d5f14a1f372d7dc45c13ce0b2129d41216,425,-1,-1,0.1703115701675415,0.0021317601203918457,299
Qiskit__qiskit-2249,5f8cd759b57f3caaf18a9f497e83ac75ca22e585,284,295,-11,0.2152079939842224,-0.35567423701286316,299
Qiskit__qiskit-2249,b2fd75547bca946cef3a32e26fa35c32ed8ce521,287,140,147,0.21379803121089935,0.0818101242184639,299
Qiskit__qiskit-2249,d032862fd881e2ba23c7c5586d4e7a731525826d,12,130,-118,0.43220701813697815,0.09943892061710358,299
Qiskit__qiskit-2249,ffe9db359b4809ecf2a7f5540da2246b5e858f91,73,61,12,0.27841252088546753,0.20555931329727173,299
Qiskit__qiskit-2249,efccd9227aabb30d1a525180621dbf89d861b82d,378,-1,-1,0.18436267971992493,0.13573630154132843,299
Qiskit__qiskit-2249,b4d84c20e24776ff5b6ee2e6e24b51ad3e6f808e,386,-1,-1,0.1824805736541748,0.17679643630981445,299
Qiskit__qiskit-2249,24de5ca16a0d0ae90b5256c9c9600c3caa81e6a6,411,-1,-1,0.1768898367881775,0.2427336573600769,299
Qiskit__qiskit-2249,1e7cb70a03cc6d0bab2a4bf7fd87fd2019a522bd,253,138,115,0.2251068651676178,0.08582159876823425,299
Qiskit__qiskit-2249,d7c187a2d745f96dc88547acf349d716887ccf0c,478,-1,-1,0.1474798023700714,-0.18012472987174988,299
Qiskit__qiskit-2249,7b9c91a7f78533798ce273cdc6cd42e1b49f4635,272,269,3,0.2194107323884964,-0.1587713658809662,299
Qiskit__qiskit-2249,bb08f3f8180f20eea8e6cec909bc9c681102f74c,331,-1,-1,0.1994709074497223,0.21634545922279358,299
Qiskit__qiskit-2249,c661b9db2cf9499993e69cb4dc303ab16860c4ca,515,-1,-1,0.12658165395259857,0.047205161303281784,299
Qiskit__qiskit-2249,bf7ae36364a9d84e88eca6743f9cf29a561a1b73,490,-1,-1,0.13976694643497467,-0.009514926001429558,299
Qiskit__qiskit-2249,a2cf50fc5770c798c50099743b2ffb9c9df56b30,377,-1,-1,0.18454164266586304,0.23066593706607819,299
Qiskit__qiskit-2249,8f9919f2895e3c32df158dc536e9c51e6ac1c851,72,103,-31,0.27843740582466125,0.13286882638931274,299
Qiskit__qiskit-2249,db012ca6c679a661f5c6cabb9174d758cec777e1,262,265,-3,0.22245831787586212,-0.13831767439842224,299
Qiskit__qiskit-2249,d1862f6e6112dd06caa8e9d759ca2a1dee91a7ad,533,-1,-1,0.11327344179153442,0.1482836902141571,299
Qiskit__qiskit-2249,10ef4c440aa5779b178ee464e951bec2a9eeee5f,566,-1,-1,0.03642459586262703,-0.1549525260925293,299
Qiskit__qiskit-2249,a030558b2037a2100ca5f6e09abcf8e4013e6c39,29,220,-191,0.330778032541275,-0.05331310257315636,299
Qiskit__qiskit-2249,f0dc26267c55782ae6ffa1b33b62e4749b081b6f,444,-1,-1,0.16342739760875702,0.1973382532596588,299
Qiskit__qiskit-2249,978d52e5ca75ef0ef186a09e9ac9eb82d4b9b3c4,456,-1,-1,0.15921127796173096,-0.054715562611818314,299
Qiskit__qiskit-2249,dabc9496cdf8f37a43b0de5bedd64f2a8f7479d4,48,59,-11,0.29806771874427795,0.21088239550590515,299
Qiskit__qiskit-2249,d6bd502f3699ad11df611f89f2ec900dc012c5a6,294,8,286,0.21093419194221497,0.3567984700202942,299
Qiskit__qiskit-2249,a09da522dcf93200130cda2dbc35b879dcffe110,310,-1,-1,0.20639722049236298,-0.2256842404603958,299
Qiskit__qiskit-2249,e74f144831d1db99840cf560457abdebc317d985,389,-1,-1,0.18183287978172302,0.02392314374446869,299
Qiskit__qiskit-2249,9a8c224eaacc6c99cc778511512c5710b9039e05,113,264,-151,0.26336246728897095,-0.13234394788742065,299
Qiskit__qiskit-2249,3248009e803e4cf411af38086fb78e19e643fa41,325,-1,-1,0.20097652077674866,0.1442815214395523,299
Qiskit__qiskit-2249,62bd2107496392a2d1decff84712cc58e662a687,431,-1,-1,0.16726401448249817,-0.32626473903656006,299
Qiskit__qiskit-2249,51ed9748f50bb49ad7c826309dc713e831e6e669,368,-1,-1,0.1871972382068634,-0.008159762248396873,299
Qiskit__qiskit-2249,4ab73144b4478ee7744424cca15f27716c6db24d,543,-1,-1,0.09974554181098938,-0.08888748288154602,299
Qiskit__qiskit-2249,2ba81c19112b854cd68f745738f7ab32801d5593,285,296,-11,0.2143508940935135,-0.3654187321662903,299
Qiskit__qiskit-2249,7d85e1075f6f7911f4df8f8d78088ce9738ce773,107,266,-159,0.2660936117172241,-0.14155754446983337,299
Qiskit__qiskit-2249,1b742b3f761c6aa23811cd4706db8dbbed1c8fe3,87,11,76,0.2745744585990906,0.33588844537734985,299
Qiskit__qiskit-2249,610a02a1c9833e7190da6e21d9935bd84784adda,274,176,98,0.21856828033924103,0.013192382641136646,299
Qiskit__qiskit-2249,8a9761348754291cfe20dc9c5d83574123782ac0,226,188,38,0.23199841380119324,-0.003728289157152176,299
Qiskit__qiskit-2249,0c10ed57e24005169ab1e3e76e54b516c741a101,388,-1,-1,0.18207937479019165,0.2931976318359375,299
Qiskit__qiskit-2249,780d3501dd27e2668fed57bd8667eab688a8d219,525,-1,-1,0.11646817624568939,-0.2021539807319641,299
Qiskit__qiskit-2249,8fed3569fec7f5f33adb5c9654e1cd3d1f057c36,146,213,-67,0.2546267807483673,-0.043023642152547836,299
Qiskit__qiskit-2249,721f9ee196606e70882dd15078581f05c9b24c98,177,92,85,0.24612995982170105,0.15549251437187195,299
Qiskit__qiskit-2249,b24beb91927ff6c2567e477b9fdf3fec73df8bc9,499,-1,-1,0.13652195036411285,-0.3066079616546631,299
Qiskit__qiskit-2249,6cf92238a27b058b29ac1ee165afdc5fd30b9dc0,464,-1,-1,0.15720689296722412,-0.091868095099926,299
Qiskit__qiskit-2249,66ef1c061df6912741db8486c95217a31d5fae7e,256,80,176,0.22459754347801208,0.17832225561141968,299
Qiskit__qiskit-2249,c0e8a95d02a0399b761239d6f4cafd50d3721f51,321,-1,-1,0.20157238841056824,-0.12078621983528137,299
Qiskit__qiskit-3663,438ffd2ceded2bbefcf1497a48328fc7e9044edf,303,-1,-1,0.3159669041633606,0.5863572359085083,300
Qiskit__qiskit-3663,86686bcadffaf1cd0d51fe6a5b09943bd52a0153,487,-1,-1,0.28354281187057495,0.5970062613487244,300
Qiskit__qiskit-3663,ff4e6c0326cc130d9dfd25eaa45a99e3ee28fd2c,390,-1,-1,0.301072895526886,0.5984045267105103,300
Qiskit__qiskit-2024,852e4a5dd204b29a7d795e0117da3a8a53c59ef7,236,99,137,0.28338831663131714,0.06319008767604828,300
Qiskit__qiskit-2024,585780753094319306e395704fa5a98b16a5765e,152,29,123,0.33868902921676636,0.3635926842689514,300
Qiskit__qiskit-2024,7f34b92d2dea6800ad747dbf74dc7206e0c4e69d,192,6,186,0.31040191650390625,0.5150124430656433,300
Qiskit__qiskit-2024,11e2a8b0d39226b284d2cd9f52cdd5ba526f5e70,2,1,1,0.5626698136329651,0.5643446445465088,300
Qiskit__qiskit-2024,2763daf0471fd771279262060c72a816105df5d5,27,57,-30,0.4480384886264801,0.2014697790145874,300
Qiskit__qiskit-9843,48bd0b0f8b38196da46d23f591e9b48b76d9f135,2122,-1,-1,0.2697793245315552,0.5607571601867676,300
Qiskit__qiskit-4517,f8ac3e2863fae01b0f31ff2d1f30a020403baa5e,204,4,200,0.3218994736671448,0.36277538537979126,300
Qiskit__qiskit-807,0cd2c1aab25417b2525176b539dba49d4c202c68,101,27,74,0.28721103072166443,0.3128662407398224,296
Qiskit__qiskit-807,58f7435b20a8266c043f4e8841d96b35880647ae,155,269,-114,0.26151901483535767,-0.14012211561203003,296
Qiskit__qiskit-807,ad0c0debc02f93f0dc6e892b8be024e03c11ec3a,177,245,-68,0.2510925233364105,-0.06649953126907349,296
Qiskit__qiskit-807,198dc0e0ec827bc37bde106ce7d9636e2940eaf5,194,244,-50,0.2437707930803299,-0.0643785372376442,296
Qiskit__qiskit-807,ee4beb755fec033336dc364f0eb8533bcaa6bee4,388,-1,-1,0.10741826891899109,0.2931642234325409,296
Qiskit__qiskit-807,dff36f84bc43ea21cc43315fa6c8fa410bb5bdef,83,1,82,0.2965603470802307,0.4375121295452118,296
Qiskit__qiskit-807,9944a3220e3d6f0a98ba4e3845af7af6923fb251,222,191,31,0.23136183619499207,0.040608540177345276,296
Qiskit__qiskit-807,b80c32312373c31caa2cb429a384e397ec6ba72a,337,-1,-1,0.1793152242898941,-0.13010984659194946,296
Qiskit__qiskit-807,68c944a43848665f7cfea448cb5f9d1813e7d2e2,211,254,-43,0.23489975929260254,-0.08161246031522751,296
Qiskit__qiskit-807,a8e84197eda0ff6016b6b529d12dfc5b02d71cc3,230,35,195,0.22916468977928162,0.3068660497665405,296
Qiskit__qiskit-807,d3c9414d7498a0dc1587750d2dac5c87e3d6ea4b,289,30,259,0.2077450156211853,0.31058478355407715,296
Qiskit__qiskit-807,8ef276f42b7fd949ec987f7d7532f6a70c594abe,167,50,117,0.25811439752578735,0.2700069844722748,296
Qiskit__qiskit-3978,b5051dfebbd1705cd51dc449366893903058bfd0,243,1,242,0.3483988344669342,0.7191518545150757,300
Qiskit__qiskit-3978,d5fe2465f8b4b96b2423f27497d15b15131b97e0,500,-1,-1,0.293097585439682,0.660064160823822,300
Qiskit__qiskit-3978,eb7b404f8e9040a6ffd435d5b76d88395b145917,210,2,208,0.35575681924819946,0.7056861519813538,300
Qiskit__qiskit-4076,7416a57b942199313e03156dff29add37de96e06,751,-1,-1,0.21140339970588684,0.41441237926483154,300
Qiskit__qiskit-4076,b634812fa406b9a85f8455526e4dbfcb5b92b9e1,1004,-1,-1,0.1445833146572113,0.5215867161750793,300
Qiskit__qiskit-4076,40e54933087cbc5df1ae8503870a0ca32a6975db,717,-1,-1,0.21708381175994873,0.5072824954986572,300
Qiskit__qiskit-4076,65588a76edaa36807a6c17fdbeb5b12b5c30d2fa,98,2,96,0.323658287525177,0.48948144912719727,300
Qiskit__qiskit-4076,cb024771bf08298b8d736ff4c98b7dd070757bca,312,-1,-1,0.28345388174057007,0.48220953345298767,300
Qiskit__qiskit-4076,6dc6b86436779aa308866586ece551e43faaa55a,919,-1,-1,0.17574521899223328,0.5164017677307129,300
Qiskit__qiskit-4076,b5d713315db952154f3a69b9b0266123bb566c4e,454,-1,-1,0.2563711106777191,0.5066667795181274,300
Qiskit__qiskit-4076,595d1f7ce5e803342c8ae677463ec41bc02d9649,915,-1,-1,0.17655250430107117,0.4730699956417084,300
Qiskit__qiskit-4076,d13724efefb0c1c0ce127bb98e7f92f446509c49,603,-1,-1,0.23437541723251343,0.5384839177131653,300
Qiskit__qiskit-4076,9b0bf78c3356f4a4fa5731fa0c147b7ef688ca90,736,-1,-1,0.2148144692182541,0.5078487396240234,300
Qiskit__qiskit-4076,af24ca0e6502a620278db80cfc686ff84e45b200,555,-1,-1,0.24117648601531982,0.4009093642234802,300
Qiskit__qiskit-4076,6a347394a0b1c8925422ce40404f005cada86f93,311,-1,-1,0.28360623121261597,0.4391138553619385,300
Qiskit__qiskit-4076,35c023e0a7ce05a226f20f8739c8c1ffc80d4654,173,1,172,0.30468934774398804,0.5226032137870789,300
Qiskit__qiskit-1366,b54791fe9953d80c9c40fe0d8b0c0138c2a6ad4c,63,12,51,0.30621010065078735,0.21351665258407593,292
Qiskit__qiskit-2811,02d87c037ab2ec5e343bc9f0028672e09d105e67,148,41,107,0.26949748396873474,0.28170347213745117,300
Qiskit__qiskit-908,d0ba1bd611a4eaa170dacb6ac1fbdcbe0a86a4bc,219,1,218,0.2784379720687866,0.6121431589126587,296
Qiskit__qiskit-908,16c0b0f8521a503896b7f9298d6dcb07d679b578,65,2,63,0.36758339405059814,0.5566213130950928,296
Qiskit__qiskit-5623,f50237d389229d283b629c4bbc07aac20767ce1a,195,17,178,0.3608816862106323,0.49851810932159424,300
Qiskit__qiskit-5623,1a375873f1063658aa1ff5f9a85624b295bab76b,634,-1,-1,0.27686917781829834,0.48388466238975525,300
Qiskit__qiskit-5623,93b3cff66d2a93a24f46fea2c5f2c89aece00050,1321,-1,-1,0.2106475532054901,0.3054225444793701,300
Qiskit__qiskit-5623,712ae0ef2236e8a2b382dc860fa0d921f7e1cc84,426,-1,-1,0.3053300976753235,0.4787386953830719,300
Qiskit__qiskit-5623,c4845af0fc519bca9ff9d62073930e006846bfb4,689,-1,-1,0.27122998237609863,0.3409733474254608,300
Qiskit__qiskit-5623,3b3ca44660701561645ded82be5882cbc310d123,1231,-1,-1,0.2222241759300232,0.4468693733215332,300
Qiskit__qiskit-5623,c44b55d6e736013d17e5e7bfca7a86b173690549,1537,-1,-1,0.17465482652187347,0.5183247327804565,300
Qiskit__qiskit-5623,23be85f8aa4b57598f0765cea08e79fcd4a4a783,374,-1,-1,0.31383776664733887,0.4825856387615204,300
Qiskit__qiskit-5623,8757699b73d1197cbbf0fcbdeacfa96329a521ec,503,-1,-1,0.29493552446365356,0.48478853702545166,300
Qiskit__qiskit-5623,e22ed364f7d6b172f4ca253cb9b80974c594b232,424,-1,-1,0.3058711290359497,0.48688024282455444,300
Qiskit__qiskit-5958,43e3bf443652236240bb7a98681e725379a7d7aa,856,-1,-1,0.24041306972503662,0.6519274115562439,300
Qiskit__qiskit-2095,974b53c60733bbddcfe1192aa964e3ae75b0813c,13,207,-194,0.3666112422943115,0.025696486234664917,297
Qiskit__qiskit-2095,a7d979d12095d5ca2844d485392c0d79374cb95e,483,-1,-1,0.14780817925930023,0.32802411913871765,297
Qiskit__qiskit-2095,887056b924f7b0ed08382529c3ed76defa406c72,272,9,263,0.23101696372032166,0.3545958399772644,297
Qiskit__qiskit-4478,ac0d0e36877da47636f0d89958d60eeda775396d,1121,-1,-1,0.12203945964574814,0.45499610900878906,300
Qiskit__qiskit-4478,6b417641387bd0452974508874cb93813e107c77,4,1,3,0.5542055368423462,0.611769437789917,300
Qiskit__qiskit-3319,9c951c7b39315dd138365bc9b714381fbb773164,46,1,45,0.40353238582611084,0.8056437373161316,300
Qiskit__qiskit-3319,3ff244c8c0c0b1265e61249a530b3e42331c5fc4,121,2,119,0.3363853693008423,0.7900137901306152,300
Qiskit__qiskit-1715,099dea9df29e3ccc997cbcae630d4aa03ec84b8f,321,-1,-1,0.12367438524961472,0.5491678714752197,295
Qiskit__qiskit-1715,736b2b889a2a6cc5c8da2972ad07af95c82808f2,201,2,199,0.18006542325019836,0.5166530609130859,295
Qiskit__qiskit-2448,ca699862920319db0a27bac282eea94478c4628b,83,24,59,0.2884126901626587,0.45811235904693604,300
Qiskit__qiskit-873,6aac7fcf2596891fd4484d6d9ac3de0f1639b555,55,3,52,0.23327592015266418,0.6105899810791016,297
Qiskit__qiskit-4840,f648e5d868b08541fa296b5ac6522c7ca13e6f09,970,-1,-1,0.15153618156909943,0.5165003538131714,300
Qiskit__qiskit-762,5d4d97d892e01dd4e0fbb826039c94a18684caec,149,1,148,0.21698996424674988,0.5273955464363098,296
Qiskit__qiskit-9587,c5d144d11ecdfd3176e199926d16b5e64425c293,1050,-1,-1,0.38342681527137756,0.4856415390968323,300
Qiskit__qiskit-9587,5ed960253b627269d001e509fd9c3dcd944e6121,1926,-1,-1,0.27985090017318726,0.598859429359436,300
Qiskit__qiskit-9587,29f32b89f04d7dc934e5e0420f3299bac5d91ce0,1230,-1,-1,0.3547420799732208,0.3263186812400818,300
Qiskit__qiskit-9587,b0369d9561f0fc470900e382d0ed05b3ce483687,336,-1,-1,0.5157238841056824,0.6297708749771118,300
Qiskit__qiskit-9587,4a0359d5a4799ceb99fb218c7b7c1340ce222562,756,-1,-1,0.4412834942340851,0.6176061630249023,300
Qiskit__qiskit-9587,c65aeb256396657cb1e12fd6a543f85b6721c5b3,1287,-1,-1,0.3481614589691162,0.33399108052253723,300
Qiskit__qiskit-303,02a080d8668c7d0fd9757bc9c91e02cd29a50864,59,4,55,0.27813079953193665,0.39569491147994995,262
Qiskit__qiskit-7665,c9a41777bdabb747c89d1960c7a992f934c9a46c,42,1,41,0.43357306718826294,0.685694694519043,300
Qiskit__qiskit-2459,9c4f582853f1cc3fd13dad6bf93de98e42c583f4,69,2,67,0.4054713249206543,0.7321575880050659,300
Qiskit__qiskit-2459,a3a9ac30e0daca6963ca4b506cc2510e10031efd,44,1,43,0.4320611357688904,0.7533168792724609,300
Qiskit__qiskit-6325,60e0fb27ef8304603b10b0f8062d67cfce444f4d,338,-1,-1,0.3710278272628784,0.7381985187530518,300
Qiskit__qiskit-3849,18381ab3bc791a2900804ecd366fc6d42a66b0c4,160,6,154,0.3681345582008362,0.5527539253234863,300
Qiskit__qiskit-3849,02d4b9169fb486f2d96afd1e73376523e802365d,712,-1,-1,0.20616593956947327,0.5732783079147339,300
Qiskit__qiskit-7643,d90b36acf1007b466a124f5770ba238e02bf105f,2405,-1,-1,0.02257007360458374,0.4575468897819519,300
Qiskit__qiskit-10347,2838c898f2dafb14c74c47ee36267b63d7081fe8,2667,-1,-1,0.19381876289844513,0.19395749270915985,300
Qiskit__qiskit-8679,413731e6fe9fae765fa5c9fcc1421c457d155c97,199,1,198,0.48719480633735657,0.48929619789123535,300
Qiskit__qiskit-1962,6e95b03e6d592372cc971f36b7f70b7d0558854e,86,1,85,0.3014323115348816,0.7410237193107605,300
Qiskit__qiskit-2493,8b52124cf029a67e5d4e54e6fd6fa6409a15844d,544,-1,-1,0.10249889642000198,0.6348429918289185,300
Qiskit__qiskit-2493,062b791533abefb26d7671e8754932460856b749,216,8,208,0.27345043420791626,0.6542196273803711,300
Qiskit__qiskit-785,14c5b98f13c1d7ed0ae7309c8d827bb2139b7cef,171,4,167,0.258175253868103,0.3513408899307251,296
Qiskit__qiskit-6546,b3db02b94f03dc9369210d9b2eeffb21a1a03ada,568,-1,-1,0.39768436551094055,0.36138302087783813,300
Qiskit__qiskit-6546,82013a7f3b0469defe1f067cac11e81065d74b53,69,1,68,0.4560585021972656,0.5590366125106812,300
Qiskit__qiskit-5691,e9e5d48a879b2f87408292c83ba46930619c88f2,1530,-1,-1,0.24644681811332703,0.6616411805152893,300
Qiskit__qiskit-5735,4682ce88bfaac5df410d9a85d3afa42c472cd77a,345,-1,-1,0.43493854999542236,0.6555302739143372,300
Qiskit__qiskit-7411,ead37fd98dfcc08c08057b7102a29b512610a85f,1086,-1,-1,0.30519038438796997,0.2325432151556015,300
Qiskit__qiskit-7411,b6c2f2b989dc3d7fc10cb5386335973c8550647a,1289,-1,-1,0.29378843307495117,0.31841984391212463,300
Qiskit__qiskit-7411,7743597c1e3166eccce08b1bf61244887b1cf91f,1341,-1,-1,0.29054760932922363,0.3790842890739441,300
Qiskit__qiskit-7411,b3ac36d2a6d9e7abb6fb95fdd412ef600e47b98d,705,-1,-1,0.32992082834243774,0.05249471589922905,300
Qiskit__qiskit-7411,0c3ed197f2c659e7bbe6f5ceba8442a533468923,761,-1,-1,0.32663360238075256,0.478866308927536,300
Qiskit__qiskit-7411,f926dbdf3d96a18bed4ea4fd6cc9045b772ae49d,1414,-1,-1,0.28543198108673096,0.2556951940059662,300
Qiskit__qiskit-10555,b131e320486ac79489528bf40f540e3e8fe55eb4,923,-1,-1,0.40884727239608765,0.4273589849472046,300
Qiskit__qiskit-6541,25a07d50e85458cfaff60a0081dcd8e8941a68d7,428,-1,-1,0.3344261646270752,0.37382766604423523,300
Qiskit__qiskit-5026,b98b4092205cfe2bb454a2dd0eaf1192ec8b0e9e,154,12,142,0.3654614984989166,0.5133076310157776,300
Qiskit__qiskit-9664,68f093c1125eb65e6fe17ca1caac6168b3202bee,246,20,226,0.43576276302337646,0.5221330523490906,300
Qiskit__qiskit-9792,4d82214a5e03a988021423fd7027b9a8f5a3ceda,18,17,1,0.5583665370941162,0.412313312292099,300
Qiskit__qiskit-3419,7283763f7ff4197ea4c8a076d365140da841640e,68,2,66,0.295693576335907,0.7360447645187378,300
Qiskit__qiskit-2769,9f3028d25042382ebc50cd4faf043503a2a9bdcf,133,1,132,0.30146920680999756,0.6878975629806519,300
Qiskit__qiskit-2533,73d196ad219adcd1c79451a19f64f261376e0074,391,-1,-1,0.18291959166526794,0.3381495773792267,300
Qiskit__qiskit-2533,234ce0816144ad364d8a7d597f6f5719e6d924cb,368,-1,-1,0.18795129656791687,0.5495496392250061,300
Qiskit__qiskit-5479,475644b75bccd167af63264c77877ca9ac12e857,908,-1,-1,0.20739158987998962,0.47590944170951843,300
Qiskit__qiskit-5479,976557c5f72cf75dad814069889e2eaeb86db783,960,-1,-1,0.19871829450130463,0.2894800305366516,300
Qiskit__qiskit-5479,9c44a493da29b1bfa0419bf5fe0a14a73d991a27,1005,-1,-1,0.19182470440864563,0.3493863046169281,300
Qiskit__qiskit-5479,91852c98326593605beabb4f6154808b1af48c21,800,-1,-1,0.22117185592651367,0.32233941555023193,300
Qiskit__qiskit-5479,1ba1435be2baf163940c4a24f87fc7dd6a408e0b,1259,-1,-1,0.15399491786956787,0.4523131251335144,300
Qiskit__qiskit-5479,7b576077c3a6af3d2819febaed2ef50df33e5f70,667,-1,-1,0.2392314225435257,0.2617974281311035,300
Qiskit__qiskit-5479,032fe2e427d6cfd2e677fba4a8ab3ab7db3a0fdc,317,-1,-1,0.32989200949668884,0.21874061226844788,300
Qiskit__qiskit-5479,7c4672061ff8d154014584bcc898e4d914931b79,425,-1,-1,0.2863645851612091,0.2628050148487091,300
Qiskit__qiskit-5479,5fcfb1271974a0adf5867d171c88f822de469e55,1439,-1,-1,0.11924777179956436,0.05722544714808464,300
Qiskit__qiskit-5479,7aa284e350556dac734185e3cf624d86d4c7b161,290,84,206,0.35284024477005005,0.20150497555732727,300
Qiskit__qiskit-5479,8e11a1dd97dd70e4b3b7ca69b2a179e54bfe6ab2,382,-1,-1,0.3053470253944397,0.17293241620063782,300
Qiskit__qiskit-5479,53ffb8b6016a937380fe2a4d43dddde157ac5737,370,-1,-1,0.3087308704853058,0.1579931080341339,300
Qiskit__qiskit-5479,087fa76c7b4e36ea85770b63210b5421b9669193,429,-1,-1,0.28531384468078613,0.3911857604980469,300
Qiskit__qiskit-5479,f8454b07943d3559c0ac65f0ae11fb0fa79ce1ab,416,-1,-1,0.2909899950027466,0.2219073623418808,300
Qiskit__qiskit-5479,e903759c6dfb54a08ef02f2c6ea995582d775ba5,534,-1,-1,0.26048925518989563,0.3479538857936859,300
Qiskit__qiskit-5479,d2b9412b552fff9d45ba28595fb2b66f3d300b44,254,46,208,0.39401113986968994,0.2756355404853821,300
Qiskit__qiskit-5479,2a4788bad91c397ecd1d5ab5e457ef1d75496ab0,391,-1,-1,0.3019503951072693,0.4025968015193939,300
Qiskit__qiskit-5479,03bdfb02ccff9395ff862c0c2c1dccda9c90071b,636,-1,-1,0.24349214136600494,0.48535090684890747,300
Qiskit__qiskit-5479,507cc58f17f2314b48a0379a2eb0b5c6695fa1a2,448,-1,-1,0.28059151768684387,0.30509042739868164,300
Qiskit__qiskit-5479,5e5faa23fd7eb4d0641c733a4fc798cd99a4fe7f,387,-1,-1,0.30332744121551514,0.4324641227722168,300
Qiskit__qiskit-5479,387d242ac486baf960eee06eaf7733efe9d68915,247,171,76,0.40394771099090576,0.06733255088329315,300
Qiskit__qiskit-5479,6cbab9523386f3775adc07c53abec15088b7a299,969,-1,-1,0.19754765927791595,0.34039950370788574,300
Qiskit__qiskit-5479,6983999bba84b01dddc6db45f041c9396ee49a14,842,-1,-1,0.21553759276866913,0.345248818397522,300
Qiskit__qiskit-5479,3e9c2362930b02ce5bf6d3fd4b7e7faed5afef3d,755,-1,-1,0.2265019565820694,-0.00979439727962017,300
Qiskit__qiskit-5479,c83ac056a31171f318c9c94fb75498b4efe83eff,273,2,271,0.36527734994888306,0.4012640714645386,300
Qiskit__qiskit-5479,f87909d441b4d52fad3af934f696379ccec89694,252,37,215,0.3959333896636963,0.2978048622608185,300
Qiskit__qiskit-5479,212abc70e818cdb3db81e81d6e4fd5f88c5259a7,1452,-1,-1,0.11366048455238342,0.40476739406585693,300
Qiskit__qiskit-5479,2bed8317830eff8130a4a962bcbe6521115d395e,792,-1,-1,0.2222670614719391,0.4790676534175873,300
Qiskit__qiskit-5479,0a08d7108ec15fa03f17d98002a798abc41b21d8,326,-1,-1,0.32501208782196045,0.3091118335723877,300
Qiskit__qiskit-5479,c8819de7a62e0dfc40c161de3442cec7daa4cf3a,478,-1,-1,0.2730129063129425,0.07497921586036682,300
Qiskit__qiskit-5479,a5100faac1a9e5b754ca1590e3b2823d9a309e42,1132,-1,-1,0.17294085025787354,0.13014434278011322,300
Qiskit__qiskit-5479,c82c02c2ceac44de56d7bb61b29e953c75834354,986,-1,-1,0.19572877883911133,0.332791268825531,300
Qiskit__qiskit-2112,a5536bbf53693681d775d3b6ff37d792bf29917e,75,2,73,0.2400909960269928,0.6638109683990479,297
Qiskit__qiskit-2112,cb03b09f951d4c7c4c56549a1dc8412c0b5f1bbd,82,14,68,0.236338809132576,0.5677164793014526,297
Qiskit__qiskit-2112,055bb17569f8e59606156c62b629d59d5dff8d92,479,-1,-1,0.0858876034617424,0.44930773973464966,297
Qiskit__qiskit-4797,a8ea37ba8283d51e39b1795bfa02a4e27dfa89fe,57,2,55,0.5169709920883179,0.7382778525352478,300
Qiskit__qiskit-6153,d03af6f596a9d5229f4a729301d8023c7ffb2498,357,-1,-1,0.31280046701431274,0.6690950393676758,300
Qiskit__qiskit-4431,138e3bba5e001cf85b390636c7fe3a4545363a69,955,-1,-1,0.20688900351524353,0.16823920607566833,300
Qiskit__qiskit-4431,c213d67af3ba54b673b9523c26af748c4e183900,1021,-1,-1,0.18345695734024048,0.14373403787612915,300
Qiskit__qiskit-2389,a7e3d42774a38cf4dbb267960c5b63c75e3ec186,42,1,41,0.37636852264404297,0.7563066482543945,300
Qiskit__qiskit-10400,db724cf26a682b0a0d2830702a97b5454636cdc8,2336,-1,-1,0.21048298478126526,0.3124202787876129,300
Qiskit__qiskit-10400,f4095f7484e778c9e6a98b78c8808b3b2018d36e,1086,-1,-1,0.3165131211280823,0.47178584337234497,300
Qiskit__qiskit-10400,aceb1b1c5a2be8713a708b500fb0ea8cac2271ef,848,-1,-1,0.40951448678970337,0.4851311445236206,300
Qiskit__qiskit-10400,c837b3471293fb572d6cc901622f32d4885ccf5f,1065,-1,-1,0.3204968273639679,0.4568972885608673,300
Qiskit__qiskit-430,2f5c7555e01eb7a71f5613218584c972c6d89622,13,191,-178,0.5202942490577698,0.06590781360864639,296
Qiskit__qiskit-1278,a69f04f7204c5b1ee90edd2e22c28c3b65003a3e,311,-1,-1,0.185906782746315,0.4680585265159607,295
Qiskit__qiskit-1542,8e5666a0492c8c2aeaba2435101fdc5625a80936,32,1,31,0.3836885988712311,0.7610684037208557,293
Qiskit__qiskit-8701,1f9d09419a6372db62adf2cefcf1e1ef980f8296,1284,-1,-1,0.2612933814525604,0.514472484588623,300
Qiskit__qiskit-8285,1b5cf676c39a2ecea80aa7a9eab21338bddbe869,1704,-1,-1,0.22357933223247528,0.6462452411651611,300
Qiskit__qiskit-6609,68d575a4ee558348c9530593c9d46c02975cd85a,647,-1,-1,0.25340574979782104,0.3101126551628113,300
Qiskit__qiskit-6609,6105f465615c63ba167e850e74efbe83c544d350,1000,-1,-1,0.2033010721206665,0.3465902805328369,300
Qiskit__qiskit-6040,d29f4648895fc1f32c298801916cb0a1145e790e,413,-1,-1,0.4147261083126068,0.6016766428947449,300
Qiskit__qiskit-6040,499d23fff0eb873502f51f01768a503867dd051d,235,1,234,0.5034797191619873,0.5699713826179504,300
Qiskit__qiskit-6040,547fd1dc203f149a1f4a9d23a155b8366a2561a4,1106,-1,-1,0.2712695598602295,0.31276974081993103,300
Qiskit__qiskit-4287,53e6851e6970092080c135302b967596c92f31bd,501,-1,-1,0.2443922460079193,0.5789999961853027,300
Qiskit__qiskit-4812,28760bbea9c42bb5ee8796a2aff0cfe2b04087b3,380,-1,-1,0.3142625689506531,0.8009929656982422,300
Qiskit__qiskit-4812,e98d48b637dce98460c373ac41ce7545431aa023,289,1,288,0.340802401304245,0.8145273923873901,300
Qiskit__qiskit-3084,3f917c7cba96d4515acd0d01899b4029fd501b1d,267,2,265,0.17245382070541382,0.43325525522232056,300
Qiskit__qiskit-3084,90ad9f30abf8e6418e7805fbbbeb02167f4cb68c,75,47,28,0.24999572336673737,0.3084854483604431,300
Qiskit__qiskit-3084,d5629f90cbcd8ec1fb0a5df760deddf647c6a354,66,11,55,0.2573237419128418,0.38903748989105225,300
Qiskit__qiskit-3084,aaadde0ab231f8485aa2c47990be5656687342e4,587,-1,-1,0.09769144654273987,0.22934556007385254,300
Qiskit__qiskit-3084,1b9e732344e13d48e29f62eaab4813824cc07c0f,246,9,237,0.1763850897550583,0.3975028991699219,300
Qiskit__qiskit-3084,103d60de62733a4f35c2d2f6c9a121a3375b158c,371,-1,-1,0.14745491743087769,0.38676175475120544,300
Qiskit__qiskit-3084,52bc3b80106ae5a42f84a38e6965b3c29d95d7f3,129,31,98,0.21624700725078583,0.3440180718898773,300
Qiskit__qiskit-3084,00e6f8f3ca602aa762ef6182450346b8694e5124,639,-1,-1,0.06803499162197113,0.31381916999816895,300
Qiskit__qiskit-9911,af3360bfae25cd09aa3a4b1ec61085f016288a1a,1352,-1,-1,0.26601141691207886,0.34874701499938965,300
Qiskit__qiskit-2106,781fecd090771c649cb9617a8134a7b87bb33945,259,32,227,0.3040944039821625,0.4798052906990051,299
Qiskit__qiskit-2106,b2d365437cae1281de35ebc74827f419e76e97e3,26,47,-21,0.41683030128479004,0.3628205955028534,299
Qiskit__qiskit-2106,9dba07c681d73af8425af685cbe43aff6936a69b,355,-1,-1,0.26432767510414124,0.3193105161190033,299
Qiskit__qiskit-9828,cffa0b05682a0c37ee4471cd43f9de280feb604f,593,-1,-1,0.3605114817619324,0.4412040710449219,300
Qiskit__qiskit-4932,de916b36d7931825d312207e9fe05bcd67b97209,236,3,233,0.4240802228450775,0.4927632510662079,300
Qiskit__qiskit-1860,77c5e4a2b4d7eb4548b2d142cd7012fce023f3f7,50,1,49,0.2570895552635193,0.6394695043563843,296
Qiskit__qiskit-4224,c74859207e1719db4eaa77fc6841c3bf10a2680d,145,10,135,0.3182271718978882,0.7810946702957153,300
Qiskit__qiskit-4224,c38f8b025a7d0c70d579e172f86c1dcb10e36abc,441,-1,-1,0.2600150406360626,0.83354651927948,300
Qiskit__qiskit-910,0d0e4bc49a134e64c374351036128aa756871560,139,2,137,0.2182070016860962,0.6649649143218994,296
Qiskit__qiskit-3211,d9f022bdabe6578c6a148c0dfd2484945989afe4,147,1,146,0.2515828013420105,0.751878023147583,300
Qiskit__qiskit-6675,c362ec8570355d407f41f2e781a8c7ac38453ccd,861,-1,-1,0.24364742636680603,0.7181501984596252,300
Qiskit__qiskit-6675,9ce40bf7b722de8c7b9b83e172063a6a99d8b11a,492,-1,-1,0.30620893836021423,0.6806257963180542,300
Qiskit__qiskit-6675,62b684524619ea716db39e964d8af9ef11a1f376,469,-1,-1,0.31037425994873047,0.8223847150802612,300
Qiskit__qiskit-4862,b15e25a476ebdd4846fe61f13eac2c41a67e9c02,79,36,43,0.45248982310295105,0.3533934950828552,300
Qiskit__qiskit-7515,b019f3c132463aa451821cc9bbf0e2851fc298cd,1246,-1,-1,0.24500912427902222,0.5493358373641968,299
Qiskit__qiskit-765,507ec2a03186475824a149582f63873424679856,53,4,49,0.27522480487823486,0.5468573570251465,296
Qiskit__qiskit-2342,7a74dbc0c5c9d39de585538b86410bf5603ee60c,126,3,123,0.28166860342025757,0.3784308433532715,300
Qiskit__qiskit-2342,f720d64ceba2868cd71f12c692ec517b850f2ae3,317,-1,-1,0.22372868657112122,0.4303398132324219,300
Qiskit__qiskit-2342,dca2e05cb0e8f529b378c43606a1fa956d69972a,30,1,29,0.34601423144340515,0.4877781867980957,300
Qiskit__qiskit-3418,a51d80c19797094e8f32a99652420d3dd9543c74,606,-1,-1,0.12960755825042725,0.7874482274055481,300
Qiskit__qiskit-3148,b1aabcf68d8eb77c5c420d371486a5bf42abcd3b,683,-1,-1,0.10221759229898453,0.4394966959953308,300
Qiskit__qiskit-3788,b027ad55f3b3b899204e13e9225959f2f6c0f817,829,-1,-1,0.08412834256887436,0.36220666766166687,300
Qiskit__qiskit-3788,dacc920c08ce99983eff65103b2d3b6f229243a6,444,-1,-1,0.245003342628479,0.28547191619873047,300
Qiskit__qiskit-3788,57c034fc0e60a8fbd57fa262e2f6edf5c66eee26,627,-1,-1,0.18131601810455322,0.372206449508667,300
Qiskit__qiskit-3788,96f9c385947aef3a12fc9672b92a84ae828f8647,806,-1,-1,0.10276676714420319,0.3366975486278534,300
Qiskit__qiskit-3788,11140c946e6e026fca84060c14777b0a473c77e4,857,-1,-1,0.029928095638751984,0.40775352716445923,300
Qiskit__qiskit-3788,bf38d4816dcfe4416ef7870cf65f2f41e55659ca,794,-1,-1,0.1076553463935852,0.28965193033218384,300
Qiskit__qiskit-3788,de0e73661cbed44d91af8e30306ad8a5f0e2927e,437,-1,-1,0.2457529604434967,-0.046410586684942245,300
Qiskit__qiskit-3788,5c9bcb5fd78333770ff6c50f6e066243ea99c4c3,702,-1,-1,0.15647566318511963,0.3246523141860962,300
Qiskit__qiskit-3788,0ebe48d98f1b0c2da6b59a298e611b68e1498987,848,-1,-1,0.05671136826276779,0.42435985803604126,300
Qiskit__qiskit-3788,dd0b8c13fec3e86fa04fd6ad36d8d86324290d9f,787,-1,-1,0.1143898069858551,0.2847197353839874,300
Qiskit__qiskit-3788,1b01061427fa733932bd0e13e79dcf3fa4313475,710,-1,-1,0.1523175984621048,0.37360358238220215,300
Qiskit__qiskit-3788,f367155e864bad04d355b47826b12e4f72634fd7,745,-1,-1,0.1411583423614502,0.34427085518836975,300
Qiskit__qiskit-3788,f783c8bcbc20919a2678597f96fb26d9597ebb9f,785,-1,-1,0.11493366956710815,0.43278083205223083,300
Qiskit__qiskit-3788,83668264fa1871f6b4a7ae000d82101d9c3cee32,544,-1,-1,0.21004152297973633,0.3622826337814331,300
Qiskit__qiskit-3788,cf8a8d22d85f9b1bd841be064df24637060bc0a5,826,-1,-1,0.08690772205591202,0.38220059871673584,300
Qiskit__qiskit-3788,154270ca5762d96a5a4d8c9dc74d64088d876e77,838,-1,-1,0.0686151534318924,0.3723103106021881,300
Qiskit__qiskit-2104,44d70af6d31eafb011347f48625de5b34cfff341,307,-1,-1,0.16944345831871033,0.26996541023254395,297
Qiskit__qiskit-2104,5b6b734c342fc279e675cfb87f061eecad1bd533,312,-1,-1,0.16879409551620483,0.2605295479297638,297
Qiskit__qiskit-2104,04d9f340809287487e390a03d892465afa42abc4,142,87,55,0.22081688046455383,0.26628178358078003,297
Qiskit__qiskit-2104,d0a5e7465eab449957c5f498d48eeac1bbefa636,286,171,115,0.17525407671928406,0.14376996457576752,297
Qiskit__qiskit-2104,2f314661293960e229a519f9a79e63a5e3d0dc91,308,-1,-1,0.16929076611995697,0.16428306698799133,297
Qiskit__qiskit-2104,c1b2cf164d6b9be4cde8a8c355c84a10f613d464,288,124,164,0.17437629401683807,0.21435406804084778,297
Qiskit__qiskit-2104,a8e4b73b88d82d8081f3ce1d4754dee8e0e7a8b8,253,110,143,0.1850997805595398,0.23455193638801575,297
Qiskit__qiskit-2104,2a3d131931d15dabf78365cd5578acf558cb9fb8,117,52,65,0.23290947079658508,0.30718040466308594,297
Qiskit__qiskit-2104,9b99b0d970095f18422454da9128f9c19592c666,266,29,237,0.1801832914352417,0.3470548093318939,297
Qiskit__qiskit-2104,e7556a76956a67ef7510493a33f254ea316e4e6f,438,-1,-1,0.12435998022556305,0.23134782910346985,297
Qiskit__qiskit-2104,08a32fa056dc7a0600e5f8e1fb17cdbc95b8e1f6,327,-1,-1,0.1620386689901352,0.2835197448730469,297
Qiskit__qiskit-2104,e785384b784f4d80a6986d7ed06bfd564868e8fd,481,-1,-1,0.1007114052772522,0.29884687066078186,297
Qiskit__qiskit-2104,5099d204e8249cb4d7749e9c62d091b5a2056cd1,320,-1,-1,0.16576045751571655,0.27246716618537903,297
Qiskit__qiskit-2735,f793317fce1e49d835d7423c5509da3b94f83f0c,94,98,-4,0.29460418224334717,0.14640679955482483,300
Qiskit__qiskit-5379,bc6154d77bb73b03c33c134291b0ec2cced7fc59,654,-1,-1,0.3082553744316101,0.6196703314781189,300
Qiskit__qiskit-5284,8298178bb6e8b13fba8c3d6272fac44e93af9887,217,1,216,0.26086556911468506,0.7350702285766602,300
Qiskit__qiskit-9312,60d45f3af5cdb52e135505bfe5360890553bcc5d,1472,-1,-1,0.2667747437953949,0.389081746339798,292
Qiskit__qiskit-2917,2846d78997725a0909331bafac85cb8894886773,393,-1,-1,0.25325971841812134,0.34298646450042725,300
Qiskit__qiskit-2917,661781e82c3533b7a3d2179735340769743bea9e,74,1,73,0.3746294379234314,0.6596446633338928,300
Qiskit__qiskit-5229,86958659b90074d9d0de9d48ad84a719f71e56dd,412,-1,-1,0.37954121828079224,0.5682016015052795,300
