bug_id,gt_blob_sha,faiss_rank,model_rank,n_candidates_ranked,faiss_score,model_score
Qiskit__qiskit-10401,2a079b304fab57b80a4bd49baabd900d0dfaea78,1176,316,3301,0.32705169916152954,0.22353936731815338
Qiskit__qiskit-636,68017e0b9bae0217e3c307dfbf1e55429cab2621,39,4,389,0.2770654261112213,0.42771315574645996
Qiskit__qiskit-636,02acaa22c51010e623b93ff4843498e388bb3e5e,130,17,389,0.18594202399253845,0.3502299189567566
Qiskit__qiskit-9617,476e4857223839bb4111c2843765482f3cae0f86,16,40,3092,0.48665857315063477,0.48648232221603394
Qiskit__qiskit-2781,b7744e6f6e08e6ea4abc66709b741b2799998987,22,6,645,0.42979297041893005,0.5107818841934204
Qiskit__qiskit-2781,9128654cabd8696c4032d2135b2d256281995a0b,66,1,645,0.38638728857040405,0.5915478467941284
Qiskit__qiskit-2781,378053e6f08234908688b29a3f47829bac93a850,13,21,645,0.4431241750717163,0.39571380615234375
Qiskit__qiskit-2781,71bad02824dab94bd630eb00f01c025cb2fcb2b0,49,5,645,0.3986915051937103,0.5270885229110718
Qiskit__qiskit-2781,4e907d522414432a4a714b580b912086a234ac19,6,10,645,0.46213042736053467,0.45781418681144714
Qiskit__qiskit-6562,f7ae267653213a093f937f07490115efa2b935af,485,3,2046,0.3127894997596741,0.5807212591171265
Qiskit__qiskit-3057,9e605f1a67b7bee06b4dcd51b92d2826b9eff130,502,1,686,0.2348039597272873,0.6476634740829468
Qiskit__qiskit-4140,5f3ddad3e8f570adc89b404ab076f32cb15b262a,340,4,1020,0.23246195912361145,0.389922559261322
Qiskit__qiskit-8989,6b48a30090ed637022ca9ac3e218db31ae20e029,84,5,2832,0.42209163308143616,0.6482737064361572
Qiskit__qiskit-688,5e7693161dc87f4d0859ecaeab5a981fbc302689,240,110,399,0.290422260761261,0.12298090755939484
Qiskit__qiskit-688,6fad3fcd0a4f40b337e0100ec28fe8d637d83abd,227,60,399,0.2955028712749481,0.20926181972026825
Qiskit__qiskit-688,b8bbe4ed0b5ec460beae19ee31997da5c442534a,73,21,399,0.3859676718711853,0.3395356833934784
Qiskit__qiskit-688,8ee13e47f8ce8e69e378c9379b60d284070fd34b,360,107,399,0.16589801013469696,0.12583507597446442
Qiskit__qiskit-7140,e4f55ad485bd765106535df4d8751920d1264d0c,410,2,2179,0.38472333550453186,0.5236644744873047
Qiskit__qiskit-4472,39b0cab8647844fdd86d0de04b47ea0d51bfa3ec,973,503,1153,0.1933697611093521,0.12443394213914871
Qiskit__qiskit-3042,c4abde54f2fa4b282bd46d41ce8aaa3cd86f0f83,92,1,698,0.39617955684661865,0.6899380683898926
Qiskit__qiskit-3708,a09950f1cf1f8782d0a71cd639b762a87beb93a2,395,1,871,0.21955004334449768,0.559072732925415
Qiskit__qiskit-9095,075ac339b18249160dc16062b0bcd14f581b745d,1124,3,2874,0.3361154794692993,0.648129940032959
Qiskit__qiskit-5534,0bbf7ca17bef9d2ba4fd8b89dff0444f87ecc719,264,44,1711,0.3591192066669464,0.22116510570049286
Qiskit__qiskit-3873,20282c655cf9de9b9003d161dacf901f6a464b23,244,11,933,0.3794248700141907,0.32611846923828125
Qiskit__qiskit-3873,c0d727b17c3a240674645df91fdc520b4a83147b,276,5,933,0.3677007257938385,0.39107203483581543
Qiskit__qiskit-3873,d82094957a4d78533637ccb563194f840c50dcfd,270,10,933,0.3707854151725769,0.337887167930603
Qiskit__qiskit-3873,23ed6bf5ce6bd758c7ad43e50bad6923083e901d,309,3,933,0.35653409361839294,0.40069758892059326
Qiskit__qiskit-3873,2b11897f72617bbb163aa4e4044be83acea41ed8,564,13,933,0.2974550724029541,0.29338666796684265
Qiskit__qiskit-3873,31e1ed962c44b3d8ef609f3f000a085cae6c255f,236,7,933,0.3814752697944641,0.37414684891700745
Qiskit__qiskit-3873,c86562fcdc7cef1b02fcd9e88f801fed13c07e47,575,9,933,0.2949771583080292,0.3396948277950287
Qiskit__qiskit-3873,fa1b5c405979069ab7c1de5bf68e8422fb7a6583,283,1,933,0.3651868999004364,0.4230155348777771
Qiskit__qiskit-4263,be035a6ebbeefa13b358b5683f20972a263a2b1a,250,18,1070,0.3146159052848816,0.42886629700660706
Qiskit__qiskit-4263,9143cbbb40b09e4cd009fda602dacadf44bf905b,427,4,1070,0.2655046284198761,0.49664631485939026
Qiskit__qiskit-7365,7f7caa8cd2091644bb0ef4e75273370d014c605f,181,10,2284,0.3904537558555603,0.6479782462120056
Qiskit__qiskit-7365,c765e0dc3bdd41311b7a11f4e02bcc0e9ea95a18,95,3,2284,0.4123116731643677,0.6955873370170593
Qiskit__qiskit-760,2ebd25ec522c626c62f9b2a3f06441731be96500,88,3,399,0.36123818159103394,0.3682473301887512
Qiskit__qiskit-10382,3778075e27a2a652aa6910a9c04037bca1f96ff3,901,1,3315,0.38846737146377563,0.6054840683937073
Qiskit__qiskit-4049,8866416541c315b11e088be8b1f9f28be874f143,505,4,1001,0.2871758043766022,0.3669482469558716
Qiskit__qiskit-4049,5c0a788bf533628f7606545d8feb07c25b279e12,787,211,1001,0.23129874467849731,0.0845743864774704
Qiskit__qiskit-4049,64791045075b9451d097a4417d1fbdf7a3b5d92a,680,226,1001,0.258964478969574,0.07583120465278625
Qiskit__qiskit-4049,6540c2f328a9a91c03d3455950f72b22eb021db4,807,193,1001,0.22683335840702057,0.09773461520671844
Qiskit__qiskit-4049,f97d8d8fe3663ac74c555e8ab5d0d0eb4abccfd0,210,33,1001,0.3496958017349243,0.2754586637020111
Qiskit__qiskit-4049,182090b3ebac406d516486b61b06c25bec5df4ce,873,42,1001,0.20371004939079285,0.2483842670917511
Qiskit__qiskit-962,20af8c36a163418e2939c523ece2607950b5d082,232,26,453,0.21158047020435333,0.6687072515487671
Qiskit__qiskit-4095,b7ce4fbf856902db11c21c8ed0e139efabfbb090,186,1,1052,0.39380836486816406,0.6730142831802368
Qiskit__qiskit-3566,b64990785eec3e9c581200de7c8878e7e7a95dbc,176,4,843,0.34098684787750244,0.60282301902771
Qiskit__qiskit-3566,db6453ed4b651400d72d06364fae1992400b8c57,755,3,843,0.18635135889053345,0.6042364239692688
Qiskit__qiskit-4867,56193ca3e11ea8dab5f96f2c324e3255cf6a1d77,850,86,1283,0.2950340211391449,0.22904543578624725
Qiskit__qiskit-877,02abeaacdcf0e1c87334ab56d8bf1d4d71c70e06,49,6,444,0.2884838283061981,0.363961398601532
Qiskit__qiskit-877,8a6926a49840438bd3c9b0b4c6d3026d671c0e53,154,160,444,0.20321163535118103,0.06542310863733292
Qiskit__qiskit-2723,eca1fa7707043ae37edb9275dbd0dbd977ef78fe,97,6,613,0.3921229839324951,0.42927485704421997
Qiskit__qiskit-2723,5e5654b987a1fb2963c7b79129abe290d6ccb8bc,25,3,613,0.4600814878940582,0.4526366591453552
Qiskit__qiskit-5492,038134ae5a670fc97433fb6b800c776376e186bd,302,2,1701,0.31821995973587036,0.36650949716567993
Qiskit__qiskit-10622,3db3aa707fd568b023d0015d57b8fe04b5b1954a,2719,3171,3433,0.1666262149810791,-0.15576544404029846
Qiskit__qiskit-10622,caa5cbc2846c6182a02318e8eb73044d689c25d9,1036,122,3433,0.33204078674316406,0.3638586103916168
Qiskit__qiskit-10622,7da641c2d5fbb4860c76d6604c19e2174014a52b,1486,123,3433,0.26634305715560913,0.3637857735157013
Qiskit__qiskit-10622,53fd7b8389bfd3def11f348e2ff8447feffaf5b1,547,13,3433,0.4882984161376953,0.4494071900844574
Qiskit__qiskit-10622,97cd5b31984130baf29c51862dc09a6f90f0999a,1235,54,3433,0.29538875818252563,0.4091895818710327
Qiskit__qiskit-10622,cf4f66e1e67b911031be98f224a5aed290fe38f1,820,36,3433,0.4262367784976959,0.42402133345603943
Qiskit__qiskit-10622,e7ee6f893318264f5334f189b624b8a79abe275e,2883,317,3433,0.14720124006271362,0.2911531329154968
Qiskit__qiskit-10622,caa6cb6f48f9272ec59b5a360fadbe5abb0da880,2318,60,3433,0.20212535560131073,0.4041672945022583
Qiskit__qiskit-8335,b22fef5d0fc6f0720256de1c8e617d37b51d8908,1614,90,2616,0.2704034745693207,0.4721928834915161
Qiskit__qiskit-8335,c4586f2603fb693f625c984cd39b105a23c087b3,763,153,2616,0.3555167019367218,0.44117259979248047
Qiskit__qiskit-8335,9c5cdfddd4636310e6718f28cd87902c17bb2751,998,37,2616,0.3240167200565338,0.5125941038131714
Qiskit__qiskit-8335,ba66293e3646f2d1284f80d32bcd85843a217e57,1458,336,2616,0.2848179340362549,0.3496539890766144
Qiskit__qiskit-4513,7a1cfb6e7adedefcb13a7798ae967755ee54a22e,417,115,1170,0.23640158772468567,0.341699481010437
Qiskit__qiskit-6463,edc364183882921248efa20a7448128ad23675b7,855,1,2031,0.2398051619529724,0.49506282806396484
Qiskit__qiskit-609,886099544412367b5f6bfee73fa4a0b401b33c13,61,234,380,0.2171432375907898,0.17366904020309448
Qiskit__qiskit-609,55ebff50ed8e2bef1d3f6b05d7f3760864158829,41,71,380,0.25823020935058594,0.30107590556144714
Qiskit__qiskit-609,657d0eeadbbe2dec7eafab4cf45671224bea9c21,84,82,380,0.19688650965690613,0.2938479781150818
Qiskit__qiskit-609,c4e91147e4a676bdb1bc959115187ebf4efdb279,39,41,380,0.25935521721839905,0.32702019810676575
Qiskit__qiskit-609,a0b97f643c40318b01c5ce78672903d579ac0c9d,279,81,380,0.08822544664144516,0.2941076159477234
Qiskit__qiskit-609,97d50823c94153eb92a3ae7fb012b9679323a585,176,12,380,0.14428994059562683,0.3599284887313843
Qiskit__qiskit-435,c403951fc60814e6d17aae5f0a7a4f61b86dd16e,33,74,335,0.39404162764549255,0.4531347155570984
Qiskit__qiskit-435,dcefd6ff9af3788389d1fd6b252e45586fc112ec,39,10,335,0.38822948932647705,0.5229815244674683
Qiskit__qiskit-435,3e3689565a88d9b75ab957de6f3dd7939e688726,236,89,335,0.14048081636428833,0.43881386518478394
Qiskit__qiskit-435,b26806c97f6ed75c73f8ff4082b0c2f47f92f43c,106,25,335,0.2642405927181244,0.5030762553215027
Qiskit__qiskit-435,ddc0a5cbba1d00dfcccae18fdff5f2cf55086736,12,54,335,0.46532225608825684,0.47440606355667114
Qiskit__qiskit-435,98dc55e58957849c0b3ba1b152b33b3269128d12,13,1,335,0.4552735686302185,0.5662740468978882
Qiskit__qiskit-435,aef20dfbfecbaa6b317e46e56de6b58bdd059724,264,157,335,0.10420303046703339,0.3847283124923706
Qiskit__qiskit-435,22c9c0f2cdbb76f89c6b791446ff4eef28b06bae,275,149,335,0.0945395901799202,0.38765525817871094
Qiskit__qiskit-435,6b8992d52252c133d7c6c775ee89f63b4e932b6c,55,246,335,0.3560895025730133,0.3105381727218628
Qiskit__qiskit-435,d63f9954bee6a082fa51b3a5036870ef8e209fd3,249,99,335,0.1250089555978775,0.4272300601005554
Qiskit__qiskit-435,ed8621627c1becf6a930b4b6e72fbc01f7eb3568,224,88,335,0.151773601770401,0.44081437587738037
Qiskit__qiskit-435,07b5ee686043072029d362efbe730a0a7eaafe0c,48,69,335,0.3701476454734802,0.4562003016471863
Qiskit__qiskit-435,3388c6707801f8f88bbf951aa62a693df93bf7e5,271,194,335,0.10066771507263184,0.35970139503479004
Qiskit__qiskit-435,622f595e8c5a38562b5c957fa688306097798660,18,238,335,0.4434596300125122,0.315108984708786
Qiskit__qiskit-435,c51acebdb88a94a28272fbfaeefc50191bab2f3b,163,110,335,0.19493165612220764,0.41729292273521423
Qiskit__qiskit-435,6caf12556cb6861a2e37473fad63cdcc6c83748b,305,255,335,0.06004786491394043,0.29915785789489746
Qiskit__qiskit-435,661e81c1d91b98a6628a67cfa320b4818a85120e,107,29,335,0.26346254348754883,0.4985952377319336
Qiskit__qiskit-435,d38715b392652a153dc9231046342b2d8407556b,76,82,335,0.308668851852417,0.44679927825927734
Qiskit__qiskit-435,1136091513bf8af437a6da6ebfa61b77fee7fd0b,60,70,335,0.34619781374931335,0.45447733998298645
Qiskit__qiskit-435,9dba1f56a7df853d80cd121a3319da52cfb512c8,20,45,335,0.42999374866485596,0.48532533645629883
Qiskit__qiskit-435,2fe10c061dbc46aeaac31161f0f3ab0db1baa386,89,13,335,0.29605230689048767,0.5195704698562622
Qiskit__qiskit-435,4634d812e548df30ec80f1e5212eb75d332dbbca,185,81,335,0.17823083698749542,0.44840794801712036
Qiskit__qiskit-435,60e9d9aea985db3a3f280c87b3229f7ec8736b26,166,20,335,0.1922898292541504,0.5081650018692017
Qiskit__qiskit-435,2d885cfdef3e409bc39826d7adee7841a47f963e,259,4,335,0.11089006811380386,0.5434421896934509
Qiskit__qiskit-435,872361fdea9338aa38559cb8573b2fcf9ba3ca5f,25,50,335,0.4170587658882141,0.4778556525707245
Qiskit__qiskit-435,e55edace6fa484c0e8339a7d43b70188a9a1c789,49,71,335,0.369274377822876,0.4537672996520996
Qiskit__qiskit-435,90b238fd5aa64ed175899ff0f9e948f0d6ee6516,67,282,335,0.32453453540802,0.2544425427913666
Qiskit__qiskit-435,d3da8046825838e40a62a421281f67253740091e,137,28,335,0.2191687673330307,0.49997422099113464
Qiskit__qiskit-435,01b1ebb9fee7dc9dae1deab2f92cd26cf3a55eeb,228,86,335,0.14900067448616028,0.4431934654712677
Qiskit__qiskit-435,89d96f912a1d6c05c97cbce86c7818d887412ea9,74,140,335,0.31540703773498535,0.3943931460380554
Qiskit__qiskit-435,967894387f758d873a82a4dea5458f012acbc99d,186,103,335,0.17768093943595886,0.42361539602279663
Qiskit__qiskit-435,adb3f5d811e54dbb3b9f54f95e59fbc20251112c,59,18,335,0.3471798896789551,0.5097560286521912
Qiskit__qiskit-435,f5281d223543150bfae3a0564bb4ced61563ce93,145,3,335,0.21009641885757446,0.5480875968933105
Qiskit__qiskit-435,1b41b4d622493f3b41fbf69a266fc7d69af63a9d,28,58,335,0.4121007025241852,0.4707620143890381
Qiskit__qiskit-435,6a6ea3bc8ae64254c360d6f6e7d096b7879c809f,246,62,335,0.12896966934204102,0.46802443265914917
Qiskit__qiskit-435,d07488f333a0ad312487b6329a15cfbec13beed1,43,125,335,0.38114553689956665,0.40258514881134033
Qiskit__qiskit-435,78205378eaac067bb36d68ea7727b68da06264eb,94,2,335,0.2861258387565613,0.552396297454834
Qiskit__qiskit-435,46bdba154d5c00e7bb2546a0e9ebf52e0ecfbdcc,111,34,335,0.2578745186328888,0.4958852529525757
Qiskit__qiskit-5014,3494782e618efbf63980720436c1da75fd93f628,651,18,1262,0.16794484853744507,0.29449841380119324
Qiskit__qiskit-5458,5e69fa7da6be7ca267146401715da99c51a6edad,357,1,1530,0.29719507694244385,0.5723661184310913
Qiskit__qiskit-5506,fbf70eaae4f63128e8bd0befea3ab0dc425d826e,15,115,1472,0.6400281190872192,0.2540922462940216
Qiskit__qiskit-7913,1836d511208897774d8e9e2c0f5da0d77fc70b76,1173,1318,2515,0.27454477548599243,0.08706528693437576
Qiskit__qiskit-418,699df09452ac57bcfafdca7c21bb1b00ca4dd878,68,70,309,0.2644649147987366,0.15731975436210632
Qiskit__qiskit-1281,643e7b0d93d6b44be19b31f3132fcbfbf4947e67,167,13,533,0.26535657048225403,0.3282892107963562
Qiskit__qiskit-1281,a3ca4eb457862ba180f7f5278251e12828eea65f,51,3,533,0.3451923429965973,0.4629497826099396
Qiskit__qiskit-1281,e15de5fbf631968e840d2e629ed845d57f6565f7,185,4,533,0.2562863230705261,0.4433853328227997
Qiskit__qiskit-1281,20b5b6cd626cd2f55aba546691bf297148d2e337,276,16,533,0.22565752267837524,0.3208608031272888
Qiskit__qiskit-10411,c6c8db35ea65e953aac906d3bb99c39e52e32479,1352,594,3274,0.2671847343444824,0.18101541697978973
Qiskit__qiskit-6619,b5c479ba69adaf9bdc1c871ea524672d0e7c4436,1081,166,2060,0.23799829185009003,0.29651376605033875
Qiskit__qiskit-6619,a1f03b250043218f706cbf6d0c66bcf09a407b59,426,4,2060,0.3142955005168915,0.5026626586914062
Qiskit__qiskit-6619,da8b12195a7a77d8a9d55b19dd53658bdcfdf1df,172,306,2060,0.3555995523929596,0.23676931858062744
Qiskit__qiskit-6619,29d5e469dcc708014ad5f9a9bb302a20d16ae3ba,908,768,2060,0.2570101022720337,0.10858447104692459
Qiskit__qiskit-3848,b6824ca1c5ac5c3003427b90a488023256d756f9,755,6,1988,0.2515529990196228,0.5936654806137085
Qiskit__qiskit-3848,dbb72108d11b9a556fe34925329de6df266d8022,1056,37,1988,0.2169351577758789,0.48423871397972107
Qiskit__qiskit-7942,9d07af8b90521f3c2cd7c7136c64093e8f6789e5,728,177,2509,0.31684184074401855,0.3592245578765869
Qiskit__qiskit-7942,13a5dca49c397f12fb377a649c8098478f66a2c3,586,17,2509,0.3600045442581177,0.5355154275894165
Qiskit__qiskit-7942,5bdc6e5b8b21af60f4c508093fbcc7df700c9855,1254,334,2509,0.26804929971694946,0.2758411765098572
Qiskit__qiskit-2237,272e4105fdda7e93de30317f3a9d70b31ff781de,141,16,590,0.2076694667339325,0.5567467212677002
Qiskit__qiskit-2237,e5a60c3754034c548765c95d028fcf266a713029,217,55,590,0.18337702751159668,0.40425825119018555
Qiskit__qiskit-2237,5b60d1a08ba9d8a3b049eda59199503a547f42a0,297,11,590,0.16155987977981567,0.5829101800918579
Qiskit__qiskit-2237,c76f5892d997c96d9bc9a4a055978331cb26c49e,373,38,590,0.12776830792427063,0.4479963183403015
Qiskit__qiskit-2237,96a9fbf22f3256593d0b988533dab17495a4f094,256,31,590,0.17118196189403534,0.46828725934028625
Qiskit__qiskit-2237,2937db0059bf6eaf63b2e778651f00f069e8edeb,546,49,590,0.03921172395348549,0.4232150912284851
Qiskit__qiskit-2237,4cff6617a55ef1949a90ade16e00d7b91c4bec76,88,3,590,0.2376793920993805,0.6368892788887024
Qiskit__qiskit-2237,7e488b4e33645e19bbfa02c9088dee84591adaeb,31,33,590,0.30287015438079834,0.467016339302063
Qiskit__qiskit-2931,0324a0f7836179813f02797f2fcd60a62b7737df,610,2,641,0.041473597288131714,0.621394693851471
Qiskit__qiskit-10355,9f573728572c9cb768473ca52342b6ec946879c3,1438,300,3323,0.24993658065795898,0.24454140663146973
Qiskit__qiskit-7299,f95fbf88a7b28033bcffdca3665ecda997b736f0,1320,165,2282,0.19572371244430542,0.272910475730896
Qiskit__qiskit-7299,503f6220d050077fb88c502da323eb71a677d633,558,269,2282,0.29370585083961487,0.23159724473953247
Qiskit__qiskit-7299,17d8783d3f83f60b9bf318f38a65d93d9c2298cc,725,177,2282,0.2643663287162781,0.26636865735054016
Qiskit__qiskit-7299,2c59f103c3d2dcc872e046d76823b368cbe95355,890,47,2282,0.24131152033805847,0.3262948989868164
Qiskit__qiskit-7299,8425182b0c79215984e2d50a6695602645f2dda7,1210,27,2282,0.20537430047988892,0.3367527425289154
Qiskit__qiskit-6738,0de69ec58c22433002c82d449ef770e9d11e00a3,301,4,2029,0.4323258399963379,0.5158956050872803
Qiskit__qiskit-8852,34884c8392e5fa52564bf236ac64575fdd9f0b77,532,52,2838,0.4117901921272278,0.35947123169898987
Qiskit__qiskit-9368,9dd06040148d0826020be575bfacb68890f4d091,2524,2039,2852,0.20032361149787903,-0.009996075183153152
Qiskit__qiskit-9368,71c17754bdad7ecbfb71766261b1ce474ec894fc,1613,1576,2852,0.3070186376571655,0.04172823205590248
Qiskit__qiskit-9368,f74d8ca8515395bea9a314b68d7dd67db2c44c68,2717,1881,2852,0.157200425863266,0.009350771084427834
Qiskit__qiskit-9368,c40ae57bb14853d0aced1b01800c14cee2b34814,1895,1372,2852,0.2853569984436035,0.0671735405921936
Qiskit__qiskit-4054,305afec2023182dd96b53c114b2a5f03318c196d,739,30,1000,0.23057805001735687,0.3883059620857239
Qiskit__qiskit-5596,624f0c57abde429b194421e9d3e95c38d13506cd,819,291,1745,0.21489354968070984,0.2551272511482239
Qiskit__qiskit-5596,d25a9301c1a194487b4e6f1062df192258babaca,1234,928,1745,0.1554490178823471,0.12160487473011017
Qiskit__qiskit-5596,572f4db6f7ca992c3bdf6ac57db6db2b630e86fa,530,1162,1745,0.2679477632045746,0.07153332233428955
Qiskit__qiskit-5596,f01fced1f4b66b71956acecdf92c26c9d500adaf,595,501,1745,0.2523424029350281,0.21284472942352295
Qiskit__qiskit-5596,0ee2bec017bfe8e30583473f8b630ad493a36a3b,1586,563,1745,0.09812143445014954,0.20087265968322754
Qiskit__qiskit-5596,7616ddd5d35df3bf9fba754bc41410d40c2f15d9,1095,477,1745,0.17325043678283691,0.21697768568992615
Qiskit__qiskit-5596,365e796862ef4f38f47eb7dd7599e7d3edd719f5,327,60,1745,0.33394482731819153,0.3160216212272644
Qiskit__qiskit-5596,a34ff364f04f12db7997e597e52b19f3ada9c48f,934,28,1745,0.1965082585811615,0.3419484794139862
Qiskit__qiskit-5596,8afba77cf1ec77d40f7e4299a783067d8f64ff43,550,1227,1745,0.2611273527145386,0.053047724068164825
Qiskit__qiskit-5596,d7295aff3fd8db33df2f03ab6ce470ad5a00fb93,1099,946,1745,0.1726847141981125,0.11795692890882492
Qiskit__qiskit-5596,7b82ca07cd308306f5b886366e774addb2c479ae,320,153,1745,0.33739084005355835,0.2870817482471466
Qiskit__qiskit-5596,b59074bbb966b2abb8c0f81731d771fc088c9ad9,714,821,1745,0.2311723679304123,0.14486606419086456
Qiskit__qiskit-5596,7e6dc959ce273175038a13b9337b597a1937afc0,830,906,1745,0.21369639039039612,0.1274484097957611
Qiskit__qiskit-5596,a61bfdee099cbf82186b90a901c77ade2cae7707,491,373,1745,0.27810314297676086,0.23499950766563416
Qiskit__qiskit-5596,8ea43685a462cef391d135bf2cd7706d2326840c,335,48,1745,0.33143776655197144,0.32340312004089355
Qiskit__qiskit-5596,ccd636c57f951ccf4e7348d46bc4c4df1a012942,1066,1157,1745,0.17736300826072693,0.0723825991153717
Qiskit__qiskit-5596,41dd90dd7b50736f8bd92953a4f54158d7b8d9be,648,978,1745,0.24068622291088104,0.11377982050180435
Qiskit__qiskit-5596,6f2e03699ef19f1a97503e79bce5b5663bc95d1f,481,10,1745,0.2789522409439087,0.3576352000236511
Qiskit__qiskit-5596,99f1f738c7086bad390128cd5c0156538580ba30,298,196,1745,0.35315555334091187,0.27984529733657837
Qiskit__qiskit-5672,5fa51c6727091bf85a2e6593d19767d0779c5c65,1629,145,1820,0.14393405616283417,0.31119221448898315
Qiskit__qiskit-5672,0a8efe7b3bc6e481dc67fbc2759ccec6f6424c78,443,183,1820,0.35679322481155396,0.28706449270248413
Qiskit__qiskit-2672,3eb928d4117c9d85cbadf85d494b2754bd4aa37c,321,52,610,0.3102806806564331,0.37324926257133484
Qiskit__qiskit-2672,d822a6d5b0a70f803ab073bcedda81d2f629f98a,358,179,610,0.2946910858154297,0.09034370630979538
Qiskit__qiskit-2672,60f2eb5e0b8ae6e836b8e2c47289bdb9f8a7095e,52,23,610,0.45942580699920654,0.5053905844688416
Qiskit__qiskit-2672,7653a9048f53aec15d76db72b036037ca34d2947,123,19,610,0.4071294963359833,0.5128431916236877
Qiskit__qiskit-2672,ecfb03901ed58d38989fa568552ed2161e35a787,155,33,610,0.39288389682769775,0.4584681987762451
Qiskit__qiskit-2672,14bfaad1bcfe5cffa1d327132024bf1820563bd8,550,38,610,0.21749767661094666,0.4335062503814697
Qiskit__qiskit-2672,77256c752dbe3e9ad86477da0bb214c46062f9fe,446,47,610,0.26447904109954834,0.3855764865875244
Qiskit__qiskit-2672,54c47743b26a5db2752870bf40866e346c9dec9a,168,49,610,0.38825494050979614,0.37975555658340454
Qiskit__qiskit-2672,38776c3e628fb4fa238fe4f7201f3af52af17c74,31,8,610,0.4866521656513214,0.5791104435920715
Qiskit__qiskit-2672,d4f2792bd15c5be5b1291898d7bac182868e42c1,132,46,610,0.4029727876186371,0.3883197605609894
Qiskit__qiskit-2672,fbd0fa66f5e60181d3d59a315577c6bdec117750,184,24,610,0.38306987285614014,0.4997481107711792
Qiskit__qiskit-2672,ce91fbf78664c81c3016aa92c99d6d3310ab363b,226,30,610,0.35254979133605957,0.4785645008087158
Qiskit__qiskit-713,ae4a769b2d8b2711bd2354dbdd44bae58986f314,36,100,445,0.34946101903915405,0.19469521939754486
Qiskit__qiskit-713,4533a2abee904dae1df37ce769f170f78df19a8a,139,111,445,0.2716974914073944,0.18810540437698364
Qiskit__qiskit-713,1cef82eb0a70fb8e07ce510e69b9f69f237061f0,89,355,445,0.2943764925003052,0.06824027001857758
Qiskit__qiskit-713,a2c9eed7ac18643d89d1d10d24b1db06091a1a74,97,146,445,0.2903139591217041,0.17293351888656616
Qiskit__qiskit-10545,c56cd820262c9d835168d07d7ae4ea98924aa7eb,2846,274,3354,0.15757769346237183,0.24551038444042206
Qiskit__qiskit-10545,62880e3eeec997e6edd6f247c19c58e2e6d2db42,1518,223,3354,0.2593371272087097,0.26071763038635254
Qiskit__qiskit-10545,81ca9af75eee95f0957803da421b25244f739b7f,2994,33,3354,0.13658933341503143,0.3358496427536011
Qiskit__qiskit-10545,b0790f1026f297c9dfb38ec7c45e0b6265244d9e,1286,673,3354,0.29013121128082275,0.1861019730567932
Qiskit__qiskit-10545,c80aa0296778e3c27ffc285122a1521c4dca7a67,2857,1092,3354,0.1554017812013626,0.13996031880378723
Qiskit__qiskit-10545,8a44950d43677f9310b12a098d145374dc17befe,2559,469,3354,0.18314912915229797,0.21148589253425598
Qiskit__qiskit-4787,5768ad7b3cc0a2b203f0431110adf134ec130a81,523,1,1422,0.26913246512413025,0.4302898943424225
Qiskit__qiskit-2061,6c4c76b61d078747e950a4c53c3617b7b2205113,44,3,505,0.4338501989841461,0.6092000007629395
Qiskit__qiskit-3174,50c280ff3c103538e56dd504e1601dc8bf46de75,39,3,752,0.44105756282806396,0.5251995325088501
Qiskit__qiskit-9597,dec2b0aec9f45d1ad65bfceda3d42d09d57a9043,1021,37,3089,0.29397469758987427,0.3904619514942169
Qiskit__qiskit-9597,77381747d86d5a5252a2521697b6c38ce004c33e,945,10,3089,0.30632907152175903,0.4347313642501831
Qiskit__qiskit-9597,78b8598f60553abefbc6f47a73c223f1048b5654,779,74,3089,0.36503875255584717,0.35775136947631836
Qiskit__qiskit-5192,78d3395c219ba69b346203102df4dd9378fa059e,642,52,1502,0.30707627534866333,0.6432252526283264
Qiskit__qiskit-5192,3039e08490e4050cb237ed9b1b7da80b8dfe0290,221,197,1502,0.38491883873939514,0.37897318601608276
Qiskit__qiskit-5192,4522109037772e03801c29c1c7a81a023bb6374f,855,209,1502,0.2812287211418152,0.3601211905479431
Qiskit__qiskit-5192,57c358b2837429041ab3d0b62355b7b945ef1197,720,89,1502,0.29499274492263794,0.5691992044448853
Qiskit__qiskit-2167,d866f9ce3fec60b903770c57e2562114712af431,406,2,584,0.207352876663208,0.5867319107055664
Qiskit__qiskit-2167,9833931b4db6e756eafd3955d418c2b88941a26d,87,22,584,0.3246266543865204,0.485689640045166
Qiskit__qiskit-2167,5600e5662f5b76f68670201f24a4c8dfd0cb820d,510,7,584,0.15470315515995026,0.5586109757423401
Qiskit__qiskit-2167,dbadfe5047dbc540531d6b8aad10afd47ef517e0,447,45,584,0.19181029498577118,0.3438251316547394
Qiskit__qiskit-2167,798fa44ae78e2518fb12fa162350b329383bfae8,504,29,584,0.1632290780544281,0.42839086055755615
Qiskit__qiskit-2167,a68b7726b33e7b57dc30e52f2fc8955b120dc1fc,462,33,584,0.18642309308052063,0.4096609055995941
Qiskit__qiskit-2167,b8f9cf904eaa703e74c5303461e3620550350a83,487,9,584,0.17313025891780853,0.5483318567276001
Qiskit__qiskit-2167,66178a02db0459497b0d87e4ee3ce0144c9ad23c,39,64,584,0.3520479202270508,0.28914886713027954
Qiskit__qiskit-2167,5aa890b716ab1ab92027413b80e55fd557e60a52,135,26,584,0.30914953351020813,0.4558664560317993
Qiskit__qiskit-2167,44a29e781cf5e83907efb5ed4ad09c9904780d50,280,12,584,0.2547260522842407,0.5256803631782532
Qiskit__qiskit-2167,8b4aa52fc84492f4d5641ef49111b8a667e4c6f1,67,1,584,0.33369094133377075,0.608283519744873
Qiskit__qiskit-2167,4d8656bc8e98f6ab5522176f50a4d8c6e5051606,104,18,584,0.32077980041503906,0.505783200263977
Qiskit__qiskit-2167,d5f34b5527da62ada83ae87ffa330d79507e74db,357,20,584,0.22487512230873108,0.49201712012290955
Qiskit__qiskit-2167,4b16c97bee3d13e24f611de25c54f8e3de30f0ac,103,6,584,0.32092195749282837,0.563750147819519
Qiskit__qiskit-2167,c62a93969297f406436ae047087dc3bbb02a45f4,56,4,584,0.336744487285614,0.5690229535102844
Qiskit__qiskit-2167,c23aff0239e47466cebf8f6cb9ad33c02723787d,237,8,584,0.2674022316932678,0.5517840385437012
Qiskit__qiskit-2167,4cf7f7652d5bd710dcf6c90e91389a530264f776,204,36,584,0.27818480134010315,0.3862795829772949
Qiskit__qiskit-2167,ea2ecc4741906cd60494136d8157956c7d0f29bb,52,10,584,0.34029421210289,0.5430744886398315
Qiskit__qiskit-2325,1d5774dfa4c2c0b78080b5a8732b9ccd2c8132bd,152,314,577,0.23830264806747437,0.12993057072162628
Qiskit__qiskit-2325,bbecd0c86304b4eb37ee59cd39d3dc9680cad114,376,64,577,0.1553502082824707,0.3671620786190033
Qiskit__qiskit-2325,7b6c07a7a87382f5a60b707ef52c84a0caa5b141,388,219,577,0.14937251806259155,0.2181457281112671
Qiskit__qiskit-2325,fb77906ac2ace5d305b2b1d938b561eccfd8d50c,25,305,577,0.32674887776374817,0.1436961591243744
Qiskit__qiskit-5676,52b10f14cb8337c8f0c87b816b8f8d61286284d8,533,1,1741,0.2573997378349304,0.5911040306091309
Qiskit__qiskit-1080,1bb753eaab31f98d1561fa5bc6c7d855f847f106,82,1,462,0.3095873296260834,0.6462159156799316
Qiskit__qiskit-5597,0a640d8e194a7fca677a326fc44e2d49fdab9b2e,1296,4,1736,0.21740499138832092,0.42976832389831543
Qiskit__qiskit-5597,87c3d24ca448d7910096eef303246b67431b06e7,843,156,1736,0.2695308327674866,0.262620210647583
Qiskit__qiskit-5597,ce9e82090bbc4b62190988bc7fb572119fcbdd59,1371,149,1736,0.2086120843887329,0.2659856081008911
Qiskit__qiskit-1718,6fbb170a3ceaa532c11bafb00f893e032d2d4b95,185,1,454,0.18208569288253784,0.6650018692016602
Qiskit__qiskit-3051,f4ab91221df20a1fd0a68212f28414453073d621,203,1,686,0.2733796536922455,0.5870235562324524
Qiskit__qiskit-3051,08a74c2a8317282af13ec258417038bae56cf804,118,11,686,0.326987624168396,0.43695199489593506
Qiskit__qiskit-3051,a4d30efc6e1038cc25cf5d3e490332091b7969a3,322,10,686,0.2127343714237213,0.44950994849205017
Qiskit__qiskit-3051,a9e6a47d49fed813dd17043205853cf700f9298b,117,5,686,0.3276851177215576,0.478407084941864
Qiskit__qiskit-3051,64b97e81b80336a45d632fd5e39cbf48036813f5,547,36,686,0.13723191618919373,0.3029756546020508
Qiskit__qiskit-3051,9edc9ede5db2c7cb282d746f6c6b4acc6393dbc5,131,17,686,0.3185081481933594,0.3897514343261719
Qiskit__qiskit-2725,0aff931130b2fcb6b3684c168b8977a553c79a4e,118,161,617,0.2922259569168091,0.2022174596786499
Qiskit__qiskit-2725,5d93fef6e1ee9576fe727b2b5a32dbd618a52619,11,79,617,0.4089597761631012,0.2754519283771515
Qiskit__qiskit-1053,879fb8444bd814437f9741d4cd335ca22e69ebd3,30,7,450,0.35683104395866394,0.5525063276290894
Qiskit__qiskit-9941,69bc9707d318d37dbbe6f71c39c4e5dbc5dcb5ab,1431,47,3146,0.30702975392341614,0.5954040884971619
Qiskit__qiskit-9941,a340aee45d8d13e1f9b38762d468788e476ff090,52,4,3146,0.4394684433937073,0.6987338066101074
Qiskit__qiskit-7933,a54df2d448ced90e837910c6f12251214a7000a2,122,2,2498,0.43954479694366455,0.5810662508010864
Qiskit__qiskit-7711,6f6e2fbefc6ed855dbbddc935a8d55aba869b33b,1573,64,2463,0.20834241807460785,0.35548990964889526
Qiskit__qiskit-808,19db41cf3b4132059c22f61ac37a2132960e2bc7,147,1,440,0.30413275957107544,0.44354331493377686
Qiskit__qiskit-10383,3778075e27a2a652aa6910a9c04037bca1f96ff3,1054,42,3315,0.3319963216781616,0.34633052349090576
Qiskit__qiskit-8370,93139df849d3b37fefa7dd34486226771872ec24,1060,88,2610,0.3545990586280823,0.4275190234184265
Qiskit__qiskit-8370,67015fa055743bf375d61428e4d9e5c784726d2b,1887,194,2610,0.2625036835670471,0.35514959692955017
Qiskit__qiskit-8370,c78414223a937c6522ff658721f39284fd14638f,991,101,2610,0.36369213461875916,0.41190922260284424
Qiskit__qiskit-8370,b433aeff43f55414a6ecd0d34da44970dfbdbf8e,1544,5,2610,0.30424433946609497,0.5439658761024475
Qiskit__qiskit-8370,a5e8d5ce7348c7a3c79d036d64004eb9e5e0e200,1461,14,2610,0.31364068388938904,0.5234735012054443
Qiskit__qiskit-8370,55014ce37a9d820b525430a492f138204a34012a,819,6,2610,0.3865673542022705,0.5423766374588013
Qiskit__qiskit-8370,a20708211a5e8c282d909bfaa0111e03750d244a,348,99,2610,0.45821061730384827,0.4131152629852295
Qiskit__qiskit-8370,cacb7174a388c5d9f7b612346822897d4792a5b2,946,51,2610,0.36947643756866455,0.45922547578811646
Qiskit__qiskit-8370,491f173984bfd466e79a9f7eb32fe0aaa5c8335c,772,24,2610,0.39277535676956177,0.510432243347168
Qiskit__qiskit-8370,893f05d35299b1297618ec198ffb242427aa900c,1022,29,2610,0.3589000701904297,0.496914803981781
Qiskit__qiskit-8370,c367f6b902c3bc0f7e03532f60475ef3281d0757,417,216,2610,0.44032418727874756,0.3451860547065735
Qiskit__qiskit-8370,a1006d7dc7816a5b42369cc7dc407a5229d1be36,561,26,2610,0.41788578033447266,0.5028350949287415
Qiskit__qiskit-8370,217b1d0b6fa4e25c6426ac8ef98512304096e6c3,927,149,2610,0.37171268463134766,0.375802606344223
Qiskit__qiskit-8370,f45f30606d41a6f35b21a77181cb3e3ab83404e7,1079,57,2610,0.353170245885849,0.4516887068748474
Qiskit__qiskit-8370,956887351a56a7b3b83f9a4c37f2af337894ab6c,1067,205,2610,0.3542477488517761,0.34898221492767334
Qiskit__qiskit-8370,5c27b15e8faf445b1c698bddd60d5b9ef5e0915b,1170,16,2610,0.34243834018707275,0.5212310552597046
Qiskit__qiskit-8370,c10b3206959572d739489f8455f24c8519299f3f,2100,872,2610,0.23104114830493927,0.16448937356472015
Qiskit__qiskit-8370,a2804cb1ca27365c69fefadcac002f3d42ca0bd3,857,157,2610,0.3814258277416229,0.3719371557235718
Qiskit__qiskit-8370,7897e6ebb99818d3f4b25cc51fd362968baa1b02,824,192,2610,0.3861211836338043,0.35669058561325073
Qiskit__qiskit-8370,c3d050bee5e2f2e4822bae3af967f0bbb68f5b76,151,10,2610,0.5148488879203796,0.5296081304550171
Qiskit__qiskit-8370,1299b7381266c3a6fdef5f72a8be0e949e1cae0b,1455,87,2610,0.3137878179550171,0.42783164978027344
Qiskit__qiskit-8370,4729f3b5b3405047129e7c5e0e483adcfdfa70ec,461,345,2610,0.4304826855659485,0.30204999446868896
Qiskit__qiskit-8370,db2710a37cbde296db895f12fafb9bd851590af3,591,23,2610,0.41473039984703064,0.5112190246582031
Qiskit__qiskit-8370,35cf34742bd8ef4930e5f1b5428f0d490984a6c6,1075,381,2610,0.35379570722579956,0.2911744713783264
Qiskit__qiskit-8370,e2501ca79c79179bd1a7765e860a1184c9e3e3a7,922,433,2610,0.3725375533103943,0.2781498432159424
Qiskit__qiskit-2869,7b88489219d1e99e7ab7d54ba64e58d0323e8c80,460,17,661,0.12879329919815063,0.6221935749053955
Qiskit__qiskit-2869,5e7d41c869f8b9f2efaecb546f5161ee2beea5ec,569,10,661,0.08976852893829346,0.635109007358551
Qiskit__qiskit-2869,df96833d6c43aeeebd391bc5d116d12a413e1c8e,453,160,661,0.1296459138393402,0.3465927839279175
Qiskit__qiskit-4945,f707c6739dae4cd8d9569f54bb93dba89cc51996,448,139,1261,0.2786535322666168,0.2749602198600769
Qiskit__qiskit-4945,83b1127d911afc944a1d799e87675f8e9db476f0,394,651,1261,0.2904636263847351,0.060562871396541595
Qiskit__qiskit-4945,1ae5525db0e42365558c7a79e23f9d193f0ef5c5,1141,511,1261,0.12648600339889526,0.12493698298931122
Qiskit__qiskit-4945,1c3883c65757465dd1c2b7b637a3ff8ef969badf,418,277,1261,0.28538787364959717,0.21887867152690887
Qiskit__qiskit-4945,b76db3e27fb4635f52dc965e55360b8351a3c7c4,605,192,1261,0.24662598967552185,0.2460075467824936
Qiskit__qiskit-4945,f1f26b3457067b4298f4e82ec0d11d3407a067f3,1055,677,1261,0.16055861115455627,0.04892980679869652
Qiskit__qiskit-4945,e1953ef8ef39f2b7e7d483c54cea4fa27522a4f7,1068,564,1261,0.15755891799926758,0.09705715626478195
Qiskit__qiskit-4945,666d8838b9d7f657fbd32aae768a676c3ae38241,279,77,1261,0.33077624440193176,0.3151792883872986
Qiskit__qiskit-4945,c1596000555cb6daa895c20be817c32bdcba1a4c,839,169,1261,0.20217041671276093,0.262540340423584
Qiskit__qiskit-4945,ac3abb5d6f26980f339d6a4dc83346588c034200,609,562,1261,0.2464258074760437,0.0974879264831543
Qiskit__qiskit-4945,3e4d1c7771d08f4473b6ea8a435fe362619c1d08,237,407,1261,0.36056315898895264,0.17601174116134644
Qiskit__qiskit-4945,3f162061e7d88310c7af5db661452c7c6147d9cf,441,569,1261,0.2809603810310364,0.09544919431209564
Qiskit__qiskit-4945,0918bfeaecdad56e6375a7c4670c83404ae6e34b,1129,231,1261,0.13137277960777283,0.22916266322135925
Qiskit__qiskit-4945,33c1c7dec0f6eef73bfa60383db10c6ca05b3bf5,1000,39,1261,0.17611047625541687,0.34989815950393677
Qiskit__qiskit-4945,4d4b86d547b332e10f7c9bea98730c048d061799,685,301,1261,0.2310815453529358,0.21313351392745972
Qiskit__qiskit-4945,9bbb007276ddc5711c25e0cff06e66638e8ddeae,277,316,1261,0.3312126100063324,0.20936128497123718
Qiskit__qiskit-4945,1f901a88e40e18b9199cf89fe5a74e8a076b0744,504,389,1261,0.26621517539024353,0.18528765439987183
Qiskit__qiskit-4945,05e8a3f7a929813dbb090b4503b073f92a3171da,228,263,1261,0.37155818939208984,0.22181662917137146
Qiskit__qiskit-4945,84fe4f8a5c668431a950ca903d452e4bc5bf988f,1044,337,1261,0.16407066583633423,0.20173022150993347
Qiskit__qiskit-4945,8f0c6283d2c9e879383eaf31593efcee75b6eaaf,385,528,1261,0.29511889815330505,0.1129106730222702
Qiskit__qiskit-4945,a1a45767941b290ac016454f1d7c5e930d368f7a,212,1,1261,0.39475899934768677,0.5424060225486755
Qiskit__qiskit-4945,55213072987fa961d2e209c3800732077617afbb,442,236,1261,0.28054937720298767,0.22777631878852844
Qiskit__qiskit-4945,3bf6364b525c280fbe82ceed0a72a970e39fff43,241,382,1261,0.3571338653564453,0.1864791214466095
Qiskit__qiskit-4945,6ceeba9d8eb2663e99ab228da060057b95f9f6eb,222,111,1261,0.3787665367126465,0.29292821884155273
Qiskit__qiskit-4945,46613269f3d9235fbcbcfed20da61d2018d24bb0,576,371,1261,0.2527552843093872,0.18940035998821259
Qiskit__qiskit-4945,8c77ce208385a58a666283aa525bd18eda2004df,332,143,1261,0.30721309781074524,0.2719643712043762
Qiskit__qiskit-5035,c07fcd1f6a2030f92761153bdf29fd98cc560521,460,1,1269,0.3309599757194519,0.7190133333206177
Qiskit__qiskit-5074,e4a0fb22235f2726023bf5c42d951c59cbf4ba31,331,3,1352,0.3494771718978882,0.7123268842697144
Qiskit__qiskit-3441,c2a3c3ddd91697d4c7283dcd292150a78b2fa124,171,8,843,0.24985280632972717,0.43435004353523254
Qiskit__qiskit-3441,c6b3c18591e76fa4f79368cdabd6af641c455e92,154,20,843,0.25521883368492126,0.40770721435546875
Qiskit__qiskit-3441,0775197cb8dc5d90e2e3581dbfa6e6326d0763de,522,22,843,0.16858354210853577,0.4042482078075409
Qiskit__qiskit-5039,73ee2ef8531de75a1cad0058cfade27b3af3e718,236,14,1268,0.33653968572616577,0.5243431329727173
Qiskit__qiskit-2836,157dd5c925027e22a078a9223ddceecfa7a94b59,221,15,623,0.2752147912979126,0.3377547264099121
Qiskit__qiskit-7733,35c8201af262b10de82ffe9600435f61978bd64f,853,63,2542,0.28933459520339966,0.2581959366798401
Qiskit__qiskit-7733,5a4ad0f9628c0b4d1ed61e627df4326902876efd,863,556,2542,0.28791937232017517,0.14553257822990417
Qiskit__qiskit-7733,f91faa7013fb112326c0ac21e27b83898ceb3076,1602,154,2542,0.21498903632164001,0.22562572360038757
Qiskit__qiskit-1668,0fc2e1792e08cc36f11209a2ab67f0e4ebabc768,297,35,474,0.1121748685836792,0.2790125906467438
Qiskit__qiskit-1668,e8f409af8e4977febe9c5b7d463dfe6b314928ea,313,5,474,0.10846394300460815,0.40316441655158997
Qiskit__qiskit-1668,ca24e6bf2617e80a2b895e73bd9a1fc902efaf9a,283,7,474,0.11926731467247009,0.3862464129924774
Qiskit__qiskit-1668,2f532e5fa66fd8056e79208edbf5eca7c2d36e52,104,16,474,0.2048826515674591,0.34222009778022766
Qiskit__qiskit-1668,1a119253d758a59ad59a96556df123e1e89341f7,265,4,474,0.12435584515333176,0.43155360221862793
Qiskit__qiskit-1668,c9fb771f05f886d60b94f9735a4ec73fbea9e0f1,349,60,474,0.09449262171983719,0.20960110425949097
Qiskit__qiskit-1668,9bf2367ce0eded8ba9de7db19b13c4477c219e52,47,11,474,0.2715302109718323,0.36014610528945923
Qiskit__qiskit-1668,12f5c34f860fdbfe5353b52292d983c9a6d77940,273,127,474,0.12186127156019211,0.08294139802455902
Qiskit__qiskit-1668,5b278f07672d8176ed866bb20fa3cf61ef8ab8dc,336,12,474,0.0994400680065155,0.356423556804657
Qiskit__qiskit-1668,90c53b5d6389d1ca511812c7ef74e3a82a2c4337,194,2,474,0.1529325544834137,0.44325676560401917
Qiskit__qiskit-1668,2769686c0433f4ffcddf3a528d23f0406f5dd201,375,134,474,0.07862135767936707,0.060676783323287964
Qiskit__qiskit-1668,32d65fb4df3a93f7ca032f8f46b0e6c7b418bde0,370,61,474,0.08358869701623917,0.2087308168411255
Qiskit__qiskit-1668,e3ffea68ece6984d4dd4e65dbe2ddfaec0d05011,268,18,474,0.1238112822175026,0.33251744508743286
Qiskit__qiskit-1668,d72e83bb0f1c6e33a250adc9e3aa3a19d48dae7a,38,3,474,0.2835291028022766,0.44012895226478577
Qiskit__qiskit-1668,194c8d6c27e4382c5642bdaad54cb56d1ae28fe1,382,9,474,0.07660528272390366,0.3749564290046692
Qiskit__qiskit-1668,ebb4ec3c1220648ce9a085dae059a3831acd7d1c,326,41,474,0.10379446297883987,0.2519129812717438
Qiskit__qiskit-1668,4facacccbcedef9423e4f9d051db4d5f20bf82cb,145,314,474,0.18478311598300934,-0.1575627624988556
Qiskit__qiskit-1668,fb9c67b859d01a4f89e169d0e8b2baeb503a3b9b,374,88,474,0.07924826443195343,0.1584898680448532
Qiskit__qiskit-1668,780418fee96002182e5598ece791f9bb42bf8c23,263,25,474,0.12525177001953125,0.31318238377571106
Qiskit__qiskit-1668,6769d33739f4196e4a0df4900f2cf51ead9a3e35,63,90,474,0.24557767808437347,0.1561633050441742
Qiskit__qiskit-1668,3f79385439b71f93fd7f3a1e76e1877ca580fa0c,231,44,474,0.13772329688072205,0.24093371629714966
Qiskit__qiskit-1668,60c7ef9d6009d058c285f46f18c0fed4c9ec540a,340,43,474,0.09837733954191208,0.24106861650943756
Qiskit__qiskit-1668,f741a75eacd8ca66ccc4d552a6f9f9f185ae93d2,298,51,474,0.11197373270988464,0.22557201981544495
Qiskit__qiskit-1668,1e40404f9431ca73ca4e40daacce4f6a37bb3cc4,400,118,474,0.06353151798248291,0.10879914462566376
Qiskit__qiskit-1668,7990081df5e7d6d48c4bda1bf282030fc3a70061,412,125,474,0.04962097480893135,0.08867430686950684
Qiskit__qiskit-1668,f2c9f72a574640a261a99bda3ba718b71b8313b2,254,74,474,0.13043102622032166,0.18340188264846802
Qiskit__qiskit-1668,aab3070d19da8f031c831ce7cf19fcd9310a8d44,335,55,474,0.09949266910552979,0.2163567841053009
Qiskit__qiskit-1668,dbb60d7688a4687cd81ced7790fb5e23d6598023,48,1,474,0.2710331082344055,0.4454070031642914
Qiskit__qiskit-1668,80bacd592b32c4524d1698237039b80b0fbe1e1d,211,6,474,0.1438310146331787,0.39002013206481934
Qiskit__qiskit-1668,a046235b914646c6941045b7db4c3452c4bdf054,344,82,474,0.09719899296760559,0.1670621931552887
Qiskit__qiskit-4276,665c33c28ad7acdd02a2049f9925064f7cbd8047,279,141,1073,0.25269854068756104,0.18613746762275696
Qiskit__qiskit-4276,43352648c8726f547e6609f089b6d31656cfcfea,290,248,1073,0.24840988218784332,0.14111921191215515
Qiskit__qiskit-4276,7a38570225f3be0c894824948a25c4a0f08493be,237,2,1073,0.2698783874511719,0.38387107849121094
Qiskit__qiskit-4276,c4e0d912172b5686ce2e6d3f2962b60f255a3dc4,677,604,1073,0.16938382387161255,0.06328119337558746
Qiskit__qiskit-4276,f1738a6c476ee0ca48bb01d081651411f83d46d4,451,355,1073,0.21510885655879974,0.11604415625333786
Qiskit__qiskit-4276,2b8a8cd99f0b77bbc34bdf927cb2c2e9674a9809,623,306,1073,0.18463924527168274,0.125601664185524
Qiskit__qiskit-1210,9983a40395984e0e34a7ad4d747c7e9234c7a58b,464,440,552,0.07790223509073257,-0.07802541553974152
Qiskit__qiskit-1210,3ea3a8000eed46158025db95ee8b511540590a2c,500,230,552,0.015656646341085434,0.03681639954447746
Qiskit__qiskit-1210,fbe7a4296519f5816a5e50ec7bdc8f24d4a64639,7,6,552,0.43536198139190674,0.3674047589302063
Qiskit__qiskit-1210,fd35f47760ecb9e67ace9aecc0095e229635066c,62,10,552,0.32771384716033936,0.3314787745475769
Qiskit__qiskit-1210,e4fdf7d4e263f57726995d162b4ce133fe3e39da,431,13,552,0.09810822457075119,0.29028552770614624
Qiskit__qiskit-1210,bb13dfe3e6cb0539dde2e34d5b9fbbe724f3f937,285,211,552,0.1706686168909073,0.04320346936583519
Qiskit__qiskit-1210,565305b2c53282ef6a89b4a0dfa00d09b29ada09,350,4,552,0.1350984275341034,0.42356377840042114
Qiskit__qiskit-1210,d9a64009aa3cf8fa5886294ca6da45bd96d10694,35,255,552,0.34972280263900757,0.023229584097862244
Qiskit__qiskit-1210,bb07bc2ff3a8e42b341599955a1941f30ba915e3,474,197,552,0.07031437754631042,0.0467134490609169
Qiskit__qiskit-1210,78ba18dac50d2d04212a28f930b6e13e4804629b,481,304,552,0.06485053896903992,-0.005115988664329052
Qiskit__qiskit-1210,c4a3fb27e5d4c44f36c24f1b9e76bd9d82e521e4,452,388,552,0.08471548557281494,-0.050310179591178894
Qiskit__qiskit-1210,b9dd06bff1618a1e27d3617d97e4773da55c88f4,497,46,552,0.026695843786001205,0.17137393355369568
Qiskit__qiskit-1210,8410cf922aa97258382b8406663ef845556d07ed,493,75,552,0.04292215406894684,0.1061135083436966
Qiskit__qiskit-1210,3de9bacb21edb0bc12543ba44e7d1ec5c2076205,186,27,552,0.24646678566932678,0.22862890362739563
Qiskit__qiskit-1210,bab02eae2bde8bf0ce627a8d807333bae0638c0e,475,186,552,0.06918022036552429,0.05052746832370758
Qiskit__qiskit-1210,5388b076b363772880a3c0605f84457baf7491af,473,466,552,0.07132077217102051,-0.09630252420902252
Qiskit__qiskit-1210,07fad7a513b55c1afe7ee7b1425777cc3ec2540b,335,35,552,0.14262187480926514,0.20218464732170105
Qiskit__qiskit-1210,12ef28a35b487235c77d59e109c04c25399ffa44,16,19,552,0.40144026279449463,0.27617496252059937
Qiskit__qiskit-1210,16602d302fc9ca70e360c61e1a8aa7165500240c,417,391,552,0.10834289342164993,-0.05164000019431114
Qiskit__qiskit-1210,0ebd9c530e5e1a3390bfdd6270b0c61f898aa98f,470,87,552,0.07258103787899017,0.08471935987472534
Qiskit__qiskit-1210,4e5fc64969c3646c38a1329fdfe5cd33bd3d7681,370,310,552,0.12689737975597382,-0.009788591414690018
Qiskit__qiskit-1210,61b0d6bf74a86757dc62e4c3b8aee879f669797e,433,274,552,0.09728319942951202,0.013300254940986633
Qiskit__qiskit-1210,4873b3d51e9e71d3164de62cad00ca13036df92e,460,57,552,0.08142368495464325,0.14556463062763214
Qiskit__qiskit-1210,73e36f19af5400da10064b1402351a22233fd402,472,55,552,0.07134169340133667,0.15000715851783752
Qiskit__qiskit-1210,3a3c15e076999a95465cd9d365e231aa888577c1,49,546,552,0.33972668647766113,-0.1860799938440323
Qiskit__qiskit-1210,850fa189428dfdeb41253e0170f6afa0b57389b3,483,53,552,0.06398977339267731,0.15378166735172272
Qiskit__qiskit-1210,4fe0f1f303bd0076167b6f4635e446875fa7f696,286,7,552,0.1704530119895935,0.35725313425064087
Qiskit__qiskit-1210,8a35bd8fa9870b0e30e859dd88610d187823aad9,13,22,552,0.4177461564540863,0.23776531219482422
Qiskit__qiskit-1210,a340f4ecb517786a12d2c43200862b67e6ba64cb,451,264,552,0.08478952944278717,0.017619909718632698
Qiskit__qiskit-1210,1e96ad42a507361e8e1fb87e960350ee8d651e77,70,3,552,0.3176957964897156,0.4770035147666931
Qiskit__qiskit-1210,0d6f71ad8cd0cd1190d38560cc96fb7d47e9bcbd,90,1,552,0.2976101040840149,0.5053797364234924
Qiskit__qiskit-1210,6975cf662c540b2c07f98cb0950a9a798c5aa639,121,37,552,0.27735981345176697,0.19890335202217102
Qiskit__qiskit-1210,f0ad0ff17d4ee389bfe514e9a93b3cfff05753e0,498,265,552,0.022742636501789093,0.017450768500566483
Qiskit__qiskit-1210,ebad2c88729538238b718ea8da18d4400d2ceb72,502,50,552,0.012145483866333961,0.16180115938186646
Qiskit__qiskit-1210,34f2f84ee3621d9ee2f28f0d88db45da644be845,379,33,552,0.12390615046024323,0.20765487849712372
Qiskit__qiskit-1210,48d988dccaf93027536ebbc918f31c2eead91104,256,5,552,0.18983194231987,0.3684564232826233
Qiskit__qiskit-1210,ea47c9f87aad7b258a87449947b0c52a3c8ee4a2,463,43,552,0.07821333408355713,0.17672115564346313
Qiskit__qiskit-1210,1253962caa8822d62b2267f5ca3b96fc73a1db13,457,30,552,0.0835362896323204,0.21353714168071747
Qiskit__qiskit-1210,dd5bac862470002e93f38f45d020067d125fda42,28,12,552,0.3598119616508484,0.2962918281555176
Qiskit__qiskit-1210,3f5d91130410bbeb50cd73a6707232831d9718c7,40,2,552,0.34631919860839844,0.5008225440979004
Qiskit__qiskit-1210,302ae8afc06cef712386bd6a262fbc1df8169182,490,123,552,0.04950512945652008,0.0651126354932785
Qiskit__qiskit-1210,47a8e40668d2113328f7ac0eb23a842ca37c1131,364,369,552,0.1282624900341034,-0.03887134790420532
Qiskit__qiskit-1210,3189df1488e5df5382ca33e7139552d2890c8850,461,307,552,0.08065573126077652,-0.005708326585590839
Qiskit__qiskit-1210,3d196dbfdc9bc48b5e1c1c5ecdcdc03118e5f0b7,196,9,552,0.23744356632232666,0.34028226137161255
Qiskit__qiskit-1210,6c02608065e69d3309fa56da3c6f1cad8380173a,415,303,552,0.10903272777795792,-0.004516264423727989
Qiskit__qiskit-1210,244921578adb127e27ed759e6f72700b379106b8,439,222,552,0.09254293143749237,0.040675755590200424
Qiskit__qiskit-1210,09c7c3770ff70f1de7b1a2dbb8845adbd22995a3,435,344,552,0.09622561931610107,-0.025533489882946014
Qiskit__qiskit-1210,dd94481b55e739f636f94d80848d5ac6160f81b0,462,442,552,0.08027876168489456,-0.07878540456295013
Qiskit__qiskit-1210,82afa881758ad7a9c4f4adb34a2dd3b3f4953779,1,93,552,0.5092647075653076,0.08304842561483383
Qiskit__qiskit-6235,0051f529f2f4edca934822bbf8a03b41f77a74d6,1395,6,1936,0.23996978998184204,0.6354780793190002
Qiskit__qiskit-6909,b0d233f246e7ad8378dc9739a1de5e9e649576c7,385,1,2131,0.40780946612358093,0.6897100806236267
Qiskit__qiskit-6909,34e6819600dd96dde0b2796ac86f7f9b5a48c9d0,483,25,2131,0.3935210108757019,0.4881989359855652
Qiskit__qiskit-4633,8994e012da48479fe86e13c3b9497ad5e3dbc23f,37,108,1227,0.4185556173324585,0.21703162789344788
Qiskit__qiskit-2473,6fdddbee6b513c3d260960d153083fedb9dd2fd9,30,57,572,0.46383196115493774,0.23978257179260254
Qiskit__qiskit-2473,528229a98ff8aea488bd2a20133059d4ce5d875f,159,54,572,0.37078049778938293,0.24272572994232178
Qiskit__qiskit-890,6f3b52307d22d5d32cfd52c6a91e4ef53ab25e39,95,4,443,0.2048768401145935,0.3296148478984833
Qiskit__qiskit-890,dd11f471ff4831d2a7a1f9742d7df579694f41d6,216,75,443,0.15163767337799072,0.09160816669464111
Qiskit__qiskit-2387,ceb7d017e5033805700b19a377ff3aef8747a694,391,2,570,0.133533775806427,0.38898152112960815
Qiskit__qiskit-5755,3c2340983196485f1e5a6ed8a8a9b53a8f86849e,89,2,1768,0.46781644225120544,0.5827547311782837
Qiskit__qiskit-2652,1fe629cf1a799543397307ed779a4925adf8cac6,40,1,601,0.39991870522499084,0.44979530572891235
Qiskit__qiskit-4887,029f5de9700b66caa93e7fe952219069ef1ff25c,49,1,1458,0.46117258071899414,0.6473516225814819
Qiskit__qiskit-9404,3ff574f00b50bc851c997090273e103e025df869,860,56,3057,0.3380964994430542,0.45852965116500854
Qiskit__qiskit-3577,d4c64d1ab38d44e5d6efa0eb1a6ba8aca2b4b840,236,63,900,0.2585422694683075,0.41747918725013733
Qiskit__qiskit-3577,bc09106d4dc76053fb605ad3546393c647f100d3,113,14,900,0.33134573698043823,0.6150445342063904
Qiskit__qiskit-3577,7136e25d9906a16b215d42383c2df3f2bef85f81,137,26,900,0.3136942386627197,0.5721819996833801
Qiskit__qiskit-3577,f8d2717c7a26e780f63c06f7d913c5b2dc12616d,132,17,900,0.3172292709350586,0.6077976226806641
Qiskit__qiskit-8199,a9f8a5cc7e2b916527f4e4bc52570c0f5c52b13f,46,16,2581,0.5487561225891113,0.5421990156173706
Qiskit__qiskit-1856,b8d4dc0692fada791441a2667ae53cf7d0ec1514,188,230,462,0.25450199842453003,0.19677016139030457
Qiskit__qiskit-1856,c585379dc2cfb75cfcc4efc6a8114f3b930c2cd1,11,203,462,0.40893518924713135,0.2270500510931015
Qiskit__qiskit-1856,5dffc16840ddd6dd2d8e37ec58e432dd01052b17,124,16,462,0.2838275134563446,0.42478707432746887
Qiskit__qiskit-1856,2197d7bf49eb4cfe57ee47a1d4bc1502fce04776,249,291,462,0.22980543971061707,0.13602761924266815
Qiskit__qiskit-1856,b070a1d68524e2c4e7440c54ebb60230096ba8a8,32,5,462,0.34727469086647034,0.4897698760032654
Qiskit__qiskit-1856,bee51f5b11f8e28b12a4fdc0aa3d7070e4e4df31,208,42,462,0.24759560823440552,0.3686918020248413
Qiskit__qiskit-1856,792e1f40538992928a3e5128a92a37ad61ce797a,278,236,462,0.21802066266536713,0.19347018003463745
Qiskit__qiskit-1856,4a720488d32166945bb37582c17433f7b2b1a89b,407,4,462,0.13780230283737183,0.5068130493164062
Qiskit__qiskit-1856,043d13dd52ee2f89b14db62d93c1935d2767cade,58,119,462,0.3187556862831116,0.2933242917060852
Qiskit__qiskit-1856,5f0f3ec7c9ee1f5cfbd08b534e15e9427d411d4a,166,269,462,0.2609661817550659,0.1590239554643631
Qiskit__qiskit-1856,b4ec3352282db4001c198dddcd4a3d378c9056ed,36,31,462,0.34377413988113403,0.392806738615036
Qiskit__qiskit-1856,2aff1cf80f75c31d9a76082d14580ced6f694a43,229,26,462,0.2373417466878891,0.40133237838745117
Qiskit__qiskit-2014,91c48e9dd668ed64affe78b7af1906084d85f967,43,19,496,0.33944863080978394,0.3998884856700897
Qiskit__qiskit-450,9571de128db90a020e5675006739c61c1b95eceb,71,278,342,0.34843531250953674,-0.15887261927127838
Qiskit__qiskit-3547,d1e4ead516c99d8821de75f1579a92415292475c,479,19,1890,0.30651965737342834,0.3141656517982483
Qiskit__qiskit-3547,03c94ef38ff6e759e4b8305a7c588ce7cf77153d,1088,208,1890,0.16971024870872498,0.20048421621322632
Qiskit__qiskit-9726,1a6a25100aeda7c3b1159e02ed9f3622d0615113,726,2,3107,0.34501177072525024,0.5767855644226074
Qiskit__qiskit-3288,6326513da0f1d3e1f557121e8ccbeea3d88b9395,586,113,786,0.22571592032909393,0.25691142678260803
Qiskit__qiskit-3288,cc1e87adfd928f4375e7319997044c9145733f8d,567,47,786,0.23048537969589233,0.36552509665489197
Qiskit__qiskit-4807,e8b139f1073b7f1c216023fd30ed6704f72555dd,349,7,1256,0.3713398575782776,0.46687546372413635
Qiskit__qiskit-6932,924db6c231fb4dd3cb7f19f772564db11c3fbd19,529,52,2082,0.31113186478614807,0.2956638038158417
Qiskit__qiskit-977,20ac70ce9c4d5c72f5d0be9736695f0fcec21bfb,245,191,456,0.24464000761508942,0.397635281085968
Qiskit__qiskit-977,cd3b50a9d299508d222975c82e2fd1516fa48ad3,119,133,456,0.30726584792137146,0.4526638090610504
Qiskit__qiskit-977,548b2569ffa6db641aef2031c7779b0be61cdd8c,345,121,456,0.189317524433136,0.4596576690673828
Qiskit__qiskit-977,6465921baa5fca6893456d5bc04cb955dbec2fed,31,84,456,0.401819109916687,0.47198474407196045
Qiskit__qiskit-977,f522c32f8e6e1aa084e9b56aff6d525078e3407d,126,280,456,0.3015420436859131,0.31871387362480164
Qiskit__qiskit-977,cb71a804382fa3e4f3ee6daa57252480c43b982e,34,230,456,0.3954492211341858,0.36920857429504395
Qiskit__qiskit-977,ec6e1a227b3bc79391cd6500fbf880a2f7e9e0f4,50,173,456,0.3694847822189331,0.4141402840614319
Qiskit__qiskit-977,35b868729db52ad8609936dfd634cb6c0bf05946,102,169,456,0.31576916575431824,0.4184410572052002
Qiskit__qiskit-977,00a4d8a4e277af11e62c3e8cf8329427a366b2ad,165,30,456,0.2809104025363922,0.5373207926750183
Qiskit__qiskit-977,7be7e8fd5f53fecc1d5acf74dc5f39bc2c198b8e,116,75,456,0.30857521295547485,0.4761907160282135
Qiskit__qiskit-977,bf40b91da441cfa7942a88107a10e75ee04d6d26,314,86,456,0.20762228965759277,0.46847212314605713
Qiskit__qiskit-977,b9a52185904dd4432e8ef11c247116c70dfff388,21,203,456,0.4212898910045624,0.3886623680591583
Qiskit__qiskit-977,8db198976b62ccaa7ea9dc376144468495845370,46,172,456,0.3720604479312897,0.4168703556060791
Qiskit__qiskit-977,5e8634912a98ed5cf162ea80e9a2d42b5f6e829f,243,120,456,0.24475805461406708,0.45968401432037354
Qiskit__qiskit-4141,b959bb53bb777bb8f9cde627d659d62cdeeaa860,170,3,1249,0.3630635142326355,0.4178408682346344
Qiskit__qiskit-4141,cabd97314a9ad6878858617edc964021c0935ec3,673,1,1249,0.2944258153438568,0.4680759310722351
Qiskit__qiskit-5324,8da3608a302cf40493ffe22ee2ad1049ee0ecdf1,405,111,1487,0.377933531999588,0.3037292957305908
Qiskit__qiskit-5324,e46a3762a8bc19bb51350a5b2921ef8224bdb5ad,1077,1302,1487,0.23669007420539856,-0.09412881731987
Qiskit__qiskit-2139,0cf6b8aa3d0d9ad99dc5c59357a523034c26195b,470,53,562,0.09082227945327759,0.2959957718849182
Qiskit__qiskit-5619,318c04f7748e001de65b62ceb2049bb51db9f789,1375,9,1769,0.1439286768436432,0.2839614450931549
Qiskit__qiskit-5619,d609a41547cf576201560ccb5140970fc042f632,1724,430,1769,0.02112245000898838,0.12132972478866577
Qiskit__qiskit-10537,26425238fce3e468c6e52b687cd6a98be1445c4e,347,10,3348,0.5025535821914673,0.6141716837882996
Qiskit__qiskit-3751,d62943b249a1ca4922d67747a68788dec88c27a7,126,1,957,0.3890996277332306,0.48006516695022583
Qiskit__qiskit-6315,a8cd5f8e751790efbb12902390fce0850a84c923,1193,6,1957,0.3044596314430237,0.4677942991256714
Qiskit__qiskit-6315,777ae62b50eb231c076fca9ef75c35ea6c8a837e,484,8,1957,0.38709235191345215,0.46740028262138367
Qiskit__qiskit-2755,bfd67d78269bc744a272461d956d23e6f37a7fe1,418,17,623,0.23483708500862122,0.47353851795196533
Qiskit__qiskit-4713,907b883266e0c3da897040396c4c631d8b477a6e,62,17,1247,0.4590083360671997,0.38146957755088806
Qiskit__qiskit-6018,1df38cfe4a56027f9957599a66662d9aaa72ac19,167,288,2003,0.4288337826728821,0.14339566230773926
Qiskit__qiskit-6018,2e125a1989b642d2888b2e1dd6daa25795940895,944,130,2003,0.2679249346256256,0.1762118935585022
Qiskit__qiskit-6018,4436d1394c73e9f79ed6224cc331b1bc7f98cd48,117,530,2003,0.4422186315059662,0.10466182231903076
Qiskit__qiskit-2085,1c3fbc5ca16d62fb96a83ee2f7d3e8ca38a8082a,37,5,523,0.43679279088974,0.36477211117744446
Qiskit__qiskit-3888,1cdda37826c3498cada4f96be3c4bc2166999163,376,5,949,0.3237101137638092,0.45949786901474
Qiskit__qiskit-3888,97e88fafac3be11d01170341529c6e1bb78c2cb4,237,6,949,0.35864895582199097,0.44019514322280884
Qiskit__qiskit-3888,7b7532c8e3af518fe220806d57f3d19c0d21e47b,335,13,949,0.3328455090522766,0.38558658957481384
Qiskit__qiskit-3888,d4fc3e438edd886ad610ca26542239d9e0e9779c,172,11,949,0.38136717677116394,0.40825068950653076
Qiskit__qiskit-3888,7e7c0d6c5ee2dc3c83cb3ec7b51eab3379f9c245,296,7,949,0.34084975719451904,0.42286184430122375
Qiskit__qiskit-3888,097ca1fd4860220f1beea9b7e7ee9ca63984b771,199,4,949,0.3731212317943573,0.4605482220649719
Qiskit__qiskit-1615,887108a7c17abc45cbd4381eed451c7aa78335ee,390,565,634,0.15852738916873932,0.11451667547225952
Qiskit__qiskit-1615,da41942781ab2611dd5f0f4bd823d51bcf092515,295,523,634,0.1827438324689865,0.15831485390663147
Qiskit__qiskit-1615,08fe0164ddf06076b7ecf777385cc707456fef62,378,577,634,0.1622750461101532,0.10533031076192856
Qiskit__qiskit-1615,da2a46212e554a16489eef3e52c29e7b67a3b48f,502,1,634,0.12494614720344543,0.4676605463027954
Qiskit__qiskit-1615,819e9ffa810d9ab43e634b1941a845e63967b7e6,257,62,634,0.1949695497751236,0.3685030937194824
Qiskit__qiskit-1615,a38866cc2f7dda6215b333100ca8e88371d53d92,446,558,634,0.14264366030693054,0.12020787596702576
Qiskit__qiskit-1615,4a63c4155de1412bdb35f88ba512d8f8c829a1c4,197,315,634,0.21838869154453278,0.26085782051086426
Qiskit__qiskit-1615,50cbc1ab71180b72e856b882ff12d297d7ecb9a1,110,2,634,0.2510165572166443,0.4496954679489136
Qiskit__qiskit-1615,620955553c6801c42ceeb688f0978684d97982ab,348,435,634,0.16938333213329315,0.21760568022727966
Qiskit__qiskit-1615,597acb06569fb6130f68ed291e888e6677ebb2d8,290,570,634,0.1842508316040039,0.11112141609191895
Qiskit__qiskit-1615,5f4dbe492e97c4606d98450df5343dc438d7d150,437,28,634,0.14419560134410858,0.39599481225013733
Qiskit__qiskit-1615,bba8af7b98d2f1195a4ae235306557306c454757,108,119,634,0.25188764929771423,0.3481830656528473
Qiskit__qiskit-1615,09bc1b3cf1053b80e667df9befdd57a4b4f47a5d,273,337,634,0.18964135646820068,0.2503764033317566
Qiskit__qiskit-4326,bc7f7659b5ba06922e9d8fc17009f518540a841b,576,37,1204,0.2724495232105255,0.4404119551181793
Qiskit__qiskit-4326,febb3c2926e2eb473835099f6438e6a76f5c56c6,660,1,1204,0.25726109743118286,0.6073776483535767
Qiskit__qiskit-5740,d53b2481a05fce302165dae034b018d983a5aea5,179,20,1482,0.4402593672275543,0.5150166749954224
Qiskit__qiskit-10484,5fc4aac27bb99c7e9f90c56e333b961c70a756ac,1285,661,3341,0.28589993715286255,0.2288316935300827
Qiskit__qiskit-10484,d319cabc418ce73c13813ebc47e91935ac804b94,1197,7,3341,0.2976799011230469,0.40869125723838806
Qiskit__qiskit-6530,08609998803dd1f776ed0ff273ffd1d202326cc3,1389,353,2028,0.157868891954422,0.306051641702652
Qiskit__qiskit-6530,800e519c13135965f5fb08c20d022d43fcefce1c,1265,25,2028,0.17258143424987793,0.46160009503364563
Qiskit__qiskit-6530,ff87749ee31a684e5659e4aaac1446da6925cb57,1726,184,2028,0.11006209254264832,0.3705138862133026
Qiskit__qiskit-6530,20493b72e6665c8f2f946608e4f1a6a0b0a43e2d,1474,355,2028,0.14692704379558563,0.3040392994880676
Qiskit__qiskit-2173,cdb869a7b8a3cd1abdb569eff31c2873393d219c,327,379,583,0.17519161105155945,-0.14461521804332733
Qiskit__qiskit-2173,d6d5e2b09724762c988e243741c200a8ab78fe67,415,119,583,0.15280354022979736,0.049567315727472305
Qiskit__qiskit-2173,b1aa8ea2eced6d03da1875e2dcf4bf6ebabce008,456,239,583,0.14177098870277405,-0.04614920914173126
Qiskit__qiskit-2173,be6b1f866bc5d3fdc38f4e9b6fd3e9f0bcf0235f,539,489,583,0.09317795932292938,-0.20490121841430664
Qiskit__qiskit-2173,039d640a0999bf4d853dfe64e3276f9368e090af,428,90,583,0.14926306903362274,0.102513387799263
Qiskit__qiskit-2173,3fe3e025e9510f154d767fe9c989ba675f67df28,330,367,583,0.17409634590148926,-0.13833481073379517
Qiskit__qiskit-2173,d23faaeaf02bd079dd5d8bdc3d7cde7d802685c6,347,257,583,0.170014426112175,-0.06926469504833221
Qiskit__qiskit-2173,7683977485900a2c7276d89f0fd36783b2a675ea,343,336,583,0.17131249606609344,-0.11641959846019745
Qiskit__qiskit-2173,027cecf9ecc517099922abcd6b5bc2fd6a67e393,504,103,583,0.11787539720535278,0.06926961243152618
Qiskit__qiskit-2173,6dec1178ed038ec232092c336b7adc27bf339e5c,467,266,583,0.13741597533226013,-0.07435787469148636
Qiskit__qiskit-2173,19bb25d1562a7b34cfaede8601a53405b7934db6,130,205,583,0.29130738973617554,-0.02497868239879608
Qiskit__qiskit-2173,8e6d2c493668c1d72a079322503ce42a01695b7a,36,2,583,0.392277330160141,0.35509830713272095
Qiskit__qiskit-2173,81890a5e7947bf8a7415f77e57ceb86ff7e332fa,14,24,583,0.4311954379081726,0.2549578547477722
Qiskit__qiskit-2173,69389a7c17a1f5af403e6c99312246dccb2eeb43,32,135,583,0.3978281617164612,0.038019660860300064
Qiskit__qiskit-2173,a51a955f6c982188029dfd36f317737c2482a594,353,439,583,0.16921040415763855,-0.17605213820934296
Qiskit__qiskit-2173,95a28c1492ac689e5a267f2ca65d47ae18660ee1,304,221,583,0.1827157586812973,-0.036942820996046066
Qiskit__qiskit-2173,bc5d64e14c0d1d4d233e52dd949e7f11868f6a66,145,187,583,0.27783846855163574,-0.012451098300516605
Qiskit__qiskit-2173,99a94789741d394fbeb1e1d9abc6950becf15de3,478,536,583,0.1328583061695099,-0.2620289921760559
Qiskit__qiskit-2173,48025c032e53da1d273bc9f6061aedf737e23256,149,461,583,0.2721167206764221,-0.18700440227985382
Qiskit__qiskit-2173,9bc5350696bbd62caefe5bb6cc9232461ed1ec94,117,118,583,0.29982733726501465,0.051636721938848495
Qiskit__qiskit-2173,415bce860d691190f00ddcb05d467ac552931fd4,3,5,583,0.4966026544570923,0.3401471972465515
Qiskit__qiskit-2173,ba089a97ffaf24a9cd7919d22eb7f58ce77ce02b,462,381,583,0.13799484074115753,-0.14657211303710938
Qiskit__qiskit-2173,2ae29d27ef12af59491fe85cfc6bbd5ea1288ba5,109,444,583,0.3033028244972229,-0.17885589599609375
Qiskit__qiskit-2173,23d338daa0285b92213a08a0d2f292f42e5e7daf,13,3,583,0.4314165711402893,0.3475980758666992
Qiskit__qiskit-2173,2acc5bcb5c688fd3457b41dadb07fa10ce3fefd7,497,385,583,0.1211966723203659,-0.14827370643615723
Qiskit__qiskit-2173,221a840bb8535229fc4a3176723ec75b04d2bc07,466,243,583,0.1377885639667511,-0.04847237840294838
Qiskit__qiskit-2173,2630c0ba47cd4a66f55484c3c2ab3557256e45d2,200,503,583,0.22089138627052307,-0.2228001356124878
Qiskit__qiskit-2173,c4c75a9bccc53aea9af9f0b1b161930586118454,50,7,583,0.3663441240787506,0.31372231245040894
Qiskit__qiskit-2173,3dc432c132b64510f54c48c6bcc5ef2e4e63fb23,328,366,583,0.17513781785964966,-0.1364455372095108
Qiskit__qiskit-2173,bd4005434000cf1a63b86682393ac55417499ab6,160,320,583,0.25386762619018555,-0.10511516779661179
Qiskit__qiskit-2173,38855639d362471175941fbded9e50a744d65c43,474,424,583,0.1357956975698471,-0.17046010494232178
Qiskit__qiskit-2173,c788794f405cbbcbef07c4a9c86938ca54ae2b7f,265,229,583,0.19339923560619354,-0.0417303666472435
Qiskit__qiskit-2173,db754b1fc004039d50b0ab74e09cf4a6efa9cf80,252,201,583,0.19620037078857422,-0.023203155025839806
Qiskit__qiskit-4511,edd6a86da9e2b6a77eced322d1acdb11070cfa54,115,19,1170,0.3010268211364746,0.3331106901168823
Qiskit__qiskit-2790,d3e9257bc0b92759b001d153263bc7d2904f8b95,80,69,618,0.31228750944137573,0.2924562692642212
Qiskit__qiskit-10279,6a0c8a0842b44a245c339a48ed93cd2f65d75e07,985,1,3249,0.40358781814575195,0.4812930226325989
Qiskit__qiskit-1229,b8284d1cc94d808fa2a7076074ec0cf2de8a99cd,88,2,536,0.26476040482521057,0.4957815110683441
Qiskit__qiskit-1229,43aa34f8d72a770c6a5926fc1fdf23210fb70a17,296,6,536,0.1721937507390976,0.4469911456108093
Qiskit__qiskit-1229,61ac3387d48bd34acdb5d2b1ba2740fa2d2d1185,156,1,536,0.22501368820667267,0.5278092622756958
Qiskit__qiskit-1229,27d60fe5c11ec92431926e6a2c88660d25d219d9,161,7,536,0.22320270538330078,0.4324990212917328
Qiskit__qiskit-1229,f5a83f6b65be4a167efdc24f99b0ddfc5f7caba9,197,11,536,0.20997284352779388,0.4023747444152832
Qiskit__qiskit-6625,855365fea069e19e7c0a0c3a4500a7f5f6f69a3b,1902,200,2049,0.19496232271194458,0.24241149425506592
Qiskit__qiskit-6102,d59b619384d942dc6d1ce8c6a4d371a8b9505e2d,7,40,1905,0.576373815536499,0.5279322862625122
Qiskit__qiskit-6102,ad121765378c37f47214619e21596bad0e97b2d3,17,20,1905,0.5533984899520874,0.5666452646255493
Qiskit__qiskit-4366,eace6c8151f993f11caad78d4c1a60894941e2d2,293,337,1145,0.26801830530166626,0.11428442597389221
Qiskit__qiskit-6070,22194073dbcb990414ca2a8d84cfe48b476d5a0c,326,7,1902,0.37410956621170044,0.5413720607757568
Qiskit__qiskit-6070,82b83fd92f244464e20cfa062e4143e7a4f54773,394,3,1902,0.350788950920105,0.5668190717697144
Qiskit__qiskit-6070,94d4318dda4ed293a154c5eebae7b09ac1f8673b,166,14,1902,0.4252500832080841,0.5225846171379089
Qiskit__qiskit-6070,fe32642ff3751ccdd7bcc93e004b55dfa399af4e,609,43,1902,0.31044822931289673,0.47902655601501465
Qiskit__qiskit-9002,c0430c4327a9c0efe1b805d3b09c8b3287b268a6,1189,1463,2920,0.33866170048713684,0.14218324422836304
Qiskit__qiskit-9002,4f1aa909f0e0fdc3af6257a412864228f5938157,35,3,2920,0.5411694645881653,0.6342854499816895
Qiskit__qiskit-9002,330df026ee232eb22b4447c5ae322558ee707346,301,50,2920,0.48345282673835754,0.5164614915847778
Qiskit__qiskit-9002,1ea4d19123a365296dbbc77b8669f6a3f9c9e5a4,751,20,2920,0.413707971572876,0.5626804828643799
Qiskit__qiskit-9002,223e2e77b4d89fc090e4eb55677a9f0efcd64e33,1347,205,2920,0.31400156021118164,0.41923126578330994
Qiskit__qiskit-9002,2e764e68bb7067500e2d465b58a9a17f8b051654,1685,680,2920,0.2633838653564453,0.31305697560310364
Qiskit__qiskit-3180,6c351f84b36565087046c3f278843d5d592c9a18,269,12,777,0.34698718786239624,0.507803201675415
Qiskit__qiskit-3180,806fa6db51a085c9d86e98033f5e45f13d4a45dc,139,1,777,0.3950793445110321,0.6719660758972168
Qiskit__qiskit-3180,b0692d8380c560265638a34a84bd5eb7231e64c2,42,2,777,0.46280524134635925,0.6588930487632751
Qiskit__qiskit-4853,48123fee88ed40086e6c592d566179a5e504243e,317,17,1256,0.37737756967544556,0.3559778332710266
Qiskit__qiskit-862,692baa72d61dc21867c59891f4653787ca58eb99,365,50,443,0.14014028012752533,0.3062877357006073
Qiskit__qiskit-5851,dd1eb3aa536a0ba0c0a5117b5890241ee2f0ad15,29,2,1833,0.49997225403785706,0.5107998251914978
Qiskit__qiskit-5851,4f074ab64c55a44661e081dcd8153da8665f2de8,44,23,1833,0.4890519678592682,0.4091499447822571
Qiskit__qiskit-5182,40f9e4c8eec343f7428549f4111d8369e955d25b,247,43,1449,0.37730103731155396,0.3738860487937927
Qiskit__qiskit-8098,137dce0741d58604a719693a28c1a5c0f8441cc7,1360,6,2541,0.2643709182739258,0.49660006165504456
Qiskit__qiskit-816,28148f12258ddfc7474a9b62c1a6e10d79f27219,11,1,441,0.4468233287334442,0.7023470401763916
Qiskit__qiskit-1089,3bcd1726afb74dc58fd70ce234d8a6e3335ff38e,254,3,465,0.25869810581207275,0.4090273380279541
Qiskit__qiskit-2088,cab1380657b23f4afdae470bc4300d0fbdf127a9,94,11,529,0.4067609906196594,0.3830627202987671
Qiskit__qiskit-2088,3b5fb371b3c6bc68f10fb09e481a993b498fa758,55,53,529,0.4556717872619629,0.18433785438537598
Qiskit__qiskit-2088,04440894bb29065856f1e8691ad833241dc3fe52,186,10,529,0.3425379693508148,0.3962600827217102
Qiskit__qiskit-2088,49e5447b7deb7765c4f0294f4c5bd70f18e897ef,372,34,529,0.25717517733573914,0.2674931585788727
Qiskit__qiskit-2088,3040479b7543ba37d0bc5827c8158624a05f0c81,181,8,529,0.3467552661895752,0.40568462014198303
Qiskit__qiskit-2088,93a8ce6a4c5fc145b7db80276775b7febae8a445,381,5,529,0.24905437231063843,0.42400407791137695
Qiskit__qiskit-2088,8b4dc1038f5a5c66d96dbf25a074974965f29694,360,30,529,0.2626650333404541,0.2795748710632324
Qiskit__qiskit-2088,929c9fa86f0ff3f31d2e19c7596d2fdd4f476f12,217,20,529,0.3259013891220093,0.32706117630004883
Qiskit__qiskit-3459,794a52a0b427ace27050e2cf5f8987317a4309d4,262,218,819,0.29928600788116455,0.05102971941232681
Qiskit__qiskit-2212,5385158b1c934c590d4ac11b1faebb5b03bac649,285,13,588,0.3050267994403839,0.33637142181396484
Qiskit__qiskit-2212,625e0db3712d678b5f7f2bf6a8080fc5de9eda00,522,4,588,0.1988847851753235,0.36609208583831787
Qiskit__qiskit-2212,de941131313a566670120e631e03e740c9b59747,113,32,588,0.3755280673503876,0.27560585737228394
Qiskit__qiskit-2212,efde2bc7ea358b91e5d0b308242d0e536cf50b63,464,426,588,0.23209214210510254,-0.2503267526626587
Qiskit__qiskit-7972,759783d0c6895d52da13d7443a830010bf9ee3ea,412,3,2512,0.44808822870254517,0.5389109253883362
Qiskit__qiskit-6418,168d42d006ce393df03330570d9bcdcb50723989,486,32,2036,0.3211527466773987,0.3857463598251343
Qiskit__qiskit-6418,37085b3c4085a16b8c34ef0fd49059e032b4f543,820,3,2036,0.25118348002433777,0.45325958728790283
Qiskit__qiskit-6418,48941cfcabd4d41afd579a0c492e7fcfbab3c547,366,7,2036,0.38448771834373474,0.4350001811981201
Qiskit__qiskit-8298,8382fa62f8465eb78812fd2add6fd128e5eb2e15,1212,665,2590,0.26147279143333435,0.13506650924682617
Qiskit__qiskit-4670,df673e4abc0b61c678d8ced05372562c9c696b62,351,129,1234,0.26639169454574585,0.38485005497932434
Qiskit__qiskit-4670,0f610c5ac5da724346b3d2fd3d68182d38edba47,287,8,1234,0.2826295495033264,0.637607216835022
Qiskit__qiskit-4670,4fe1283f850343abb0ff5f518c8791951cdf473c,626,117,1234,0.2109081894159317,0.41009610891342163
Qiskit__qiskit-4670,8861ab8f9a512cc9d4147fd0036a395646634e5d,872,31,1234,0.1640588343143463,0.5884988307952881
Qiskit__qiskit-4670,a9be818f79a81aef4af781f9d156e76b20fdeab7,233,6,1234,0.3030141592025757,0.6457191705703735
Qiskit__qiskit-4670,dad3a32ec6f0ed5401e902cb9efe29e841453251,189,1,1234,0.36186453700065613,0.6970958113670349
Qiskit__qiskit-4670,2ac0fa9c98b833631e236392e8b7a461cf11f1d3,220,27,1234,0.31888067722320557,0.5941460132598877
Qiskit__qiskit-4670,2e6a815d2a1ff56811f708b9e2e412a8fc89b03c,161,14,1234,0.43040573596954346,0.6179428100585938
Qiskit__qiskit-4670,59b5c26075b4d6c5afc95d275754de3bf50194be,879,3,1234,0.1634807586669922,0.6633046865463257
Qiskit__qiskit-4670,b8ddb6a8542c7f7c8aec5dc1569eb94c688d421e,570,75,1234,0.2226419746875763,0.5005822777748108
Qiskit__qiskit-4670,f3ac28540e6800462696feb6ac2fc8fb55425d27,667,68,1234,0.20492227375507355,0.5126194357872009
Qiskit__qiskit-4670,55aadbc28266d86d855954f197d1197a6fd37e31,465,44,1234,0.24081099033355713,0.5656821727752686
Qiskit__qiskit-4670,b497da50ef52f26f345a408415cbf0f2172ba498,725,15,1234,0.19365206360816956,0.6164079904556274
Qiskit__qiskit-4670,da0de86c7c056b9c1e89c113bc925762d8743947,162,9,1234,0.42636266350746155,0.6370320916175842
Qiskit__qiskit-4670,6d58ee27bb759f06427004d9315ce73b75446d2c,177,2,1234,0.3950038552284241,0.6761554479598999
Qiskit__qiskit-4670,12dff0fa2067ff15c9bb711cad03dbe1f5a647e5,271,26,1234,0.28820884227752686,0.594211757183075
Qiskit__qiskit-5780,8d4f9f8b6f7dcb3e994081397dc257f765833244,496,4,1929,0.42026287317276,0.5754866600036621
Qiskit__qiskit-5662,cc51bd0f28ce484dcef98eabe7b5cbe93ed0febe,991,194,1745,0.28150975704193115,0.22822484374046326
Qiskit__qiskit-5662,6ef41d20a6bba6e9cae6c3d2b318b7b259753124,1403,11,1745,0.1850963830947876,0.4921007752418518
Qiskit__qiskit-5662,8cc377ef8a7a6b49eea327496538c7b3fb4db09f,61,72,1745,0.49103960394859314,0.36293208599090576
Qiskit__qiskit-5662,9ce297978d27fd9b67ae6cb6b32cfb5c1878a489,70,39,1745,0.48435938358306885,0.4132566750049591
Qiskit__qiskit-5662,a3bd73ef3c912b4ec95015ace738d82f970fdb48,1614,79,1745,0.12887321412563324,0.35687991976737976
Qiskit__qiskit-5662,1f48ba5797c4c2f1563b6ec306918568d354f6f3,55,20,1745,0.49289804697036743,0.4520537257194519
Qiskit__qiskit-5662,9f440dea45ffe7de754776ffb7b1ec6cd33ea8c4,71,27,1745,0.48405539989471436,0.43673938512802124
Qiskit__qiskit-8384,251f68fa4f0f6c796476f4fddc0724cf4ea7b6bf,1874,4,2609,0.26788952946662903,0.574429988861084
Qiskit__qiskit-2265,a84697c4abc01e6609f9347406c8797893bfbb0e,27,33,594,0.3046274185180664,0.5072275996208191
Qiskit__qiskit-2265,900e95f9c5571aef0d21f178f8622c2a026b429c,213,20,594,0.1706176996231079,0.5585721731185913
Qiskit__qiskit-2265,7d05e1c1c0103ca83a5d9b913c6363e2a92b7ffe,24,23,594,0.31771284341812134,0.5464385747909546
Qiskit__qiskit-3142,082a8c4819b097a177a1cfed4defd98c01ed0bfc,374,1,668,0.30606532096862793,0.7763878703117371
Qiskit__qiskit-1955,9d1f3f289742cc721caad345fc9b2d96426d0bb8,35,123,470,0.319979727268219,0.011518810875713825
Qiskit__qiskit-4156,c0055fe063533b334e9fab8c75718d73ab922f4d,573,176,1073,0.33005571365356445,0.19603794813156128
Qiskit__qiskit-7095,47d8c8923cdcd65c8f318cade5468e29c3f74d9d,523,120,2182,0.311820387840271,0.28461068868637085
Qiskit__qiskit-7584,12bd89a76dc2559acb5c51609a918ebf4e4b2a74,2,3,2334,0.5600531101226807,0.6026546955108643
Qiskit__qiskit-781,1dddc44a72b7c5b5eb41f44a7c50f9aa48032760,147,99,400,0.3009861707687378,0.2101205438375473
Qiskit__qiskit-781,36c670a86379c2c40efa2f72b71fae8774ff33f8,85,136,400,0.3330366611480713,0.19370326399803162
Qiskit__qiskit-4597,4389553265df1bb5ff11d05a7e5e0ae5085361eb,15,1,1227,0.4650557041168213,0.6865279674530029
Qiskit__qiskit-6866,33ebfe7e8a39ec7d826e98eb81be72db145e4882,520,1,2091,0.3023531436920166,0.4475506544113159
Qiskit__qiskit-6866,82f6bd228e5f0a617fd1ad8b01073800a7dd7711,1705,82,2091,0.12352272868156433,0.30843430757522583
Qiskit__qiskit-6866,3ebbdf620137a82afa38e79bbd6a86c7c4799052,438,13,2091,0.3247614800930023,0.4085444509983063
Qiskit__qiskit-6866,458bd0ed95222b9cdf6758e4d5172d2cec37b473,968,47,2091,0.211976557970047,0.34393924474716187
Qiskit__qiskit-6866,d248e66b2c07a9a84ab5f73fb7e7fabdfe3d8a74,1444,27,2091,0.15670910477638245,0.37496840953826904
Qiskit__qiskit-6866,66ae0ca36179ff8fdcb77d06152736cc96bbdea6,1498,65,2091,0.149666428565979,0.32837188243865967
Qiskit__qiskit-6866,fda8ec4963ce4d94ccfb1d2cb9c507a34a94e7cd,844,37,2091,0.22808139026165009,0.3574237823486328
Qiskit__qiskit-6866,8749a2c747703530d41e9b96439a75758e7f83aa,1354,44,2091,0.16709968447685242,0.3493950366973877
Qiskit__qiskit-6866,3b3488e3675c20e928bb3c11aaf9a75e3689cf2f,602,128,2091,0.27766698598861694,0.27379804849624634
Qiskit__qiskit-6866,f2558d4318907aed57f494f509771d6063b99bc9,1262,97,2091,0.17797322571277618,0.29173779487609863
Qiskit__qiskit-6866,2be571ce8984626f7a6604d2e7ac6b9e7f5dc95e,1951,28,2091,0.07648967206478119,0.37418901920318604
Qiskit__qiskit-6866,0a3e9843a5250c9a7d5e1303126e572855439321,1033,4,2091,0.20518510043621063,0.43774011731147766
Qiskit__qiskit-6866,08f09e4d2c287cedcb8d9fb75e1c6915c598a148,553,8,2091,0.2907325327396393,0.4246983528137207
Qiskit__qiskit-6866,f125fab52851b850ccd40c77c89097edc2454691,584,43,2091,0.28264546394348145,0.3497614860534668
Qiskit__qiskit-4579,f2b6f0d49270a48eeebbdd613bc7db7473da95c4,996,386,1204,0.18323376774787903,0.17164792120456696
Qiskit__qiskit-4579,779a58d44a51d687994aa73da3bb69b642b3b6e1,646,582,1204,0.22973987460136414,0.11252015829086304
Qiskit__qiskit-4579,c1d15899a9f63a35d5b3426cb2e9baadb79b1d2f,785,843,1204,0.21261826157569885,0.017857801169157028
Qiskit__qiskit-4579,fb37302651bec4fc7677fdd924b03d19ba96b15f,592,482,1204,0.2353314459323883,0.14347511529922485
Qiskit__qiskit-4579,ae44ed5702c99e0bc2560bc431d075e19adf7511,685,257,1204,0.2244889736175537,0.21783456206321716
Qiskit__qiskit-4579,edd23de7561dc7dc212ae4f9805c261162ef2fc5,2,718,1204,0.48004966974258423,0.06391862034797668
Qiskit__qiskit-4579,b3bb412e23d0d276e11675f8925cfa7de1c2ea73,741,265,1204,0.21757151186466217,0.2158673107624054
Qiskit__qiskit-1765,72714862e12dda76b68633aa7af92a400c227659,319,45,427,0.12379325181245804,0.2535475492477417
Qiskit__qiskit-1765,686261175bed39f2d2bbea2533222c0456b3ec40,300,192,427,0.1310187131166458,0.05451223626732826
Qiskit__qiskit-1765,0f43811a1ea0d05d0b832df5128f89e074f5c6c7,328,54,427,0.12019164860248566,0.24087278544902802
Qiskit__qiskit-1765,a051e62727e05e050999510cd6712f2c3020b020,199,125,427,0.17444735765457153,0.14950057864189148
Qiskit__qiskit-1765,1fe54d7ad92825c32d88f426f5376ff873a72944,258,259,427,0.15234984457492828,-0.029231660068035126
Qiskit__qiskit-1765,2caf3c0757a04dbe2336c74c1348fe97061488ff,316,47,427,0.12450077384710312,0.2505190074443817
Qiskit__qiskit-1765,c3ede3a2800a81ffdca3df363447317f358acecc,288,7,427,0.13687941431999207,0.33778059482574463
Qiskit__qiskit-1765,f5cbdb17342cf6c794888b41481e56839314f908,252,235,427,0.1556147336959839,-0.0006053280085325241
Qiskit__qiskit-1765,c721f09264d270e791750f0e297a654105d1c840,313,61,427,0.12505358457565308,0.23520612716674805
Qiskit__qiskit-1765,20e3c9f79ffbf31841bdc39dbfab0be7e33a1a5a,364,42,427,0.10665179789066315,0.2608076333999634
Qiskit__qiskit-1765,cb9033eb996061208ee55e0f6843ce8ef99a28ba,234,10,427,0.16351814568042755,0.330331951379776
Qiskit__qiskit-1765,75dd6b5d11d90c119996148b41cd607464eb3a91,409,17,427,0.057490769773721695,0.3075062036514282
Qiskit__qiskit-1765,3b929798bebc6935365bce3611469ab0103c2f7a,221,50,427,0.16751813888549805,0.24260249733924866
Qiskit__qiskit-1765,4538b35886bae5c5e2c1974eaec933eae3895efb,290,43,427,0.1354457288980484,0.2582815885543823
Qiskit__qiskit-1765,3d2a70aacc0c5dd2b521aa748a7cd7c57c51e7b3,358,57,427,0.10824163258075714,0.2377973049879074
Qiskit__qiskit-1765,7ac9d5d8aca681edfb236820edaf3d2a34d471e2,351,31,427,0.1109686866402626,0.2795946002006531
Qiskit__qiskit-1765,a4ba93c0dfc77019916b44f3360eedf27bfc7d21,326,64,427,0.12128186970949173,0.2330007702112198
Qiskit__qiskit-1765,9609f36d3495c78ca3262e7efbe30f2587d3ce9f,412,21,427,0.05136328190565109,0.3052924871444702
Qiskit__qiskit-1765,c3a3199e42cd5f9ab767e6a4caf485022119ac53,305,147,427,0.12940530478954315,0.11554893851280212
Qiskit__qiskit-1765,f423d25b7c53e770bc8065ba4f11ae2c3393be77,381,60,427,0.0943538174033165,0.23577721416950226
Qiskit__qiskit-1765,732e668f2e0a3f53cba23bcecd6eedcf263ca672,294,153,427,0.13366134464740753,0.11205871403217316
Qiskit__qiskit-1765,676e8a66d2993da5a47743e1d876b21df77fd453,362,49,427,0.10684716701507568,0.24433669447898865
Qiskit__qiskit-1765,485ad715efa7ad166ea68cae5f3ceede6a0de183,303,102,427,0.1298593431711197,0.1860165148973465
Qiskit__qiskit-1765,081aa8d049d8eb28246f971a63aa3eaf3e605cf5,355,82,427,0.10884552448987961,0.21733759343624115
Qiskit__qiskit-1765,e5c4cb7d94cf7bd43b19cf6f08e34ad4e2162353,344,75,427,0.11363860964775085,0.22395125031471252
Qiskit__qiskit-1765,96eff90c2dc7a65c3c428c9f7c60a4ee35050ac1,388,29,427,0.0849173367023468,0.28201931715011597
Qiskit__qiskit-1765,299dde214ccd168c77165098dff6011d0bebd077,354,39,427,0.1088670939207077,0.2664188742637634
Qiskit__qiskit-1765,6619eeb98e3bd76ac1728052f8d2f505cf8e1d9a,301,19,427,0.13015279173851013,0.3071610629558563
Qiskit__qiskit-1765,f918cafcab1b23ce1799c31d42bd570aece9c612,410,25,427,0.05221596360206604,0.2934974133968353
Qiskit__qiskit-1765,aa1826600064c8626624db9cb616810aa7a4b776,308,37,427,0.1286672055721283,0.27074822783470154
Qiskit__qiskit-2069,b8595cf87cbe190c59bdc4e8d5dc10c8ceda6edd,90,29,505,0.35629594326019287,0.3445844054222107
Qiskit__qiskit-6348,d45cd77a0898ca2842bb32970ef6c04ae9a412f9,751,5,2031,0.22893404960632324,0.44271034002304077
Qiskit__qiskit-2597,46ff78ed89d2c53ed6cd9d4923e89ea6bc587dbd,21,24,576,0.40690290927886963,0.6185061931610107
Qiskit__qiskit-2431,6de9394e3b7a05dfaaa35d78eb6bfe7390ed724a,138,48,572,0.24515186250209808,0.4163634777069092
Qiskit__qiskit-6556,34a35e71d6848daa635b5a4710ea1efc8c5982ec,1198,2,2035,0.2754683494567871,0.4719212055206299
Qiskit__qiskit-4582,83732d6193d2657c0526df42f49295c1b2ca55ec,452,9,1177,0.2864674925804138,0.4108971357345581
Qiskit__qiskit-7856,848e977f2b48240c61f29336154da4b9316ad9ab,86,8,2487,0.5044289827346802,0.5263974070549011
Qiskit__qiskit-9494,9e246a1fd1c139b5c42f11990625534a5d236158,1626,7,3068,0.2408618927001953,0.25565847754478455
Qiskit__qiskit-10476,c88fddadd77b287e4b9282dbd6f2ef08147dc9d8,1726,4,3341,0.2520844340324402,0.5223080515861511
Qiskit__qiskit-6487,f4213dba3c9e17ab1d6d817d057419fdf40244ea,311,1,2056,0.3774326741695404,0.6979660391807556
Qiskit__qiskit-6487,12ffe2bf41e717bb12323fed8eabd0c608ebebb6,536,53,2056,0.2934594750404358,0.4175634980201721
Qiskit__qiskit-1815,04943d1697093e6be83495f0cf232c476672e646,436,21,470,0.05209118127822876,0.20402787625789642
Qiskit__qiskit-1815,710d586b5b8b7b35f3404736f5c1ffabf4a9b3d6,244,129,470,0.2007998824119568,0.04559352993965149
Qiskit__qiskit-1815,c6296b1aef401bc94a4c1e333758a38a89bb9d4c,371,14,470,0.14098891615867615,0.23246949911117554
Qiskit__qiskit-1815,a5f30ee89b85bc3718b9821c60d894b66fae4f91,412,263,470,0.10642577707767487,-0.037967413663864136
Qiskit__qiskit-1815,c64b727576c1a5361b3f94f3e79f2db7fa040869,255,177,470,0.19497689604759216,0.012280255556106567
Qiskit__qiskit-1815,46adeff44a78083041b955b8507670a3f6bc3f6b,320,9,470,0.16745731234550476,0.2563674747943878
Qiskit__qiskit-1815,fc712d72953b979dff3d461a41fbfe1fb6cca87f,220,26,470,0.20906010270118713,0.1904517114162445
Qiskit__qiskit-1815,f2f411f3c963730a611ee6c1134ddcdb8ad6e333,82,8,470,0.26429855823516846,0.26621919870376587
Qiskit__qiskit-1815,beb17576707f39dd49abc864886c8547e8c10318,260,29,470,0.19402232766151428,0.18138298392295837
Qiskit__qiskit-1815,709c5262eb3a7aa6808ffc4cecabb45b3bf1afa7,449,24,470,-0.005209658294916153,0.19245031476020813
Qiskit__qiskit-1815,0a2c2cdbd5d2e286114025e6b33952d64debdcbd,358,1,470,0.14963477849960327,0.35196423530578613
Qiskit__qiskit-1815,c342bcbb61c9316b49ce2ec63e88d03676f479ce,285,108,470,0.1878516972064972,0.057233843952417374
Qiskit__qiskit-1815,df25c93da8bad8fd1b4e7e6d79b254264e900c17,198,12,470,0.2169947773218155,0.24188151955604553
Qiskit__qiskit-1815,53ff83adaff9c2827efa144611f0624e81244edd,428,4,470,0.08854036033153534,0.27875596284866333
Qiskit__qiskit-1815,e76ebea1068366fe0b0da5109a0a1fb9700ded4d,304,52,470,0.17601646482944489,0.11032387614250183
Qiskit__qiskit-1815,709139f900a5ee722b7eb538e88d848017b2b4de,339,43,470,0.15993456542491913,0.14048674702644348
Qiskit__qiskit-1815,99279004f70a6b8f24c6282ec73662c4abe6a86d,236,32,470,0.20311355590820312,0.1723303347826004
Qiskit__qiskit-1815,ef697c61f679f0f3c8548f0e2290eacd7c9343bb,265,3,470,0.1920686662197113,0.2870480716228485
Qiskit__qiskit-1815,46775b691210edee36e4ada28b30550813b97064,33,53,470,0.3032796084880829,0.10687751322984695
Qiskit__qiskit-4270,0f839046a63bf3ece49cbe8901523cbbf7e21c33,149,4,1070,0.37562012672424316,0.4972339868545532
Qiskit__qiskit-9038,a7f4f93efdaacdd4427a1b9d9712f8ae2f8b9c2e,841,196,2857,0.29906654357910156,0.3343953490257263
Qiskit__qiskit-9038,4c01ddc261917b48e557f2d8ef2429523fe59afe,785,15,2857,0.3119526207447052,0.40488195419311523
Qiskit__qiskit-9038,6f2e4e1077f9feb240e76f45c20c96a5ee9fdcc6,1547,356,2857,0.22318945825099945,0.2964295744895935
Qiskit__qiskit-9038,a3e4020338d0ac03b335d7768b91cb55d56403ba,787,14,2857,0.31158483028411865,0.40828606486320496
Qiskit__qiskit-9038,cfa19eb7b6cff4ad56dddd1f063f9f6774679e39,930,27,2857,0.28182369470596313,0.39466044306755066
Qiskit__qiskit-9085,cd348bfa3626ea16f635201f174d6559ef8d743e,408,140,2997,0.3003557324409485,0.3356354832649231
Qiskit__qiskit-9085,877eb28c499ef02c44e035de69ab6c750dabca22,882,92,2997,0.256731241941452,0.35655325651168823
Qiskit__qiskit-9085,95176bdc10aef95e17571f7d18cc9c418b9e93aa,521,42,2997,0.2873709499835968,0.3903615176677704
Qiskit__qiskit-9085,7c2e2af35efb228e604abeb42c59f83bf49297df,1860,121,2997,0.17662441730499268,0.34054437279701233
Qiskit__qiskit-9085,60d18da562bf3ab088518c87586151ada9f92784,113,4,2997,0.3464196026325226,0.4571805000305176
Qiskit__qiskit-9085,8950de5ccc9fd2895625437e7fba7f14f1e979ea,1121,25,2997,0.23486226797103882,0.40116506814956665
Qiskit__qiskit-9085,2797ce48fe54625c61c84a2def734ec647c802bb,918,15,2997,0.2532053291797638,0.4107626974582672
Qiskit__qiskit-9162,d23656620319bc18b291eaa9ea82629ceb9f7968,1698,772,2891,0.29874929785728455,0.19066792726516724
Qiskit__qiskit-9162,44ce2253fddf0ae5ff7c81da0bdf2ed0b345ed94,112,139,2891,0.43224596977233887,0.26573845744132996
Qiskit__qiskit-9162,950b2447d936e3d328c205a6949c94c1681af76a,2328,2757,2891,0.25698643922805786,-0.07508157193660736
Qiskit__qiskit-9162,cf2aa70a40444c181e79bc4fec31acd7101439d3,2362,2460,2891,0.253352552652359,0.007045440375804901
Qiskit__qiskit-9162,2c280c2fa6cda43da28934be979e49edcb787f1b,1170,2710,2891,0.33645176887512207,-0.05727691948413849
Qiskit__qiskit-9162,3326d3dae1a3ab369cfa8c5d3a32bbbdac99d1c8,1561,1937,2891,0.3077712953090668,0.0878613069653511
Qiskit__qiskit-9162,bb5c66fafe821838ee994ab9e1c5ba30cd24aba6,1663,1446,2891,0.3010091483592987,0.1379987597465515
Qiskit__qiskit-9162,4d460894aab2851b44d4f111bda44cff59ec23b7,2090,2021,2891,0.27433955669403076,0.07642277330160141
Qiskit__qiskit-9162,4f59d1b9f6c21a52fdc34671aa50e78f1e79002a,960,1407,2891,0.3500113785266876,0.14196932315826416
Qiskit__qiskit-9162,b7cb21ac8a1649245d57496842cd471cb2d927e1,1354,1521,2891,0.32254379987716675,0.12945088744163513
Qiskit__qiskit-9162,b20ca0cf9a8a0d3de4e2d9aa0b146a8d26c694d3,1699,2348,2891,0.2987060546875,0.028506428003311157
Qiskit__qiskit-9162,fb346d6e56390fa8e37f5866bc479e3ca7c41a24,2404,2731,2891,0.24928626418113708,-0.06633350253105164
Qiskit__qiskit-9162,9db38aa71ab780c3e87300a5602e87ea52dbaff1,2375,2132,2891,0.251725435256958,0.062288422137498856
Qiskit__qiskit-9162,346241d3b2cad8e9a23c72dc4beda9cd53385c88,2305,2629,2891,0.2593438923358917,-0.03298153355717659
Qiskit__qiskit-9162,ec27ef5239013bc44e908fd7a0940ee11c1f8c90,668,2570,2891,0.37332379817962646,-0.016531353816390038
Qiskit__qiskit-9162,3295bbf4b9c866e3adf0efc839d8d818a0210eb0,2780,1518,2891,0.17541304230690002,0.130279079079628
Qiskit__qiskit-9162,fc59ee355b95e543a09b00e40f729f97fcd31656,322,2773,2891,0.40251457691192627,-0.08846957236528397
Qiskit__qiskit-9162,874389147ac10dc7f3a30c21df444c4ab3af250d,1782,1912,2891,0.2932268977165222,0.08994954079389572
Qiskit__qiskit-9162,f811bea83f73b7e8f958de65d5f81d440c43aa56,1414,1216,2891,0.3177775740623474,0.1585019826889038
Qiskit__qiskit-9162,9d0561c11c6d2f33520204b4dab88ada7f16bc8b,1102,898,2891,0.3403717279434204,0.1800505518913269
Qiskit__qiskit-9162,430e7842278f2a03b1c81b75b5a0f1f9ec53910f,2701,2259,2891,0.2029169350862503,0.04327025264501572
Qiskit__qiskit-9162,7f5f9fcc700851628adb613627821bd6f78a154e,370,1947,2891,0.3967747092247009,0.08672301471233368
Qiskit__qiskit-9162,293e0a641e8a702b8daf5596a1b514ca7da295ce,1634,703,2891,0.3027220368385315,0.19594039022922516
Qiskit__qiskit-9162,4756cb98ef6343445376ae8200ca9e4fed6fa80a,2775,2329,2891,0.17759087681770325,0.030327804386615753
Qiskit__qiskit-9162,046452074aeb21d0fde5bef841116348aaab95a2,1431,1768,2891,0.316378653049469,0.10257648676633835
Qiskit__qiskit-530,06dc4b05caced54e462d98a78f8ca4da079478ac,80,56,365,0.2536529302597046,0.5654970407485962
Qiskit__qiskit-530,d19123fcd445e2e77138b7f6d6c48f7cb17bc2f4,152,22,365,0.210555762052536,0.6013849973678589
Qiskit__qiskit-530,dcd1adaa80a726385923a77d8d227acbff2e9fe4,191,76,365,0.18849769234657288,0.5472824573516846
Qiskit__qiskit-530,6c5787b9381de25cdb22cf1fce0cb739c7940ad6,61,47,365,0.26673391461372375,0.5727553367614746
Qiskit__qiskit-530,c1e1b68dd5990417f75b72589cfb12d5d36abf75,340,97,365,0.03316010162234306,0.537139892578125
Qiskit__qiskit-530,2908e8ef5c4a50a89b1ba81552e8a07edee972bc,212,24,365,0.17805570363998413,0.5981330275535583
Qiskit__qiskit-530,154011f5c7120c44f7101ea95d2052560686e22a,303,41,365,0.10695851594209671,0.5793014168739319
Qiskit__qiskit-1115,aa58784cf246592ea908ba77bdfbb92d1813d0a5,53,6,468,0.317807137966156,0.4880673885345459
Qiskit__qiskit-1115,10d59a2aa7f0d9dbf230a9bd590d647a230ee700,222,1,468,0.22095121443271637,0.5728165507316589
Qiskit__qiskit-1334,4b2223bc099cde779de6cf9158aea20f7272c58e,141,2,553,0.175909161567688,0.7056046724319458
Qiskit__qiskit-1334,b689562b701eacf9c4408084a7d68417c4c04700,208,3,553,0.15787401795387268,0.7046082019805908
Qiskit__qiskit-9316,ce5178436abbb5fcd8ab3acb74c02228efc32112,115,24,2967,0.42853015661239624,0.5324278473854065
Qiskit__qiskit-9316,089934e7dc8042c098b734ec465cd3c39af67fac,736,14,2967,0.36523014307022095,0.5541979074478149
Qiskit__qiskit-2249,504d9c3bfc470c9eab5825fcf57396fe07563686,342,15,590,0.19579288363456726,0.30047833919525146
Qiskit__qiskit-2249,4fbed5d29fe291bfd0703bc4c125233294c93004,506,219,590,0.1339908391237259,0.1896980255842209
Qiskit__qiskit-2249,da1581561a9824a0583dcef3d1446c645afd0fae,413,259,590,0.17563840746879578,0.1753811538219452
Qiskit__qiskit-2249,07fcf187eaa6f6ca33a26a6031264550bd770778,220,118,590,0.23353584110736847,0.23694860935211182
Qiskit__qiskit-2249,6cf92238a27b058b29ac1ee165afdc5fd30b9dc0,464,535,590,0.15720689296722412,-0.051196157932281494
Qiskit__qiskit-2249,7bd4ea1b57c119f7001fcaf1033fb224615e1abe,227,440,590,0.231745183467865,0.06061099097132683
Qiskit__qiskit-2249,58d43f551a8facbd76ad0e722edfd5c71c56530d,542,274,590,0.09991547465324402,0.1702914535999298
Qiskit__qiskit-2249,a030558b2037a2100ca5f6e09abcf8e4013e6c39,29,560,590,0.330778032541275,-0.10984175652265549
Qiskit__qiskit-2249,bfd403682da01c8ff4827fc624c0f2821fcef993,134,42,590,0.25687751173973083,0.2791471481323242
Qiskit__qiskit-2249,d34fc8ab7a2f79aa0212805e08fdb030aee19903,481,301,590,0.14542873203754425,0.1565401405096054
Qiskit__qiskit-2249,e3dbdebfd5fa429abcef8031913c50ab0afbf5b3,283,441,590,0.21531298756599426,0.05945803225040436
Qiskit__qiskit-2249,5aae1ad5565678c18d15ef572935ce73ffcdae8f,198,494,590,0.24054399132728577,0.012770373374223709
Qiskit__qiskit-2249,70dce516ad93a936256b7f1401ceeb8811294e0a,494,325,590,0.13820074498653412,0.14318296313285828
Qiskit__qiskit-2249,78589f83955f112c6b6dfac902eb4f0664717c7f,479,96,590,0.14699146151542664,0.24782930314540863
Qiskit__qiskit-2249,d0af73cac24c151147fe0bbe18f570f6b9ba1f38,264,316,590,0.22148564457893372,0.14916901290416718
Qiskit__qiskit-2249,b75ff45ce5e06820574d87945ecbb36bd8a91ef5,475,170,590,0.14967693388462067,0.20847883820533752
Qiskit__qiskit-2249,111cd9ccbadc9239a137d5088529246f2db5da21,168,580,590,0.24780471622943878,-0.1688375473022461
Qiskit__qiskit-2249,d1862f6e6112dd06caa8e9d759ca2a1dee91a7ad,533,122,590,0.11327344179153442,0.23629575967788696
Qiskit__qiskit-2249,16ed15a36510d340c381d88a98e8272c210f11c2,27,244,590,0.3344460725784302,0.18087901175022125
Qiskit__qiskit-2249,e83a02d58150bc74917c80cde65dac6a815c8c91,4,362,590,0.5073633790016174,0.12022341787815094
Qiskit__qiskit-2249,08e9c20f15ae8b8b18b3ca0659bb3ed944fbf463,271,558,590,0.21953341364860535,-0.10551530122756958
Qiskit__qiskit-2249,e74f144831d1db99840cf560457abdebc317d985,389,465,590,0.18183287978172302,0.03986353427171707
Qiskit__qiskit-2249,74d6c173de58a3e194074e350ffff6c94b1ea0f7,548,273,590,0.09606840461492538,0.17096282541751862
Qiskit__qiskit-2249,d8fa0b17f0339c907e1068843829011f94c7912b,157,172,590,0.25132906436920166,0.20715612173080444
Qiskit__qiskit-2249,d032862fd881e2ba23c7c5586d4e7a731525826d,12,230,590,0.43220701813697815,0.18540523946285248
Qiskit__qiskit-2249,2ffee49c96f6b0d4e726b20ab221ca6cee9b27eb,510,470,590,0.13069617748260498,0.0360184982419014
Qiskit__qiskit-2249,572b8c2912e61883fcc11affa46dc9ad45433bb7,410,430,590,0.1768963485956192,0.0669497400522232
Qiskit__qiskit-2249,54576d39576815db2249d38696bbaaf2bcd1af14,516,297,590,0.12637080252170563,0.15960736572742462
Qiskit__qiskit-2249,01284ea8964204deada91be5bd2ab15fda138587,557,97,590,0.07510519027709961,0.24581323564052582
Qiskit__qiskit-2249,f2f9121b6ab22505346a196850382f23b2d024df,435,366,590,0.16628600656986237,0.1162642389535904
Qiskit__qiskit-2249,38e5c105f54f00372c0a1094e5c97daf6c1e4f7b,189,403,590,0.24236425757408142,0.09435374289751053
Qiskit__qiskit-2249,57ba73dd00211471c69a7812d63452b814073bdf,241,229,590,0.2288152128458023,0.18570268154144287
Qiskit__qiskit-2249,549ae1a76df2d393f3e4f950cb30444be0d60ede,341,314,590,0.1961284875869751,0.1500222384929657
Qiskit__qiskit-2249,898234c06b42f6d51b3e1dd76e00d2d1c38fcdf5,553,66,590,0.07836086302995682,0.2697063088417053
Qiskit__qiskit-2249,43977c506993be00b98f761ef97e51a16ece7000,56,260,590,0.290325790643692,0.1750829964876175
Qiskit__qiskit-2249,954cc8dc0803f33cef72a063e3a0bcc98f1015ac,261,564,590,0.22251982986927032,-0.12797677516937256
Qiskit__qiskit-2249,076b6023d20d5abb19d157fb99a966d9ce516eb0,422,198,590,0.17168155312538147,0.1968621015548706
Qiskit__qiskit-2249,52f67a199d5059589680545367bb79e6fe722c23,229,144,590,0.2314521223306656,0.2238815426826477
Qiskit__qiskit-2249,6619d470d67fd7cfdfe5e52d768855e7cd783bbf,40,74,590,0.30643314123153687,0.26482537388801575
Qiskit__qiskit-2249,0b3d30bf9b66ade9b4f5e94b8da29630c40fd67b,550,587,590,0.09561800956726074,-0.22894565761089325
Qiskit__qiskit-2249,4bd360080e162d6a7e2e688094dc7a0a3d68340a,267,181,590,0.22073614597320557,0.2042476236820221
Qiskit__qiskit-2249,0b7b8730bbfa90c258f0d86b422baa369ad90c62,493,222,590,0.13821007311344147,0.18911173939704895
Qiskit__qiskit-2249,daa068e5443dfe7d94c768e29d72e191cb7e9a02,83,40,590,0.27507954835891724,0.2799406945705414
Qiskit__qiskit-2249,36b65b39cb10610a65e68fa2309936761a7e253f,487,203,590,0.1429033726453781,0.19565674662590027
Qiskit__qiskit-2249,cc08706343834410892781a2275ae62c7988d3ec,79,47,590,0.27597495913505554,0.27653446793556213
Qiskit__qiskit-2249,22b77a99af00d1134fb9388fa17e473eaa5eff7b,270,135,590,0.21953992545604706,0.2299962341785431
Qiskit__qiskit-2249,0f15b49e3417aa47b75dc907f9b1f92aa04df4cf,517,486,590,0.1258971095085144,0.026226498186588287
Qiskit__qiskit-2249,c85abdab9568ffa50883d2ce05a00c4dc5da3465,383,243,590,0.18299579620361328,0.1810063123703003
Qiskit__qiskit-2249,e30ec72601306e77b27d9b415da1d85e5cbb329e,498,175,590,0.1366995871067047,0.20601004362106323
Qiskit__qiskit-2249,649cad656957a0c5a2477225645437136ddcca41,311,352,590,0.20622053742408752,0.127931609749794
Qiskit__qiskit-2249,efccd9227aabb30d1a525180621dbf89d861b82d,378,548,590,0.18436267971992493,-0.0770941972732544
Qiskit__qiskit-2249,05844209f518504f718921691d872d642d87eaf0,242,163,590,0.2288086712360382,0.21376973390579224
Qiskit__qiskit-2249,62bd2107496392a2d1decff84712cc58e662a687,431,584,590,0.16726401448249817,-0.18998558819293976
Qiskit__qiskit-2249,ef181e2bafef95afcf791f0c67fdb5de7816a235,511,106,590,0.12951190769672394,0.2402741014957428
Qiskit__qiskit-2249,16a45a52070f1f8241bf342b91cd273877572e46,312,261,590,0.2061167061328888,0.17502477765083313
Qiskit__qiskit-2249,0e0b1a2d62b1606f3ad66ce8b72d59641144a51d,363,393,590,0.18860715627670288,0.10014879703521729
Qiskit__qiskit-2249,a217d011dc8ebd90b1570cd76626ba03c1e57eb7,176,45,590,0.24615108966827393,0.27719151973724365
Qiskit__qiskit-2249,a2cf50fc5770c798c50099743b2ffb9c9df56b30,377,294,590,0.18454164266586304,0.16105149686336517
Qiskit__qiskit-2249,294bde26aa728258cdaa8f0faf90a3d5a5bc528e,255,130,590,0.22474756836891174,0.23096242547035217
Qiskit__qiskit-2249,b4d84c20e24776ff5b6ee2e6e24b51ad3e6f808e,386,169,590,0.1824805736541748,0.20876136422157288
Qiskit__qiskit-2249,f0cb372b7335c501ff4a236b40cc0bdf0d764a21,531,125,590,0.11386844515800476,0.2340516746044159
Qiskit__qiskit-2249,e66c0493eaf0a9c2a23c8e26914fa4860b7e6592,513,586,590,0.12782591581344604,-0.22021254897117615
Qiskit__qiskit-2249,9c97040364f5c5b60a3c3c6e7842487469292822,250,99,590,0.22631388902664185,0.24210739135742188
Qiskit__qiskit-2249,e69afae741859fe05b5f191d930aaa0cc0138694,35,268,590,0.3192223608493805,0.1735437512397766
Qiskit__qiskit-2249,31fdd1482b311f9e576df502b3e3694f2441ecf8,205,550,590,0.23866727948188782,-0.08483313024044037
Qiskit__qiskit-2249,721f9ee196606e70882dd15078581f05c9b24c98,177,156,590,0.24612995982170105,0.21643024682998657
Qiskit__qiskit-2249,1c7f265e24989dbc8475043371f9a4dc6d9b6a90,480,452,590,0.14571113884449005,0.051174018532037735
Qiskit__qiskit-2249,3fdcfff5f72dd146a64e3f578f9800597b054c83,46,30,590,0.29896706342697144,0.2830599546432495
Qiskit__qiskit-2249,738edcd04d5c662f9c7979fc796e21d888652a92,360,457,590,0.1898830235004425,0.04830329865217209
Qiskit__qiskit-2249,d616b137721dd37cf5fdb44de919a23c249ca5fb,95,160,590,0.2709543704986572,0.2150014042854309
Qiskit__qiskit-2249,6cea432c6693c5999b60245611be8e69975149d5,519,13,590,0.12181112170219421,0.30588671565055847
Qiskit__qiskit-2249,48a8b918fbac2392868cfc39d5cd8d21ea59e66d,223,322,590,0.23280847072601318,0.1459280550479889
Qiskit__qiskit-2249,e771c0479e149dd0d12e9b7da3f6d9cdde2dd6b8,260,478,590,0.22268900275230408,0.0322360098361969
Qiskit__qiskit-2249,57367f9259c0351ee554ed0a55059394af9ccedd,367,182,590,0.18744218349456787,0.20412983000278473
Qiskit__qiskit-2249,d4f8e92ac514db357365919068f31b389b2d08ff,354,237,590,0.19148100912570953,0.1830824911594391
Qiskit__qiskit-2249,238e5278344292ebc62ea19aff765bfc678760a7,414,121,590,0.1752300262451172,0.23641753196716309
Qiskit__qiskit-2249,8a9761348754291cfe20dc9c5d83574123782ac0,226,345,590,0.23199841380119324,0.13131918013095856
Qiskit__qiskit-2249,e7033c231b0b964221c29d0b4f0cf0675ef9c89c,459,84,590,0.15892787277698517,0.2576366364955902
Qiskit__qiskit-2249,51ed9748f50bb49ad7c826309dc713e831e6e669,368,576,590,0.1871972382068634,-0.15823307633399963
Qiskit__qiskit-2249,6a7f616b202b8a63a4342370669222f608305be3,549,538,590,0.09578871726989746,-0.05436810478568077
Qiskit__qiskit-2249,b86265c5d333ec98a3cde86a9ce370312d621d2b,529,71,590,0.11429613828659058,0.26563528180122375
Qiskit__qiskit-2249,a5d0cfb272396648b8898158c2cb335157085139,251,342,590,0.22622740268707275,0.13248491287231445
Qiskit__qiskit-2249,40d89a6db4c6b5e1a07eed580e0610caf899484f,401,278,590,0.17896419763565063,0.16803768277168274
Qiskit__qiskit-2249,eea0be50275b80f87d99560a3c5970214c89dbf9,23,275,590,0.3524436950683594,0.1702643483877182
Qiskit__qiskit-2249,5175035344596c88e6bbaa6d70d09d08959fcd01,421,508,590,0.17180891335010529,0.00030236784368753433
Qiskit__qiskit-2249,780d3501dd27e2668fed57bd8667eab688a8d219,525,577,590,0.11646817624568939,-0.16236335039138794
Qiskit__qiskit-2249,4958d8f0fc222a6d881d98871909e9ddac1e0d17,508,583,590,0.13264596462249756,-0.18129117786884308
Qiskit__qiskit-2249,8ab98a949a49711b847b798466b2cf1b608f8ab0,555,64,590,0.07728483527898788,0.2702513039112091
Qiskit__qiskit-2249,64160c8fd9240ee484a315db3a54a0c61ce03a6d,128,536,590,0.2586071193218231,-0.05163969844579697
Qiskit__qiskit-2249,d12b7f6ef6808d590ca2aa39eb05ffcd4ad8ad2a,265,419,590,0.22125478088855743,0.07899251580238342
Qiskit__qiskit-2249,5120a776e69e24978e9c9d484131f23cac1c6e88,278,183,590,0.21650944650173187,0.20368938148021698
Qiskit__qiskit-2249,1f78ef06a01fc7cdb8089e8ffe112254825b0e04,338,212,590,0.1974228024482727,0.1917037069797516
Qiskit__qiskit-2249,368b901146955fb22d3a5c1eb46fa75ce5123dd6,305,504,590,0.20815685391426086,0.004261333495378494
Qiskit__qiskit-2249,261f03512828649f8ba9cf2bae121532056ccee9,240,306,590,0.22883333265781403,0.15473100543022156
Qiskit__qiskit-2249,72a4c0959a604e3c0cf6b4eadbf812ee40c7dcbb,148,157,590,0.25412899255752563,0.21641132235527039
Qiskit__qiskit-2249,97de43d964010dfd3be7e70ed08d5a84d8b098c5,434,131,590,0.16642484068870544,0.23069562017917633
Qiskit__qiskit-2249,33d2854e8d129ac862074e1ef8f47176614e338f,488,138,590,0.14145708084106445,0.22698545455932617
Qiskit__qiskit-2249,92a9533f4ee25feb03c9913dac510dd95227d75f,563,11,590,0.06374768912792206,0.31137388944625854
Qiskit__qiskit-2249,0757fe983af1813abf9a37bfca47a2ead2621b47,497,149,590,0.13687948882579803,0.22148579359054565
Qiskit__qiskit-2249,7c6e67f122448374c387cd7a246924ae41130149,496,582,590,0.13690185546875,-0.17776179313659668
Qiskit__qiskit-2249,4fd32fa143000fae8a06b2cf3b260957f51670f0,426,126,590,0.1689390242099762,0.23292842507362366
Qiskit__qiskit-2249,3951e828360f6ab94fd8decad5f5e8f0835aa78a,172,129,590,0.246905118227005,0.2317374050617218
Qiskit__qiskit-2249,77bbf7add56557fe549498ca97a37be52aafac3e,532,37,590,0.1135619580745697,0.2803729176521301
Qiskit__qiskit-2249,8492cd6280ab107e21cbfe8606d4ebf08a73d535,505,353,590,0.1342582106590271,0.12726294994354248
Qiskit__qiskit-2249,b2f92d869b3c4f40a4889fc8c51dcfd35be93fdc,108,578,590,0.2652328312397003,-0.1631430983543396
Qiskit__qiskit-2249,b2fd75547bca946cef3a32e26fa35c32ed8ce521,287,471,590,0.21379803121089935,0.03535270690917969
Qiskit__qiskit-2249,7de312a550a0a7d674c80c3ef8a20bc3c0371dd9,486,58,590,0.14347849786281586,0.2727120518684387
Qiskit__qiskit-2249,4a197d93d215dbc3b6666da1341dde3f9b79e4ba,537,534,590,0.1099676638841629,-0.05043673887848854
Qiskit__qiskit-2249,c6cc804fa599277bf76408441c496cbca0419ff6,224,9,590,0.23225581645965576,0.3162965774536133
Qiskit__qiskit-2249,d68a2f4ae94b4c47d1662606071636f69eb8a1fc,182,185,590,0.24534699320793152,0.20210811495780945
Qiskit__qiskit-2249,dabc9496cdf8f37a43b0de5bedd64f2a8f7479d4,48,120,590,0.29806771874427795,0.23653912544250488
Qiskit__qiskit-2249,bf2d7faf659f2e506a2b493672659f87a6fd762e,279,549,590,0.21640372276306152,-0.08045612275600433
Qiskit__qiskit-2249,e11162dc85e2238ec554727fa570267a696b1386,343,553,590,0.1954297125339508,-0.09290002286434174
Qiskit__qiskit-2249,9157eafec8750ca5c7919b3e571b19424eb825b7,302,569,590,0.20876182615756989,-0.1476326882839203
Qiskit__qiskit-2249,dabe0f9e2a652e67ae67ba1e499a372fdbffb43a,254,406,590,0.22494818270206451,0.09281723946332932
Qiskit__qiskit-2249,b2a58dc045bdc194003c3845ad3ba59fbad5819e,409,318,590,0.17730672657489777,0.14827832579612732
Qiskit__qiskit-2249,46263dcbd446911d5f7e3e13356fc4f36566dddf,212,530,590,0.23596042394638062,-0.033508848398923874
Qiskit__qiskit-2249,0d536e1c7f09752deb4d9bb97dd84805fbaacb2e,290,343,590,0.21300190687179565,0.13228558003902435
Qiskit__qiskit-2249,a6bb7c52b3211b5ae56d0add9cb44f68e33efa03,427,540,590,0.16836412250995636,-0.058934956789016724
Qiskit__qiskit-2249,f90d431f2e4b78dbd019cd72fe677b67625c9909,476,381,590,0.14940324425697327,0.10760346800088882
Qiskit__qiskit-2249,16fd1fdd88c4768b27f7d441ec710c703bb703a1,524,113,590,0.11784909665584564,0.23776112496852875
Qiskit__qiskit-2249,0c10ed57e24005169ab1e3e76e54b516c741a101,388,95,590,0.18207937479019165,0.24790817499160767
Qiskit__qiskit-2249,24de5ca16a0d0ae90b5256c9c9600c3caa81e6a6,411,70,590,0.1768898367881775,0.26692456007003784
Qiskit__qiskit-2249,18aba8320f24d56a2f66c015200f81e67529cc82,114,312,590,0.26271820068359375,0.15200188755989075
Qiskit__qiskit-2249,40cf9a354f2d71862e2c7a6a50b59be39f66fef6,309,179,590,0.20714277029037476,0.20480084419250488
Qiskit__qiskit-2249,5b53272b67484ca1dbd0df68e594002d4e7f0fec,474,563,590,0.14969667792320251,-0.12420891225337982
Qiskit__qiskit-2249,f7a10ba135f1776b64fb584d4a237de70a3fa65c,407,511,590,0.17777833342552185,-0.003287138417363167
Qiskit__qiskit-2249,4b72a8b8ba4035b591694982869c45c5644fa677,436,367,590,0.16602489352226257,0.11615212261676788
Qiskit__qiskit-2249,901516e3ea339016b35a05d0784d972c41c13c4d,556,89,590,0.07592922449111938,0.2523919939994812
Qiskit__qiskit-2249,8983660e43b39cb2933ca4357768d2a8de2f20b8,238,579,590,0.22938764095306396,-0.16578291356563568
Qiskit__qiskit-2249,61609cb4766f5528b6890f1b77ee5b6ef92203ff,521,415,590,0.11985793709754944,0.08458206802606583
Qiskit__qiskit-2249,268560a88f196a542f20d8d56b8ddd65ce05c8b5,221,265,590,0.2332615852355957,0.17394791543483734
Qiskit__qiskit-2249,d4018d1d3d3e34e3d0cf2aefa1474efe77e8206c,314,14,590,0.20484647154808044,0.3055100440979004
Qiskit__qiskit-2249,5f8cd759b57f3caaf18a9f497e83ac75ca22e585,284,447,590,0.2152079939842224,0.0547269843518734
Qiskit__qiskit-2249,c57243eb9e3625f89f05d088b0d8bf454e223912,42,225,590,0.30401623249053955,0.1860601156949997
Qiskit__qiskit-2249,9e88ff2fbc10fdbdb2f93954b0a21f08443cbc10,307,291,590,0.2072329819202423,0.16271185874938965
Qiskit__qiskit-2249,e1c90dd30ca0cdbfe574997426333e1776480735,541,91,590,0.10034208744764328,0.25144967436790466
Qiskit__qiskit-2249,1f042b74146278a28f84a270bb6b2881c77a2e30,282,573,590,0.21533417701721191,-0.15677323937416077
Qiskit__qiskit-2249,689b55cb82b8933dcf0c1b32c28360362332c44c,359,433,590,0.1906096339225769,0.06539212912321091
Qiskit__qiskit-2249,5229c46a006eb45f02c13c0aa436a8a2f3909d40,454,27,590,0.16046090424060822,0.2844269573688507
Qiskit__qiskit-2249,978d52e5ca75ef0ef186a09e9ac9eb82d4b9b3c4,456,561,590,0.15921127796173096,-0.11863364279270172
Qiskit__qiskit-2249,addb9928abe538aac7a9bc6f6a632eff66f4b2be,19,133,590,0.36551472544670105,0.23068344593048096
Qiskit__qiskit-2249,1e7cb70a03cc6d0bab2a4bf7fd87fd2019a522bd,253,168,590,0.2251068651676178,0.20895622670650482
Qiskit__qiskit-2249,591b2f58f472f769ff4cf95b3a095ff1c998058f,180,418,590,0.24593105912208557,0.07954991608858109
Qiskit__qiskit-2249,d6bd502f3699ad11df611f89f2ec900dc012c5a6,294,52,590,0.21093419194221497,0.2742992639541626
Qiskit__qiskit-2249,b24beb91927ff6c2567e477b9fdf3fec73df8bc9,499,532,590,0.13652195036411285,-0.046279940754175186
Qiskit__qiskit-2249,071fb2157fc06fe746e55093d3d3e12237ad80c7,275,590,590,0.21802887320518494,-0.2548243999481201
Qiskit__qiskit-2249,ade57aaa853123fbc42c5cdd055a72530458d3c1,195,78,590,0.24094754457473755,0.2616466283798218
Qiskit__qiskit-2249,775eed66a057205bd3dbdbbbd11edb5e144fb119,477,39,590,0.14879417419433594,0.2800191640853882
Qiskit__qiskit-2249,c6343a4f2a8130052e457976c2504cd6167362aa,433,286,590,0.16720332205295563,0.1649942696094513
Qiskit__qiskit-2249,fbf244f4cef71ca327e5ebe53bcfdb5eac006244,344,262,590,0.19527319073677063,0.17494960129261017
Qiskit__qiskit-2249,ce129e536e69540ada9dff60de39a991e2dc3970,130,251,590,0.2579139471054077,0.1785629540681839
Qiskit__qiskit-2249,c661b9db2cf9499993e69cb4dc303ab16860c4ca,515,248,590,0.12658165395259857,0.17997494339942932
Qiskit__qiskit-2249,ebaaf6e591f19d7fe1a6eab578c1ce68503bcba3,528,571,590,0.11438192427158356,-0.14964358508586884
Qiskit__qiskit-2249,1ad5cf0b1218f72b2c552ddd4e15a9dcd3bf9d02,247,451,590,0.22748057544231415,0.0528063140809536
Qiskit__qiskit-2249,2ea99c4d559293901b06de3176495462985b4a7d,63,255,590,0.2815943658351898,0.1777631938457489
Qiskit__qiskit-2249,13cd2b4347008169639ca6b4045c49854a9a75ca,59,272,590,0.28561246395111084,0.1709887981414795
Qiskit__qiskit-2249,f41e920245743bfb45e13725af2b945a82d0698c,22,101,590,0.35634350776672363,0.2413923442363739
Qiskit__qiskit-2249,a09da522dcf93200130cda2dbc35b879dcffe110,310,432,590,0.20639722049236298,0.06554760038852692
Qiskit__qiskit-2249,47bb754894187f0e57579bbc08295707730c43d9,412,581,590,0.17582044005393982,-0.1731533408164978
Qiskit__qiskit-2249,ea110d666ce8596771e4fe4cd2bb735136d0cba4,326,311,590,0.20046165585517883,0.15309946238994598
Qiskit__qiskit-2249,dd12f5aab49f0ce8b8dfa768760d4d6a56887792,485,551,590,0.14367881417274475,-0.08956979215145111
Qiskit__qiskit-2249,ac158049a29eb5dc939bf1356dd65f024d10c3ac,166,438,590,0.24849218130111694,0.06280534714460373
Qiskit__qiskit-2249,4217cc317d5813aabc866698f73afe90f91f05de,364,85,590,0.18853157758712769,0.25588688254356384
Qiskit__qiskit-2249,ebf528e3ab212e2a21acd04f5062829348fa3f9f,396,147,590,0.1802603006362915,0.22241133451461792
Qiskit__qiskit-2249,3ef4a07f1863a09f68999fe1240b87aea5ccce89,491,105,590,0.13875305652618408,0.24092444777488708
Qiskit__qiskit-2249,95fa4abf238c42c0b7d4161e1216c6a7e6e68b26,214,227,590,0.23541249334812164,0.1858588457107544
Qiskit__qiskit-2249,6590ad708f57ce4f0f670e2e7c6513fa66b35618,473,332,590,0.15034231543540955,0.13704267144203186
Qiskit__qiskit-2249,d90fb318d764b5c2a8b91f7c3f997b573753e5bd,169,178,590,0.24730366468429565,0.20503008365631104
Qiskit__qiskit-2249,b79efbde10a6590a19557c2ab12198f8285ef4e4,381,444,590,0.18353821337223053,0.057731352746486664
Qiskit__qiskit-2249,169810fe35af0a4558b08c36c12862f7599e13af,447,285,590,0.16262227296829224,0.16531965136528015
Qiskit__qiskit-2249,01328e62a9a2829c1fbc8805e758ca1f0af1dfcb,539,186,590,0.10433638095855713,0.20139625668525696
Qiskit__qiskit-2249,34dd5c749ad1c179b9d5d678738a9f6514b496d0,286,462,590,0.2142498791217804,0.042617738246917725
Qiskit__qiskit-2249,4ab73144b4478ee7744424cca15f27716c6db24d,543,547,590,0.09974554181098938,-0.07208967208862305
Qiskit__qiskit-2249,61037c2de9a9a561049b76f0c38fbd3445520336,335,258,590,0.19807328283786774,0.17572227120399475
Qiskit__qiskit-2249,5b8a417329ef5c2521dd895a6396c50262f1bcbe,395,119,590,0.18052183091640472,0.23691999912261963
Qiskit__qiskit-2249,009043bda88200f34a50775db73a3db1895d545d,175,448,590,0.24632246792316437,0.053876012563705444
Qiskit__qiskit-2249,7d85e1075f6f7911f4df8f8d78088ce9738ce773,107,562,590,0.2660936117172241,-0.119400255382061
Qiskit__qiskit-2249,e57fd97d97c60f406723d2840d6d4413737193e8,204,79,590,0.23917153477668762,0.2610747516155243
Qiskit__qiskit-2249,d432fb942cf7d526857196f0fd2d27070ab330ef,484,546,590,0.14467328786849976,-0.07176074385643005
Qiskit__qiskit-2249,18aee1daee36173550e175fedacb94a4900a6d80,213,38,590,0.2357376217842102,0.2802679240703583
Qiskit__qiskit-2249,490af95ebaf7d205e03c0eb98e8ce933234e319f,206,473,590,0.2384997010231018,0.0350678488612175
Qiskit__qiskit-2249,8f9919f2895e3c32df158dc536e9c51e6ac1c851,72,489,590,0.27843740582466125,0.019225843250751495
Qiskit__qiskit-2249,896e26d9394a1984d84c3dff55c0b3a0aaa0d242,402,46,590,0.1788044571876526,0.2765986919403076
Qiskit__qiskit-2249,d7c187a2d745f96dc88547acf349d716887ccf0c,478,498,590,0.1474798023700714,0.01098063588142395
Qiskit__qiskit-2249,f0dc26267c55782ae6ffa1b33b62e4749b081b6f,444,283,590,0.16342739760875702,0.16586288809776306
Qiskit__qiskit-2249,7daa900bdd86db71bd01843b61b3716e2e3e975e,380,373,590,0.1836729645729065,0.11290809512138367
Qiskit__qiskit-2249,10ef4c440aa5779b178ee464e951bec2a9eeee5f,566,401,590,0.03642459586262703,0.09608975052833557
Qiskit__qiskit-2249,c269c8621d8b25380c0bfead82cee02360a968be,337,520,590,0.19767367839813232,-0.01801478862762451
Qiskit__qiskit-2249,66ef1c061df6912741db8486c95217a31d5fae7e,256,75,590,0.22459754347801208,0.26427558064460754
Qiskit__qiskit-2249,5baa86d4b6f09546b8b94052228d65681c521819,268,81,590,0.2205832302570343,0.26035764813423157
Qiskit__qiskit-2249,1c1ef22d1789c69f8da3532a46effb88d5322b46,304,365,590,0.20829761028289795,0.1173086017370224
Qiskit__qiskit-2249,7eb171023d5dbc964ef5393bfa2cf775be248623,187,31,590,0.24361586570739746,0.28293612599372864
Qiskit__qiskit-2249,4b836a6d116de941f40acf79d3dd32d96b7448bd,52,127,590,0.29309046268463135,0.23243822157382965
Qiskit__qiskit-2249,7b9c91a7f78533798ce273cdc6cd42e1b49f4635,272,427,590,0.2194107323884964,0.07082048058509827
Qiskit__qiskit-2249,3e3b888d7528b4f2acbcbabe68feced2d03a1202,5,385,590,0.5002512335777283,0.10652005672454834
Qiskit__qiskit-2249,c0c27e554c409c928f92bc6018c934c898d83ee4,432,506,590,0.1672229766845703,0.002893807366490364
Qiskit__qiskit-2249,38d0215cb839586c2b9cf487d6a8ad29777c3c62,291,3,590,0.2124735563993454,0.36049914360046387
Qiskit__qiskit-2249,f2ee6fdaf19334a61b3541bb37d40a83c6fa91c8,373,231,590,0.18540161848068237,0.18538954854011536
Qiskit__qiskit-2249,a644d6c825ba60e34920a613d1e3deda4a86f1ee,536,234,590,0.11024771630764008,0.18504053354263306
Qiskit__qiskit-2249,9058b4f1c2ccf3c4681012cd888670b733f2b6ca,443,321,590,0.1646467000246048,0.14741545915603638
Qiskit__qiskit-2249,74100834fccb857d88ae07a0ce7eeca8818d20bc,239,148,590,0.22891268134117126,0.2217489331960678
Qiskit__qiskit-2249,d25ca7d5f14a1f372d7dc45c13ce0b2129d41216,425,256,590,0.1703115701675415,0.17638343572616577
Qiskit__qiskit-2249,9cc2352ca10acf4fe585c3f39ea16e321af60e9a,558,519,590,0.0735505223274231,-0.01689738966524601
Qiskit__qiskit-2249,9a8c224eaacc6c99cc778511512c5710b9039e05,113,428,590,0.26336246728897095,0.07031027972698212
Qiskit__qiskit-2249,c7d73814a6c4ca5180379a11658b29724b233ce5,316,232,590,0.20413655042648315,0.18534961342811584
Qiskit__qiskit-2249,2c04de9b0a7075f75e2ac2e49f3c90e0210a365a,159,359,590,0.2509191632270813,0.12211954593658447
Qiskit__qiskit-2249,55f2dabd7851adc009f61d61eee238a39df21ba0,237,522,590,0.2298501431941986,-0.024150023236870766
Qiskit__qiskit-2249,ffe9db359b4809ecf2a7f5540da2246b5e858f91,73,93,590,0.27841252088546753,0.2489040642976761
Qiskit__qiskit-2249,ea782731b19292b4aaade98e58955e8706f51a75,361,76,590,0.18970605731010437,0.2638894319534302
Qiskit__qiskit-2249,dac140f9654a1b2956b011e2236df77f8a8fc6e8,211,224,590,0.23663903772830963,0.18770375847816467
Qiskit__qiskit-2249,69d79948059f4ff53edf64456e267b49b69d0835,429,10,590,0.16780200600624084,0.31281962990760803
Qiskit__qiskit-2249,ae4489dde310d8d7e7ab428f7c5e30cb8bbb98ca,520,351,590,0.12079204618930817,0.1279357373714447
Qiskit__qiskit-2249,a002920eb5d7a428fdeaf26b3528bcdc18af468a,371,358,590,0.1862083375453949,0.12402793765068054
Qiskit__qiskit-2249,cc0ccbbd5f74beda1858ad8648b0c6e993149e3a,353,187,590,0.1917041540145874,0.20108363032341003
Qiskit__qiskit-2249,256360830d813ec733d7cf4b382f540ff5ce3753,144,410,590,0.25474271178245544,0.087491974234581
Qiskit__qiskit-2249,707451bcf44af6f5bc0ea040a6c120fc1cb91324,398,254,590,0.17954502999782562,0.17813929915428162
Qiskit__qiskit-2249,300d71bd68fc281cc1a9c067b9804903166015a8,127,491,590,0.2588968873023987,0.016626104712486267
Qiskit__qiskit-2249,15dabacd8ea2fb7c510a1ff65be113c3cac0816e,466,585,590,0.15664002299308777,-0.21201780438423157
Qiskit__qiskit-2249,f04e935cc64170855f76152db6394f563bb1d197,50,107,590,0.2963947057723999,0.24013151228427887
Qiskit__qiskit-2249,37813b9440407e742ba88425ec31daa32acde8b0,246,492,590,0.22790047526359558,0.016310308128595352
Qiskit__qiskit-2249,c0e8a95d02a0399b761239d6f4cafd50d3721f51,321,501,590,0.20157238841056824,0.007889156229794025
Qiskit__qiskit-2249,be394900aa50297a2c85a9169e9ddf6860e266f8,546,188,590,0.09758248925209045,0.2007172852754593
Qiskit__qiskit-2249,d1f53f860f7c398982312eb78dc2e72972a236e9,424,103,590,0.1707855463027954,0.24119126796722412
Qiskit__qiskit-2249,1b742b3f761c6aa23811cd4706db8dbbed1c8fe3,87,16,590,0.2745744585990906,0.29994386434555054
Qiskit__qiskit-2249,e26bf5384cdfe071da1f68b3e58e5b23500a74fb,423,112,590,0.17086738348007202,0.2381438910961151
Qiskit__qiskit-2249,bc9ff93ecaa6d9ce2b37779456e0b1909a18d6b8,375,310,590,0.1849762499332428,0.15313966572284698
Qiskit__qiskit-2249,e7b2c83cf965f7cf298b4d3dd89faf48e64ef146,504,397,590,0.1343175172805786,0.09723126888275146
Qiskit__qiskit-2249,33d0077ae0f8c0d2450c0bce627969046d774af5,26,319,590,0.3384507894515991,0.1478506326675415
Qiskit__qiskit-2249,55552126ebbd46087d091f3f2e6248d74fff4d40,379,17,590,0.18420785665512085,0.29899945855140686
Qiskit__qiskit-2249,2c1992a8cb5a531ec019b72e1ef4f0959e93c83f,54,32,590,0.2917709946632385,0.28275054693222046
Qiskit__qiskit-2249,71f03777c63db4836139c8b726c8205df4db0e19,105,524,590,0.2662622332572937,-0.02727716974914074
Qiskit__qiskit-2249,610a02a1c9833e7190da6e21d9935bd84784adda,274,565,590,0.21856828033924103,-0.13051000237464905
Qiskit__qiskit-2249,63593a8713a59acea8c304c23225bee25fbe3af1,350,236,590,0.19340157508850098,0.18407750129699707
Qiskit__qiskit-2249,435b302e7811c061a4e72175275d2787b389dcac,295,339,590,0.21025116741657257,0.1344507932662964
Qiskit__qiskit-2249,c3a9b1163206473b901d027a5afe159750bce883,512,284,590,0.12945547699928284,0.1657734513282776
Qiskit__qiskit-2249,1f156f3ae92b2cf86431562faf4d65e65ea461df,258,488,590,0.224522665143013,0.019442163407802582
Qiskit__qiskit-2249,e841c347b467911ba8f03598d2b787f498c4aaf9,523,41,590,0.11866448819637299,0.27921152114868164
Qiskit__qiskit-2249,fc8598c1ed6c51d3338c385371ea07c75fe902cc,276,574,590,0.21697264909744263,-0.15679162740707397
Qiskit__qiskit-2249,d8429bfb457e84f02ac7c293a0218093e009930a,299,269,590,0.20952212810516357,0.1715310513973236
Qiskit__qiskit-2249,37d0a3480859f4b6a47dda519ee0d4f013f2f679,540,141,590,0.10348783433437347,0.22547052800655365
Qiskit__qiskit-2249,8fed3569fec7f5f33adb5c9654e1cd3d1f057c36,146,437,590,0.2546267807483673,0.06292526423931122
Qiskit__qiskit-2249,37d7861bc0a542fbc6000f81726cc600bcd9e5a5,418,209,590,0.17354846000671387,0.1943996399641037
Qiskit__qiskit-2249,2ba81c19112b854cd68f745738f7ab32801d5593,285,474,590,0.2143508940935135,0.034330449998378754
Qiskit__qiskit-2249,b51c29dce91e223dce1ebf5d243a11345405d347,362,128,590,0.18953146040439606,0.23208892345428467
Qiskit__qiskit-2249,d304af19aa7949e2cb8714887e3779abdc3b847c,297,162,590,0.2097896784543991,0.21394991874694824
Qiskit__qiskit-2249,015102476b99ff997943c5da6e6a5751fc89f500,565,72,590,0.051318343728780746,0.26547369360923767
Qiskit__qiskit-2249,3fd366a835bca26d180f9e4e13b718657cae3f81,400,570,590,0.17910146713256836,-0.14799699187278748
Qiskit__qiskit-2249,48be42c667e3a0eccdecf93276bdb27ee126eed8,266,370,590,0.22080455720424652,0.11378810554742813
Qiskit__qiskit-2249,bf7ae36364a9d84e88eca6743f9cf29a561a1b73,490,240,590,0.13976694643497467,0.1819343864917755
Qiskit__qiskit-2249,5eaea22b90442d7a32e809b8e88b7e384fc1752d,201,333,590,0.24012646079063416,0.13655658066272736
Qiskit__qiskit-2249,a1c9bb593edf65aeb748ec6dcaf9ffdb8f08196a,69,213,590,0.27967527508735657,0.19118325412273407
Qiskit__qiskit-2249,db012ca6c679a661f5c6cabb9174d758cec777e1,262,443,590,0.22245831787586212,0.05895495414733887
Qiskit__qiskit-2249,a25666a29889c7b93cf850d6b62d9d799efcf7ce,277,537,590,0.21690186858177185,-0.05169554799795151
Qiskit__qiskit-2249,8532c58b192faba02023d1e73c8efa6f0fe50208,420,572,590,0.17271549999713898,-0.1528242975473404
Qiskit__qiskit-2249,d9839bda2155179352b72baeb1c187f7fcd7589d,450,541,590,0.16190564632415771,-0.059442102909088135
Qiskit__qiskit-2249,3876475ab9cd59daa50c28075ed4408e46d21de1,547,208,590,0.09625275433063507,0.19461402297019958
Qiskit__qiskit-2249,5e948c37fba69f83b2036bb4f80f0fc2658b5553,468,264,590,0.15285217761993408,0.1745373159646988
Qiskit__qiskit-2249,af82e1b4791f9cc4059973451e2feb81207a24e6,236,330,590,0.22995053231716156,0.14074428379535675
Qiskit__qiskit-2249,6db939ded3054b836d4cb3961df4643512ce1bf0,135,487,590,0.25655946135520935,0.02075418457388878
Qiskit__qiskit-2249,33accdce395f022b555af1a45aa7f373d75e3e1c,329,477,590,0.19987747073173523,0.03346538171172142
Qiskit__qiskit-2249,bb08f3f8180f20eea8e6cec909bc9c681102f74c,331,140,590,0.1994709074497223,0.225739523768425
Qiskit__qiskit-2249,07a916992822421fb159a78f7ca9385b4538ed18,334,338,590,0.19902066886425018,0.1358240246772766
Qiskit__qiskit-2249,56e76a5b5bbdadac80aebe895d8213f68c74b3c0,123,253,590,0.2610892057418823,0.1781856268644333
Qiskit__qiskit-2249,3248009e803e4cf411af38086fb78e19e643fa41,325,223,590,0.20097652077674866,0.18840540945529938
Qiskit__qiskit-3663,438ffd2ceded2bbefcf1497a48328fc7e9044edf,303,2,862,0.3159669041633606,0.5445278882980347
Qiskit__qiskit-3663,ff4e6c0326cc130d9dfd25eaa45a99e3ee28fd2c,390,1,862,0.301072895526886,0.551874577999115
Qiskit__qiskit-3663,86686bcadffaf1cd0d51fe6a5b09943bd52a0153,487,6,862,0.28354281187057495,0.49448496103286743
Qiskit__qiskit-2024,11e2a8b0d39226b284d2cd9f52cdd5ba526f5e70,2,6,505,0.5626698136329651,0.38385140895843506
Qiskit__qiskit-2024,852e4a5dd204b29a7d795e0117da3a8a53c59ef7,236,185,505,0.28338831663131714,0.002019839361310005
Qiskit__qiskit-2024,7f34b92d2dea6800ad747dbf74dc7206e0c4e69d,192,12,505,0.31040191650390625,0.3590502142906189
Qiskit__qiskit-2024,2763daf0471fd771279262060c72a816105df5d5,27,59,505,0.4480384886264801,0.17090730369091034
Qiskit__qiskit-2024,585780753094319306e395704fa5a98b16a5765e,152,42,505,0.33868902921676636,0.22809594869613647
Qiskit__qiskit-9843,48bd0b0f8b38196da46d23f591e9b48b76d9f135,2122,17,3122,0.2697793245315552,0.5338888168334961
Qiskit__qiskit-4517,f8ac3e2863fae01b0f31ff2d1f30a020403baa5e,204,62,1251,0.3218994736671448,0.3162614703178406
Qiskit__qiskit-807,58f7435b20a8266c043f4e8841d96b35880647ae,155,306,442,0.26151901483535767,0.08103666454553604
Qiskit__qiskit-807,0cd2c1aab25417b2525176b539dba49d4c202c68,101,12,442,0.28721103072166443,0.33177486062049866
Qiskit__qiskit-807,a8e84197eda0ff6016b6b529d12dfc5b02d71cc3,230,3,442,0.22916468977928162,0.4141048789024353
Qiskit__qiskit-807,b80c32312373c31caa2cb429a384e397ec6ba72a,337,206,442,0.1793152242898941,0.15374934673309326
Qiskit__qiskit-807,68c944a43848665f7cfea448cb5f9d1813e7d2e2,211,248,442,0.23489975929260254,0.12084144353866577
Qiskit__qiskit-807,9944a3220e3d6f0a98ba4e3845af7af6923fb251,222,97,442,0.23136183619499207,0.22365017235279083
Qiskit__qiskit-807,d3c9414d7498a0dc1587750d2dac5c87e3d6ea4b,289,93,442,0.2077450156211853,0.22520166635513306
Qiskit__qiskit-807,dff36f84bc43ea21cc43315fa6c8fa410bb5bdef,83,1,442,0.2965603470802307,0.46882322430610657
Qiskit__qiskit-807,ee4beb755fec033336dc364f0eb8533bcaa6bee4,388,6,442,0.10741826891899109,0.39833515882492065
Qiskit__qiskit-807,8ef276f42b7fd949ec987f7d7532f6a70c594abe,167,58,442,0.25811439752578735,0.2565881609916687
Qiskit__qiskit-807,ad0c0debc02f93f0dc6e892b8be024e03c11ec3a,177,117,442,0.2510925233364105,0.19944961369037628
Qiskit__qiskit-807,198dc0e0ec827bc37bde106ce7d9636e2940eaf5,194,298,442,0.2437707930803299,0.08685781061649323
Qiskit__qiskit-3978,eb7b404f8e9040a6ffd435d5b76d88395b145917,210,3,964,0.35575681924819946,0.6686462163925171
Qiskit__qiskit-3978,b5051dfebbd1705cd51dc449366893903058bfd0,243,1,964,0.3483988344669342,0.7149717807769775
Qiskit__qiskit-3978,d5fe2465f8b4b96b2423f27497d15b15131b97e0,500,2,964,0.293097585439682,0.6891391277313232
Qiskit__qiskit-4076,d13724efefb0c1c0ce127bb98e7f92f446509c49,603,52,1067,0.23437541723251343,0.30994170904159546
Qiskit__qiskit-4076,595d1f7ce5e803342c8ae677463ec41bc02d9649,915,141,1067,0.17655250430107117,0.22892510890960693
Qiskit__qiskit-4076,35c023e0a7ce05a226f20f8739c8c1ffc80d4654,173,169,1067,0.30468934774398804,0.2093425691127777
Qiskit__qiskit-4076,7416a57b942199313e03156dff29add37de96e06,751,232,1067,0.21140339970588684,0.15547457337379456
Qiskit__qiskit-4076,b634812fa406b9a85f8455526e4dbfcb5b92b9e1,1004,111,1067,0.1445833146572113,0.2539900243282318
Qiskit__qiskit-4076,cb024771bf08298b8d736ff4c98b7dd070757bca,312,2,1067,0.28345388174057007,0.38939398527145386
Qiskit__qiskit-4076,b5d713315db952154f3a69b9b0266123bb566c4e,454,123,1067,0.2563711106777191,0.24780678749084473
Qiskit__qiskit-4076,9b0bf78c3356f4a4fa5731fa0c147b7ef688ca90,736,87,1067,0.2148144692182541,0.27097228169441223
Qiskit__qiskit-4076,6dc6b86436779aa308866586ece551e43faaa55a,919,62,1067,0.17574521899223328,0.29300689697265625
Qiskit__qiskit-4076,af24ca0e6502a620278db80cfc686ff84e45b200,555,27,1067,0.24117648601531982,0.34597334265708923
Qiskit__qiskit-4076,65588a76edaa36807a6c17fdbeb5b12b5c30d2fa,98,65,1067,0.323658287525177,0.2922400236129761
Qiskit__qiskit-4076,40e54933087cbc5df1ae8503870a0ca32a6975db,717,151,1067,0.21708381175994873,0.2210196554660797
Qiskit__qiskit-4076,6a347394a0b1c8925422ce40404f005cada86f93,311,134,1067,0.28360623121261597,0.2350708395242691
Qiskit__qiskit-1366,b54791fe9953d80c9c40fe0d8b0c0138c2a6ad4c,63,493,550,0.30621010065078735,0.034706227481365204
Qiskit__qiskit-2811,02d87c037ab2ec5e343bc9f0028672e09d105e67,148,101,739,0.26949748396873474,0.21032308042049408
Qiskit__qiskit-908,d0ba1bd611a4eaa170dacb6ac1fbdcbe0a86a4bc,219,2,445,0.2784379720687866,0.31931057572364807
Qiskit__qiskit-908,16c0b0f8521a503896b7f9298d6dcb07d679b578,65,9,445,0.36758339405059814,0.23049014806747437
Qiskit__qiskit-5623,3b3ca44660701561645ded82be5882cbc310d123,1231,35,1742,0.2222241759300232,0.4669222831726074
Qiskit__qiskit-5623,c4845af0fc519bca9ff9d62073930e006846bfb4,689,186,1742,0.27122998237609863,0.33116036653518677
Qiskit__qiskit-5623,c44b55d6e736013d17e5e7bfca7a86b173690549,1537,16,1742,0.17465482652187347,0.49660250544548035
Qiskit__qiskit-5623,93b3cff66d2a93a24f46fea2c5f2c89aece00050,1321,153,1742,0.2106475532054901,0.3627735376358032
Qiskit__qiskit-5623,e22ed364f7d6b172f4ca253cb9b80974c594b232,424,28,1742,0.3058711290359497,0.48076331615448
Qiskit__qiskit-5623,1a375873f1063658aa1ff5f9a85624b295bab76b,634,51,1742,0.27686917781829834,0.4501458406448364
Qiskit__qiskit-5623,23be85f8aa4b57598f0765cea08e79fcd4a4a783,374,102,1742,0.31383776664733887,0.398496150970459
Qiskit__qiskit-5623,8757699b73d1197cbbf0fcbdeacfa96329a521ec,503,38,1742,0.29493552446365356,0.4637261629104614
Qiskit__qiskit-5623,712ae0ef2236e8a2b382dc860fa0d921f7e1cc84,426,53,1742,0.3053300976753235,0.4493754208087921
Qiskit__qiskit-5623,f50237d389229d283b629c4bbc07aac20767ce1a,195,45,1742,0.3608816862106323,0.45547226071357727
Qiskit__qiskit-5958,43e3bf443652236240bb7a98681e725379a7d7aa,856,1,1893,0.24041306972503662,0.6239783763885498
Qiskit__qiskit-2095,887056b924f7b0ed08382529c3ed76defa406c72,272,118,523,0.23101696372032166,0.16563212871551514
Qiskit__qiskit-2095,974b53c60733bbddcfe1192aa964e3ae75b0813c,13,235,523,0.3666112422943115,0.13727229833602905
Qiskit__qiskit-2095,a7d979d12095d5ca2844d485392c0d79374cb95e,483,99,523,0.14780817925930023,0.17136046290397644
Qiskit__qiskit-4478,6b417641387bd0452974508874cb93813e107c77,4,1,1201,0.5542055368423462,0.5951113104820251
Qiskit__qiskit-4478,ac0d0e36877da47636f0d89958d60eeda775396d,1121,49,1201,0.12203945964574814,0.37438538670539856
Qiskit__qiskit-3319,3ff244c8c0c0b1265e61249a530b3e42331c5fc4,121,5,822,0.3363853693008423,0.6296101808547974
Qiskit__qiskit-3319,9c951c7b39315dd138365bc9b714381fbb773164,46,3,822,0.40353238582611084,0.632969856262207
Qiskit__qiskit-1715,099dea9df29e3ccc997cbcae630d4aa03ec84b8f,321,12,454,0.12367438524961472,0.4849306643009186
Qiskit__qiskit-1715,736b2b889a2a6cc5c8da2972ad07af95c82808f2,201,4,454,0.18006542325019836,0.536419153213501
Qiskit__qiskit-2448,ca699862920319db0a27bac282eea94478c4628b,83,107,578,0.2884126901626587,0.17125093936920166
Qiskit__qiskit-873,6aac7fcf2596891fd4484d6d9ac3de0f1639b555,55,2,445,0.23327592015266418,0.4729676842689514
Qiskit__qiskit-4840,f648e5d868b08541fa296b5ac6522c7ca13e6f09,970,8,1276,0.15153618156909943,0.5722581744194031
Qiskit__qiskit-762,5d4d97d892e01dd4e0fbb826039c94a18684caec,149,2,400,0.21698996424674988,0.3499298691749573
Qiskit__qiskit-9587,c65aeb256396657cb1e12fd6a543f85b6721c5b3,1287,319,3114,0.3481614589691162,0.2750067710876465
Qiskit__qiskit-9587,4a0359d5a4799ceb99fb218c7b7c1340ce222562,756,33,3114,0.4412834942340851,0.45174896717071533
Qiskit__qiskit-9587,29f32b89f04d7dc934e5e0420f3299bac5d91ce0,1230,129,3114,0.3547420799732208,0.36690792441368103
Qiskit__qiskit-9587,5ed960253b627269d001e509fd9c3dcd944e6121,1926,19,3114,0.27985090017318726,0.4803066849708557
Qiskit__qiskit-9587,b0369d9561f0fc470900e382d0ed05b3ce483687,336,2,3114,0.5157238841056824,0.5249776244163513
Qiskit__qiskit-9587,c5d144d11ecdfd3176e199926d16b5e64425c293,1050,4,3114,0.38342681527137756,0.500490128993988
Qiskit__qiskit-303,02a080d8668c7d0fd9757bc9c91e02cd29a50864,59,19,295,0.27813079953193665,0.2935950756072998
Qiskit__qiskit-7665,c9a41777bdabb747c89d1960c7a992f934c9a46c,42,1,2348,0.43357306718826294,0.47711023688316345
Qiskit__qiskit-2459,a3a9ac30e0daca6963ca4b506cc2510e10031efd,44,2,571,0.4320611357688904,0.6484811305999756
Qiskit__qiskit-2459,9c4f582853f1cc3fd13dad6bf93de98e42c583f4,69,1,571,0.4054713249206543,0.6788972616195679
Qiskit__qiskit-6325,60e0fb27ef8304603b10b0f8062d67cfce444f4d,338,36,1953,0.3710278272628784,0.5908098220825195
Qiskit__qiskit-3849,18381ab3bc791a2900804ecd366fc6d42a66b0c4,160,3,900,0.3681345582008362,0.595980167388916
Qiskit__qiskit-3849,02d4b9169fb486f2d96afd1e73376523e802365d,712,13,900,0.20616593956947327,0.5641008615493774
Qiskit__qiskit-7643,d90b36acf1007b466a124f5770ba238e02bf105f,2405,10,2491,0.02257007360458374,0.3293687701225281
Qiskit__qiskit-10347,2838c898f2dafb14c74c47ee36267b63d7081fe8,2667,185,3267,0.19381876289844513,0.30892908573150635
Qiskit__qiskit-8679,413731e6fe9fae765fa5c9fcc1421c457d155c97,199,1,2739,0.48719480633735657,0.5482039451599121
Qiskit__qiskit-1962,6e95b03e6d592372cc971f36b7f70b7d0558854e,86,1,469,0.3014323115348816,0.7003957033157349
Qiskit__qiskit-2493,8b52124cf029a67e5d4e54e6fd6fa6409a15844d,544,11,576,0.10249889642000198,0.4788709282875061
Qiskit__qiskit-2493,062b791533abefb26d7671e8754932460856b749,216,10,576,0.27345043420791626,0.47943946719169617
Qiskit__qiskit-785,14c5b98f13c1d7ed0ae7309c8d827bb2139b7cef,171,20,443,0.258175253868103,0.22309046983718872
Qiskit__qiskit-6546,b3db02b94f03dc9369210d9b2eeffb21a1a03ada,568,9,2063,0.39768436551094055,0.5428977012634277
Qiskit__qiskit-6546,82013a7f3b0469defe1f067cac11e81065d74b53,69,1,2063,0.4560585021972656,0.6515963077545166
Qiskit__qiskit-5691,e9e5d48a879b2f87408292c83ba46930619c88f2,1530,1,2030,0.24644681811332703,0.5835871696472168
Qiskit__qiskit-5735,4682ce88bfaac5df410d9a85d3afa42c472cd77a,345,3,1812,0.43493854999542236,0.614453911781311
Qiskit__qiskit-7411,b3ac36d2a6d9e7abb6fb95fdd412ef600e47b98d,705,1097,2518,0.32992082834243774,0.16149824857711792
Qiskit__qiskit-7411,0c3ed197f2c659e7bbe6f5ceba8442a533468923,761,83,2518,0.32663360238075256,0.5100540518760681
Qiskit__qiskit-7411,ead37fd98dfcc08c08057b7102a29b512610a85f,1086,651,2518,0.30519038438796997,0.2682451009750366
Qiskit__qiskit-7411,f926dbdf3d96a18bed4ea4fd6cc9045b772ae49d,1414,590,2518,0.28543198108673096,0.29363471269607544
Qiskit__qiskit-7411,b6c2f2b989dc3d7fc10cb5386335973c8550647a,1289,478,2518,0.29378843307495117,0.34229394793510437
Qiskit__qiskit-7411,7743597c1e3166eccce08b1bf61244887b1cf91f,1341,406,2518,0.29054760932922363,0.3720642924308777
Qiskit__qiskit-10555,b131e320486ac79489528bf40f540e3e8fe55eb4,923,75,3349,0.40884727239608765,0.35952508449554443
Qiskit__qiskit-6541,25a07d50e85458cfaff60a0081dcd8e8941a68d7,428,39,2026,0.3344261646270752,0.2834935486316681
Qiskit__qiskit-5026,b98b4092205cfe2bb454a2dd0eaf1192ec8b0e9e,154,14,1266,0.3654614984989166,0.4170230031013489
Qiskit__qiskit-9664,68f093c1125eb65e6fe17ca1caac6168b3202bee,246,167,3110,0.43576276302337646,0.307429701089859
Qiskit__qiskit-9792,4d82214a5e03a988021423fd7027b9a8f5a3ceda,18,3,2950,0.5583665370941162,0.5791193842887878
Qiskit__qiskit-3419,7283763f7ff4197ea4c8a076d365140da841640e,68,1,793,0.295693576335907,0.6566488146781921
Qiskit__qiskit-2769,9f3028d25042382ebc50cd4faf043503a2a9bdcf,133,1,622,0.30146920680999756,0.7041463851928711
Qiskit__qiskit-2533,234ce0816144ad364d8a7d597f6f5719e6d924cb,368,2,575,0.18795129656791687,0.4409711956977844
Qiskit__qiskit-2533,73d196ad219adcd1c79451a19f64f261376e0074,391,24,575,0.18291959166526794,0.3014761209487915
Qiskit__qiskit-5479,9c44a493da29b1bfa0419bf5fe0a14a73d991a27,1005,664,1615,0.19182470440864563,0.15401938557624817
Qiskit__qiskit-5479,d2b9412b552fff9d45ba28595fb2b66f3d300b44,254,657,1615,0.39401113986968994,0.15486373007297516
Qiskit__qiskit-5479,087fa76c7b4e36ea85770b63210b5421b9669193,429,574,1615,0.28531384468078613,0.18210381269454956
Qiskit__qiskit-5479,212abc70e818cdb3db81e81d6e4fd5f88c5259a7,1452,721,1615,0.11366048455238342,0.1411556601524353
Qiskit__qiskit-5479,2a4788bad91c397ecd1d5ab5e457ef1d75496ab0,391,521,1615,0.3019503951072693,0.2011076658964157
Qiskit__qiskit-5479,3e9c2362930b02ce5bf6d3fd4b7e7faed5afef3d,755,1523,1615,0.2265019565820694,-0.14271017909049988
Qiskit__qiskit-5479,6cbab9523386f3775adc07c53abec15088b7a299,969,1233,1615,0.19754765927791595,-0.009597735479474068
Qiskit__qiskit-5479,c83ac056a31171f318c9c94fb75498b4efe83eff,273,1059,1615,0.36527734994888306,0.04559674113988876
Qiskit__qiskit-5479,8e11a1dd97dd70e4b3b7ca69b2a179e54bfe6ab2,382,1538,1615,0.3053470253944397,-0.1557954102754593
Qiskit__qiskit-5479,03bdfb02ccff9395ff862c0c2c1dccda9c90071b,636,326,1615,0.24349214136600494,0.26535850763320923
Qiskit__qiskit-5479,7c4672061ff8d154014584bcc898e4d914931b79,425,318,1615,0.2863645851612091,0.2686803340911865
Qiskit__qiskit-5479,7b576077c3a6af3d2819febaed2ef50df33e5f70,667,1504,1615,0.2392314225435257,-0.12474605441093445
Qiskit__qiskit-5479,e903759c6dfb54a08ef02f2c6ea995582d775ba5,534,333,1615,0.26048925518989563,0.26272326707839966
Qiskit__qiskit-5479,475644b75bccd167af63264c77877ca9ac12e857,908,392,1615,0.20739158987998962,0.2471117377281189
Qiskit__qiskit-5479,1ba1435be2baf163940c4a24f87fc7dd6a408e0b,1259,18,1615,0.15399491786956787,0.41161876916885376
Qiskit__qiskit-5479,c8819de7a62e0dfc40c161de3442cec7daa4cf3a,478,1206,1615,0.2730129063129425,0.0005705356597900391
Qiskit__qiskit-5479,2bed8317830eff8130a4a962bcbe6521115d395e,792,247,1615,0.2222670614719391,0.29193100333213806
Qiskit__qiskit-5479,5e5faa23fd7eb4d0641c733a4fc798cd99a4fe7f,387,181,1615,0.30332744121551514,0.30962133407592773
Qiskit__qiskit-5479,6983999bba84b01dddc6db45f041c9396ee49a14,842,1271,1615,0.21553759276866913,-0.027910985052585602
Qiskit__qiskit-5479,507cc58f17f2314b48a0379a2eb0b5c6695fa1a2,448,1239,1615,0.28059151768684387,-0.011548832058906555
Qiskit__qiskit-5479,53ffb8b6016a937380fe2a4d43dddde157ac5737,370,1451,1615,0.3087308704853058,-0.08819984644651413
Qiskit__qiskit-5479,f8454b07943d3559c0ac65f0ae11fb0fa79ce1ab,416,1028,1615,0.2909899950027466,0.057178400456905365
Qiskit__qiskit-5479,5fcfb1271974a0adf5867d171c88f822de469e55,1439,907,1615,0.11924777179956436,0.09670431166887283
Qiskit__qiskit-5479,976557c5f72cf75dad814069889e2eaeb86db783,960,1338,1615,0.19871829450130463,-0.053608231246471405
Qiskit__qiskit-5479,032fe2e427d6cfd2e677fba4a8ab3ab7db3a0fdc,317,1383,1615,0.32989200949668884,-0.06340792030096054
Qiskit__qiskit-5479,f87909d441b4d52fad3af934f696379ccec89694,252,1157,1615,0.3959333896636963,0.015139803290367126
Qiskit__qiskit-5479,0a08d7108ec15fa03f17d98002a798abc41b21d8,326,642,1615,0.32501208782196045,0.16061128675937653
Qiskit__qiskit-5479,c82c02c2ceac44de56d7bb61b29e953c75834354,986,1179,1615,0.19572877883911133,0.007565874606370926
Qiskit__qiskit-5479,7aa284e350556dac734185e3cf624d86d4c7b161,290,1573,1615,0.35284024477005005,-0.19162702560424805
Qiskit__qiskit-5479,387d242ac486baf960eee06eaf7733efe9d68915,247,1557,1615,0.40394771099090576,-0.17128734290599823
Qiskit__qiskit-5479,91852c98326593605beabb4f6154808b1af48c21,800,1434,1615,0.22117185592651367,-0.07933328300714493
Qiskit__qiskit-5479,a5100faac1a9e5b754ca1590e3b2823d9a309e42,1132,1594,1615,0.17294085025787354,-0.22969451546669006
Qiskit__qiskit-2112,a5536bbf53693681d775d3b6ff37d792bf29917e,75,6,546,0.2400909960269928,0.4611128866672516
Qiskit__qiskit-2112,cb03b09f951d4c7c4c56549a1dc8412c0b5f1bbd,82,13,546,0.236338809132576,0.3998682498931885
Qiskit__qiskit-2112,055bb17569f8e59606156c62b629d59d5dff8d92,479,43,546,0.0858876034617424,0.2722470760345459
Qiskit__qiskit-4797,a8ea37ba8283d51e39b1795bfa02a4e27dfa89fe,57,2,1350,0.5169709920883179,0.6406649947166443
Qiskit__qiskit-6153,d03af6f596a9d5229f4a729301d8023c7ffb2498,357,7,1932,0.31280046701431274,0.47729042172431946
Qiskit__qiskit-4431,c213d67af3ba54b673b9523c26af748c4e183900,1021,19,1148,0.18345695734024048,0.29736989736557007
Qiskit__qiskit-4431,138e3bba5e001cf85b390636c7fe3a4545363a69,955,20,1148,0.20688900351524353,0.2960559129714966
Qiskit__qiskit-2389,a7e3d42774a38cf4dbb267960c5b63c75e3ec186,42,1,572,0.37636852264404297,0.7517610788345337
Qiskit__qiskit-10400,f4095f7484e778c9e6a98b78c8808b3b2018d36e,1086,25,3312,0.3165131211280823,0.49280330538749695
Qiskit__qiskit-10400,c837b3471293fb572d6cc901622f32d4885ccf5f,1065,14,3312,0.3204968273639679,0.5074130296707153
Qiskit__qiskit-10400,db724cf26a682b0a0d2830702a97b5454636cdc8,2336,184,3312,0.21048298478126526,0.35127660632133484
Qiskit__qiskit-10400,aceb1b1c5a2be8713a708b500fb0ea8cac2271ef,848,5,3312,0.40951448678970337,0.5441745519638062
Qiskit__qiskit-430,2f5c7555e01eb7a71f5613218584c972c6d89622,13,222,341,0.5202942490577698,-0.019454700872302055
Qiskit__qiskit-1278,a69f04f7204c5b1ee90edd2e22c28c3b65003a3e,311,3,536,0.185906782746315,0.3760891854763031
Qiskit__qiskit-1542,8e5666a0492c8c2aeaba2435101fdc5625a80936,32,3,589,0.3836885988712311,0.593174934387207
Qiskit__qiskit-8701,1f9d09419a6372db62adf2cefcf1e1ef980f8296,1284,31,2739,0.2612933814525604,0.5234888792037964
Qiskit__qiskit-8285,1b5cf676c39a2ecea80aa7a9eab21338bddbe869,1704,1,2583,0.22357933223247528,0.496271550655365
Qiskit__qiskit-6609,6105f465615c63ba167e850e74efbe83c544d350,1000,844,2039,0.2033010721206665,0.0714251697063446
Qiskit__qiskit-6609,68d575a4ee558348c9530593c9d46c02975cd85a,647,1572,2039,0.25340574979782104,0.006466028280556202
Qiskit__qiskit-6040,499d23fff0eb873502f51f01768a503867dd051d,235,1,1903,0.5034797191619873,0.7134430408477783
Qiskit__qiskit-6040,d29f4648895fc1f32c298801916cb0a1145e790e,413,2,1903,0.4147261083126068,0.6854860782623291
Qiskit__qiskit-6040,547fd1dc203f149a1f4a9d23a155b8366a2561a4,1106,69,1903,0.2712695598602295,0.4718541204929352
Qiskit__qiskit-4287,53e6851e6970092080c135302b967596c92f31bd,501,8,1073,0.2443922460079193,0.4379056394100189
Qiskit__qiskit-4812,28760bbea9c42bb5ee8796a2aff0cfe2b04087b3,380,2,1411,0.3142625689506531,0.7070305347442627
Qiskit__qiskit-4812,e98d48b637dce98460c373ac41ce7545431aa023,289,1,1411,0.340802401304245,0.7440460920333862
Qiskit__qiskit-3084,1b9e732344e13d48e29f62eaab4813824cc07c0f,246,2,693,0.1763850897550583,0.26840898394584656
Qiskit__qiskit-3084,90ad9f30abf8e6418e7805fbbbeb02167f4cb68c,75,15,693,0.24999572336673737,0.20379897952079773
Qiskit__qiskit-3084,3f917c7cba96d4515acd0d01899b4029fd501b1d,267,11,693,0.17245382070541382,0.2138180434703827
Qiskit__qiskit-3084,d5629f90cbcd8ec1fb0a5df760deddf647c6a354,66,5,693,0.2573237419128418,0.23227345943450928
Qiskit__qiskit-3084,00e6f8f3ca602aa762ef6182450346b8694e5124,639,22,693,0.06803499162197113,0.19207942485809326
Qiskit__qiskit-3084,aaadde0ab231f8485aa2c47990be5656687342e4,587,66,693,0.09769144654273987,0.12244844436645508
Qiskit__qiskit-3084,103d60de62733a4f35c2d2f6c9a121a3375b158c,371,3,693,0.14745491743087769,0.265140175819397
Qiskit__qiskit-3084,52bc3b80106ae5a42f84a38e6965b3c29d95d7f3,129,4,693,0.21624700725078583,0.2615344226360321
Qiskit__qiskit-9911,af3360bfae25cd09aa3a4b1ec61085f016288a1a,1352,117,3140,0.26601141691207886,0.31033819913864136
Qiskit__qiskit-2106,b2d365437cae1281de35ebc74827f419e76e97e3,26,56,556,0.41683030128479004,0.24693748354911804
Qiskit__qiskit-2106,781fecd090771c649cb9617a8134a7b87bb33945,259,29,556,0.3040944039821625,0.33985579013824463
Qiskit__qiskit-2106,9dba07c681d73af8425af685cbe43aff6936a69b,355,81,556,0.26432767510414124,0.15486958622932434
Qiskit__qiskit-9828,cffa0b05682a0c37ee4471cd43f9de280feb604f,593,41,3120,0.3605114817619324,0.4265264868736267
Qiskit__qiskit-4932,de916b36d7931825d312207e9fe05bcd67b97209,236,126,1398,0.4240802228450775,0.2930239140987396
Qiskit__qiskit-1860,77c5e4a2b4d7eb4548b2d142cd7012fce023f3f7,50,1,446,0.2570895552635193,0.48835641145706177
Qiskit__qiskit-4224,c74859207e1719db4eaa77fc6841c3bf10a2680d,145,15,1069,0.3182271718978882,0.6574323773384094
Qiskit__qiskit-4224,c38f8b025a7d0c70d579e172f86c1dcb10e36abc,441,1,1069,0.2600150406360626,0.717850387096405
Qiskit__qiskit-910,0d0e4bc49a134e64c374351036128aa756871560,139,1,454,0.2182070016860962,0.5938485860824585
Qiskit__qiskit-3211,d9f022bdabe6578c6a148c0dfd2484945989afe4,147,2,782,0.2515828013420105,0.6155219078063965
Qiskit__qiskit-6675,9ce40bf7b722de8c7b9b83e172063a6a99d8b11a,492,13,2052,0.30620893836021423,0.5913560390472412
Qiskit__qiskit-6675,62b684524619ea716db39e964d8af9ef11a1f376,469,1,2052,0.31037425994873047,0.6899158358573914
Qiskit__qiskit-6675,c362ec8570355d407f41f2e781a8c7ac38453ccd,861,3,2052,0.24364742636680603,0.6353991627693176
Qiskit__qiskit-4862,b15e25a476ebdd4846fe61f13eac2c41a67e9c02,79,20,1277,0.45248982310295105,0.3285146951675415
Qiskit__qiskit-7515,b019f3c132463aa451821cc9bbf0e2851fc298cd,1246,15,2299,0.24500912427902222,0.4161962866783142
Qiskit__qiskit-765,507ec2a03186475824a149582f63873424679856,53,4,431,0.27522480487823486,0.42696189880371094
Qiskit__qiskit-2342,f720d64ceba2868cd71f12c692ec517b850f2ae3,317,258,610,0.22372868657112122,0.04234204441308975
Qiskit__qiskit-2342,dca2e05cb0e8f529b378c43606a1fa956d69972a,30,112,610,0.34601423144340515,0.23505470156669617
Qiskit__qiskit-2342,7a74dbc0c5c9d39de585538b86410bf5603ee60c,126,156,610,0.28166860342025757,0.17359495162963867
Qiskit__qiskit-3418,a51d80c19797094e8f32a99652420d3dd9543c74,606,2,793,0.12960755825042725,0.6703189611434937
Qiskit__qiskit-3148,b1aabcf68d8eb77c5c420d371486a5bf42abcd3b,683,74,737,0.10221759229898453,0.30609387159347534
Qiskit__qiskit-3788,154270ca5762d96a5a4d8c9dc74d64088d876e77,838,428,894,0.0686151534318924,0.06821848452091217
Qiskit__qiskit-3788,f367155e864bad04d355b47826b12e4f72634fd7,745,229,894,0.1411583423614502,0.14038163423538208
Qiskit__qiskit-3788,b027ad55f3b3b899204e13e9225959f2f6c0f817,829,114,894,0.08412834256887436,0.18750625848770142
Qiskit__qiskit-3788,cf8a8d22d85f9b1bd841be064df24637060bc0a5,826,517,894,0.08690772205591202,0.02851778082549572
Qiskit__qiskit-3788,dd0b8c13fec3e86fa04fd6ad36d8d86324290d9f,787,751,894,0.1143898069858551,-0.11098480224609375
Qiskit__qiskit-3788,0ebe48d98f1b0c2da6b59a298e611b68e1498987,848,556,894,0.05671136826276779,0.008011976256966591
Qiskit__qiskit-3788,dacc920c08ce99983eff65103b2d3b6f229243a6,444,524,894,0.245003342628479,0.024405397474765778
Qiskit__qiskit-3788,96f9c385947aef3a12fc9672b92a84ae828f8647,806,608,894,0.10276676714420319,-0.016464101150631905
Qiskit__qiskit-3788,57c034fc0e60a8fbd57fa262e2f6edf5c66eee26,627,188,894,0.18131601810455322,0.15011700987815857
Qiskit__qiskit-3788,5c9bcb5fd78333770ff6c50f6e066243ea99c4c3,702,632,894,0.15647566318511963,-0.027147702872753143
Qiskit__qiskit-3788,f783c8bcbc20919a2678597f96fb26d9597ebb9f,785,492,894,0.11493366956710815,0.039963968098163605
Qiskit__qiskit-3788,de0e73661cbed44d91af8e30306ad8a5f0e2927e,437,539,894,0.2457529604434967,0.017388489097356796
Qiskit__qiskit-3788,bf38d4816dcfe4416ef7870cf65f2f41e55659ca,794,532,894,0.1076553463935852,0.021450337022542953
Qiskit__qiskit-3788,11140c946e6e026fca84060c14777b0a473c77e4,857,530,894,0.029928095638751984,0.022486254572868347
Qiskit__qiskit-3788,83668264fa1871f6b4a7ae000d82101d9c3cee32,544,579,894,0.21004152297973633,-0.003151704091578722
Qiskit__qiskit-3788,1b01061427fa733932bd0e13e79dcf3fa4313475,710,478,894,0.1523175984621048,0.0474633052945137
Qiskit__qiskit-2104,c1b2cf164d6b9be4cde8a8c355c84a10f613d464,288,201,529,0.17437629401683807,0.267747700214386
Qiskit__qiskit-2104,e785384b784f4d80a6986d7ed06bfd564868e8fd,481,149,529,0.1007114052772522,0.29965314269065857
Qiskit__qiskit-2104,08a32fa056dc7a0600e5f8e1fb17cdbc95b8e1f6,327,318,529,0.1620386689901352,0.19499662518501282
Qiskit__qiskit-2104,9b99b0d970095f18422454da9128f9c19592c666,266,131,529,0.1801832914352417,0.3080085515975952
Qiskit__qiskit-2104,2a3d131931d15dabf78365cd5578acf558cb9fb8,117,346,529,0.23290947079658508,0.18043756484985352
Qiskit__qiskit-2104,5b6b734c342fc279e675cfb87f061eecad1bd533,312,417,529,0.16879409551620483,0.13080468773841858
Qiskit__qiskit-2104,e7556a76956a67ef7510493a33f254ea316e4e6f,438,299,529,0.12435998022556305,0.20509836077690125
Qiskit__qiskit-2104,d0a5e7465eab449957c5f498d48eeac1bbefa636,286,184,529,0.17525407671928406,0.27733683586120605
Qiskit__qiskit-2104,04d9f340809287487e390a03d892465afa42abc4,142,265,529,0.22081688046455383,0.22916299104690552
Qiskit__qiskit-2104,5099d204e8249cb4d7749e9c62d091b5a2056cd1,320,297,529,0.16576045751571655,0.20722225308418274
Qiskit__qiskit-2104,a8e4b73b88d82d8081f3ce1d4754dee8e0e7a8b8,253,467,529,0.1850997805595398,0.06233213096857071
Qiskit__qiskit-2104,44d70af6d31eafb011347f48625de5b34cfff341,307,357,529,0.16944345831871033,0.17275118827819824
Qiskit__qiskit-2104,2f314661293960e229a519f9a79e63a5e3d0dc91,308,208,529,0.16929076611995697,0.2659825384616852
Qiskit__qiskit-2735,f793317fce1e49d835d7423c5509da3b94f83f0c,94,181,613,0.29460418224334717,0.09289619326591492
Qiskit__qiskit-5379,bc6154d77bb73b03c33c134291b0ec2cced7fc59,654,20,1492,0.3082553744316101,0.2918490469455719
Qiskit__qiskit-5284,8298178bb6e8b13fba8c3d6272fac44e93af9887,217,2,1475,0.26086556911468506,0.4560530185699463
Qiskit__qiskit-9312,60d45f3af5cdb52e135505bfe5360890553bcc5d,1472,62,3012,0.2667747437953949,0.35091984272003174
Qiskit__qiskit-2917,2846d78997725a0909331bafac85cb8894886773,393,44,645,0.25325971841812134,0.41285020112991333
Qiskit__qiskit-2917,661781e82c3533b7a3d2179735340769743bea9e,74,1,645,0.3746294379234314,0.6465177536010742
Qiskit__qiskit-5229,86958659b90074d9d0de9d48ad84a719f71e56dd,412,196,1471,0.37954121828079224,0.31673482060432434
