project_A,project_B,lang_A,lang_B,num_bugs_A,num_bugs_B,domain_gap_accuracy
apache/camel,apache/hbase,Java,Java,1469,838,0.9955687381624557
apache/camel,apache/hive,Java,Java,1469,1238,0.9957628220125295
apache/camel,wildfly/wildfly,Java,Java,1469,984,0.9892294416568123
apache/camel,wildfly/wildfly-core,Java,Java,1469,360,0.9937842620969483
apache/camel,apache/commons-math,Java,Java,1469,245,0.9971971885645293
apache/camel,spring-projects/spring-batch,Java,Java,1469,432,0.9960624866252943
apache/camel,spring-projects/spring-roo,Java,Java,1469,714,0.9903984011817353
apache/camel,spring-projects/spring-security,Java,Java,1469,542,0.9894334347504317
apache/camel,apache/commons-compress,Java,Java,1469,113,0.9974894557139988
apache/camel,apache/commons-configuration,Java,Java,1469,133,0.9965972975638623
apache/camel,apache/commons-lang,Java,Java,1469,217,0.9954492072812684
apache/camel,spring-projects/spring-amqp,Java,Java,1469,108,0.9966767521452309
apache/camel,spring-projects/spring-data-commons,Java,Java,1469,158,0.9965102946308391
apache/camel,spring-projects/spring-data-gemfire,Java,Java,1469,107,0.9967855200039563
apache/camel,spring-projects/spring-data-jpa,Java,Java,1469,147,0.9965770663445082
apache/camel,spring-projects/spring-data-mongodb,Java,Java,1469,271,0.9970357195790722
apache/camel,spring-projects/spring-data-rest,Java,Java,1469,132,0.9971921379863619
apache/camel,spring-projects/spring-security-oauth,Java,Java,1469,101,0.9967519488307016
apache/camel,spring-projects/spring-webflow,Java,Java,1469,134,0.9848677697638241
apache/camel,spring-projects/spring-ws,Java,Java,1469,174,0.9912894473796944
apache/camel,bitcoin/bitcoin,Java,C++,1469,563,0.9967805663276506
apache/camel,clickhouse/clickhouse,Java,C++,1469,1541,0.99768137297391
apache/camel,electron/electron,Java,C++,1469,1451,0.9987758849331837
apache/camel,godotengine/godot,Java,C++,1469,1486,0.9979997735592708
apache/camel,protocolbuffers/protobuf,Java,C++,1469,229,0.9986785199423354
apache/camel,dagger/dagger,Java,Go,1469,399,0.9979596362829896
apache/camel,nats-io/nats-server,Java,Go,1469,298,0.9994284897842549
apache/camel,nektos/act,Java,Go,1469,166,0.9988961364776718
apache/camel,elastic/elasticsearch,Java,Java,1469,970,0.995266544117647
apache/camel,apache/dolphinscheduler,Java,Java,1469,1369,0.9949722148716592
apache/camel,apache/dubbo,Java,Java,1469,379,0.9940653969977891
apache/camel,liquibase/liquibase,Java,Java,1469,241,0.9954696184204381
apache/camel,openrefine/openrefine,Java,Java,1469,620,0.9925501173920895
apache/camel,seleniumhq/selenium,Java,Java,1469,134,0.9942137774650089
apache/camel,axios/axios,Java,JavaScript,1469,113,0.9991931417044881
apache/camel,facebook/react,Java,JavaScript,1469,483,0.9984704802691955
apache/camel,fastify/fastify,Java,JavaScript,1469,279,0.9996590023382697
apache/camel,mozilla/pdf.js,Java,JavaScript,1469,543,0.9963235294117647
apache/camel,sveltejs/svelte,Java,JavaScript,1469,1107,0.9982272297510243
apache/camel,vercel/next.js,Java,JavaScript,1469,1258,0.9982749228254948
apache/camel,apache/airflow,Java,Python,1469,1648,0.9975702514261567
apache/camel,ccxt/ccxt,Java,Python,1469,693,0.9992902581357447
apache/camel,localstack/localstack,Java,Python,1469,472,0.997624703087886
apache/camel,posthog/posthog,Java,Python,1469,403,0.9972444561081223
apache/camel,ansible/ansible,Java,Python,1469,768,0.9963152723189219
apache/camel,langchain-ai/langchain,Java,Python,1469,130,0.9983679079156466
apache/camel,odoo/odoo,Java,Python,1469,115,0.9946608734074674
apache/camel,quarkusio/quarkus,Java,Java,1469,950,0.9922454396419371
apache/camel,hannah-sten/texify-idea,Java,Kotlin,1469,53,0.9967697496555983
apache/camel,horizontalsystems/unstoppable-wallet-android,Java,Kotlin,1469,15,0.9973563447725459
apache/camel,intellij-rust/intellij-rust,Java,Kotlin,1469,233,0.9988877481177276
apache/camel,jwstegemann/fritz2,Java,Kotlin,1469,12,0.9982197355035606
apache/camel,square/anvil,Java,Kotlin,1469,49,0.9994426428860965
apache/camel,square/kotlinpoet,Java,Kotlin,1469,24,0.9989834815756036
apache/camel,square/leakcanary,Java,Kotlin,1469,36,0.9980467796279116
apache/camel,square/okhttp,Java,Kotlin,1469,15,0.9984755322933075
apache/camel,thundernest/k-9,Java,Kotlin,1469,146,0.9941665912996291
apache/camel,dmwm/wmcore,Java,Python,1469,263,0.9973400658221
apache/camel,rucio/rucio,Java,Python,1469,297,0.9980757497536021
apache/camel,iterative/dvc,Java,Python,1469,132,0.9992643813447109
apache/camel,conda/conda,Java,Python,1469,608,0.9987899097086474
apache/camel,dagster-io/dagster,Java,Python,1469,154,0.9982574387637678
apache/camel,django/django,Java,Python,1469,850,0.9972655940397875
apache/camel,googleapis/google-cloud-python,Java,Python,1469,911,0.9978944363156205
apache/camel,huggingface/transformers,Java,Python,1469,1049,0.998635027299454
apache/camel,pandas-dev/pandas,Java,Python,1469,5016,0.9982844297207761
apache/camel,qiskit/qiskit,Java,Python,1469,1356,0.9986162726338262
apache/camel,scipy/scipy,Java,Python,1469,100,0.9988373174588411
apache/camel,sympy/sympy,Java,Python,1469,384,0.9992382564536606
apache/camel,matplotlib/matplotlib,Java,Python,1469,184,0.9978805916305916
apache/camel,numpy/numpy,Java,Python,1469,803,0.9985820200137746
apache/camel,open-mmlab/mmdetection,Java,Python,1469,103,0.999537914144448
apache/camel,pantsbuild/pants,Java,Python,1469,734,0.9975234198341768
apache/camel,pypa/pip,Java,Python,1469,684,0.9982434014953607
apache/camel,ray-project/ray,Java,Python,1469,340,0.996547665751275
apache/camel,scikit-learn/scikit-learn,Java,Python,1469,228,0.9981252857796068
apache/camel,wagtail/wagtail,Java,Python,1469,407,0.9977614326830828
apache/camel,ytdl-org/youtube-dl,Java,Python,1469,309,0.999581764951903
apache/camel,celery/celery,Java,Python,1469,245,0.9985894301297724
apache/camel,conan-io/conan,Java,Python,1469,858,0.9993918596064463
apache/camel,docker/compose,Java,Python,1469,583,0.9993134225883968
apache/camel,google/jax,Java,Python,1469,568,0.9992061742006615
apache/camel,ipython/ipython,Java,Python,1469,843,0.9972876017149357
apache/camel,jupyterlab/jupyterlab,Java,Python,1469,200,0.9979148500587633
apache/camel,lightning-ai/lightning,Java,Python,1469,374,0.9988508498922671
apache/camel,mesonbuild/meson,Java,Python,1469,945,0.9978622429347129
apache/camel,prefecthq/prefect,Java,Python,1469,406,0.9982434243979106
apache/camel,pyca/cryptography,Java,Python,1469,337,0.9989213525301318
apache/camel,pydata/xarray,Java,Python,1469,122,0.9989715461090161
apache/camel,pytest-dev/pytest,Java,Python,1469,118,0.9991752377255967
apache/camel,sphinx-doc/sphinx,Java,Python,1469,186,0.9974288163032092
apache/camel,eclipse-aspectj/aspectj,Java,Java,1469,269,0.9947272807833755
apache/camel,eclipse-birt/birt,Java,Java,1469,3498,0.9957120288873843
apache/camel,eclipse-jdt/eclipse.jdt.ui,Java,Java,1469,2543,0.9962590772390523
apache/camel,eclipse-platform/eclipse.platform.swt,Java,Java,1469,90,0.9969610727895423
apache/camel,eclipse-platform/eclipse.platform.ui,Java,Java,1469,2063,0.9942148760330578
apache/camel,apache/tomcat,Java,Java,1469,51,0.9907893433693176
apache/hbase,apache/hive,Java,Java,838,1238,0.9819511662603253
apache/hbase,wildfly/wildfly,Java,Java,838,984,0.9958622727944436
apache/hbase,wildfly/wildfly-core,Java,Java,838,360,0.9962230068150094
apache/hbase,apache/commons-math,Java,Java,838,245,0.9967221175120872
apache/hbase,spring-projects/spring-batch,Java,Java,838,432,0.9969297891249899
apache/hbase,spring-projects/spring-roo,Java,Java,838,714,0.9935151313601597
apache/hbase,spring-projects/spring-security,Java,Java,838,542,0.9944498612465311
apache/hbase,apache/commons-compress,Java,Java,838,113,0.9966397849462365
apache/hbase,apache/commons-configuration,Java,Java,838,133,0.9963401506996771
apache/hbase,apache/commons-lang,Java,Java,838,217,0.9972480948348857
apache/hbase,spring-projects/spring-amqp,Java,Java,838,108,0.9976016570369562
apache/hbase,spring-projects/spring-data-commons,Java,Java,838,158,0.9977951714254216
apache/hbase,spring-projects/spring-data-gemfire,Java,Java,838,107,0.9970757067042132
apache/hbase,spring-projects/spring-data-jpa,Java,Java,838,147,0.9962829466095967
apache/hbase,spring-projects/spring-data-mongodb,Java,Java,838,271,0.9970820274505566
apache/hbase,spring-projects/spring-data-rest,Java,Java,838,132,0.9974318892362662
apache/hbase,spring-projects/spring-security-oauth,Java,Java,838,101,0.9970076471240163
apache/hbase,spring-projects/spring-webflow,Java,Java,838,134,0.9959902200488998
apache/hbase,spring-projects/spring-ws,Java,Java,838,174,0.9976050294381799
apache/hbase,bitcoin/bitcoin,Java,C++,838,563,0.9946164199192463
apache/hbase,clickhouse/clickhouse,Java,C++,838,1541,0.997070534698521
apache/hbase,electron/electron,Java,C++,838,1451,0.9973942782693664
apache/hbase,godotengine/godot,Java,C++,838,1486,0.9964536720613837
apache/hbase,protocolbuffers/protobuf,Java,C++,838,229,0.9950657894736842
apache/hbase,dagger/dagger,Java,Go,838,399,0.9956736177208618
apache/hbase,nats-io/nats-server,Java,Go,838,298,0.998801079028874
apache/hbase,nektos/act,Java,Go,838,166,0.9975397002907627
apache/hbase,elastic/elasticsearch,Java,Java,838,970,0.9962498463051764
apache/hbase,apache/dolphinscheduler,Java,Java,838,1369,0.9939217588102166
apache/hbase,apache/dubbo,Java,Java,838,379,0.9955384303386737
apache/hbase,liquibase/liquibase,Java,Java,838,241,0.9971214738054116
apache/hbase,openrefine/openrefine,Java,Java,838,620,0.9911290322580645
apache/hbase,seleniumhq/selenium,Java,Java,838,134,0.9920493488690885
apache/hbase,axios/axios,Java,JavaScript,838,113,0.9989821307396517
apache/hbase,facebook/react,Java,JavaScript,838,483,0.9963070429965708
apache/hbase,fastify/fastify,Java,JavaScript,838,279,0.9988469601677149
apache/hbase,mozilla/pdf.js,Java,JavaScript,838,543,0.9943437914273089
apache/hbase,sveltejs/svelte,Java,JavaScript,838,1107,0.9954848569046958
apache/hbase,vercel/next.js,Java,JavaScript,838,1258,0.9970525552079083
apache/hbase,apache/airflow,Java,Python,838,1648,0.9964280398868879
apache/hbase,ccxt/ccxt,Java,Python,838,693,0.9986693280106453
apache/hbase,localstack/localstack,Java,Python,838,472,0.9968499914864635
apache/hbase,posthog/posthog,Java,Python,838,403,0.9958965941731637
apache/hbase,ansible/ansible,Java,Python,838,768,0.996972812428604
apache/hbase,langchain-ai/langchain,Java,Python,838,130,0.9965026433509556
apache/hbase,odoo/odoo,Java,Python,838,115,0.9940012368583797
apache/hbase,quarkusio/quarkus,Java,Java,838,950,0.9954812142414635
apache/hbase,hannah-sten/texify-idea,Java,Kotlin,838,53,0.9931431978535228
apache/hbase,horizontalsystems/unstoppable-wallet-android,Java,Kotlin,838,15,0.9961368653421634
apache/hbase,intellij-rust/intellij-rust,Java,Kotlin,838,233,0.9976590248627705
apache/hbase,jwstegemann/fritz2,Java,Kotlin,838,12,0.9973477859778598
apache/hbase,square/anvil,Java,Kotlin,838,49,0.9975991768606379
apache/hbase,square/kotlinpoet,Java,Kotlin,838,24,0.9980430528375733
apache/hbase,square/leakcanary,Java,Kotlin,838,36,0.9961015699083342
apache/hbase,square/okhttp,Java,Kotlin,838,15,0.9949367088607595
apache/hbase,thundernest/k-9,Java,Kotlin,838,146,0.9960452992989394
apache/hbase,dmwm/wmcore,Java,Python,838,263,0.9936567497543107
apache/hbase,rucio/rucio,Java,Python,838,297,0.9968017057569296
apache/hbase,iterative/dvc,Java,Python,838,132,0.9975537119761753
apache/hbase,conda/conda,Java,Python,838,608,0.9972373058969229
apache/hbase,dagster-io/dagster,Java,Python,838,154,0.9966024915062288
apache/hbase,django/django,Java,Python,838,850,0.9964200477326969
apache/hbase,googleapis/google-cloud-python,Java,Python,838,911,0.9979450446218882
apache/hbase,huggingface/transformers,Java,Python,838,1049,0.9981232939035487
apache/hbase,pandas-dev/pandas,Java,Python,838,5016,0.9965379727420133
apache/hbase,qiskit/qiskit,Java,Python,838,1356,0.9958056623558197
apache/hbase,scipy/scipy,Java,Python,838,100,0.9965759939128781
apache/hbase,sympy/sympy,Java,Python,838,384,0.9984179718398988
apache/hbase,matplotlib/matplotlib,Java,Python,838,184,0.993385770468359
apache/hbase,numpy/numpy,Java,Python,838,803,0.9969331872946331
apache/hbase,open-mmlab/mmdetection,Java,Python,838,103,0.9981225945742983
apache/hbase,pantsbuild/pants,Java,Python,838,734,0.9971552183962543
apache/hbase,pypa/pip,Java,Python,838,684,0.9978596272184072
apache/hbase,ray-project/ray,Java,Python,838,340,0.9935181354295959
apache/hbase,scikit-learn/scikit-learn,Java,Python,838,228,0.9957728358757582
apache/hbase,wagtail/wagtail,Java,Python,838,407,0.9943680045626292
apache/hbase,ytdl-org/youtube-dl,Java,Python,838,309,0.99905042256196
apache/hbase,celery/celery,Java,Python,838,245,0.9982488568926938
apache/hbase,conan-io/conan,Java,Python,838,858,0.9983379040970664
apache/hbase,docker/compose,Java,Python,838,583,0.9982984153993406
apache/hbase,google/jax,Java,Python,838,568,0.9987165226319843
apache/hbase,ipython/ipython,Java,Python,838,843,0.9940185341196294
apache/hbase,jupyterlab/jupyterlab,Java,Python,838,200,0.9949314445383066
apache/hbase,lightning-ai/lightning,Java,Python,838,374,0.9970698191371122
apache/hbase,mesonbuild/meson,Java,Python,838,945,0.9954842351423272
apache/hbase,prefecthq/prefect,Java,Python,838,406,0.9944574917801785
apache/hbase,pyca/cryptography,Java,Python,838,337,0.9945809947745307
apache/hbase,pydata/xarray,Java,Python,838,122,0.9989396670554554
apache/hbase,pytest-dev/pytest,Java,Python,838,118,0.9979218620116376
apache/hbase,sphinx-doc/sphinx,Java,Python,838,186,0.9964050329538646
apache/hbase,eclipse-aspectj/aspectj,Java,Java,838,269,0.9926603920214144
apache/hbase,eclipse-birt/birt,Java,Java,838,3498,0.9962796402289452
apache/hbase,eclipse-jdt/eclipse.jdt.ui,Java,Java,838,2543,0.9963754761027154
apache/hbase,eclipse-platform/eclipse.platform.swt,Java,Java,838,90,0.995381299394437
apache/hbase,eclipse-platform/eclipse.platform.ui,Java,Java,838,2063,0.9961170434059077
apache/hbase,apache/tomcat,Java,Java,838,51,0.9938083858353248
apache/hive,wildfly/wildfly,Java,Java,1238,984,0.9962971384025725
apache/hive,wildfly/wildfly-core,Java,Java,1238,360,0.9982350864807624
apache/hive,apache/commons-math,Java,Java,1238,245,0.9972233240777469
apache/hive,spring-projects/spring-batch,Java,Java,1238,432,0.9967194471174875
apache/hive,spring-projects/spring-roo,Java,Java,1238,714,0.9965354890290485
apache/hive,spring-projects/spring-security,Java,Java,1238,542,0.9954658046097653
apache/hive,apache/commons-compress,Java,Java,1238,113,0.9974244063256581
apache/hive,apache/commons-configuration,Java,Java,1238,133,0.9976739482200647
apache/hive,apache/commons-lang,Java,Java,1238,217,0.9987457984247228
apache/hive,spring-projects/spring-amqp,Java,Java,1238,108,0.9984739813825728
apache/hive,spring-projects/spring-data-commons,Java,Java,1238,158,0.9977501661809071
apache/hive,spring-projects/spring-data-gemfire,Java,Java,1238,107,0.9980221117760422
apache/hive,spring-projects/spring-data-jpa,Java,Java,1238,147,0.998244164428837
apache/hive,spring-projects/spring-data-mongodb,Java,Java,1238,271,0.998125443307326
apache/hive,spring-projects/spring-data-rest,Java,Java,1238,132,0.9983025564528574
apache/hive,spring-projects/spring-security-oauth,Java,Java,1238,101,0.9984622481931417
apache/hive,spring-projects/spring-webflow,Java,Java,1238,134,0.9974892569166144
apache/hive,spring-projects/spring-ws,Java,Java,1238,174,0.9979519188569757
apache/hive,bitcoin/bitcoin,Java,C++,1238,563,0.9981365533691116
apache/hive,clickhouse/clickhouse,Java,C++,1238,1541,0.9934275386132106
apache/hive,electron/electron,Java,C++,1238,1451,0.9986853940358403
apache/hive,godotengine/godot,Java,C++,1238,1486,0.9978072706289671
apache/hive,protocolbuffers/protobuf,Java,C++,1238,229,0.996771425068454
apache/hive,dagger/dagger,Java,Go,1238,399,0.9983668284716236
apache/hive,nats-io/nats-server,Java,Go,1238,298,0.9987313979019273
apache/hive,nektos/act,Java,Go,1238,166,0.9985073090385012
apache/hive,elastic/elasticsearch,Java,Java,1238,970,0.9952809354441268
apache/hive,apache/dolphinscheduler,Java,Java,1238,1369,0.9956456398597356
apache/hive,apache/dubbo,Java,Java,1238,379,0.9967957593259227
apache/hive,liquibase/liquibase,Java,Java,1238,241,0.9971302850583509
apache/hive,openrefine/openrefine,Java,Java,1238,620,0.9953337953337953
apache/hive,seleniumhq/selenium,Java,Java,1238,134,0.9947758813207848
apache/hive,axios/axios,Java,JavaScript,1238,113,0.9992239238410596
apache/hive,facebook/react,Java,JavaScript,1238,483,0.9984405458089669
apache/hive,fastify/fastify,Java,JavaScript,1238,279,0.9994007490636704
apache/hive,mozilla/pdf.js,Java,JavaScript,1238,543,0.9972478326682263
apache/hive,sveltejs/svelte,Java,JavaScript,1238,1107,0.9977492866042361
apache/hive,vercel/next.js,Java,JavaScript,1238,1258,0.9981253265312394
apache/hive,apache/airflow,Java,Python,1238,1648,0.9975911353781918
apache/hive,ccxt/ccxt,Java,Python,1238,693,0.9991475759190197
apache/hive,localstack/localstack,Java,Python,1238,472,0.9980208708168405
apache/hive,posthog/posthog,Java,Python,1238,403,0.9974317924087786
apache/hive,ansible/ansible,Java,Python,1238,768,0.9958919768521826
apache/hive,langchain-ai/langchain,Java,Python,1238,130,0.9978051885343049
apache/hive,odoo/odoo,Java,Python,1238,115,0.9970738295318127
apache/hive,quarkusio/quarkus,Java,Java,1238,950,0.996625006591784
apache/hive,hannah-sten/texify-idea,Java,Kotlin,1238,53,0.9969826747128674
apache/hive,horizontalsystems/unstoppable-wallet-android,Java,Kotlin,1238,15,0.9983115886415963
apache/hive,intellij-rust/intellij-rust,Java,Kotlin,1238,233,0.998382372229266
apache/hive,jwstegemann/fritz2,Java,Kotlin,1238,12,0.998642864599645
apache/hive,square/anvil,Java,Kotlin,1238,49,0.9989601206260074
apache/hive,square/kotlinpoet,Java,Kotlin,1238,24,0.998956866426746
apache/hive,square/leakcanary,Java,Kotlin,1238,36,0.9979476397857536
apache/hive,square/okhttp,Java,Kotlin,1238,15,0.997392574050897
apache/hive,thundernest/k-9,Java,Kotlin,1238,146,0.9976864704793633
apache/hive,dmwm/wmcore,Java,Python,1238,263,0.9966325306762617
apache/hive,rucio/rucio,Java,Python,1238,297,0.9976927513939627
apache/hive,iterative/dvc,Java,Python,1238,132,0.9989440868865648
apache/hive,conda/conda,Java,Python,1238,608,0.9977124338750417
apache/hive,dagster-io/dagster,Java,Python,1238,154,0.9976598020861193
apache/hive,django/django,Java,Python,1238,850,0.9978165056002588
apache/hive,googleapis/google-cloud-python,Java,Python,1238,911,0.997601569881532
apache/hive,huggingface/transformers,Java,Python,1238,1049,0.9987530727849229
apache/hive,pandas-dev/pandas,Java,Python,1238,5016,0.9977781113946855
apache/hive,qiskit/qiskit,Java,Python,1238,1356,0.9962486386188536
apache/hive,scipy/scipy,Java,Python,1238,100,0.9981428571428571
apache/hive,sympy/sympy,Java,Python,1238,384,0.99779488066413
apache/hive,matplotlib/matplotlib,Java,Python,1238,184,0.9968626003506506
apache/hive,numpy/numpy,Java,Python,1238,803,0.9980149704313304
apache/hive,open-mmlab/mmdetection,Java,Python,1238,103,0.9988173518141823
apache/hive,pantsbuild/pants,Java,Python,1238,734,0.9975144381899261
apache/hive,pypa/pip,Java,Python,1238,684,0.998248767224296
apache/hive,ray-project/ray,Java,Python,1238,340,0.9956379061949736
apache/hive,scikit-learn/scikit-learn,Java,Python,1238,228,0.9975196555597154
apache/hive,wagtail/wagtail,Java,Python,1238,407,0.9972259617345898
apache/hive,ytdl-org/youtube-dl,Java,Python,1238,309,0.9988104867488223
apache/hive,celery/celery,Java,Python,1238,245,0.9986997351312304
apache/hive,conan-io/conan,Java,Python,1238,858,0.998889826368844
apache/hive,docker/compose,Java,Python,1238,583,0.9992960933179145
apache/hive,google/jax,Java,Python,1238,568,0.9983313038380012
apache/hive,ipython/ipython,Java,Python,1238,843,0.9975845410628019
apache/hive,jupyterlab/jupyterlab,Java,Python,1238,200,0.9964057971014493
apache/hive,lightning-ai/lightning,Java,Python,1238,374,0.998430064269244
apache/hive,mesonbuild/meson,Java,Python,1238,945,0.9981212041770438
apache/hive,prefecthq/prefect,Java,Python,1238,406,0.9970659221049643
apache/hive,pyca/cryptography,Java,Python,1238,337,0.9982228626320845
apache/hive,pydata/xarray,Java,Python,1238,122,0.999196666164583
apache/hive,pytest-dev/pytest,Java,Python,1238,118,0.9986573176189766
apache/hive,sphinx-doc/sphinx,Java,Python,1238,186,0.9975120737596956
apache/hive,eclipse-aspectj/aspectj,Java,Java,1238,269,0.9957855621516292
apache/hive,eclipse-birt/birt,Java,Java,1238,3498,0.9965088994448578
apache/hive,eclipse-jdt/eclipse.jdt.ui,Java,Java,1238,2543,0.9982439097294874
apache/hive,eclipse-platform/eclipse.platform.swt,Java,Java,1238,90,0.9975777349349944
apache/hive,eclipse-platform/eclipse.platform.ui,Java,Java,1238,2063,0.9981933515336439
apache/hive,apache/tomcat,Java,Java,1238,51,0.9942616290879545
wildfly/wildfly,wildfly/wildfly-core,Java,Java,984,360,0.8292541168873103
wildfly/wildfly,apache/commons-math,Java,Java,984,245,0.9961312786124186
wildfly/wildfly,spring-projects/spring-batch,Java,Java,984,432,0.9950902250844864
wildfly/wildfly,spring-projects/spring-roo,Java,Java,984,714,0.991130820399113
wildfly/wildfly,spring-projects/spring-security,Java,Java,984,542,0.9896027405493119
wildfly/wildfly,apache/commons-compress,Java,Java,984,113,0.996485205165931
wildfly/wildfly,apache/commons-configuration,Java,Java,984,133,0.995315973324865
wildfly/wildfly,apache/commons-lang,Java,Java,984,217,0.9931786106319586
wildfly/wildfly,spring-projects/spring-amqp,Java,Java,984,108,0.9954323263081978
wildfly/wildfly,spring-projects/spring-data-commons,Java,Java,984,158,0.9967681990789368
wildfly/wildfly,spring-projects/spring-data-gemfire,Java,Java,984,107,0.9967302017704761
wildfly/wildfly,spring-projects/spring-data-jpa,Java,Java,984,147,0.9954858831254104
wildfly/wildfly,spring-projects/spring-data-mongodb,Java,Java,984,271,0.9976908989569233
wildfly/wildfly,spring-projects/spring-data-rest,Java,Java,984,132,0.996493231120535
wildfly/wildfly,spring-projects/spring-security-oauth,Java,Java,984,101,0.9965122881012247
wildfly/wildfly,spring-projects/spring-webflow,Java,Java,984,134,0.9966003990835859
wildfly/wildfly,spring-projects/spring-ws,Java,Java,984,174,0.9914459368199895
wildfly/wildfly,bitcoin/bitcoin,Java,C++,984,563,0.9983207815998372
wildfly/wildfly,clickhouse/clickhouse,Java,C++,984,1541,0.998310196017262
wildfly/wildfly,electron/electron,Java,C++,984,1451,0.9976987158834629
wildfly/wildfly,godotengine/godot,Java,C++,984,1486,0.9981929311719373
wildfly/wildfly,protocolbuffers/protobuf,Java,C++,984,229,0.9985540775014459
wildfly/wildfly,dagger/dagger,Java,Go,984,399,0.9977124402879634
wildfly/wildfly,nats-io/nats-server,Java,Go,984,298,0.9993991738640631
wildfly/wildfly,nektos/act,Java,Go,984,166,0.9980404964075767
wildfly/wildfly,elastic/elasticsearch,Java,Java,984,970,0.9948378815782131
wildfly/wildfly,apache/dolphinscheduler,Java,Java,984,1369,0.9940333493154334
wildfly/wildfly,apache/dubbo,Java,Java,984,379,0.9927067793800762
wildfly/wildfly,liquibase/liquibase,Java,Java,984,241,0.9938082750582751
wildfly/wildfly,openrefine/openrefine,Java,Java,984,620,0.9937093875293792
wildfly/wildfly,seleniumhq/selenium,Java,Java,984,134,0.9951385784532857
wildfly/wildfly,axios/axios,Java,JavaScript,984,113,0.9993414553836022
wildfly/wildfly,facebook/react,Java,JavaScript,984,483,0.9977801840822956
wildfly/wildfly,fastify/fastify,Java,JavaScript,984,279,0.9990658570761326
wildfly/wildfly,mozilla/pdf.js,Java,JavaScript,984,543,0.9967854455919568
wildfly/wildfly,sveltejs/svelte,Java,JavaScript,984,1107,0.998192294655971
wildfly/wildfly,vercel/next.js,Java,JavaScript,984,1258,0.9984226507354391
wildfly/wildfly,apache/airflow,Java,Python,984,1648,0.9971174872440527
wildfly/wildfly,ccxt/ccxt,Java,Python,984,693,0.9991765480895916
wildfly/wildfly,localstack/localstack,Java,Python,984,472,0.9966117459473824
wildfly/wildfly,posthog/posthog,Java,Python,984,403,0.9974125076747654
wildfly/wildfly,ansible/ansible,Java,Python,984,768,0.9968771019506102
wildfly/wildfly,langchain-ai/langchain,Java,Python,984,130,0.9983975386193192
wildfly/wildfly,odoo/odoo,Java,Python,984,115,0.9964058328198809
wildfly/wildfly,quarkusio/quarkus,Java,Java,984,950,0.9906332325104888
wildfly/wildfly,hannah-sten/texify-idea,Java,Kotlin,984,53,0.9966340040391951
wildfly/wildfly,horizontalsystems/unstoppable-wallet-android,Java,Kotlin,984,15,0.9977357269933689
wildfly/wildfly,intellij-rust/intellij-rust,Java,Kotlin,984,233,0.9991716579584554
wildfly/wildfly,jwstegemann/fritz2,Java,Kotlin,984,12,0.9980798129904825
wildfly/wildfly,square/anvil,Java,Kotlin,984,49,0.9986725296606654
wildfly/wildfly,square/kotlinpoet,Java,Kotlin,984,24,0.9987492704077379
wildfly/wildfly,square/leakcanary,Java,Kotlin,984,36,0.9974212706102993
wildfly/wildfly,square/okhttp,Java,Kotlin,984,15,0.997082360786929
wildfly/wildfly,thundernest/k-9,Java,Kotlin,984,146,0.9951496674057649
wildfly/wildfly,dmwm/wmcore,Java,Python,984,263,0.9971722187737085
wildfly/wildfly,rucio/rucio,Java,Python,984,297,0.9963300058719906
wildfly/wildfly,iterative/dvc,Java,Python,984,132,0.9980327352848599
wildfly/wildfly,conda/conda,Java,Python,984,608,0.9975367673694124
wildfly/wildfly,dagster-io/dagster,Java,Python,984,154,0.9974485307056132
wildfly/wildfly,django/django,Java,Python,984,850,0.9974361896080218
wildfly/wildfly,googleapis/google-cloud-python,Java,Python,984,911,0.9983282525322057
wildfly/wildfly,huggingface/transformers,Java,Python,984,1049,0.9987553853518429
wildfly/wildfly,pandas-dev/pandas,Java,Python,984,5016,0.9983157894736842
wildfly/wildfly,qiskit/qiskit,Java,Python,984,1356,0.9971040826756005
wildfly/wildfly,scipy/scipy,Java,Python,984,100,0.998191027496382
wildfly/wildfly,sympy/sympy,Java,Python,984,384,0.9991848507649862
wildfly/wildfly,matplotlib/matplotlib,Java,Python,984,184,0.9961363322754243
wildfly/wildfly,numpy/numpy,Java,Python,984,803,0.9982942179871772
wildfly/wildfly,open-mmlab/mmdetection,Java,Python,984,103,0.998782147718318
wildfly/wildfly,pantsbuild/pants,Java,Python,984,734,0.9979681847465186
wildfly/wildfly,pypa/pip,Java,Python,984,684,0.9964873613885253
wildfly/wildfly,ray-project/ray,Java,Python,984,340,0.996967654986523
wildfly/wildfly,scikit-learn/scikit-learn,Java,Python,984,228,0.9973216802932056
wildfly/wildfly,wagtail/wagtail,Java,Python,984,407,0.9970576357237639
wildfly/wildfly,ytdl-org/youtube-dl,Java,Python,984,309,0.9994218399942184
wildfly/wildfly,celery/celery,Java,Python,984,245,0.9977916820022084
wildfly/wildfly,conan-io/conan,Java,Python,984,858,0.9983701675467762
wildfly/wildfly,docker/compose,Java,Python,984,583,0.9989771028405068
wildfly/wildfly,google/jax,Java,Python,984,568,0.9987327419462416
wildfly/wildfly,ipython/ipython,Java,Python,984,843,0.9968371112282551
wildfly/wildfly,jupyterlab/jupyterlab,Java,Python,984,200,0.9960417223856646
wildfly/wildfly,lightning-ai/lightning,Java,Python,984,374,0.9981822313110656
wildfly/wildfly,mesonbuild/meson,Java,Python,984,945,0.9973896988603808
wildfly/wildfly,prefecthq/prefect,Java,Python,984,406,0.9962726686259049
wildfly/wildfly,pyca/cryptography,Java,Python,984,337,0.9961143695014663
wildfly/wildfly,pydata/xarray,Java,Python,984,122,0.9981942372615216
wildfly/wildfly,pytest-dev/pytest,Java,Python,984,118,0.9985305491105955
wildfly/wildfly,sphinx-doc/sphinx,Java,Python,984,186,0.9975225225225225
wildfly/wildfly,eclipse-aspectj/aspectj,Java,Java,984,269,0.9938201115066837
wildfly/wildfly,eclipse-birt/birt,Java,Java,984,3498,0.9970827630915509
wildfly/wildfly,eclipse-jdt/eclipse.jdt.ui,Java,Java,984,2543,0.9975490196078431
wildfly/wildfly,eclipse-platform/eclipse.platform.swt,Java,Java,984,90,0.9973178021304314
wildfly/wildfly,eclipse-platform/eclipse.platform.ui,Java,Java,984,2063,0.9978564981949458
wildfly/wildfly,apache/tomcat,Java,Java,984,51,0.979539641943734
wildfly/wildfly-core,apache/commons-math,Java,Java,360,245,0.9960741843779612
wildfly/wildfly-core,spring-projects/spring-batch,Java,Java,360,432,0.9972222222222222
wildfly/wildfly-core,spring-projects/spring-roo,Java,Java,360,714,0.9936217415418747
wildfly/wildfly-core,spring-projects/spring-security,Java,Java,360,542,0.9931900904074205
wildfly/wildfly-core,apache/commons-compress,Java,Java,360,113,0.9934322549258088
wildfly/wildfly-core,apache/commons-configuration,Java,Java,360,133,0.9921770227983907
wildfly/wildfly-core,apache/commons-lang,Java,Java,360,217,0.9930900453465774
wildfly/wildfly-core,spring-projects/spring-amqp,Java,Java,360,108,0.993801652892562
wildfly/wildfly-core,spring-projects/spring-data-commons,Java,Java,360,158,0.9934179595674659
wildfly/wildfly-core,spring-projects/spring-data-gemfire,Java,Java,360,107,0.995697463768116
wildfly/wildfly-core,spring-projects/spring-data-jpa,Java,Java,360,147,0.9940915805022157
wildfly/wildfly-core,spring-projects/spring-data-mongodb,Java,Java,360,271,0.9966185752930569
wildfly/wildfly-core,spring-projects/spring-data-rest,Java,Java,360,132,0.9942014979463638
wildfly/wildfly-core,spring-projects/spring-security-oauth,Java,Java,360,101,0.9959591157594485
wildfly/wildfly-core,spring-projects/spring-webflow,Java,Java,360,134,0.9961168639053254
wildfly/wildfly-core,spring-projects/spring-ws,Java,Java,360,174,0.9932744043043813
wildfly/wildfly-core,bitcoin/bitcoin,Java,C++,360,563,0.9986989331251627
wildfly/wildfly-core,clickhouse/clickhouse,Java,C++,360,1541,0.9987146953168771
wildfly/wildfly-core,electron/electron,Java,C++,360,1451,0.9992649220817407
wildfly/wildfly-core,godotengine/godot,Java,C++,360,1486,0.9983166557561022
wildfly/wildfly-core,protocolbuffers/protobuf,Java,C++,360,229,0.9981455219810189
wildfly/wildfly-core,dagger/dagger,Java,Go,360,399,0.9980715027443999
wildfly/wildfly-core,nats-io/nats-server,Java,Go,360,298,0.9982668977469671
wildfly/wildfly-core,nektos/act,Java,Go,360,166,0.998061076102763
wildfly/wildfly-core,elastic/elasticsearch,Java,Java,360,970,0.9958145408623489
wildfly/wildfly-core,apache/dolphinscheduler,Java,Java,360,1369,0.9959620621654616
wildfly/wildfly-core,apache/dubbo,Java,Java,360,379,0.9938859376566102
wildfly/wildfly-core,liquibase/liquibase,Java,Java,360,241,0.9907242240456654
wildfly/wildfly-core,openrefine/openrefine,Java,Java,360,620,0.9927479110830837
wildfly/wildfly-core,seleniumhq/selenium,Java,Java,360,134,0.9975445058317987
wildfly/wildfly-core,axios/axios,Java,JavaScript,360,113,0.9980124223602485
wildfly/wildfly-core,facebook/react,Java,JavaScript,360,483,0.9992268290325699
wildfly/wildfly-core,fastify/fastify,Java,JavaScript,360,279,0.9995765403345331
wildfly/wildfly-core,mozilla/pdf.js,Java,JavaScript,360,543,0.998461301738729
wildfly/wildfly-core,sveltejs/svelte,Java,JavaScript,360,1107,0.9991648397536277
wildfly/wildfly-core,vercel/next.js,Java,JavaScript,360,1258,0.999535882114057
wildfly/wildfly-core,apache/airflow,Java,Python,360,1648,0.9982320141438868
wildfly/wildfly-core,ccxt/ccxt,Java,Python,360,693,0.9994603588613572
wildfly/wildfly-core,localstack/localstack,Java,Python,360,472,0.9974025974025974
wildfly/wildfly-core,posthog/posthog,Java,Python,360,403,0.9985693848354793
wildfly/wildfly-core,ansible/ansible,Java,Python,360,768,0.9973997320936097
wildfly/wildfly-core,langchain-ai/langchain,Java,Python,360,130,0.9990639208344477
wildfly/wildfly-core,odoo/odoo,Java,Python,360,115,0.9986787633224699
wildfly/wildfly-core,quarkusio/quarkus,Java,Java,360,950,0.9945190947666195
wildfly/wildfly-core,hannah-sten/texify-idea,Java,Kotlin,360,53,0.9952344643537934
wildfly/wildfly-core,horizontalsystems/unstoppable-wallet-android,Java,Kotlin,360,15,0.9976431769974075
wildfly/wildfly-core,intellij-rust/intellij-rust,Java,Kotlin,360,233,0.9982829216748118
wildfly/wildfly-core,jwstegemann/fritz2,Java,Kotlin,360,12,0.9966286307053942
wildfly/wildfly-core,square/anvil,Java,Kotlin,360,49,0.9972017298397354
wildfly/wildfly-core,square/kotlinpoet,Java,Kotlin,360,24,0.9961250322913976
wildfly/wildfly-core,square/leakcanary,Java,Kotlin,360,36,0.9965775401069519
wildfly/wildfly-core,square/okhttp,Java,Kotlin,360,15,0.9961280330407847
wildfly/wildfly-core,thundernest/k-9,Java,Kotlin,360,146,0.9968299255032493
wildfly/wildfly-core,dmwm/wmcore,Java,Python,360,263,0.9971769134253451
wildfly/wildfly-core,rucio/rucio,Java,Python,360,297,0.9969102144674664
wildfly/wildfly-core,iterative/dvc,Java,Python,360,132,0.997601395551679
wildfly/wildfly-core,conda/conda,Java,Python,360,608,0.9985917972187995
wildfly/wildfly-core,dagster-io/dagster,Java,Python,360,154,0.999110198494182
wildfly/wildfly-core,django/django,Java,Python,360,850,0.9990454979319122
wildfly/wildfly-core,googleapis/google-cloud-python,Java,Python,360,911,0.9993451211525868
wildfly/wildfly-core,huggingface/transformers,Java,Python,360,1049,0.9994517114435655
wildfly/wildfly-core,pandas-dev/pandas,Java,Python,360,5016,0.9992778981280898
wildfly/wildfly-core,qiskit/qiskit,Java,Python,360,1356,0.9988407629887238
wildfly/wildfly-core,scipy/scipy,Java,Python,360,100,0.9984204984204984
wildfly/wildfly-core,sympy/sympy,Java,Python,360,384,0.9993611040122669
wildfly/wildfly-core,matplotlib/matplotlib,Java,Python,360,184,0.9976455815413593
wildfly/wildfly-core,numpy/numpy,Java,Python,360,803,0.9989862581662536
wildfly/wildfly-core,open-mmlab/mmdetection,Java,Python,360,103,0.9989720746959054
wildfly/wildfly-core,pantsbuild/pants,Java,Python,360,734,0.9990046449900465
wildfly/wildfly-core,pypa/pip,Java,Python,360,684,0.9982804439581053
wildfly/wildfly-core,ray-project/ray,Java,Python,360,340,0.9964894166236448
wildfly/wildfly-core,scikit-learn/scikit-learn,Java,Python,360,228,0.9983514671941972
wildfly/wildfly-core,wagtail/wagtail,Java,Python,360,407,0.998914341548149
wildfly/wildfly-core,ytdl-org/youtube-dl,Java,Python,360,309,0.9991249562478124
wildfly/wildfly-core,celery/celery,Java,Python,360,245,0.9981695039355666
wildfly/wildfly-core,conan-io/conan,Java,Python,360,858,0.9991685144124168
wildfly/wildfly-core,docker/compose,Java,Python,360,583,0.9991277802006105
wildfly/wildfly-core,google/jax,Java,Python,360,568,0.9988356862174356
wildfly/wildfly-core,ipython/ipython,Java,Python,360,843,0.9978732454274777
wildfly/wildfly-core,jupyterlab/jupyterlab,Java,Python,360,200,0.9991486946651532
wildfly/wildfly-core,lightning-ai/lightning,Java,Python,360,374,0.9978350718362528
wildfly/wildfly-core,mesonbuild/meson,Java,Python,360,945,0.9981540084388185
wildfly/wildfly-core,prefecthq/prefect,Java,Python,360,406,0.9982841455044612
wildfly/wildfly-core,pyca/cryptography,Java,Python,360,337,0.9981877491844872
wildfly/wildfly-core,pydata/xarray,Java,Python,360,122,0.999133261105092
wildfly/wildfly-core,pytest-dev/pytest,Java,Python,360,118,0.9989598502184315
wildfly/wildfly-core,sphinx-doc/sphinx,Java,Python,360,186,0.9982682316721185
wildfly/wildfly-core,eclipse-aspectj/aspectj,Java,Java,360,269,0.9963039621525724
wildfly/wildfly-core,eclipse-birt/birt,Java,Java,360,3498,0.998625464542076
wildfly/wildfly-core,eclipse-jdt/eclipse.jdt.ui,Java,Java,360,2543,0.9980804467323968
wildfly/wildfly-core,eclipse-platform/eclipse.platform.swt,Java,Java,360,90,0.9981729598051157
wildfly/wildfly-core,eclipse-platform/eclipse.platform.ui,Java,Java,360,2063,0.9976056631272121
wildfly/wildfly-core,apache/tomcat,Java,Java,360,51,0.9856459330143541
apache/commons-math,spring-projects/spring-batch,Java,Java,245,432,0.9981542518127884
apache/commons-math,spring-projects/spring-roo,Java,Java,245,714,0.9968214483139857
apache/commons-math,spring-projects/spring-security,Java,Java,245,542,0.9959021191897904
apache/commons-math,apache/commons-compress,Java,Java,245,113,0.9956479690522244
apache/commons-math,apache/commons-configuration,Java,Java,245,133,0.9946642952423299
apache/commons-math,apache/commons-lang,Java,Java,245,217,0.988831615120275
apache/commons-math,spring-projects/spring-amqp,Java,Java,245,108,0.9956630906185803
apache/commons-math,spring-projects/spring-data-commons,Java,Java,245,158,0.9969619069876139
apache/commons-math,spring-projects/spring-data-gemfire,Java,Java,245,107,0.9977482548975456
apache/commons-math,spring-projects/spring-data-jpa,Java,Java,245,147,0.9963289280469897
apache/commons-math,spring-projects/spring-data-mongodb,Java,Java,245,271,0.9975341851602779
apache/commons-math,spring-projects/spring-data-rest,Java,Java,245,132,0.9963976945244957
apache/commons-math,spring-projects/spring-security-oauth,Java,Java,245,101,0.9957456865989128
apache/commons-math,spring-projects/spring-webflow,Java,Java,245,134,0.9979753359101785
apache/commons-math,spring-projects/spring-ws,Java,Java,245,174,0.9980875884490342
apache/commons-math,bitcoin/bitcoin,Java,C++,245,563,0.9985286480872425
apache/commons-math,clickhouse/clickhouse,Java,C++,245,1541,0.9989133298208641
apache/commons-math,electron/electron,Java,C++,245,1451,0.9989727786337956
apache/commons-math,godotengine/godot,Java,C++,245,1486,0.9979471867126994
apache/commons-math,protocolbuffers/protobuf,Java,C++,245,229,0.9988033072236727
apache/commons-math,dagger/dagger,Java,Go,245,399,0.997930524759793
apache/commons-math,nats-io/nats-server,Java,Go,245,298,0.9994249568717654
apache/commons-math,nektos/act,Java,Go,245,166,0.999277108433735
apache/commons-math,elastic/elasticsearch,Java,Java,245,970,0.9971160778658976
apache/commons-math,apache/dolphinscheduler,Java,Java,245,1369,0.9971891689309472
apache/commons-math,apache/dubbo,Java,Java,245,379,0.9979002099790021
apache/commons-math,liquibase/liquibase,Java,Java,245,241,0.997158081705151
apache/commons-math,openrefine/openrefine,Java,Java,245,620,0.9937185929648241
apache/commons-math,seleniumhq/selenium,Java,Java,245,134,0.9972443355786895
apache/commons-math,axios/axios,Java,JavaScript,245,113,0.9997530864197531
apache/commons-math,facebook/react,Java,JavaScript,245,483,0.9994215194755109
apache/commons-math,fastify/fastify,Java,JavaScript,245,279,0.9991575400168492
apache/commons-math,mozilla/pdf.js,Java,JavaScript,245,543,0.9987735704430477
apache/commons-math,sveltejs/svelte,Java,JavaScript,245,1107,0.9988546438983756
apache/commons-math,vercel/next.js,Java,JavaScript,245,1258,0.9989571867215109
apache/commons-math,apache/airflow,Java,Python,245,1648,0.9990943669625068
apache/commons-math,ccxt/ccxt,Java,Python,245,693,0.9992812864971701
apache/commons-math,localstack/localstack,Java,Python,245,472,0.9976991659476561
apache/commons-math,posthog/posthog,Java,Python,245,403,0.9989798694232862
apache/commons-math,ansible/ansible,Java,Python,245,768,0.9992135891789871
apache/commons-math,langchain-ai/langchain,Java,Python,245,130,0.998667199786752
apache/commons-math,odoo/odoo,Java,Python,245,115,0.9984179996484444
apache/commons-math,quarkusio/quarkus,Java,Java,245,950,0.9980573093734822
apache/commons-math,hannah-sten/texify-idea,Java,Kotlin,245,53,0.9979131094668944
apache/commons-math,horizontalsystems/unstoppable-wallet-android,Java,Kotlin,245,15,0.9988284910965324
apache/commons-math,intellij-rust/intellij-rust,Java,Kotlin,245,233,0.9992101105845181
apache/commons-math,jwstegemann/fritz2,Java,Kotlin,245,12,0.997680412371134
apache/commons-math,square/anvil,Java,Kotlin,245,49,0.9979772439949431
apache/commons-math,square/kotlinpoet,Java,Kotlin,245,24,0.9979460847240051
apache/commons-math,square/leakcanary,Java,Kotlin,245,36,0.9993615662907002
apache/commons-math,square/okhttp,Java,Kotlin,245,15,0.995382247306311
apache/commons-math,thundernest/k-9,Java,Kotlin,245,146,0.998105462582886
apache/commons-math,dmwm/wmcore,Java,Python,245,263,0.9978128417434776
apache/commons-math,rucio/rucio,Java,Python,245,297,0.9980094100615273
apache/commons-math,iterative/dvc,Java,Python,245,132,0.9978308026030369
apache/commons-math,conda/conda,Java,Python,245,608,0.9980718667835232
apache/commons-math,dagster-io/dagster,Java,Python,245,154,0.9992483258165915
apache/commons-math,django/django,Java,Python,245,850,0.9982018193357309
apache/commons-math,googleapis/google-cloud-python,Java,Python,245,911,0.9990196078431373
apache/commons-math,huggingface/transformers,Java,Python,245,1049,0.9994527829893683
apache/commons-math,pandas-dev/pandas,Java,Python,245,5016,0.999056970100405
apache/commons-math,qiskit/qiskit,Java,Python,245,1356,0.9989488068958268
apache/commons-math,scipy/scipy,Java,Python,245,100,0.9965047186298497
apache/commons-math,sympy/sympy,Java,Python,245,384,0.9980891719745223
apache/commons-math,matplotlib/matplotlib,Java,Python,245,184,0.9973420888055035
apache/commons-math,numpy/numpy,Java,Python,245,803,0.9979782095922722
apache/commons-math,open-mmlab/mmdetection,Java,Python,245,103,0.9982938065176591
apache/commons-math,pantsbuild/pants,Java,Python,245,734,0.998758380928731
apache/commons-math,pypa/pip,Java,Python,245,684,0.9985983491667965
apache/commons-math,ray-project/ray,Java,Python,245,340,0.9971163748712667
apache/commons-math,scikit-learn/scikit-learn,Java,Python,245,228,0.9985221674876847
apache/commons-math,wagtail/wagtail,Java,Python,245,407,0.9990254466702762
apache/commons-math,ytdl-org/youtube-dl,Java,Python,245,309,0.99930301446245
apache/commons-math,celery/celery,Java,Python,245,245,0.9990887552396573
apache/commons-math,conan-io/conan,Java,Python,245,858,0.9993094876398287
apache/commons-math,docker/compose,Java,Python,245,583,0.998915636521362
apache/commons-math,google/jax,Java,Python,245,568,0.998404641044235
apache/commons-math,ipython/ipython,Java,Python,245,843,0.9975981915795422
apache/commons-math,jupyterlab/jupyterlab,Java,Python,245,200,0.9992450693592526
apache/commons-math,lightning-ai/lightning,Java,Python,245,374,0.9986287952987267
apache/commons-math,mesonbuild/meson,Java,Python,245,945,0.9984229202260481
apache/commons-math,prefecthq/prefect,Java,Python,245,406,0.9991457372287715
apache/commons-math,pyca/cryptography,Java,Python,245,337,0.9990977986286539
apache/commons-math,pydata/xarray,Java,Python,245,122,0.9978443630092693
apache/commons-math,pytest-dev/pytest,Java,Python,245,118,0.9989652317880795
apache/commons-math,sphinx-doc/sphinx,Java,Python,245,186,0.9982765224052087
apache/commons-math,eclipse-aspectj/aspectj,Java,Java,245,269,0.9972013551333039
apache/commons-math,eclipse-birt/birt,Java,Java,245,3498,0.9985763677038845
apache/commons-math,eclipse-jdt/eclipse.jdt.ui,Java,Java,245,2543,0.9984328748041094
apache/commons-math,eclipse-platform/eclipse.platform.swt,Java,Java,245,90,0.9983841648151889
apache/commons-math,eclipse-platform/eclipse.platform.ui,Java,Java,245,2063,0.9965732087227415
apache/commons-math,apache/tomcat,Java,Java,245,51,0.994789306751246
spring-projects/spring-batch,spring-projects/spring-roo,Java,Java,432,714,0.9898785425101214
spring-projects/spring-batch,spring-projects/spring-security,Java,Java,432,542,0.9885255306942053
spring-projects/spring-batch,apache/commons-compress,Java,Java,432,113,0.9953585518681829
spring-projects/spring-batch,apache/commons-configuration,Java,Java,432,133,0.995291095890411
spring-projects/spring-batch,apache/commons-lang,Java,Java,432,217,0.9981362600952578
spring-projects/spring-batch,spring-projects/spring-amqp,Java,Java,432,108,0.9883618796662275
spring-projects/spring-batch,spring-projects/spring-data-commons,Java,Java,432,158,0.9878706199460916
spring-projects/spring-batch,spring-projects/spring-data-gemfire,Java,Java,432,107,0.9885132206328565
spring-projects/spring-batch,spring-projects/spring-data-jpa,Java,Java,432,147,0.9892018779342723
spring-projects/spring-batch,spring-projects/spring-data-mongodb,Java,Java,432,271,0.9933103150625809
spring-projects/spring-batch,spring-projects/spring-data-rest,Java,Java,432,132,0.9928522019829376
spring-projects/spring-batch,spring-projects/spring-security-oauth,Java,Java,432,101,0.9902383654937571
spring-projects/spring-batch,spring-projects/spring-webflow,Java,Java,432,134,0.9835890117731002
spring-projects/spring-batch,spring-projects/spring-ws,Java,Java,432,174,0.9914846353202518
spring-projects/spring-batch,bitcoin/bitcoin,Java,C++,432,563,0.9970154344674682
spring-projects/spring-batch,clickhouse/clickhouse,Java,C++,432,1541,0.9973805703807996
spring-projects/spring-batch,electron/electron,Java,C++,432,1451,0.9981886683089407
spring-projects/spring-batch,godotengine/godot,Java,C++,432,1486,0.9986227160040401
spring-projects/spring-batch,protocolbuffers/protobuf,Java,C++,432,229,0.998718633208756
spring-projects/spring-batch,dagger/dagger,Java,Go,432,399,0.995244271508863
spring-projects/spring-batch,nats-io/nats-server,Java,Go,432,298,0.9996290113151549
spring-projects/spring-batch,nektos/act,Java,Go,432,166,0.9983811285846439
spring-projects/spring-batch,elastic/elasticsearch,Java,Java,432,970,0.9972414287249669
spring-projects/spring-batch,apache/dolphinscheduler,Java,Java,432,1369,0.9950216649764912
spring-projects/spring-batch,apache/dubbo,Java,Java,432,379,0.9972481572481573
spring-projects/spring-batch,liquibase/liquibase,Java,Java,432,241,0.9941419710544452
spring-projects/spring-batch,openrefine/openrefine,Java,Java,432,620,0.9926616725271366
spring-projects/spring-batch,seleniumhq/selenium,Java,Java,432,134,0.9957882069795427
spring-projects/spring-batch,axios/axios,Java,JavaScript,432,113,1.0
spring-projects/spring-batch,facebook/react,Java,JavaScript,432,483,0.9976292081555239
spring-projects/spring-batch,fastify/fastify,Java,JavaScript,432,279,0.9993903678114204
spring-projects/spring-batch,mozilla/pdf.js,Java,JavaScript,432,543,0.9953710616694043
spring-projects/spring-batch,sveltejs/svelte,Java,JavaScript,432,1107,0.9969315741024855
spring-projects/spring-batch,vercel/next.js,Java,JavaScript,432,1258,0.9980498996271867
spring-projects/spring-batch,apache/airflow,Java,Python,432,1648,0.9982926719683695
spring-projects/spring-batch,ccxt/ccxt,Java,Python,432,693,0.9991531089815021
spring-projects/spring-batch,localstack/localstack,Java,Python,432,472,0.9974747474747475
spring-projects/spring-batch,posthog/posthog,Java,Python,432,403,0.9979834644081468
spring-projects/spring-batch,ansible/ansible,Java,Python,432,768,0.9977500193963845
spring-projects/spring-batch,langchain-ai/langchain,Java,Python,432,130,0.9963522668056279
spring-projects/spring-batch,odoo/odoo,Java,Python,432,115,0.9961908059908233
spring-projects/spring-batch,quarkusio/quarkus,Java,Java,432,950,0.996275523617562
spring-projects/spring-batch,hannah-sten/texify-idea,Java,Kotlin,432,53,0.9944893460690669
spring-projects/spring-batch,horizontalsystems/unstoppable-wallet-android,Java,Kotlin,432,15,0.9945958117541094
spring-projects/spring-batch,intellij-rust/intellij-rust,Java,Kotlin,432,233,0.9984553996653366
spring-projects/spring-batch,jwstegemann/fritz2,Java,Kotlin,432,12,0.9960532807104094
spring-projects/spring-batch,square/anvil,Java,Kotlin,432,49,0.9975781060789537
spring-projects/spring-batch,square/kotlinpoet,Java,Kotlin,432,24,0.9972966330793807
spring-projects/spring-batch,square/leakcanary,Java,Kotlin,432,36,0.9944592653396265
spring-projects/spring-batch,square/okhttp,Java,Kotlin,432,15,0.9975442043222004
spring-projects/spring-batch,thundernest/k-9,Java,Kotlin,432,146,0.9956969417550331
spring-projects/spring-batch,dmwm/wmcore,Java,Python,432,263,0.9961971402494676
spring-projects/spring-batch,rucio/rucio,Java,Python,432,297,0.9973684210526316
spring-projects/spring-batch,iterative/dvc,Java,Python,432,132,0.9989548494983278
spring-projects/spring-batch,conda/conda,Java,Python,432,608,0.996938254805239
spring-projects/spring-batch,dagster-io/dagster,Java,Python,432,154,0.9970961642355484
spring-projects/spring-batch,django/django,Java,Python,432,850,0.9968837644125896
spring-projects/spring-batch,googleapis/google-cloud-python,Java,Python,432,911,0.9985500241662639
spring-projects/spring-batch,huggingface/transformers,Java,Python,432,1049,0.9990744311608176
spring-projects/spring-batch,pandas-dev/pandas,Java,Python,432,5016,0.9969781880116477
spring-projects/spring-batch,qiskit/qiskit,Java,Python,432,1356,0.9967998348301847
spring-projects/spring-batch,scipy/scipy,Java,Python,432,100,0.9979647218453188
spring-projects/spring-batch,sympy/sympy,Java,Python,432,384,0.9985044865403788
spring-projects/spring-batch,matplotlib/matplotlib,Java,Python,432,184,0.9949764043233369
spring-projects/spring-batch,numpy/numpy,Java,Python,432,803,0.99614367562803
spring-projects/spring-batch,open-mmlab/mmdetection,Java,Python,432,103,0.9985086992543496
spring-projects/spring-batch,pantsbuild/pants,Java,Python,432,734,0.9982862738697568
spring-projects/spring-batch,pypa/pip,Java,Python,432,684,0.9971190295678545
spring-projects/spring-batch,ray-project/ray,Java,Python,432,340,0.9956490944045331
spring-projects/spring-batch,scikit-learn/scikit-learn,Java,Python,432,228,0.9948914431673053
spring-projects/spring-batch,wagtail/wagtail,Java,Python,432,407,0.9964927197364226
spring-projects/spring-batch,ytdl-org/youtube-dl,Java,Python,432,309,0.9991542625169147
spring-projects/spring-batch,celery/celery,Java,Python,432,245,0.9980568804098215
spring-projects/spring-batch,conan-io/conan,Java,Python,432,858,0.9990558403021311
spring-projects/spring-batch,docker/compose,Java,Python,432,583,0.9989548494983278
spring-projects/spring-batch,google/jax,Java,Python,432,568,0.9990097609279954
spring-projects/spring-batch,ipython/ipython,Java,Python,432,843,0.9953109915873672
spring-projects/spring-batch,jupyterlab/jupyterlab,Java,Python,432,200,0.9974930362116992
spring-projects/spring-batch,lightning-ai/lightning,Java,Python,432,374,0.9967796931236976
spring-projects/spring-batch,mesonbuild/meson,Java,Python,432,945,0.9976869699306091
spring-projects/spring-batch,prefecthq/prefect,Java,Python,432,406,0.9956853634251577
spring-projects/spring-batch,pyca/cryptography,Java,Python,432,337,0.9958012596221134
spring-projects/spring-batch,pydata/xarray,Java,Python,432,122,0.9975067525451901
spring-projects/spring-batch,pytest-dev/pytest,Java,Python,432,118,0.9992007992007992
spring-projects/spring-batch,sphinx-doc/sphinx,Java,Python,432,186,0.9966635773864689
spring-projects/spring-batch,eclipse-aspectj/aspectj,Java,Java,432,269,0.993105429474289
spring-projects/spring-batch,eclipse-birt/birt,Java,Java,432,3498,0.9960183458495036
spring-projects/spring-batch,eclipse-jdt/eclipse.jdt.ui,Java,Java,432,2543,0.9957114675358092
spring-projects/spring-batch,eclipse-platform/eclipse.platform.swt,Java,Java,432,90,0.9962919594067136
spring-projects/spring-batch,eclipse-platform/eclipse.platform.ui,Java,Java,432,2063,0.996532027743778
spring-projects/spring-batch,apache/tomcat,Java,Java,432,51,0.9956398517549596
spring-projects/spring-roo,spring-projects/spring-security,Java,Java,714,542,0.9855384247639536
spring-projects/spring-roo,apache/commons-compress,Java,Java,714,113,0.9914163090128756
spring-projects/spring-roo,apache/commons-configuration,Java,Java,714,133,0.9937543372657877
spring-projects/spring-roo,apache/commons-lang,Java,Java,714,217,0.9917429145280071
spring-projects/spring-roo,spring-projects/spring-amqp,Java,Java,714,108,0.988112220637185
spring-projects/spring-roo,spring-projects/spring-data-commons,Java,Java,714,158,0.98635477582846
spring-projects/spring-roo,spring-projects/spring-data-gemfire,Java,Java,714,107,0.989451476793249
spring-projects/spring-roo,spring-projects/spring-data-jpa,Java,Java,714,147,0.9861927895678855
spring-projects/spring-roo,spring-projects/spring-data-mongodb,Java,Java,714,271,0.9913672421838544
spring-projects/spring-roo,spring-projects/spring-data-rest,Java,Java,714,132,0.9874655302080722
spring-projects/spring-roo,spring-projects/spring-security-oauth,Java,Java,714,101,0.9921123983238846
spring-projects/spring-roo,spring-projects/spring-webflow,Java,Java,714,134,0.9773678204640548
spring-projects/spring-roo,spring-projects/spring-ws,Java,Java,714,174,0.9926790660862683
spring-projects/spring-roo,bitcoin/bitcoin,Java,C++,714,563,0.9953422972141664
spring-projects/spring-roo,clickhouse/clickhouse,Java,C++,714,1541,0.9978803033815785
spring-projects/spring-roo,electron/electron,Java,C++,714,1451,0.9962093057826669
spring-projects/spring-roo,godotengine/godot,Java,C++,714,1486,0.9961107949155757
spring-projects/spring-roo,protocolbuffers/protobuf,Java,C++,714,229,0.9972274592436509
spring-projects/spring-roo,dagger/dagger,Java,Go,714,399,0.9957511380880122
spring-projects/spring-roo,nats-io/nats-server,Java,Go,714,298,0.9990083300277668
spring-projects/spring-roo,nektos/act,Java,Go,714,166,0.9967295597484277
spring-projects/spring-roo,elastic/elasticsearch,Java,Java,714,970,0.9962633774714311
spring-projects/spring-roo,apache/dolphinscheduler,Java,Java,714,1369,0.9927605258144409
spring-projects/spring-roo,apache/dubbo,Java,Java,714,379,0.9948096885813149
spring-projects/spring-roo,liquibase/liquibase,Java,Java,714,241,0.9934017595307918
spring-projects/spring-roo,openrefine/openrefine,Java,Java,714,620,0.9828839011787502
spring-projects/spring-roo,seleniumhq/selenium,Java,Java,714,134,0.9906474072534552
spring-projects/spring-roo,axios/axios,Java,JavaScript,714,113,0.9987096774193548
spring-projects/spring-roo,facebook/react,Java,JavaScript,714,483,0.996371481808375
spring-projects/spring-roo,fastify/fastify,Java,JavaScript,714,279,0.998906625847365
spring-projects/spring-roo,mozilla/pdf.js,Java,JavaScript,714,543,0.9921247440541817
spring-projects/spring-roo,sveltejs/svelte,Java,JavaScript,714,1107,0.9963941032983349
spring-projects/spring-roo,vercel/next.js,Java,JavaScript,714,1258,0.9977760870837479
spring-projects/spring-roo,apache/airflow,Java,Python,714,1648,0.9969875393673833
spring-projects/spring-roo,ccxt/ccxt,Java,Python,714,693,0.9985059084529361
spring-projects/spring-roo,localstack/localstack,Java,Python,714,472,0.9964596548163446
spring-projects/spring-roo,posthog/posthog,Java,Python,714,403,0.9962832954780095
spring-projects/spring-roo,ansible/ansible,Java,Python,714,768,0.9972091539749621
spring-projects/spring-roo,langchain-ai/langchain,Java,Python,714,130,0.9972707423580786
spring-projects/spring-roo,odoo/odoo,Java,Python,714,115,0.9944657680978309
spring-projects/spring-roo,quarkusio/quarkus,Java,Java,714,950,0.9938150751980066
spring-projects/spring-roo,hannah-sten/texify-idea,Java,Kotlin,714,53,0.9899921507064364
spring-projects/spring-roo,horizontalsystems/unstoppable-wallet-android,Java,Kotlin,714,15,0.9921817737600782
spring-projects/spring-roo,intellij-rust/intellij-rust,Java,Kotlin,714,233,0.9975744508826304
spring-projects/spring-roo,jwstegemann/fritz2,Java,Kotlin,714,12,0.9970310391363023
spring-projects/spring-roo,square/anvil,Java,Kotlin,714,49,0.9978841576302565
spring-projects/spring-roo,square/kotlinpoet,Java,Kotlin,714,24,0.9967741935483871
spring-projects/spring-roo,square/leakcanary,Java,Kotlin,714,36,0.9949160035366932
spring-projects/spring-roo,square/okhttp,Java,Kotlin,714,15,0.9946294307196563
spring-projects/spring-roo,thundernest/k-9,Java,Kotlin,714,146,0.990745250852411
spring-projects/spring-roo,dmwm/wmcore,Java,Python,714,263,0.9906842274333441
spring-projects/spring-roo,rucio/rucio,Java,Python,714,297,0.9962630792227205
spring-projects/spring-roo,iterative/dvc,Java,Python,714,132,0.9981965734896303
spring-projects/spring-roo,conda/conda,Java,Python,714,608,0.9980112095461942
spring-projects/spring-roo,dagster-io/dagster,Java,Python,714,154,0.9968879668049793
spring-projects/spring-roo,django/django,Java,Python,714,850,0.9949347990085139
spring-projects/spring-roo,googleapis/google-cloud-python,Java,Python,714,911,0.9979280623238853
spring-projects/spring-roo,huggingface/transformers,Java,Python,714,1049,0.9986526115558374
spring-projects/spring-roo,pandas-dev/pandas,Java,Python,714,5016,0.9961351033439758
spring-projects/spring-roo,qiskit/qiskit,Java,Python,714,1356,0.9968947424777813
spring-projects/spring-roo,scipy/scipy,Java,Python,714,100,0.996574725076618
spring-projects/spring-roo,sympy/sympy,Java,Python,714,384,0.9990879478827361
spring-projects/spring-roo,matplotlib/matplotlib,Java,Python,714,184,0.9935701655682366
spring-projects/spring-roo,numpy/numpy,Java,Python,714,803,0.9963336388634281
spring-projects/spring-roo,open-mmlab/mmdetection,Java,Python,714,103,0.9977136827295111
spring-projects/spring-roo,pantsbuild/pants,Java,Python,714,734,0.9973962707878381
spring-projects/spring-roo,pypa/pip,Java,Python,714,684,0.9985593084680646
spring-projects/spring-roo,ray-project/ray,Java,Python,714,340,0.994441531200839
spring-projects/spring-roo,scikit-learn/scikit-learn,Java,Python,714,228,0.9950972104818259
spring-projects/spring-roo,wagtail/wagtail,Java,Python,714,407,0.9945922083655225
spring-projects/spring-roo,ytdl-org/youtube-dl,Java,Python,714,309,0.998921639108555
spring-projects/spring-roo,celery/celery,Java,Python,714,245,0.9979296066252588
spring-projects/spring-roo,conan-io/conan,Java,Python,714,858,0.9990093405038211
spring-projects/spring-roo,docker/compose,Java,Python,714,583,0.9990982867448152
spring-projects/spring-roo,google/jax,Java,Python,714,568,0.9986607142857142
spring-projects/spring-roo,ipython/ipython,Java,Python,714,843,0.9934810951760105
spring-projects/spring-roo,jupyterlab/jupyterlab,Java,Python,714,200,0.9952984072155057
spring-projects/spring-roo,lightning-ai/lightning,Java,Python,714,374,0.9983772819472616
spring-projects/spring-roo,mesonbuild/meson,Java,Python,714,945,0.9975786924939467
spring-projects/spring-roo,prefecthq/prefect,Java,Python,714,406,0.9950686861570975
spring-projects/spring-roo,pyca/cryptography,Java,Python,714,337,0.9964605067064084
spring-projects/spring-roo,pydata/xarray,Java,Python,714,122,0.9975358422939068
spring-projects/spring-roo,pytest-dev/pytest,Java,Python,714,118,0.9993558084603822
spring-projects/spring-roo,sphinx-doc/sphinx,Java,Python,714,186,0.9938577372696652
spring-projects/spring-roo,eclipse-aspectj/aspectj,Java,Java,714,269,0.9921378893256728
spring-projects/spring-roo,eclipse-birt/birt,Java,Java,714,3498,0.9964089673216027
spring-projects/spring-roo,eclipse-jdt/eclipse.jdt.ui,Java,Java,714,2543,0.9950490672796393
spring-projects/spring-roo,eclipse-platform/eclipse.platform.swt,Java,Java,714,90,0.9947654941373534
spring-projects/spring-roo,eclipse-platform/eclipse.platform.ui,Java,Java,714,2063,0.9935483870967742
spring-projects/spring-roo,apache/tomcat,Java,Java,714,51,0.9893842887473461
spring-projects/spring-security,apache/commons-compress,Java,Java,542,113,0.9946828712495253
spring-projects/spring-security,apache/commons-configuration,Java,Java,542,133,0.9928926794598436
spring-projects/spring-security,apache/commons-lang,Java,Java,542,217,0.9918769443484272
spring-projects/spring-security,spring-projects/spring-amqp,Java,Java,542,108,0.9883868626383596
spring-projects/spring-security,spring-projects/spring-data-commons,Java,Java,542,158,0.9872434830837493
spring-projects/spring-security,spring-projects/spring-data-gemfire,Java,Java,542,107,0.9910249506372285
spring-projects/spring-security,spring-projects/spring-data-jpa,Java,Java,542,147,0.9884969325153374
spring-projects/spring-security,spring-projects/spring-data-mongodb,Java,Java,542,271,0.9923090681452335
spring-projects/spring-security,spring-projects/spring-data-rest,Java,Java,542,132,0.989233094068757
spring-projects/spring-security,spring-projects/spring-security-oauth,Java,Java,542,101,0.9834017157776949
spring-projects/spring-security,spring-projects/spring-webflow,Java,Java,542,134,0.9832393722383056
spring-projects/spring-security,spring-projects/spring-ws,Java,Java,542,174,0.982858940084919
spring-projects/spring-security,bitcoin/bitcoin,Java,C++,542,563,0.9966887417218543
spring-projects/spring-security,clickhouse/clickhouse,Java,C++,542,1541,0.9980951171502953
spring-projects/spring-security,electron/electron,Java,C++,542,1451,0.9980350972288096
spring-projects/spring-security,godotengine/godot,Java,C++,542,1486,0.9972144846796658
spring-projects/spring-security,protocolbuffers/protobuf,Java,C++,542,229,0.997287347413292
spring-projects/spring-security,dagger/dagger,Java,Go,542,399,0.9956934768841038
spring-projects/spring-security,nats-io/nats-server,Java,Go,542,298,0.9982668977469671
spring-projects/spring-security,nektos/act,Java,Go,542,166,0.996969696969697
spring-projects/spring-security,elastic/elasticsearch,Java,Java,542,970,0.9945964669206789
spring-projects/spring-security,apache/dolphinscheduler,Java,Java,542,1369,0.9915275777344743
spring-projects/spring-security,apache/dubbo,Java,Java,542,379,0.9941604527895068
spring-projects/spring-security,liquibase/liquibase,Java,Java,542,241,0.9930483656263867
spring-projects/spring-security,openrefine/openrefine,Java,Java,542,620,0.987996799146439
spring-projects/spring-security,seleniumhq/selenium,Java,Java,542,134,0.9926793557833089
spring-projects/spring-security,axios/axios,Java,JavaScript,542,113,0.9982625482625482
spring-projects/spring-security,facebook/react,Java,JavaScript,542,483,0.9967831681446705
spring-projects/spring-security,fastify/fastify,Java,JavaScript,542,279,0.9994896223205172
spring-projects/spring-security,mozilla/pdf.js,Java,JavaScript,542,543,0.9951659263130389
spring-projects/spring-security,sveltejs/svelte,Java,JavaScript,542,1107,0.9971119806223216
spring-projects/spring-security,vercel/next.js,Java,JavaScript,542,1258,0.9976076555023924
spring-projects/spring-security,apache/airflow,Java,Python,542,1648,0.9969415008184717
spring-projects/spring-security,ccxt/ccxt,Java,Python,542,693,0.9976915184678523
spring-projects/spring-security,localstack/localstack,Java,Python,542,472,0.9956704601682336
spring-projects/spring-security,posthog/posthog,Java,Python,542,403,0.9970317039282557
spring-projects/spring-security,ansible/ansible,Java,Python,542,768,0.9966777408637874
spring-projects/spring-security,langchain-ai/langchain,Java,Python,542,130,0.9973358044712151
spring-projects/spring-security,odoo/odoo,Java,Python,542,115,0.9948832747041894
spring-projects/spring-security,quarkusio/quarkus,Java,Java,542,950,0.9928087808570587
spring-projects/spring-security,hannah-sten/texify-idea,Java,Kotlin,542,53,0.992969848461178
spring-projects/spring-security,horizontalsystems/unstoppable-wallet-android,Java,Kotlin,542,15,0.9948128936643201
spring-projects/spring-security,intellij-rust/intellij-rust,Java,Kotlin,542,233,0.9980517992207197
spring-projects/spring-security,jwstegemann/fritz2,Java,Kotlin,542,12,0.9956087824351297
spring-projects/spring-security,square/anvil,Java,Kotlin,542,49,0.9976405819897759
spring-projects/spring-security,square/kotlinpoet,Java,Kotlin,542,24,0.9966169154228856
spring-projects/spring-security,square/leakcanary,Java,Kotlin,542,36,0.9943386515697376
spring-projects/spring-security,square/okhttp,Java,Kotlin,542,15,0.993636905945516
spring-projects/spring-security,thundernest/k-9,Java,Kotlin,542,146,0.9928992497320471
spring-projects/spring-security,dmwm/wmcore,Java,Python,542,263,0.9958836807860841
spring-projects/spring-security,rucio/rucio,Java,Python,542,297,0.9948925942616794
spring-projects/spring-security,iterative/dvc,Java,Python,542,132,0.9982581431806306
spring-projects/spring-security,conda/conda,Java,Python,542,608,0.9976594499707431
spring-projects/spring-security,dagster-io/dagster,Java,Python,542,154,0.9973993022518236
spring-projects/spring-security,django/django,Java,Python,542,850,0.9957482993197279
spring-projects/spring-security,googleapis/google-cloud-python,Java,Python,542,911,0.9981302819534814
spring-projects/spring-security,huggingface/transformers,Java,Python,542,1049,0.9987070823157592
spring-projects/spring-security,pandas-dev/pandas,Java,Python,542,5016,0.9965549639837143
spring-projects/spring-security,qiskit/qiskit,Java,Python,542,1356,0.9972754603532507
spring-projects/spring-security,scipy/scipy,Java,Python,542,100,0.9966433158201985
spring-projects/spring-security,sympy/sympy,Java,Python,542,384,0.9989977728285078
spring-projects/spring-security,matplotlib/matplotlib,Java,Python,542,184,0.9942864735583311
spring-projects/spring-security,numpy/numpy,Java,Python,542,803,0.995813814412439
spring-projects/spring-security,open-mmlab/mmdetection,Java,Python,542,103,0.998140466313832
spring-projects/spring-security,pantsbuild/pants,Java,Python,542,734,0.9981833320717584
spring-projects/spring-security,pypa/pip,Java,Python,542,684,0.9977489406779662
spring-projects/spring-security,ray-project/ray,Java,Python,542,340,0.9950184501845019
spring-projects/spring-security,scikit-learn/scikit-learn,Java,Python,542,228,0.9952908587257617
spring-projects/spring-security,wagtail/wagtail,Java,Python,542,407,0.9956588848157438
spring-projects/spring-security,ytdl-org/youtube-dl,Java,Python,542,309,0.9991265104090843
spring-projects/spring-security,celery/celery,Java,Python,542,245,0.9969779389543669
spring-projects/spring-security,conan-io/conan,Java,Python,542,858,0.9989248596344523
spring-projects/spring-security,docker/compose,Java,Python,542,583,0.9979097718167567
spring-projects/spring-security,google/jax,Java,Python,542,568,0.998006230529595
spring-projects/spring-security,ipython/ipython,Java,Python,542,843,0.995004873294347
spring-projects/spring-security,jupyterlab/jupyterlab,Java,Python,542,200,0.9963332480600324
spring-projects/spring-security,lightning-ai/lightning,Java,Python,542,374,0.9966319165998396
spring-projects/spring-security,mesonbuild/meson,Java,Python,542,945,0.9977114086279895
spring-projects/spring-security,prefecthq/prefect,Java,Python,542,406,0.9961334669912645
spring-projects/spring-security,pyca/cryptography,Java,Python,542,337,0.9961037014835906
spring-projects/spring-security,pydata/xarray,Java,Python,542,122,0.9979199167966719
spring-projects/spring-security,pytest-dev/pytest,Java,Python,542,118,0.998490439449849
spring-projects/spring-security,sphinx-doc/sphinx,Java,Python,542,186,0.9948047858942065
spring-projects/spring-security,eclipse-aspectj/aspectj,Java,Java,542,269,0.9882560929410279
spring-projects/spring-security,eclipse-birt/birt,Java,Java,542,3498,0.9963938840273103
spring-projects/spring-security,eclipse-jdt/eclipse.jdt.ui,Java,Java,542,2543,0.9954819277108434
spring-projects/spring-security,eclipse-platform/eclipse.platform.swt,Java,Java,542,90,0.996382173984542
spring-projects/spring-security,eclipse-platform/eclipse.platform.ui,Java,Java,542,2063,0.9942379182156134
spring-projects/spring-security,apache/tomcat,Java,Java,542,51,0.9819624819624819
apache/commons-compress,apache/commons-configuration,Java,Java,113,133,0.9901880621422731
apache/commons-compress,apache/commons-lang,Java,Java,113,217,0.9898550724637681
apache/commons-compress,spring-projects/spring-amqp,Java,Java,113,108,0.9882352941176471
apache/commons-compress,spring-projects/spring-data-commons,Java,Java,113,158,0.996011964107677
apache/commons-compress,spring-projects/spring-data-gemfire,Java,Java,113,107,0.9948497854077253
apache/commons-compress,spring-projects/spring-data-jpa,Java,Java,113,147,0.9901356350184957
apache/commons-compress,spring-projects/spring-data-mongodb,Java,Java,113,271,0.9924050632911392
apache/commons-compress,spring-projects/spring-data-rest,Java,Java,113,132,0.9988738738738738
apache/commons-compress,spring-projects/spring-security-oauth,Java,Java,113,101,0.9905857740585774
apache/commons-compress,spring-projects/spring-webflow,Java,Java,113,134,0.9935095039406583
apache/commons-compress,spring-projects/spring-ws,Java,Java,113,174,0.9953917050691244
apache/commons-compress,bitcoin/bitcoin,Java,C++,113,563,0.9979463638560039
apache/commons-compress,clickhouse/clickhouse,Java,C++,113,1541,0.9983759043260003
apache/commons-compress,electron/electron,Java,C++,113,1451,0.9987443253163334
apache/commons-compress,godotengine/godot,Java,C++,113,1486,0.9970438054286482
apache/commons-compress,protocolbuffers/protobuf,Java,C++,113,229,0.9974645030425964
apache/commons-compress,dagger/dagger,Java,Go,113,399,0.9977077363896848
apache/commons-compress,nats-io/nats-server,Java,Go,113,298,0.9969104016477858
apache/commons-compress,nektos/act,Java,Go,113,166,0.9988571428571429
apache/commons-compress,elastic/elasticsearch,Java,Java,113,970,0.9976700457815566
apache/commons-compress,apache/dolphinscheduler,Java,Java,113,1369,0.9962151932954852
apache/commons-compress,apache/dubbo,Java,Java,113,379,0.996283080582813
apache/commons-compress,liquibase/liquibase,Java,Java,113,241,0.9927813163481953
apache/commons-compress,openrefine/openrefine,Java,Java,113,620,0.991267787839586
apache/commons-compress,seleniumhq/selenium,Java,Java,113,134,0.9969339261076192
apache/commons-compress,axios/axios,Java,JavaScript,113,113,1.0
apache/commons-compress,facebook/react,Java,JavaScript,113,483,0.9990135287485907
apache/commons-compress,fastify/fastify,Java,JavaScript,113,279,1.0
apache/commons-compress,mozilla/pdf.js,Java,JavaScript,113,543,0.9953817733990148
apache/commons-compress,sveltejs/svelte,Java,JavaScript,113,1107,0.9985777496839444
apache/commons-compress,vercel/next.js,Java,JavaScript,113,1258,0.9994994994994995
apache/commons-compress,apache/airflow,Java,Python,113,1648,0.999042960442365
apache/commons-compress,ccxt/ccxt,Java,Python,113,693,0.9989465922258506
apache/commons-compress,localstack/localstack,Java,Python,113,472,0.9970100570807284
apache/commons-compress,posthog/posthog,Java,Python,113,403,0.9990374518725936
apache/commons-compress,ansible/ansible,Java,Python,113,768,0.9987288135593221
apache/commons-compress,langchain-ai/langchain,Java,Python,113,130,0.9978708303761533
apache/commons-compress,odoo/odoo,Java,Python,113,115,0.9974080473957048
apache/commons-compress,quarkusio/quarkus,Java,Java,113,950,0.997728797811387
apache/commons-compress,hannah-sten/texify-idea,Java,Kotlin,113,53,0.9924812030075187
apache/commons-compress,horizontalsystems/unstoppable-wallet-android,Java,Kotlin,113,15,0.9919354838709677
apache/commons-compress,intellij-rust/intellij-rust,Java,Kotlin,113,233,0.9979166666666667
apache/commons-compress,jwstegemann/fritz2,Java,Kotlin,113,12,0.9933884297520661
apache/commons-compress,square/anvil,Java,Kotlin,113,49,0.9926470588235294
apache/commons-compress,square/kotlinpoet,Java,Kotlin,113,24,0.9983870967741936
apache/commons-compress,square/leakcanary,Java,Kotlin,113,36,0.9936797752808989
apache/commons-compress,square/okhttp,Java,Kotlin,113,15,0.9839486356340289
apache/commons-compress,thundernest/k-9,Java,Kotlin,113,146,0.9954218443427076
apache/commons-compress,dmwm/wmcore,Java,Python,113,263,0.99744
apache/commons-compress,rucio/rucio,Java,Python,113,297,0.9968902709906708
apache/commons-compress,iterative/dvc,Java,Python,113,132,0.9947565543071161
apache/commons-compress,conda/conda,Java,Python,113,608,0.9967078189300411
apache/commons-compress,dagster-io/dagster,Java,Python,113,154,0.9982392816269038
apache/commons-compress,django/django,Java,Python,113,850,0.9980576238264811
apache/commons-compress,googleapis/google-cloud-python,Java,Python,113,911,0.9992191857222532
apache/commons-compress,huggingface/transformers,Java,Python,113,1049,0.9993694829760403
apache/commons-compress,pandas-dev/pandas,Java,Python,113,5016,0.9987798264642083
apache/commons-compress,qiskit/qiskit,Java,Python,113,1356,0.9980763065084963
apache/commons-compress,scipy/scipy,Java,Python,113,100,0.9963220269718022
apache/commons-compress,sympy/sympy,Java,Python,113,384,0.9989071038251366
apache/commons-compress,matplotlib/matplotlib,Java,Python,113,184,0.9955128205128205
apache/commons-compress,numpy/numpy,Java,Python,113,803,0.9980451395059534
apache/commons-compress,open-mmlab/mmdetection,Java,Python,113,103,0.9992266047950503
apache/commons-compress,pantsbuild/pants,Java,Python,113,734,0.9987507098239636
apache/commons-compress,pypa/pip,Java,Python,113,684,0.9974570883661793
apache/commons-compress,ray-project/ray,Java,Python,113,340,0.9979794839912962
apache/commons-compress,scikit-learn/scikit-learn,Java,Python,113,228,0.9964476021314387
apache/commons-compress,wagtail/wagtail,Java,Python,113,407,0.9976510067114094
apache/commons-compress,ytdl-org/youtube-dl,Java,Python,113,309,0.9995939910678034
apache/commons-compress,celery/celery,Java,Python,113,245,0.9959312839059674
apache/commons-compress,conan-io/conan,Java,Python,113,858,0.9994955863808322
apache/commons-compress,docker/compose,Java,Python,113,583,0.9962546816479401
apache/commons-compress,google/jax,Java,Python,113,568,0.9986187845303868
apache/commons-compress,ipython/ipython,Java,Python,113,843,0.9971067859021567
apache/commons-compress,jupyterlab/jupyterlab,Java,Python,113,200,0.9982242862996858
apache/commons-compress,lightning-ai/lightning,Java,Python,113,374,0.9961748633879781
apache/commons-compress,mesonbuild/meson,Java,Python,113,945,0.9983844911147012
apache/commons-compress,prefecthq/prefect,Java,Python,113,406,0.9972836631742336
apache/commons-compress,pyca/cryptography,Java,Python,113,337,0.9964711071901191
apache/commons-compress,pydata/xarray,Java,Python,113,122,0.9978005865102639
apache/commons-compress,pytest-dev/pytest,Java,Python,113,118,0.9948586118251928
apache/commons-compress,sphinx-doc/sphinx,Java,Python,113,186,0.9953751284686536
apache/commons-compress,eclipse-aspectj/aspectj,Java,Java,113,269,0.9948761742100769
apache/commons-compress,eclipse-birt/birt,Java,Java,113,3498,0.9983528550512445
apache/commons-compress,eclipse-jdt/eclipse.jdt.ui,Java,Java,113,2543,0.997320341047503
apache/commons-compress,eclipse-platform/eclipse.platform.swt,Java,Java,113,90,0.9946268656716418
apache/commons-compress,eclipse-platform/eclipse.platform.ui,Java,Java,113,2063,0.9971675845790716
apache/commons-compress,apache/tomcat,Java,Java,113,51,0.984182776801406
apache/commons-configuration,apache/commons-lang,Java,Java,133,217,0.9741824440619621
apache/commons-configuration,spring-projects/spring-amqp,Java,Java,133,108,0.9911444141689373
apache/commons-configuration,spring-projects/spring-data-commons,Java,Java,133,158,0.9970717423133236
apache/commons-configuration,spring-projects/spring-data-gemfire,Java,Java,133,107,0.9973821989528796
apache/commons-configuration,spring-projects/spring-data-jpa,Java,Java,133,147,0.9957374254049446
apache/commons-configuration,spring-projects/spring-data-mongodb,Java,Java,133,271,0.9954780361757106
apache/commons-configuration,spring-projects/spring-data-rest,Java,Java,133,132,0.9952038369304557
apache/commons-configuration,spring-projects/spring-security-oauth,Java,Java,133,101,0.9939301972685888
apache/commons-configuration,spring-projects/spring-webflow,Java,Java,133,134,0.9952380952380953
apache/commons-configuration,spring-projects/spring-ws,Java,Java,133,174,0.9943868739205527
apache/commons-configuration,bitcoin/bitcoin,Java,C++,133,563,0.9990741812290245
apache/commons-configuration,clickhouse/clickhouse,Java,C++,133,1541,0.9990165725733018
apache/commons-configuration,electron/electron,Java,C++,133,1451,0.9990668159761105
apache/commons-configuration,godotengine/godot,Java,C++,133,1486,0.9985904664274731
apache/commons-configuration,protocolbuffers/protobuf,Java,C++,133,229,0.9984073897117376
apache/commons-configuration,dagger/dagger,Java,Go,133,399,0.9987019730010385
apache/commons-configuration,nats-io/nats-server,Java,Go,133,298,0.9982638888888888
apache/commons-configuration,nektos/act,Java,Go,133,166,0.9967663702506063
apache/commons-configuration,elastic/elasticsearch,Java,Java,133,970,0.9985902444918838
apache/commons-configuration,apache/dolphinscheduler,Java,Java,133,1369,0.9971649484536083
apache/commons-configuration,apache/dubbo,Java,Java,133,379,0.9966139954853274
apache/commons-configuration,liquibase/liquibase,Java,Java,133,241,0.9959514170040485
apache/commons-configuration,openrefine/openrefine,Java,Java,133,620,0.9930535455861071
apache/commons-configuration,seleniumhq/selenium,Java,Java,133,134,0.9984023238925199
apache/commons-configuration,axios/axios,Java,JavaScript,133,113,0.9982409850483729
apache/commons-configuration,facebook/react,Java,JavaScript,133,483,0.999865933771283
apache/commons-configuration,fastify/fastify,Java,JavaScript,133,279,1.0
apache/commons-configuration,mozilla/pdf.js,Java,JavaScript,133,543,0.9986149584487535
apache/commons-configuration,sveltejs/svelte,Java,JavaScript,133,1107,0.9994021820355702
apache/commons-configuration,vercel/next.js,Java,JavaScript,133,1258,0.9997909116253136
apache/commons-configuration,apache/airflow,Java,Python,133,1648,0.9990089197224975
apache/commons-configuration,ccxt/ccxt,Java,Python,133,693,0.9993798129102279
apache/commons-configuration,localstack/localstack,Java,Python,133,472,0.9972779015095273
apache/commons-configuration,posthog/posthog,Java,Python,133,403,0.9996607582054109
apache/commons-configuration,ansible/ansible,Java,Python,133,768,0.9987758849331837
apache/commons-configuration,langchain-ai/langchain,Java,Python,133,130,0.9991285403050109
apache/commons-configuration,odoo/odoo,Java,Python,133,115,0.9984642646190195
apache/commons-configuration,quarkusio/quarkus,Java,Java,133,950,0.998074584515606
apache/commons-configuration,hannah-sten/texify-idea,Java,Kotlin,133,53,0.9978795589482612
apache/commons-configuration,horizontalsystems/unstoppable-wallet-android,Java,Kotlin,133,15,0.9985239852398524
apache/commons-configuration,intellij-rust/intellij-rust,Java,Kotlin,133,233,0.9989323083493488
apache/commons-configuration,jwstegemann/fritz2,Java,Kotlin,133,12,0.9948293691830403
apache/commons-configuration,square/anvil,Java,Kotlin,133,49,0.9961612284069098
apache/commons-configuration,square/kotlinpoet,Java,Kotlin,133,24,0.9969450101832994
apache/commons-configuration,square/leakcanary,Java,Kotlin,133,36,0.9972004479283315
apache/commons-configuration,square/okhttp,Java,Kotlin,133,15,0.9868020304568528
apache/commons-configuration,thundernest/k-9,Java,Kotlin,133,146,0.997953814674072
apache/commons-configuration,dmwm/wmcore,Java,Python,133,263,0.9982798165137615
apache/commons-configuration,rucio/rucio,Java,Python,133,297,0.9977037887485649
apache/commons-configuration,iterative/dvc,Java,Python,133,132,0.99469652327637
apache/commons-configuration,conda/conda,Java,Python,133,608,0.9978510028653295
apache/commons-configuration,dagster-io/dagster,Java,Python,133,154,0.9993174643801723
apache/commons-configuration,django/django,Java,Python,133,850,0.9987769454211894
apache/commons-configuration,googleapis/google-cloud-python,Java,Python,133,911,0.9993567063364426
apache/commons-configuration,huggingface/transformers,Java,Python,133,1049,0.9996963255390222
apache/commons-configuration,pandas-dev/pandas,Java,Python,133,5016,0.9994045256053989
apache/commons-configuration,qiskit/qiskit,Java,Python,133,1356,0.9992424242424243
apache/commons-configuration,scipy/scipy,Java,Python,133,100,0.9982200071199715
apache/commons-configuration,sympy/sympy,Java,Python,133,384,0.9993923435284586
apache/commons-configuration,matplotlib/matplotlib,Java,Python,133,184,0.9982773471145564
apache/commons-configuration,numpy/numpy,Java,Python,133,803,0.9989983305509182
apache/commons-configuration,open-mmlab/mmdetection,Java,Python,133,103,0.9996607869742198
apache/commons-configuration,pantsbuild/pants,Java,Python,133,734,0.9991273996509599
apache/commons-configuration,pypa/pip,Java,Python,133,684,0.9985746864310148
apache/commons-configuration,ray-project/ray,Java,Python,133,340,0.9982345152273062
apache/commons-configuration,scikit-learn/scikit-learn,Java,Python,133,228,0.9990557129367328
apache/commons-configuration,wagtail/wagtail,Java,Python,133,407,0.9990509332489719
apache/commons-configuration,ytdl-org/youtube-dl,Java,Python,133,309,0.9985845718329794
apache/commons-configuration,celery/celery,Java,Python,133,245,0.9988344988344988
apache/commons-configuration,conan-io/conan,Java,Python,133,858,0.9993068391866913
apache/commons-configuration,docker/compose,Java,Python,133,583,0.9988221436984688
apache/commons-configuration,google/jax,Java,Python,133,568,0.9994977398292315
apache/commons-configuration,ipython/ipython,Java,Python,133,843,0.9983193277310924
apache/commons-configuration,jupyterlab/jupyterlab,Java,Python,133,200,0.9993492972410203
apache/commons-configuration,lightning-ai/lightning,Java,Python,133,374,0.9986313868613139
apache/commons-configuration,mesonbuild/meson,Java,Python,133,945,0.9987223168654173
apache/commons-configuration,prefecthq/prefect,Java,Python,133,406,0.998639455782313
apache/commons-configuration,pyca/cryptography,Java,Python,133,337,0.99809813617345
apache/commons-configuration,pydata/xarray,Java,Python,133,122,0.9988412514484357
apache/commons-configuration,pytest-dev/pytest,Java,Python,133,118,0.9989577905158937
apache/commons-configuration,sphinx-doc/sphinx,Java,Python,133,186,0.9982676483326115
apache/commons-configuration,eclipse-aspectj/aspectj,Java,Java,133,269,0.9958720330237358
apache/commons-configuration,eclipse-birt/birt,Java,Java,133,3498,0.9975529692629066
apache/commons-configuration,eclipse-jdt/eclipse.jdt.ui,Java,Java,133,2543,0.9981336754928263
apache/commons-configuration,eclipse-platform/eclipse.platform.swt,Java,Java,133,90,0.9975466143277724
apache/commons-configuration,eclipse-platform/eclipse.platform.ui,Java,Java,133,2063,0.9973202322465387
apache/commons-configuration,apache/tomcat,Java,Java,133,51,0.9840106595602931
apache/commons-lang,spring-projects/spring-amqp,Java,Java,217,108,0.9938461538461538
apache/commons-lang,spring-projects/spring-data-commons,Java,Java,217,158,0.9934340118187788
apache/commons-lang,spring-projects/spring-data-gemfire,Java,Java,217,107,0.9964391691394658
apache/commons-lang,spring-projects/spring-data-jpa,Java,Java,217,147,0.9962434259954921
apache/commons-lang,spring-projects/spring-data-mongodb,Java,Java,217,271,0.9976539589442815
apache/commons-lang,spring-projects/spring-data-rest,Java,Java,217,132,0.9957386363636364
apache/commons-lang,spring-projects/spring-security-oauth,Java,Java,217,101,0.9925474254742548
apache/commons-lang,spring-projects/spring-webflow,Java,Java,217,134,0.9966380276428838
apache/commons-lang,spring-projects/spring-ws,Java,Java,217,174,0.9923170238576627
apache/commons-lang,bitcoin/bitcoin,Java,C++,217,563,0.999090702432371
apache/commons-lang,clickhouse/clickhouse,Java,C++,217,1541,0.9994929740692453
apache/commons-lang,electron/electron,Java,C++,217,1451,0.9996321162512646
apache/commons-lang,godotengine/godot,Java,C++,217,1486,0.9984928409947249
apache/commons-lang,protocolbuffers/protobuf,Java,C++,217,229,0.9987569919204475
apache/commons-lang,dagger/dagger,Java,Go,217,399,0.999002493765586
apache/commons-lang,nats-io/nats-server,Java,Go,217,298,0.9991876523151909
apache/commons-lang,nektos/act,Java,Go,217,166,0.9971326164874552
apache/commons-lang,elastic/elasticsearch,Java,Java,217,970,0.9958773615113673
apache/commons-lang,apache/dolphinscheduler,Java,Java,217,1369,0.9976004041424602
apache/commons-lang,apache/dubbo,Java,Java,217,379,0.9942036985923268
apache/commons-lang,liquibase/liquibase,Java,Java,217,241,0.9909565217391304
apache/commons-lang,openrefine/openrefine,Java,Java,217,620,0.9922480620155039
apache/commons-lang,seleniumhq/selenium,Java,Java,217,134,0.9980122107056651
apache/commons-lang,axios/axios,Java,JavaScript,217,113,0.999227202472952
apache/commons-lang,facebook/react,Java,JavaScript,217,483,0.9996060924369747
apache/commons-lang,fastify/fastify,Java,JavaScript,217,279,0.998995983935743
apache/commons-lang,mozilla/pdf.js,Java,JavaScript,217,543,0.9984076433121019
apache/commons-lang,sveltejs/svelte,Java,JavaScript,217,1107,0.9995619158878505
apache/commons-lang,vercel/next.js,Java,JavaScript,217,1258,0.9996553150420515
apache/commons-lang,apache/airflow,Java,Python,217,1648,0.9996378311258278
apache/commons-lang,ccxt/ccxt,Java,Python,217,693,0.9991797395673127
apache/commons-lang,localstack/localstack,Java,Python,217,472,0.9980947844724934
apache/commons-lang,posthog/posthog,Java,Python,217,403,0.9994978239035822
apache/commons-lang,ansible/ansible,Java,Python,217,768,0.99929718875502
apache/commons-lang,langchain-ai/langchain,Java,Python,217,130,0.9993680219085739
apache/commons-lang,odoo/odoo,Java,Python,217,115,0.9989561586638831
apache/commons-lang,quarkusio/quarkus,Java,Java,217,950,0.9959282159553612
apache/commons-lang,hannah-sten/texify-idea,Java,Kotlin,217,53,0.9976143141153081
apache/commons-lang,horizontalsystems/unstoppable-wallet-android,Java,Kotlin,217,15,0.9986772486772487
apache/commons-lang,intellij-rust/intellij-rust,Java,Kotlin,217,233,0.9993801652892562
apache/commons-lang,jwstegemann/fritz2,Java,Kotlin,217,12,0.9991111111111111
apache/commons-lang,square/anvil,Java,Kotlin,217,49,0.9983333333333333
apache/commons-lang,square/kotlinpoet,Java,Kotlin,217,24,0.993859649122807
apache/commons-lang,square/leakcanary,Java,Kotlin,217,36,0.9989711934156379
apache/commons-lang,square/okhttp,Java,Kotlin,217,15,0.9886264216972879
apache/commons-lang,thundernest/k-9,Java,Kotlin,217,146,0.9988820570150923
apache/commons-lang,dmwm/wmcore,Java,Python,217,263,0.9986282578875172
apache/commons-lang,rucio/rucio,Java,Python,217,297,0.9981955972573078
apache/commons-lang,iterative/dvc,Java,Python,217,132,0.9951482479784367
apache/commons-lang,conda/conda,Java,Python,217,608,0.9979661016949153
apache/commons-lang,dagster-io/dagster,Java,Python,217,154,0.9995790891489182
apache/commons-lang,django/django,Java,Python,217,850,0.9989549119140042
apache/commons-lang,googleapis/google-cloud-python,Java,Python,217,911,0.9996837111228255
apache/commons-lang,huggingface/transformers,Java,Python,217,1049,0.9994021522518932
apache/commons-lang,pandas-dev/pandas,Java,Python,217,5016,0.9996726034573075
apache/commons-lang,qiskit/qiskit,Java,Python,217,1356,0.9995560816809707
apache/commons-lang,scipy/scipy,Java,Python,217,100,0.9996629592180654
apache/commons-lang,sympy/sympy,Java,Python,217,384,0.9996074582924436
apache/commons-lang,matplotlib/matplotlib,Java,Python,217,184,0.9991758241758242
apache/commons-lang,numpy/numpy,Java,Python,217,803,0.9995119570522206
apache/commons-lang,open-mmlab/mmdetection,Java,Python,217,103,0.9990341274951706
apache/commons-lang,pantsbuild/pants,Java,Python,217,734,0.999142091152815
apache/commons-lang,pypa/pip,Java,Python,217,684,0.9989088925259137
apache/commons-lang,ray-project/ray,Java,Python,217,340,0.997986770204199
apache/commons-lang,scikit-learn/scikit-learn,Java,Python,217,228,0.9982008995502248
apache/commons-lang,wagtail/wagtail,Java,Python,217,407,0.9992283950617284
apache/commons-lang,ytdl-org/youtube-dl,Java,Python,217,309,0.999664767013074
apache/commons-lang,celery/celery,Java,Python,217,245,0.9989019033674963
apache/commons-lang,conan-io/conan,Java,Python,217,858,0.999108138238573
apache/commons-lang,docker/compose,Java,Python,217,583,0.997843665768194
apache/commons-lang,google/jax,Java,Python,217,568,0.9992753623188406
apache/commons-lang,ipython/ipython,Java,Python,217,843,0.998611753817677
apache/commons-lang,jupyterlab/jupyterlab,Java,Python,217,200,0.999489860987119
apache/commons-lang,lightning-ai/lightning,Java,Python,217,374,0.9982978723404256
apache/commons-lang,mesonbuild/meson,Java,Python,217,945,0.9989697094580672
apache/commons-lang,prefecthq/prefect,Java,Python,217,406,0.9990313206328705
apache/commons-lang,pyca/cryptography,Java,Python,217,337,0.9982059562253319
apache/commons-lang,pydata/xarray,Java,Python,217,122,0.9989384288747346
apache/commons-lang,pytest-dev/pytest,Java,Python,217,118,0.9971098265895953
apache/commons-lang,sphinx-doc/sphinx,Java,Python,217,186,0.9987834549878345
apache/commons-lang,eclipse-aspectj/aspectj,Java,Java,217,269,0.9952888668484999
apache/commons-lang,eclipse-birt/birt,Java,Java,217,3498,0.9989356669820246
apache/commons-lang,eclipse-jdt/eclipse.jdt.ui,Java,Java,217,2543,0.9989690721649485
apache/commons-lang,eclipse-platform/eclipse.platform.swt,Java,Java,217,90,0.9995444191343964
apache/commons-lang,eclipse-platform/eclipse.platform.ui,Java,Java,217,2063,0.998109090909091
apache/commons-lang,apache/tomcat,Java,Java,217,51,0.9806996381182147
spring-projects/spring-amqp,spring-projects/spring-data-commons,Java,Java,108,158,0.9855884707766213
spring-projects/spring-amqp,spring-projects/spring-data-gemfire,Java,Java,108,107,0.9907801418439717
spring-projects/spring-amqp,spring-projects/spring-data-jpa,Java,Java,108,147,0.9876893939393939
spring-projects/spring-amqp,spring-projects/spring-data-mongodb,Java,Java,108,271,0.9937062937062937
spring-projects/spring-amqp,spring-projects/spring-data-rest,Java,Java,108,132,0.9902912621359223
spring-projects/spring-amqp,spring-projects/spring-security-oauth,Java,Java,108,101,0.9908409658617818
spring-projects/spring-amqp,spring-projects/spring-webflow,Java,Java,108,134,0.9866833125260092
spring-projects/spring-amqp,spring-projects/spring-ws,Java,Java,108,174,0.9859026830377444
spring-projects/spring-amqp,bitcoin/bitcoin,Java,C++,108,563,0.998122946973252
spring-projects/spring-amqp,clickhouse/clickhouse,Java,C++,108,1541,0.9985367816512419
spring-projects/spring-amqp,electron/electron,Java,C++,108,1451,0.9986789960369881
spring-projects/spring-amqp,godotengine/godot,Java,C++,108,1486,0.9981787433328997
spring-projects/spring-amqp,protocolbuffers/protobuf,Java,C++,108,229,0.9974030189904236
spring-projects/spring-amqp,dagger/dagger,Java,Go,108,399,0.9973226238286479
spring-projects/spring-amqp,nats-io/nats-server,Java,Go,108,298,0.9972565157750343
spring-projects/spring-amqp,nektos/act,Java,Go,108,166,0.9982142857142857
spring-projects/spring-amqp,elastic/elasticsearch,Java,Java,108,970,0.9982192723299202
spring-projects/spring-amqp,apache/dolphinscheduler,Java,Java,108,1369,0.9963365170744473
spring-projects/spring-amqp,apache/dubbo,Java,Java,108,379,0.9965571653995122
spring-projects/spring-amqp,liquibase/liquibase,Java,Java,108,241,0.9930769230769231
spring-projects/spring-amqp,openrefine/openrefine,Java,Java,108,620,0.9928079112975726
spring-projects/spring-amqp,seleniumhq/selenium,Java,Java,108,134,0.9966016548463357
spring-projects/spring-amqp,axios/axios,Java,JavaScript,108,113,0.9980392156862745
spring-projects/spring-amqp,facebook/react,Java,JavaScript,108,483,0.9987741759738491
spring-projects/spring-amqp,fastify/fastify,Java,JavaScript,108,279,0.9994175888177053
spring-projects/spring-amqp,mozilla/pdf.js,Java,JavaScript,108,543,0.9968508445462353
spring-projects/spring-amqp,sveltejs/svelte,Java,JavaScript,108,1107,0.9989350372736954
spring-projects/spring-amqp,vercel/next.js,Java,JavaScript,108,1258,0.9991567704307498
spring-projects/spring-amqp,apache/airflow,Java,Python,108,1648,0.9984780098666947
spring-projects/spring-amqp,ccxt/ccxt,Java,Python,108,693,0.9994800332778702
spring-projects/spring-amqp,localstack/localstack,Java,Python,108,472,0.9964322120285423
spring-projects/spring-amqp,posthog/posthog,Java,Python,108,403,0.9991433955799212
spring-projects/spring-amqp,ansible/ansible,Java,Python,108,768,0.9984513731158373
spring-projects/spring-amqp,langchain-ai/langchain,Java,Python,108,130,0.9982114911692377
spring-projects/spring-amqp,odoo/odoo,Java,Python,108,115,0.9983229516051749
spring-projects/spring-amqp,quarkusio/quarkus,Java,Java,108,950,0.9973493730247732
spring-projects/spring-amqp,hannah-sten/texify-idea,Java,Kotlin,108,53,0.9959821428571428
spring-projects/spring-amqp,horizontalsystems/unstoppable-wallet-android,Java,Kotlin,108,15,0.9959579628132579
spring-projects/spring-amqp,intellij-rust/intellij-rust,Java,Kotlin,108,233,0.9967141292442497
spring-projects/spring-amqp,jwstegemann/fritz2,Java,Kotlin,108,12,0.991764705882353
spring-projects/spring-amqp,square/anvil,Java,Kotlin,108,49,0.9913513513513513
spring-projects/spring-amqp,square/kotlinpoet,Java,Kotlin,108,24,0.991907514450867
spring-projects/spring-amqp,square/leakcanary,Java,Kotlin,108,36,0.9952067106051528
spring-projects/spring-amqp,square/okhttp,Java,Kotlin,108,15,0.9965437788018433
spring-projects/spring-amqp,thundernest/k-9,Java,Kotlin,108,146,0.9960653753026635
spring-projects/spring-amqp,dmwm/wmcore,Java,Python,108,263,0.9967359050445104
spring-projects/spring-amqp,rucio/rucio,Java,Python,108,297,0.9951923076923077
spring-projects/spring-amqp,iterative/dvc,Java,Python,108,132,1.0
spring-projects/spring-amqp,conda/conda,Java,Python,108,608,0.9962616822429906
spring-projects/spring-amqp,dagster-io/dagster,Java,Python,108,154,0.9989658738366081
spring-projects/spring-amqp,django/django,Java,Python,108,850,0.9978203331776428
spring-projects/spring-amqp,googleapis/google-cloud-python,Java,Python,108,911,0.9990228013029316
spring-projects/spring-amqp,huggingface/transformers,Java,Python,108,1049,0.9991804118430488
spring-projects/spring-amqp,pandas-dev/pandas,Java,Python,108,5016,0.9991998399679936
spring-projects/spring-amqp,qiskit/qiskit,Java,Python,108,1356,0.998611753817677
spring-projects/spring-amqp,scipy/scipy,Java,Python,108,100,0.9970282317979198
spring-projects/spring-amqp,sympy/sympy,Java,Python,108,384,0.9987551867219917
spring-projects/spring-amqp,matplotlib/matplotlib,Java,Python,108,184,0.9967320261437909
spring-projects/spring-amqp,numpy/numpy,Java,Python,108,803,0.9982972926953857
spring-projects/spring-amqp,open-mmlab/mmdetection,Java,Python,108,103,0.9982338396326387
spring-projects/spring-amqp,pantsbuild/pants,Java,Python,108,734,0.9981215469613259
spring-projects/spring-amqp,pypa/pip,Java,Python,108,684,0.9973459156590976
spring-projects/spring-amqp,ray-project/ray,Java,Python,108,340,0.9979041916167665
spring-projects/spring-amqp,scikit-learn/scikit-learn,Java,Python,108,228,0.9967320261437909
spring-projects/spring-amqp,wagtail/wagtail,Java,Python,108,407,0.9982272360999194
spring-projects/spring-amqp,ytdl-org/youtube-dl,Java,Python,108,309,0.9988925802879292
spring-projects/spring-amqp,celery/celery,Java,Python,108,245,0.9951159951159951
spring-projects/spring-amqp,conan-io/conan,Java,Python,108,858,0.9992875801472334
spring-projects/spring-amqp,docker/compose,Java,Python,108,583,0.9974699557242251
spring-projects/spring-amqp,google/jax,Java,Python,108,568,0.9987063389391979
spring-projects/spring-amqp,ipython/ipython,Java,Python,108,843,0.9975296442687747
spring-projects/spring-amqp,jupyterlab/jupyterlab,Java,Python,108,200,0.9988106250825954
spring-projects/spring-amqp,lightning-ai/lightning,Java,Python,108,374,0.9975903614457832
spring-projects/spring-amqp,mesonbuild/meson,Java,Python,108,945,0.9978161170561258
spring-projects/spring-amqp,prefecthq/prefect,Java,Python,108,406,0.9971661353170386
spring-projects/spring-amqp,pyca/cryptography,Java,Python,108,337,0.9968152866242038
spring-projects/spring-amqp,pydata/xarray,Java,Python,108,122,0.9968924798011187
spring-projects/spring-amqp,pytest-dev/pytest,Java,Python,108,118,0.9966685174902832
spring-projects/spring-amqp,sphinx-doc/sphinx,Java,Python,108,186,0.9958922866271109
spring-projects/spring-amqp,eclipse-aspectj/aspectj,Java,Java,108,269,0.9936153232242618
spring-projects/spring-amqp,eclipse-birt/birt,Java,Java,108,3498,0.9979564851544657
spring-projects/spring-amqp,eclipse-jdt/eclipse.jdt.ui,Java,Java,108,2543,0.9972800378429517
spring-projects/spring-amqp,eclipse-platform/eclipse.platform.swt,Java,Java,108,90,0.9942738157209786
spring-projects/spring-amqp,eclipse-platform/eclipse.platform.ui,Java,Java,108,2063,0.9968181818181818
spring-projects/spring-amqp,apache/tomcat,Java,Java,108,51,0.9884393063583815
spring-projects/spring-data-commons,spring-projects/spring-data-gemfire,Java,Java,158,107,0.9931192660550459
spring-projects/spring-data-commons,spring-projects/spring-data-jpa,Java,Java,158,147,0.9454926624737946
spring-projects/spring-data-commons,spring-projects/spring-data-mongodb,Java,Java,158,271,0.9789156626506024
spring-projects/spring-data-commons,spring-projects/spring-data-rest,Java,Java,158,132,0.92725509214355
spring-projects/spring-data-commons,spring-projects/spring-security-oauth,Java,Java,158,101,0.9845313921747043
spring-projects/spring-data-commons,spring-projects/spring-webflow,Java,Java,158,134,0.9882608695652174
spring-projects/spring-data-commons,spring-projects/spring-ws,Java,Java,158,174,0.9914122137404581
spring-projects/spring-data-commons,bitcoin/bitcoin,Java,C++,158,563,0.9986938969365946
spring-projects/spring-data-commons,clickhouse/clickhouse,Java,C++,158,1541,0.9993023682761153
spring-projects/spring-data-commons,electron/electron,Java,C++,158,1451,0.9988567073170732
spring-projects/spring-data-commons,godotengine/godot,Java,C++,158,1486,0.9978905735003296
spring-projects/spring-data-commons,protocolbuffers/protobuf,Java,C++,158,229,0.9978544314243274
spring-projects/spring-data-commons,dagger/dagger,Java,Go,158,399,0.996972199284338
spring-projects/spring-data-commons,nats-io/nats-server,Java,Go,158,298,0.9985611510791367
spring-projects/spring-data-commons,nektos/act,Java,Go,158,166,0.9960707269155207
spring-projects/spring-data-commons,elastic/elasticsearch,Java,Java,158,970,0.998130613240135
spring-projects/spring-data-commons,apache/dolphinscheduler,Java,Java,158,1369,0.9958891393714362
spring-projects/spring-data-commons,apache/dubbo,Java,Java,158,379,0.9973795312272529
spring-projects/spring-data-commons,liquibase/liquibase,Java,Java,158,241,0.9943955164131305
spring-projects/spring-data-commons,openrefine/openrefine,Java,Java,158,620,0.9938176197836167
spring-projects/spring-data-commons,seleniumhq/selenium,Java,Java,158,134,0.9978997899789979
spring-projects/spring-data-commons,axios/axios,Java,JavaScript,158,113,0.9956427015250545
spring-projects/spring-data-commons,facebook/react,Java,JavaScript,158,483,0.9988948749827324
spring-projects/spring-data-commons,fastify/fastify,Java,JavaScript,158,279,0.9981424148606811
spring-projects/spring-data-commons,mozilla/pdf.js,Java,JavaScript,158,543,0.9973459156590976
spring-projects/spring-data-commons,sveltejs/svelte,Java,JavaScript,158,1107,0.9984546437953948
spring-projects/spring-data-commons,vercel/next.js,Java,JavaScript,158,1258,0.9992922358270224
spring-projects/spring-data-commons,apache/airflow,Java,Python,158,1648,0.9977311101730688
spring-projects/spring-data-commons,ccxt/ccxt,Java,Python,158,693,0.9996863565081024
spring-projects/spring-data-commons,localstack/localstack,Java,Python,158,472,0.9971219256933542
spring-projects/spring-data-commons,posthog/posthog,Java,Python,158,403,0.9990494296577946
spring-projects/spring-data-commons,ansible/ansible,Java,Python,158,768,0.9984348914858097
spring-projects/spring-data-commons,langchain-ai/langchain,Java,Python,158,130,0.9986273164035689
spring-projects/spring-data-commons,odoo/odoo,Java,Python,158,115,0.9981809362114965
spring-projects/spring-data-commons,quarkusio/quarkus,Java,Java,158,950,0.9971817995490879
spring-projects/spring-data-commons,hannah-sten/texify-idea,Java,Kotlin,158,53,0.9948550046772685
spring-projects/spring-data-commons,horizontalsystems/unstoppable-wallet-android,Java,Kotlin,158,15,0.9955947136563876
spring-projects/spring-data-commons,intellij-rust/intellij-rust,Java,Kotlin,158,233,0.9977593546941519
spring-projects/spring-data-commons,jwstegemann/fritz2,Java,Kotlin,158,12,0.9973262032085561
spring-projects/spring-data-commons,square/anvil,Java,Kotlin,158,49,0.9975698663426489
spring-projects/spring-data-commons,square/kotlinpoet,Java,Kotlin,158,24,0.9986893840104849
spring-projects/spring-data-commons,square/leakcanary,Java,Kotlin,158,36,0.994256541161455
spring-projects/spring-data-commons,square/okhttp,Java,Kotlin,158,15,0.9986945169712794
spring-projects/spring-data-commons,thundernest/k-9,Java,Kotlin,158,146,0.9968769519050593
spring-projects/spring-data-commons,dmwm/wmcore,Java,Python,158,263,0.9975520195838433
spring-projects/spring-data-commons,rucio/rucio,Java,Python,158,297,0.9966583124477861
spring-projects/spring-data-commons,iterative/dvc,Java,Python,158,132,0.9979702300405954
spring-projects/spring-data-commons,conda/conda,Java,Python,158,608,0.998056743101438
spring-projects/spring-data-commons,dagster-io/dagster,Java,Python,158,154,0.9986958789775692
spring-projects/spring-data-commons,django/django,Java,Python,158,850,0.9977851605758582
spring-projects/spring-data-commons,googleapis/google-cloud-python,Java,Python,158,911,0.9986824769433466
spring-projects/spring-data-commons,huggingface/transformers,Java,Python,158,1049,0.9992752872968216
spring-projects/spring-data-commons,pandas-dev/pandas,Java,Python,158,5016,0.9985901309164149
spring-projects/spring-data-commons,qiskit/qiskit,Java,Python,158,1356,0.998589562764457
spring-projects/spring-data-commons,scipy/scipy,Java,Python,158,100,0.9976833976833976
spring-projects/spring-data-commons,sympy/sympy,Java,Python,158,384,0.9993641373463332
spring-projects/spring-data-commons,matplotlib/matplotlib,Java,Python,158,184,0.9969353355807539
spring-projects/spring-data-commons,numpy/numpy,Java,Python,158,803,0.9986137584474095
spring-projects/spring-data-commons,open-mmlab/mmdetection,Java,Python,158,103,0.9989006962257237
spring-projects/spring-data-commons,pantsbuild/pants,Java,Python,158,734,0.9989941886455074
spring-projects/spring-data-commons,pypa/pip,Java,Python,158,684,0.9987838248707814
spring-projects/spring-data-commons,ray-project/ray,Java,Python,158,340,0.9977193249201763
spring-projects/spring-data-commons,scikit-learn/scikit-learn,Java,Python,158,228,0.9983096686950642
spring-projects/spring-data-commons,wagtail/wagtail,Java,Python,158,407,0.9977060462067836
spring-projects/spring-data-commons,ytdl-org/youtube-dl,Java,Python,158,309,0.9984650805832693
spring-projects/spring-data-commons,celery/celery,Java,Python,158,245,0.9978768577494692
spring-projects/spring-data-commons,conan-io/conan,Java,Python,158,858,0.9997566317838891
spring-projects/spring-data-commons,docker/compose,Java,Python,158,583,0.9972954699121027
spring-projects/spring-data-commons,google/jax,Java,Python,158,568,0.9992027637523253
spring-projects/spring-data-commons,ipython/ipython,Java,Python,158,843,0.9979726305119108
spring-projects/spring-data-commons,jupyterlab/jupyterlab,Java,Python,158,200,0.9983924983255191
spring-projects/spring-data-commons,lightning-ai/lightning,Java,Python,158,374,0.9979726305119108
spring-projects/spring-data-commons,mesonbuild/meson,Java,Python,158,945,0.9986598168416351
spring-projects/spring-data-commons,prefecthq/prefect,Java,Python,158,406,0.9966911764705882
spring-projects/spring-data-commons,pyca/cryptography,Java,Python,158,337,0.9975103734439834
spring-projects/spring-data-commons,pydata/xarray,Java,Python,158,122,0.9993364299933643
spring-projects/spring-data-commons,pytest-dev/pytest,Java,Python,158,118,0.9964685108887581
spring-projects/spring-data-commons,sphinx-doc/sphinx,Java,Python,158,186,0.996649114408808
spring-projects/spring-data-commons,eclipse-aspectj/aspectj,Java,Java,158,269,0.9969920700027345
spring-projects/spring-data-commons,eclipse-birt/birt,Java,Java,158,3498,0.9985485334139703
spring-projects/spring-data-commons,eclipse-jdt/eclipse.jdt.ui,Java,Java,158,2543,0.9986832655015562
spring-projects/spring-data-commons,eclipse-platform/eclipse.platform.swt,Java,Java,158,90,0.9961517317207257
spring-projects/spring-data-commons,eclipse-platform/eclipse.platform.ui,Java,Java,158,2063,0.9983071714373654
spring-projects/spring-data-commons,apache/tomcat,Java,Java,158,51,0.9929797191887676
spring-projects/spring-data-gemfire,spring-projects/spring-data-jpa,Java,Java,107,147,0.9838709677419355
spring-projects/spring-data-gemfire,spring-projects/spring-data-mongodb,Java,Java,107,271,0.987248322147651
spring-projects/spring-data-gemfire,spring-projects/spring-data-rest,Java,Java,107,132,0.9849119865884325
spring-projects/spring-data-gemfire,spring-projects/spring-security-oauth,Java,Java,107,101,0.9960348929421095
spring-projects/spring-data-gemfire,spring-projects/spring-webflow,Java,Java,107,134,0.9926888708367181
spring-projects/spring-data-gemfire,spring-projects/spring-ws,Java,Java,107,174,0.9902568644818424
spring-projects/spring-data-gemfire,bitcoin/bitcoin,Java,C++,107,563,0.9980193405569149
spring-projects/spring-data-gemfire,clickhouse/clickhouse,Java,C++,107,1541,0.9991969923714276
spring-projects/spring-data-gemfire,electron/electron,Java,C++,107,1451,0.9987802589604053
spring-projects/spring-data-gemfire,godotengine/godot,Java,C++,107,1486,0.9978056021685814
spring-projects/spring-data-gemfire,protocolbuffers/protobuf,Java,C++,107,229,0.9987140331136474
spring-projects/spring-data-gemfire,dagger/dagger,Java,Go,107,399,0.9968379446640316
spring-projects/spring-data-gemfire,nats-io/nats-server,Java,Go,107,298,0.9977748108589231
spring-projects/spring-data-gemfire,nektos/act,Java,Go,107,166,0.997457627118644
spring-projects/spring-data-gemfire,elastic/elasticsearch,Java,Java,107,970,0.9979006015583997
spring-projects/spring-data-gemfire,apache/dolphinscheduler,Java,Java,107,1369,0.9972737894326885
spring-projects/spring-data-gemfire,apache/dubbo,Java,Java,107,379,0.9970132271369648
spring-projects/spring-data-gemfire,liquibase/liquibase,Java,Java,107,241,0.9969924812030075
spring-projects/spring-data-gemfire,openrefine/openrefine,Java,Java,107,620,0.9929349425964086
spring-projects/spring-data-gemfire,seleniumhq/selenium,Java,Java,107,134,0.9969244288224957
spring-projects/spring-data-gemfire,axios/axios,Java,JavaScript,107,113,1.0
spring-projects/spring-data-gemfire,facebook/react,Java,JavaScript,107,483,0.9985137143629239
spring-projects/spring-data-gemfire,fastify/fastify,Java,JavaScript,107,279,0.9994372537985369
spring-projects/spring-data-gemfire,mozilla/pdf.js,Java,JavaScript,107,543,0.9966225724739657
spring-projects/spring-data-gemfire,sveltejs/svelte,Java,JavaScript,107,1107,0.9986431478968792
spring-projects/spring-data-gemfire,vercel/next.js,Java,JavaScript,107,1258,0.9988104401371493
spring-projects/spring-data-gemfire,apache/airflow,Java,Python,107,1648,0.9989012713859676
spring-projects/spring-data-gemfire,ccxt/ccxt,Java,Python,107,693,0.9993779482660308
spring-projects/spring-data-gemfire,localstack/localstack,Java,Python,107,472,0.9977409638554217
spring-projects/spring-data-gemfire,posthog/posthog,Java,Python,107,403,0.9986363248955936
spring-projects/spring-data-gemfire,ansible/ansible,Java,Python,107,768,0.9983581323755772
spring-projects/spring-data-gemfire,langchain-ai/langchain,Java,Python,107,130,0.997793468667255
spring-projects/spring-data-gemfire,odoo/odoo,Java,Python,107,115,0.9976210300939693
spring-projects/spring-data-gemfire,quarkusio/quarkus,Java,Java,107,950,0.9975099095436528
spring-projects/spring-data-gemfire,hannah-sten/texify-idea,Java,Kotlin,107,53,0.9943478260869565
spring-projects/spring-data-gemfire,horizontalsystems/unstoppable-wallet-android,Java,Kotlin,107,15,0.992289899768697
spring-projects/spring-data-gemfire,intellij-rust/intellij-rust,Java,Kotlin,107,233,0.9974054054054055
spring-projects/spring-data-gemfire,jwstegemann/fritz2,Java,Kotlin,107,12,0.9912087912087912
spring-projects/spring-data-gemfire,square/anvil,Java,Kotlin,107,49,0.9908629441624366
spring-projects/spring-data-gemfire,square/kotlinpoet,Java,Kotlin,107,24,0.9945945945945946
spring-projects/spring-data-gemfire,square/leakcanary,Java,Kotlin,107,36,0.993637941006362
spring-projects/spring-data-gemfire,square/okhttp,Java,Kotlin,107,15,0.9967672413793104
spring-projects/spring-data-gemfire,thundernest/k-9,Java,Kotlin,107,146,0.9961344038061255
spring-projects/spring-data-gemfire,dmwm/wmcore,Java,Python,107,263,0.9956268221574344
spring-projects/spring-data-gemfire,rucio/rucio,Java,Python,107,297,0.9956964006259781
spring-projects/spring-data-gemfire,iterative/dvc,Java,Python,107,132,0.9963414634146341
spring-projects/spring-data-gemfire,conda/conda,Java,Python,107,608,0.9970749542961609
spring-projects/spring-data-gemfire,dagster-io/dagster,Java,Python,107,154,0.9983710562414266
spring-projects/spring-data-gemfire,django/django,Java,Python,107,850,0.9972235076353541
spring-projects/spring-data-gemfire,googleapis/google-cloud-python,Java,Python,107,911,0.9984897518878102
spring-projects/spring-data-gemfire,huggingface/transformers,Java,Python,107,1049,0.9982690153752164
spring-projects/spring-data-gemfire,pandas-dev/pandas,Java,Python,107,5016,0.9988709570299529
spring-projects/spring-data-gemfire,qiskit/qiskit,Java,Python,107,1356,0.9983188139996944
spring-projects/spring-data-gemfire,scipy/scipy,Java,Python,107,100,0.9956395348837209
spring-projects/spring-data-gemfire,sympy/sympy,Java,Python,107,384,0.9989754098360656
spring-projects/spring-data-gemfire,matplotlib/matplotlib,Java,Python,107,184,0.995036496350365
spring-projects/spring-data-gemfire,numpy/numpy,Java,Python,107,803,0.9979770734996628
spring-projects/spring-data-gemfire,open-mmlab/mmdetection,Java,Python,107,103,0.99896229678312
spring-projects/spring-data-gemfire,pantsbuild/pants,Java,Python,107,734,0.9983534577387486
spring-projects/spring-data-gemfire,pypa/pip,Java,Python,107,684,0.9968125181106926
spring-projects/spring-data-gemfire,ray-project/ray,Java,Python,107,340,0.9983677103427808
spring-projects/spring-data-gemfire,scikit-learn/scikit-learn,Java,Python,107,228,0.996474358974359
spring-projects/spring-data-gemfire,wagtail/wagtail,Java,Python,107,407,0.9971268954509178
spring-projects/spring-data-gemfire,ytdl-org/youtube-dl,Java,Python,107,309,0.9996387283236994
spring-projects/spring-data-gemfire,celery/celery,Java,Python,107,245,0.9964243146603099
spring-projects/spring-data-gemfire,conan-io/conan,Java,Python,107,858,0.9992974238875878
spring-projects/spring-data-gemfire,docker/compose,Java,Python,107,583,0.998780487804878
spring-projects/spring-data-gemfire,google/jax,Java,Python,107,568,0.9994904458598726
spring-projects/spring-data-gemfire,ipython/ipython,Java,Python,107,843,0.9963476990504018
spring-projects/spring-data-gemfire,jupyterlab/jupyterlab,Java,Python,107,200,0.998164175190139
spring-projects/spring-data-gemfire,lightning-ai/lightning,Java,Python,107,374,0.9981264637002342
spring-projects/spring-data-gemfire,mesonbuild/meson,Java,Python,107,945,0.9978438982319966
spring-projects/spring-data-gemfire,prefecthq/prefect,Java,Python,107,406,0.9968771686328938
spring-projects/spring-data-gemfire,pyca/cryptography,Java,Python,107,337,0.9961119751166407
spring-projects/spring-data-gemfire,pydata/xarray,Java,Python,107,122,0.9994008388256441
spring-projects/spring-data-gemfire,pytest-dev/pytest,Java,Python,107,118,0.99892530897367
spring-projects/spring-data-gemfire,sphinx-doc/sphinx,Java,Python,107,186,0.9964460239893381
spring-projects/spring-data-gemfire,eclipse-aspectj/aspectj,Java,Java,107,269,0.9934520691461498
spring-projects/spring-data-gemfire,eclipse-birt/birt,Java,Java,107,3498,0.9983230520452776
spring-projects/spring-data-gemfire,eclipse-jdt/eclipse.jdt.ui,Java,Java,107,2543,0.9968291250733999
spring-projects/spring-data-gemfire,eclipse-platform/eclipse.platform.swt,Java,Java,107,90,0.9924242424242424
spring-projects/spring-data-gemfire,eclipse-platform/eclipse.platform.ui,Java,Java,107,2063,0.9966966966966967
spring-projects/spring-data-gemfire,apache/tomcat,Java,Java,107,51,0.9937629937629938
spring-projects/spring-data-jpa,spring-projects/spring-data-mongodb,Java,Java,147,271,0.9850352112676056
spring-projects/spring-data-jpa,spring-projects/spring-data-rest,Java,Java,147,132,0.9833134684147795
spring-projects/spring-data-jpa,spring-projects/spring-security-oauth,Java,Java,147,101,0.9922737306843267
spring-projects/spring-data-jpa,spring-projects/spring-webflow,Java,Java,147,134,0.9881404174573055
spring-projects/spring-data-jpa,spring-projects/spring-ws,Java,Java,147,174,0.9936974789915967
spring-projects/spring-data-jpa,bitcoin/bitcoin,Java,C++,147,563,0.9979341353748936
spring-projects/spring-data-jpa,clickhouse/clickhouse,Java,C++,147,1541,0.9992974152276005
spring-projects/spring-data-jpa,electron/electron,Java,C++,147,1451,0.9984472049689441
spring-projects/spring-data-jpa,godotengine/godot,Java,C++,147,1486,0.9974296536796536
spring-projects/spring-data-jpa,protocolbuffers/protobuf,Java,C++,147,229,0.997272882222601
spring-projects/spring-data-jpa,dagger/dagger,Java,Go,147,399,0.9965116279069768
spring-projects/spring-data-jpa,nats-io/nats-server,Java,Go,147,298,0.9952431289640592
spring-projects/spring-data-jpa,nektos/act,Java,Go,147,166,0.9927272727272727
spring-projects/spring-data-jpa,elastic/elasticsearch,Java,Java,147,970,0.9981568707761622
spring-projects/spring-data-jpa,apache/dolphinscheduler,Java,Java,147,1369,0.9967338051170387
spring-projects/spring-data-jpa,apache/dubbo,Java,Java,147,379,0.9971539844218095
spring-projects/spring-data-jpa,liquibase/liquibase,Java,Java,147,241,0.9921908893709328
spring-projects/spring-data-jpa,openrefine/openrefine,Java,Java,147,620,0.9924416694051923
spring-projects/spring-data-jpa,seleniumhq/selenium,Java,Java,147,134,0.9972192182913642
spring-projects/spring-data-jpa,axios/axios,Java,JavaScript,147,113,0.9958620689655172
spring-projects/spring-data-jpa,facebook/react,Java,JavaScript,147,483,0.9977295302965801
spring-projects/spring-data-jpa,fastify/fastify,Java,JavaScript,147,279,1.0
spring-projects/spring-data-jpa,mozilla/pdf.js,Java,JavaScript,147,543,0.9956222639149468
spring-projects/spring-data-jpa,sveltejs/svelte,Java,JavaScript,147,1107,0.9977703455964325
spring-projects/spring-data-jpa,vercel/next.js,Java,JavaScript,147,1258,0.9987083811710677
spring-projects/spring-data-jpa,apache/airflow,Java,Python,147,1648,0.999147076070153
spring-projects/spring-data-jpa,ccxt/ccxt,Java,Python,147,693,0.9992607065533083
spring-projects/spring-data-jpa,localstack/localstack,Java,Python,147,472,0.9958666299255994
spring-projects/spring-data-jpa,posthog/posthog,Java,Python,147,403,0.998593901045786
spring-projects/spring-data-jpa,ansible/ansible,Java,Python,147,768,0.9986156958790331
spring-projects/spring-data-jpa,langchain-ai/langchain,Java,Python,147,130,0.9968884633796075
spring-projects/spring-data-jpa,odoo/odoo,Java,Python,147,115,0.9976406308208121
spring-projects/spring-data-jpa,quarkusio/quarkus,Java,Java,147,950,0.9979817843096668
spring-projects/spring-data-jpa,hannah-sten/texify-idea,Java,Kotlin,147,53,0.9922918807810894
spring-projects/spring-data-jpa,horizontalsystems/unstoppable-wallet-android,Java,Kotlin,147,15,0.9946977730646872
spring-projects/spring-data-jpa,intellij-rust/intellij-rust,Java,Kotlin,147,233,0.995785530320768
spring-projects/spring-data-jpa,jwstegemann/fritz2,Java,Kotlin,147,12,0.990990990990991
spring-projects/spring-data-jpa,square/anvil,Java,Kotlin,147,49,0.9904761904761905
spring-projects/spring-data-jpa,square/kotlinpoet,Java,Kotlin,147,24,0.9894736842105263
spring-projects/spring-data-jpa,square/leakcanary,Java,Kotlin,147,36,0.992721979621543
spring-projects/spring-data-jpa,square/okhttp,Java,Kotlin,147,15,0.9930191972076788
spring-projects/spring-data-jpa,thundernest/k-9,Java,Kotlin,147,146,0.9956796277833168
spring-projects/spring-data-jpa,dmwm/wmcore,Java,Python,147,263,0.9947984395318595
spring-projects/spring-data-jpa,rucio/rucio,Java,Python,147,297,0.9945479327578374
spring-projects/spring-data-jpa,iterative/dvc,Java,Python,147,132,0.9914396887159533
spring-projects/spring-data-jpa,conda/conda,Java,Python,147,608,0.9957983193277311
spring-projects/spring-data-jpa,dagster-io/dagster,Java,Python,147,154,0.9986736227783182
spring-projects/spring-data-jpa,django/django,Java,Python,147,850,0.9970631424375918
spring-projects/spring-data-jpa,googleapis/google-cloud-python,Java,Python,147,911,0.9987661245092541
spring-projects/spring-data-jpa,huggingface/transformers,Java,Python,147,1049,0.99904932924897
spring-projects/spring-data-jpa,pandas-dev/pandas,Java,Python,147,5016,0.999183784519113
spring-projects/spring-data-jpa,qiskit/qiskit,Java,Python,147,1356,0.9982223658694247
spring-projects/spring-data-jpa,scipy/scipy,Java,Python,147,100,0.9949937421777222
spring-projects/spring-data-jpa,sympy/sympy,Java,Python,147,384,0.9984530386740331
spring-projects/spring-data-jpa,matplotlib/matplotlib,Java,Python,147,184,0.995441224356887
spring-projects/spring-data-jpa,numpy/numpy,Java,Python,147,803,0.9978486912871997
spring-projects/spring-data-jpa,open-mmlab/mmdetection,Java,Python,147,103,0.998422712933754
spring-projects/spring-data-jpa,pantsbuild/pants,Java,Python,147,734,0.9985153037916857
spring-projects/spring-data-jpa,pypa/pip,Java,Python,147,684,0.9964470284237726
spring-projects/spring-data-jpa,ray-project/ray,Java,Python,147,340,0.99796397807361
spring-projects/spring-data-jpa,scikit-learn/scikit-learn,Java,Python,147,228,0.9952983725135623
spring-projects/spring-data-jpa,wagtail/wagtail,Java,Python,147,407,0.9971235194585448
spring-projects/spring-data-jpa,ytdl-org/youtube-dl,Java,Python,147,309,0.9995857497928748
spring-projects/spring-data-jpa,celery/celery,Java,Python,147,245,0.9939870490286772
spring-projects/spring-data-jpa,conan-io/conan,Java,Python,147,858,0.9982124616956077
spring-projects/spring-data-jpa,docker/compose,Java,Python,147,583,0.994556765163297
spring-projects/spring-data-jpa,google/jax,Java,Python,147,568,0.9985994397759104
spring-projects/spring-data-jpa,ipython/ipython,Java,Python,147,843,0.9962696509459099
spring-projects/spring-data-jpa,jupyterlab/jupyterlab,Java,Python,147,200,0.9975247524752475
spring-projects/spring-data-jpa,lightning-ai/lightning,Java,Python,147,374,0.9943820224719101
spring-projects/spring-data-jpa,mesonbuild/meson,Java,Python,147,945,0.9974323062558357
spring-projects/spring-data-jpa,prefecthq/prefect,Java,Python,147,406,0.9956487341772152
spring-projects/spring-data-jpa,pyca/cryptography,Java,Python,147,337,0.9968425800631484
spring-projects/spring-data-jpa,pydata/xarray,Java,Python,147,122,0.997716894977169
spring-projects/spring-data-jpa,pytest-dev/pytest,Java,Python,147,118,0.9953550099535501
spring-projects/spring-data-jpa,sphinx-doc/sphinx,Java,Python,147,186,0.9931470743278862
spring-projects/spring-data-jpa,eclipse-aspectj/aspectj,Java,Java,147,269,0.9942263279445728
spring-projects/spring-data-jpa,eclipse-birt/birt,Java,Java,147,3498,0.9980419751575598
spring-projects/spring-data-jpa,eclipse-jdt/eclipse.jdt.ui,Java,Java,147,2543,0.9976718539394682
spring-projects/spring-data-jpa,eclipse-platform/eclipse.platform.swt,Java,Java,147,90,0.993849938499385
spring-projects/spring-data-jpa,eclipse-platform/eclipse.platform.ui,Java,Java,147,2063,0.9969865186360032
spring-projects/spring-data-jpa,apache/tomcat,Java,Java,147,51,0.9908172635445363
spring-projects/spring-data-mongodb,spring-projects/spring-data-rest,Java,Java,271,132,0.9793899422918384
spring-projects/spring-data-mongodb,spring-projects/spring-security-oauth,Java,Java,271,101,0.9929742388758782
spring-projects/spring-data-mongodb,spring-projects/spring-webflow,Java,Java,271,134,0.9907332796132151
spring-projects/spring-data-mongodb,spring-projects/spring-ws,Java,Java,271,174,0.9899034240561896
spring-projects/spring-data-mongodb,bitcoin/bitcoin,Java,C++,271,563,0.9982564221783099
spring-projects/spring-data-mongodb,clickhouse/clickhouse,Java,C++,271,1541,0.9989057883794726
spring-projects/spring-data-mongodb,electron/electron,Java,C++,271,1451,0.9987825435474808
spring-projects/spring-data-mongodb,godotengine/godot,Java,C++,271,1486,0.998712501609373
spring-projects/spring-data-mongodb,protocolbuffers/protobuf,Java,C++,271,229,0.9977567697484377
spring-projects/spring-data-mongodb,dagger/dagger,Java,Go,271,399,0.998165137614679
spring-projects/spring-data-mongodb,nats-io/nats-server,Java,Go,271,298,0.9991177767975298
spring-projects/spring-data-mongodb,nektos/act,Java,Go,271,166,0.9975
spring-projects/spring-data-mongodb,elastic/elasticsearch,Java,Java,271,970,0.9980233167937391
spring-projects/spring-data-mongodb,apache/dolphinscheduler,Java,Java,271,1369,0.9963744658811343
spring-projects/spring-data-mongodb,apache/dubbo,Java,Java,271,379,0.9956034605020564
spring-projects/spring-data-mongodb,liquibase/liquibase,Java,Java,271,241,0.994776119402985
spring-projects/spring-data-mongodb,openrefine/openrefine,Java,Java,271,620,0.9915130231196957
spring-projects/spring-data-mongodb,seleniumhq/selenium,Java,Java,271,134,0.9964953271028038
spring-projects/spring-data-mongodb,axios/axios,Java,JavaScript,271,113,0.9981801637852593
spring-projects/spring-data-mongodb,facebook/react,Java,JavaScript,271,483,0.9989219781700579
spring-projects/spring-data-mongodb,fastify/fastify,Java,JavaScript,271,279,0.9988870339454646
spring-projects/spring-data-mongodb,mozilla/pdf.js,Java,JavaScript,271,543,0.9972012314581584
spring-projects/spring-data-mongodb,sveltejs/svelte,Java,JavaScript,271,1107,0.9989478430783105
spring-projects/spring-data-mongodb,vercel/next.js,Java,JavaScript,271,1258,0.9988819788973516
spring-projects/spring-data-mongodb,apache/airflow,Java,Python,271,1648,0.9990069513406157
spring-projects/spring-data-mongodb,ccxt/ccxt,Java,Python,271,693,0.9996375122986899
spring-projects/spring-data-mongodb,localstack/localstack,Java,Python,271,472,0.9982517482517482
spring-projects/spring-data-mongodb,posthog/posthog,Java,Python,271,403,0.9988938994299328
spring-projects/spring-data-mongodb,ansible/ansible,Java,Python,271,768,0.998873527905786
spring-projects/spring-data-mongodb,langchain-ai/langchain,Java,Python,271,130,0.9991212653778558
spring-projects/spring-data-mongodb,odoo/odoo,Java,Python,271,115,0.9978640085439658
spring-projects/spring-data-mongodb,quarkusio/quarkus,Java,Java,271,950,0.9980201035638135
spring-projects/spring-data-mongodb,hannah-sten/texify-idea,Java,Kotlin,271,53,0.9961206896551724
spring-projects/spring-data-mongodb,horizontalsystems/unstoppable-wallet-android,Java,Kotlin,271,15,0.996962794229309
spring-projects/spring-data-mongodb,intellij-rust/intellij-rust,Java,Kotlin,271,233,0.9976318622174382
spring-projects/spring-data-mongodb,jwstegemann/fritz2,Java,Kotlin,271,12,0.989247311827957
spring-projects/spring-data-mongodb,square/anvil,Java,Kotlin,271,49,0.9960199004975124
spring-projects/spring-data-mongodb,square/kotlinpoet,Java,Kotlin,271,24,0.9978835978835979
spring-projects/spring-data-mongodb,square/leakcanary,Java,Kotlin,271,36,0.9948542024013722
spring-projects/spring-data-mongodb,square/okhttp,Java,Kotlin,271,15,0.9936708860759493
spring-projects/spring-data-mongodb,thundernest/k-9,Java,Kotlin,271,146,0.9961572568725983
spring-projects/spring-data-mongodb,dmwm/wmcore,Java,Python,271,263,0.9971014492753624
spring-projects/spring-data-mongodb,rucio/rucio,Java,Python,271,297,0.9961180124223602
spring-projects/spring-data-mongodb,iterative/dvc,Java,Python,271,132,0.994578313253012
spring-projects/spring-data-mongodb,conda/conda,Java,Python,271,608,0.9985480943738657
spring-projects/spring-data-mongodb,dagster-io/dagster,Java,Python,271,154,0.999058541595344
spring-projects/spring-data-mongodb,django/django,Java,Python,271,850,0.9976933722897124
spring-projects/spring-data-mongodb,googleapis/google-cloud-python,Java,Python,271,911,0.9989235737351991
spring-projects/spring-data-mongodb,huggingface/transformers,Java,Python,271,1049,0.9995935372421502
spring-projects/spring-data-mongodb,pandas-dev/pandas,Java,Python,271,5016,0.9989387809245871
spring-projects/spring-data-mongodb,qiskit/qiskit,Java,Python,271,1356,0.998933414596983
spring-projects/spring-data-mongodb,scipy/scipy,Java,Python,271,100,0.9978354978354979
spring-projects/spring-data-mongodb,sympy/sympy,Java,Python,271,384,0.9991836734693877
spring-projects/spring-data-mongodb,matplotlib/matplotlib,Java,Python,271,184,0.9968069666182874
spring-projects/spring-data-mongodb,numpy/numpy,Java,Python,271,803,0.9984879032258065
spring-projects/spring-data-mongodb,open-mmlab/mmdetection,Java,Python,271,103,0.9996564754379939
spring-projects/spring-data-mongodb,pantsbuild/pants,Java,Python,271,734,0.9986856516976998
spring-projects/spring-data-mongodb,pypa/pip,Java,Python,271,684,0.9988475943532124
spring-projects/spring-data-mongodb,ray-project/ray,Java,Python,271,340,0.9979286876756917
spring-projects/spring-data-mongodb,scikit-learn/scikit-learn,Java,Python,271,228,0.9984076433121019
spring-projects/spring-data-mongodb,wagtail/wagtail,Java,Python,271,407,0.9976133651551312
spring-projects/spring-data-mongodb,ytdl-org/youtube-dl,Java,Python,271,309,0.9989239598278336
spring-projects/spring-data-mongodb,celery/celery,Java,Python,271,245,0.9984233346472211
spring-projects/spring-data-mongodb,conan-io/conan,Java,Python,271,858,0.9990675990675991
spring-projects/spring-data-mongodb,docker/compose,Java,Python,271,583,0.9975903614457832
spring-projects/spring-data-mongodb,google/jax,Java,Python,271,568,0.9992395437262357
spring-projects/spring-data-mongodb,ipython/ipython,Java,Python,271,843,0.9975769323964139
spring-projects/spring-data-mongodb,jupyterlab/jupyterlab,Java,Python,271,200,0.9982997645827884
spring-projects/spring-data-mongodb,lightning-ai/lightning,Java,Python,271,374,0.9986078886310905
spring-projects/spring-data-mongodb,mesonbuild/meson,Java,Python,271,945,0.9976384714469729
spring-projects/spring-data-mongodb,prefecthq/prefect,Java,Python,271,406,0.9979324603721571
spring-projects/spring-data-mongodb,pyca/cryptography,Java,Python,271,337,0.9976851851851852
spring-projects/spring-data-mongodb,pydata/xarray,Java,Python,271,122,0.9988158673771462
spring-projects/spring-data-mongodb,pytest-dev/pytest,Java,Python,271,118,0.9984051036682615
spring-projects/spring-data-mongodb,sphinx-doc/sphinx,Java,Python,271,186,0.9969176574196389
spring-projects/spring-data-mongodb,eclipse-aspectj/aspectj,Java,Java,271,269,0.9953100573215217
spring-projects/spring-data-mongodb,eclipse-birt/birt,Java,Java,271,3498,0.9986241550517437
spring-projects/spring-data-mongodb,eclipse-jdt/eclipse.jdt.ui,Java,Java,271,2543,0.99800820152314
spring-projects/spring-data-mongodb,eclipse-platform/eclipse.platform.swt,Java,Java,271,90,0.9955
spring-projects/spring-data-mongodb,eclipse-platform/eclipse.platform.ui,Java,Java,271,2063,0.9976047904191617
spring-projects/spring-data-mongodb,apache/tomcat,Java,Java,271,51,0.9931647300068353
spring-projects/spring-data-rest,spring-projects/spring-security-oauth,Java,Java,132,101,0.9867886178861789
spring-projects/spring-data-rest,spring-projects/spring-webflow,Java,Java,132,134,0.9926773455377574
spring-projects/spring-data-rest,spring-projects/spring-ws,Java,Java,132,174,0.9954568399798082
spring-projects/spring-data-rest,bitcoin/bitcoin,Java,C++,132,563,0.9984348663616662
spring-projects/spring-data-rest,clickhouse/clickhouse,Java,C++,132,1541,0.9987831858407079
spring-projects/spring-data-rest,electron/electron,Java,C++,132,1451,0.9980734033330122
spring-projects/spring-data-rest,godotengine/godot,Java,C++,132,1486,0.9985274431057564
spring-projects/spring-data-rest,protocolbuffers/protobuf,Java,C++,132,229,0.9978129205921938
spring-projects/spring-data-rest,dagger/dagger,Java,Go,132,399,0.9960204661739624
spring-projects/spring-data-rest,nats-io/nats-server,Java,Go,132,298,0.9959390862944163
spring-projects/spring-data-rest,nektos/act,Java,Go,132,166,0.9922480620155039
spring-projects/spring-data-rest,elastic/elasticsearch,Java,Java,132,970,0.9979585170667973
spring-projects/spring-data-rest,apache/dolphinscheduler,Java,Java,132,1369,0.9970374360355507
spring-projects/spring-data-rest,apache/dubbo,Java,Java,132,379,0.9970387918270655
spring-projects/spring-data-rest,liquibase/liquibase,Java,Java,132,241,0.9937054133445237
spring-projects/spring-data-rest,openrefine/openrefine,Java,Java,132,620,0.9910256410256411
spring-projects/spring-data-rest,seleniumhq/selenium,Java,Java,132,134,0.9964890856357808
spring-projects/spring-data-rest,axios/axios,Java,JavaScript,132,113,0.9950124688279302
spring-projects/spring-data-rest,facebook/react,Java,JavaScript,132,483,0.9984559236384054
spring-projects/spring-data-rest,fastify/fastify,Java,JavaScript,132,279,0.9986666666666667
spring-projects/spring-data-rest,mozilla/pdf.js,Java,JavaScript,132,543,0.9963369963369964
spring-projects/spring-data-rest,sveltejs/svelte,Java,JavaScript,132,1107,0.9984266834487099
spring-projects/spring-data-rest,vercel/next.js,Java,JavaScript,132,1258,0.998786927358356
spring-projects/spring-data-rest,apache/airflow,Java,Python,132,1648,0.9981418560203865
spring-projects/spring-data-rest,ccxt/ccxt,Java,Python,132,693,0.9988429578205533
spring-projects/spring-data-rest,localstack/localstack,Java,Python,132,472,0.9951443215538172
spring-projects/spring-data-rest,posthog/posthog,Java,Python,132,403,0.9986033519553073
spring-projects/spring-data-rest,ansible/ansible,Java,Python,132,768,0.9980988593155894
spring-projects/spring-data-rest,langchain-ai/langchain,Java,Python,132,130,0.9971797884841364
spring-projects/spring-data-rest,odoo/odoo,Java,Python,132,115,0.9980319803198032
spring-projects/spring-data-rest,quarkusio/quarkus,Java,Java,132,950,0.9964434822947271
spring-projects/spring-data-rest,hannah-sten/texify-idea,Java,Kotlin,132,53,0.995551161641127
spring-projects/spring-data-rest,horizontalsystems/unstoppable-wallet-android,Java,Kotlin,132,15,0.996078431372549
spring-projects/spring-data-rest,intellij-rust/intellij-rust,Java,Kotlin,132,233,0.9977000919963201
spring-projects/spring-data-rest,jwstegemann/fritz2,Java,Kotlin,132,12,0.9936808846761453
spring-projects/spring-data-rest,square/anvil,Java,Kotlin,132,49,0.9901129943502824
spring-projects/spring-data-rest,square/kotlinpoet,Java,Kotlin,132,24,0.9938271604938271
spring-projects/spring-data-rest,square/leakcanary,Java,Kotlin,132,36,0.9944903581267218
spring-projects/spring-data-rest,square/okhttp,Java,Kotlin,132,15,0.9938556067588326
spring-projects/spring-data-rest,thundernest/k-9,Java,Kotlin,132,146,0.9954633830200907
spring-projects/spring-data-rest,dmwm/wmcore,Java,Python,132,263,0.9958769425943546
spring-projects/spring-data-rest,rucio/rucio,Java,Python,132,297,0.9938569548047389
spring-projects/spring-data-rest,iterative/dvc,Java,Python,132,132,0.9970652971386648
spring-projects/spring-data-rest,conda/conda,Java,Python,132,608,0.9947111472742066
spring-projects/spring-data-rest,dagster-io/dagster,Java,Python,132,154,0.9986827083516291
spring-projects/spring-data-rest,django/django,Java,Python,132,850,0.9974218498227522
spring-projects/spring-data-rest,googleapis/google-cloud-python,Java,Python,132,911,0.9979984432336262
spring-projects/spring-data-rest,huggingface/transformers,Java,Python,132,1049,0.998742665549036
spring-projects/spring-data-rest,pandas-dev/pandas,Java,Python,132,5016,0.9983085250338295
spring-projects/spring-data-rest,qiskit/qiskit,Java,Python,132,1356,0.997765719757421
spring-projects/spring-data-rest,scipy/scipy,Java,Python,132,100,0.9971717171717172
spring-projects/spring-data-rest,sympy/sympy,Java,Python,132,384,0.9976102541820552
spring-projects/spring-data-rest,matplotlib/matplotlib,Java,Python,132,184,0.9961880559085133
spring-projects/spring-data-rest,numpy/numpy,Java,Python,132,803,0.9973474801061007
spring-projects/spring-data-rest,open-mmlab/mmdetection,Java,Python,132,103,0.9969395562356542
spring-projects/spring-data-rest,pantsbuild/pants,Java,Python,132,734,0.998188610890977
spring-projects/spring-data-rest,pypa/pip,Java,Python,132,684,0.9955891619407687
spring-projects/spring-data-rest,ray-project/ray,Java,Python,132,340,0.9973692355307954
spring-projects/spring-data-rest,scikit-learn/scikit-learn,Java,Python,132,228,0.995779106577559
spring-projects/spring-data-rest,wagtail/wagtail,Java,Python,132,407,0.9973279893119572
spring-projects/spring-data-rest,ytdl-org/youtube-dl,Java,Python,132,309,0.9967884383781613
spring-projects/spring-data-rest,celery/celery,Java,Python,132,245,0.9946428571428572
spring-projects/spring-data-rest,conan-io/conan,Java,Python,132,858,0.9984973703981969
spring-projects/spring-data-rest,docker/compose,Java,Python,132,583,0.9955979457079971
spring-projects/spring-data-rest,google/jax,Java,Python,132,568,0.9978070175438597
spring-projects/spring-data-rest,ipython/ipython,Java,Python,132,843,0.9966057441253263
spring-projects/spring-data-rest,jupyterlab/jupyterlab,Java,Python,132,200,0.998094978908695
spring-projects/spring-data-rest,lightning-ai/lightning,Java,Python,132,374,0.9967707212055974
spring-projects/spring-data-rest,mesonbuild/meson,Java,Python,132,945,0.997248337537262
spring-projects/spring-data-rest,prefecthq/prefect,Java,Python,132,406,0.9957773512476008
spring-projects/spring-data-rest,pyca/cryptography,Java,Python,132,337,0.996078431372549
spring-projects/spring-data-rest,pydata/xarray,Java,Python,132,122,0.9942528735632183
spring-projects/spring-data-rest,pytest-dev/pytest,Java,Python,132,118,0.9949494949494949
spring-projects/spring-data-rest,sphinx-doc/sphinx,Java,Python,132,186,0.9949341438703141
spring-projects/spring-data-rest,eclipse-aspectj/aspectj,Java,Java,132,269,0.9971759390002825
spring-projects/spring-data-rest,eclipse-birt/birt,Java,Java,132,3498,0.99884287454324
spring-projects/spring-data-rest,eclipse-jdt/eclipse.jdt.ui,Java,Java,132,2543,0.9984219470745327
spring-projects/spring-data-rest,eclipse-platform/eclipse.platform.swt,Java,Java,132,90,0.9958896065766295
spring-projects/spring-data-rest,eclipse-platform/eclipse.platform.ui,Java,Java,132,2063,0.9976500078333073
spring-projects/spring-data-rest,apache/tomcat,Java,Java,132,51,0.9914236706689536
spring-projects/spring-security-oauth,spring-projects/spring-webflow,Java,Java,101,134,0.9889036839769196
spring-projects/spring-security-oauth,spring-projects/spring-ws,Java,Java,101,174,0.9921913128355295
spring-projects/spring-security-oauth,bitcoin/bitcoin,Java,C++,101,563,0.9985669930737998
spring-projects/spring-security-oauth,clickhouse/clickhouse,Java,C++,101,1541,0.9988230101515374
spring-projects/spring-security-oauth,electron/electron,Java,C++,101,1451,0.9986601588668772
spring-projects/spring-security-oauth,godotengine/godot,Java,C++,101,1486,0.9981424970147273
spring-projects/spring-security-oauth,protocolbuffers/protobuf,Java,C++,101,229,0.9981703260146374
spring-projects/spring-security-oauth,dagger/dagger,Java,Go,101,399,0.9974895397489539
spring-projects/spring-security-oauth,nats-io/nats-server,Java,Go,101,298,0.9965635738831615
spring-projects/spring-security-oauth,nektos/act,Java,Go,101,166,0.9938144329896907
spring-projects/spring-security-oauth,elastic/elasticsearch,Java,Java,101,970,0.9984934853420195
spring-projects/spring-security-oauth,apache/dolphinscheduler,Java,Java,101,1369,0.9970639263312425
spring-projects/spring-security-oauth,apache/dubbo,Java,Java,101,379,0.9972144846796658
spring-projects/spring-security-oauth,liquibase/liquibase,Java,Java,101,241,0.9959200326397388
spring-projects/spring-security-oauth,openrefine/openrefine,Java,Java,101,620,0.9918444165621079
spring-projects/spring-security-oauth,seleniumhq/selenium,Java,Java,101,134,0.9965246297975219
spring-projects/spring-security-oauth,axios/axios,Java,JavaScript,101,113,0.9942528735632183
spring-projects/spring-security-oauth,facebook/react,Java,JavaScript,101,483,0.9987486095661846
spring-projects/spring-security-oauth,fastify/fastify,Java,JavaScript,101,279,0.9987244897959183
spring-projects/spring-security-oauth,mozilla/pdf.js,Java,JavaScript,101,543,0.9973086124401914
spring-projects/spring-security-oauth,sveltejs/svelte,Java,JavaScript,101,1107,0.9984433374844334
spring-projects/spring-security-oauth,vercel/next.js,Java,JavaScript,101,1258,0.9985797471950008
spring-projects/spring-security-oauth,apache/airflow,Java,Python,101,1648,0.9987833262801523
spring-projects/spring-security-oauth,ccxt/ccxt,Java,Python,101,693,0.9991091080599518
spring-projects/spring-security-oauth,localstack/localstack,Java,Python,101,472,0.9973502914679385
spring-projects/spring-security-oauth,posthog/posthog,Java,Python,101,403,0.9993057965984034
spring-projects/spring-security-oauth,ansible/ansible,Java,Python,101,768,0.9984270134228188
spring-projects/spring-security-oauth,langchain-ai/langchain,Java,Python,101,130,0.998380754105945
spring-projects/spring-security-oauth,odoo/odoo,Java,Python,101,115,0.997926323493535
spring-projects/spring-security-oauth,quarkusio/quarkus,Java,Java,101,950,0.9982536339822281
spring-projects/spring-security-oauth,hannah-sten/texify-idea,Java,Kotlin,101,53,0.9966523194643712
spring-projects/spring-security-oauth,horizontalsystems/unstoppable-wallet-android,Java,Kotlin,101,15,0.9981617647058824
spring-projects/spring-security-oauth,intellij-rust/intellij-rust,Java,Kotlin,101,233,0.998641304347826
spring-projects/spring-security-oauth,jwstegemann/fritz2,Java,Kotlin,101,12,0.9957142857142857
spring-projects/spring-security-oauth,square/anvil,Java,Kotlin,101,49,0.9974226804123711
spring-projects/spring-security-oauth,square/kotlinpoet,Java,Kotlin,101,24,0.9986013986013986
spring-projects/spring-security-oauth,square/leakcanary,Java,Kotlin,101,36,0.9973666886109283
spring-projects/spring-security-oauth,square/okhttp,Java,Kotlin,101,15,0.9930458970792768
spring-projects/spring-security-oauth,thundernest/k-9,Java,Kotlin,101,146,0.9961953075459734
spring-projects/spring-security-oauth,dmwm/wmcore,Java,Python,101,263,0.9965849115181621
spring-projects/spring-security-oauth,rucio/rucio,Java,Python,101,297,0.9957392415850022
spring-projects/spring-security-oauth,iterative/dvc,Java,Python,101,132,0.9958071278825996
spring-projects/spring-security-oauth,conda/conda,Java,Python,101,608,0.9968329374505146
spring-projects/spring-security-oauth,dagster-io/dagster,Java,Python,101,154,0.9991270187690965
spring-projects/spring-security-oauth,django/django,Java,Python,101,850,0.9974497927956647
spring-projects/spring-security-oauth,googleapis/google-cloud-python,Java,Python,101,911,0.9992274583379318
spring-projects/spring-security-oauth,huggingface/transformers,Java,Python,101,1049,0.9993757802746567
spring-projects/spring-security-oauth,pandas-dev/pandas,Java,Python,101,5016,0.9993938577586207
spring-projects/spring-security-oauth,qiskit/qiskit,Java,Python,101,1356,0.9987369750552574
spring-projects/spring-security-oauth,scipy/scipy,Java,Python,101,100,0.9980330448465775
spring-projects/spring-security-oauth,sympy/sympy,Java,Python,101,384,0.9989293361884368
spring-projects/spring-security-oauth,matplotlib/matplotlib,Java,Python,101,184,0.9968905472636815
spring-projects/spring-security-oauth,numpy/numpy,Java,Python,101,803,0.9980779311549887
spring-projects/spring-security-oauth,open-mmlab/mmdetection,Java,Python,101,103,0.9981350242446848
spring-projects/spring-security-oauth,pantsbuild/pants,Java,Python,101,734,0.9991012245815077
spring-projects/spring-security-oauth,pypa/pip,Java,Python,101,684,0.9972239358420728
spring-projects/spring-security-oauth,ray-project/ray,Java,Python,101,340,0.9980091883614088
spring-projects/spring-security-oauth,scikit-learn/scikit-learn,Java,Python,101,228,0.9979381443298969
spring-projects/spring-security-oauth,wagtail/wagtail,Java,Python,101,407,0.9978533685601056
spring-projects/spring-security-oauth,ytdl-org/youtube-dl,Java,Python,101,309,0.9972645564673701
spring-projects/spring-security-oauth,celery/celery,Java,Python,101,245,0.9965337954939342
spring-projects/spring-security-oauth,conan-io/conan,Java,Python,101,858,0.9985225313962078
spring-projects/spring-security-oauth,docker/compose,Java,Python,101,583,0.9944095038434662
spring-projects/spring-security-oauth,google/jax,Java,Python,101,568,0.9973082099596231
spring-projects/spring-security-oauth,ipython/ipython,Java,Python,101,843,0.9971780400205233
spring-projects/spring-security-oauth,jupyterlab/jupyterlab,Java,Python,101,200,0.9985169205878387
spring-projects/spring-security-oauth,lightning-ai/lightning,Java,Python,101,374,0.9974025974025974
spring-projects/spring-security-oauth,mesonbuild/meson,Java,Python,101,945,0.9984195077895688
spring-projects/spring-security-oauth,prefecthq/prefect,Java,Python,101,406,0.9970071081182192
spring-projects/spring-security-oauth,pyca/cryptography,Java,Python,101,337,0.9974608548455354
spring-projects/spring-security-oauth,pydata/xarray,Java,Python,101,122,0.9965729952021933
spring-projects/spring-security-oauth,pytest-dev/pytest,Java,Python,101,118,0.9963680387409201
spring-projects/spring-security-oauth,sphinx-doc/sphinx,Java,Python,101,186,0.9960822722820764
spring-projects/spring-security-oauth,eclipse-aspectj/aspectj,Java,Java,101,269,0.9966749792186201
spring-projects/spring-security-oauth,eclipse-birt/birt,Java,Java,101,3498,0.9983624454148472
spring-projects/spring-security-oauth,eclipse-jdt/eclipse.jdt.ui,Java,Java,101,2543,0.9985552612569227
spring-projects/spring-security-oauth,eclipse-platform/eclipse.platform.swt,Java,Java,101,90,0.9966120835686053
spring-projects/spring-security-oauth,eclipse-platform/eclipse.platform.ui,Java,Java,101,2063,0.9973643410852713
spring-projects/spring-security-oauth,apache/tomcat,Java,Java,101,51,0.993517017828201
spring-projects/spring-webflow,spring-projects/spring-ws,Java,Java,134,174,0.9895384615384616
spring-projects/spring-webflow,bitcoin/bitcoin,Java,C++,134,563,0.9950918964076859
spring-projects/spring-webflow,clickhouse/clickhouse,Java,C++,134,1541,0.9983796540913734
spring-projects/spring-webflow,electron/electron,Java,C++,134,1451,0.9975965665236052
spring-projects/spring-webflow,godotengine/godot,Java,C++,134,1486,0.9966815425105847
spring-projects/spring-webflow,protocolbuffers/protobuf,Java,C++,134,229,0.9976431443227506
spring-projects/spring-webflow,dagger/dagger,Java,Go,134,399,0.9956131188635889
spring-projects/spring-webflow,nats-io/nats-server,Java,Go,134,298,0.9984563136770608
spring-projects/spring-webflow,nektos/act,Java,Go,134,166,0.9972375690607734
spring-projects/spring-webflow,elastic/elasticsearch,Java,Java,134,970,0.9978261713442801
spring-projects/spring-webflow,apache/dolphinscheduler,Java,Java,134,1369,0.9918343875790684
spring-projects/spring-webflow,apache/dubbo,Java,Java,134,379,0.994515767169388
spring-projects/spring-webflow,liquibase/liquibase,Java,Java,134,241,0.9934282584884995
spring-projects/spring-webflow,openrefine/openrefine,Java,Java,134,620,0.9833675096832991
spring-projects/spring-webflow,seleniumhq/selenium,Java,Java,134,134,0.9874680306905371
spring-projects/spring-webflow,axios/axios,Java,JavaScript,134,113,0.9985521235521235
spring-projects/spring-webflow,facebook/react,Java,JavaScript,134,483,0.9963064458477302
spring-projects/spring-webflow,fastify/fastify,Java,JavaScript,134,279,1.0
spring-projects/spring-webflow,mozilla/pdf.js,Java,JavaScript,134,543,0.9878987898789879
spring-projects/spring-webflow,sveltejs/svelte,Java,JavaScript,134,1107,0.9954098360655738
spring-projects/spring-webflow,vercel/next.js,Java,JavaScript,134,1258,0.9975790093568017
spring-projects/spring-webflow,apache/airflow,Java,Python,134,1648,0.9975629165423257
spring-projects/spring-webflow,ccxt/ccxt,Java,Python,134,693,0.9989154013015185
spring-projects/spring-webflow,localstack/localstack,Java,Python,134,472,0.9959807073954984
spring-projects/spring-webflow,posthog/posthog,Java,Python,134,403,0.9948923463774949
spring-projects/spring-webflow,ansible/ansible,Java,Python,134,768,0.9973924380704041
spring-projects/spring-webflow,langchain-ai/langchain,Java,Python,134,130,0.9972850678733032
spring-projects/spring-webflow,odoo/odoo,Java,Python,134,115,0.9861702127659574
spring-projects/spring-webflow,quarkusio/quarkus,Java,Java,134,950,0.9967102080309628
spring-projects/spring-webflow,hannah-sten/texify-idea,Java,Kotlin,134,53,0.9899756986634265
spring-projects/spring-webflow,horizontalsystems/unstoppable-wallet-android,Java,Kotlin,134,15,0.9785932721712538
spring-projects/spring-webflow,intellij-rust/intellij-rust,Java,Kotlin,134,233,0.9959052875200285
spring-projects/spring-webflow,jwstegemann/fritz2,Java,Kotlin,134,12,0.9915878023133544
spring-projects/spring-webflow,square/anvil,Java,Kotlin,134,49,0.9954476479514416
spring-projects/spring-webflow,square/kotlinpoet,Java,Kotlin,134,24,0.9963484611371936
spring-projects/spring-webflow,square/leakcanary,Java,Kotlin,134,36,0.9937522969496508
spring-projects/spring-webflow,square/okhttp,Java,Kotlin,134,15,0.9973958333333334
spring-projects/spring-webflow,thundernest/k-9,Java,Kotlin,134,146,0.9781910009182736
spring-projects/spring-webflow,dmwm/wmcore,Java,Python,134,263,0.9916327453640886
spring-projects/spring-webflow,rucio/rucio,Java,Python,134,297,0.9966178128523112
spring-projects/spring-webflow,iterative/dvc,Java,Python,134,132,0.996580547112462
spring-projects/spring-webflow,conda/conda,Java,Python,134,608,0.9973168768446472
spring-projects/spring-webflow,dagster-io/dagster,Java,Python,134,154,0.9962863463969659
spring-projects/spring-webflow,django/django,Java,Python,134,850,0.9945150501672241
spring-projects/spring-webflow,googleapis/google-cloud-python,Java,Python,134,911,0.99766127460534
spring-projects/spring-webflow,huggingface/transformers,Java,Python,134,1049,0.9986127809118653
spring-projects/spring-webflow,pandas-dev/pandas,Java,Python,134,5016,0.9972583961617546
spring-projects/spring-webflow,qiskit/qiskit,Java,Python,134,1356,0.9965494359654944
spring-projects/spring-webflow,scipy/scipy,Java,Python,134,100,0.9962606837606838
spring-projects/spring-webflow,sympy/sympy,Java,Python,134,384,0.9979564032697548
spring-projects/spring-webflow,matplotlib/matplotlib,Java,Python,134,184,0.9880009055920308
spring-projects/spring-webflow,numpy/numpy,Java,Python,134,803,0.9969675090252708
spring-projects/spring-webflow,open-mmlab/mmdetection,Java,Python,134,103,0.9966520731393252
spring-projects/spring-webflow,pantsbuild/pants,Java,Python,134,734,0.9986141358146902
spring-projects/spring-webflow,pypa/pip,Java,Python,134,684,0.9981994148098132
spring-projects/spring-webflow,ray-project/ray,Java,Python,134,340,0.9944379769758117
spring-projects/spring-webflow,scikit-learn/scikit-learn,Java,Python,134,228,0.993920233463035
spring-projects/spring-webflow,wagtail/wagtail,Java,Python,134,407,0.9936612925451288
spring-projects/spring-webflow,ytdl-org/youtube-dl,Java,Python,134,309,0.9989361702127659
spring-projects/spring-webflow,celery/celery,Java,Python,134,245,0.9971501852379595
spring-projects/spring-webflow,conan-io/conan,Java,Python,134,858,0.9975299258977769
spring-projects/spring-webflow,docker/compose,Java,Python,134,583,0.9958222559817699
spring-projects/spring-webflow,google/jax,Java,Python,134,568,0.9987797437461867
spring-projects/spring-webflow,ipython/ipython,Java,Python,134,843,0.9925490196078431
spring-projects/spring-webflow,jupyterlab/jupyterlab,Java,Python,134,200,0.9941988629771435
spring-projects/spring-webflow,lightning-ai/lightning,Java,Python,134,374,0.9945634793732011
spring-projects/spring-webflow,mesonbuild/meson,Java,Python,134,945,0.996093056295507
spring-projects/spring-webflow,prefecthq/prefect,Java,Python,134,406,0.9938048528652556
spring-projects/spring-webflow,pyca/cryptography,Java,Python,134,337,0.995230078563412
spring-projects/spring-webflow,pydata/xarray,Java,Python,134,122,0.9962420142803458
spring-projects/spring-webflow,pytest-dev/pytest,Java,Python,134,118,0.9964949176305643
spring-projects/spring-webflow,sphinx-doc/sphinx,Java,Python,134,186,0.9944495837187789
spring-projects/spring-webflow,eclipse-aspectj/aspectj,Java,Java,134,269,0.9842028684265226
spring-projects/spring-webflow,eclipse-birt/birt,Java,Java,134,3498,0.9921420091582339
spring-projects/spring-webflow,eclipse-jdt/eclipse.jdt.ui,Java,Java,134,2543,0.9916912074042912
spring-projects/spring-webflow,eclipse-platform/eclipse.platform.swt,Java,Java,134,90,0.9899091826437941
spring-projects/spring-webflow,eclipse-platform/eclipse.platform.ui,Java,Java,134,2063,0.9797438578149503
spring-projects/spring-webflow,apache/tomcat,Java,Java,134,51,0.9901477832512315
spring-projects/spring-ws,bitcoin/bitcoin,Java,C++,174,563,0.9981860862142552
spring-projects/spring-ws,clickhouse/clickhouse,Java,C++,174,1541,0.9988291644491751
spring-projects/spring-ws,electron/electron,Java,C++,174,1451,0.9986021317490826
spring-projects/spring-ws,godotengine/godot,Java,C++,174,1486,0.9978910369068541
spring-projects/spring-ws,protocolbuffers/protobuf,Java,C++,174,229,0.997717220716222
spring-projects/spring-ws,dagger/dagger,Java,Go,174,399,0.9960724416321187
spring-projects/spring-ws,nats-io/nats-server,Java,Go,174,298,0.9990115321252059
spring-projects/spring-ws,nektos/act,Java,Go,174,166,0.9989837398373984
spring-projects/spring-ws,elastic/elasticsearch,Java,Java,174,970,0.9976523066087569
spring-projects/spring-ws,apache/dolphinscheduler,Java,Java,174,1369,0.9967023907666942
spring-projects/spring-ws,apache/dubbo,Java,Java,174,379,0.9946284691136974
spring-projects/spring-ws,liquibase/liquibase,Java,Java,174,241,0.9959396751740139
spring-projects/spring-ws,openrefine/openrefine,Java,Java,174,620,0.9918757467144564
spring-projects/spring-ws,seleniumhq/selenium,Java,Java,174,134,0.9959296218487395
spring-projects/spring-ws,axios/axios,Java,JavaScript,174,113,1.0
spring-projects/spring-ws,facebook/react,Java,JavaScript,174,483,0.9981682745145928
spring-projects/spring-ws,fastify/fastify,Java,JavaScript,174,279,1.0
spring-projects/spring-ws,mozilla/pdf.js,Java,JavaScript,174,543,0.9965445749827229
spring-projects/spring-ws,sveltejs/svelte,Java,JavaScript,174,1107,0.9978439563401159
spring-projects/spring-ws,vercel/next.js,Java,JavaScript,174,1258,0.9989389216791564
spring-projects/spring-ws,apache/airflow,Java,Python,174,1648,0.9981408903627776
spring-projects/spring-ws,ccxt/ccxt,Java,Python,174,693,0.9990537848605577
spring-projects/spring-ws,localstack/localstack,Java,Python,174,472,0.9960184409052808
spring-projects/spring-ws,posthog/posthog,Java,Python,174,403,0.998722248842038
spring-projects/spring-ws,ansible/ansible,Java,Python,174,768,0.9978165938864629
spring-projects/spring-ws,langchain-ai/langchain,Java,Python,174,130,0.9973689156173652
spring-projects/spring-ws,odoo/odoo,Java,Python,174,115,0.9980426272292301
spring-projects/spring-ws,quarkusio/quarkus,Java,Java,174,950,0.9976057852047298
spring-projects/spring-ws,hannah-sten/texify-idea,Java,Kotlin,174,53,0.9951424870466321
spring-projects/spring-ws,horizontalsystems/unstoppable-wallet-android,Java,Kotlin,174,15,0.9947242206235012
spring-projects/spring-ws,intellij-rust/intellij-rust,Java,Kotlin,174,233,0.9972288934047663
spring-projects/spring-ws,jwstegemann/fritz2,Java,Kotlin,174,12,0.9946996466431095
spring-projects/spring-ws,square/anvil,Java,Kotlin,174,49,0.9954878736604625
spring-projects/spring-ws,square/kotlinpoet,Java,Kotlin,174,24,0.9935785172212492
spring-projects/spring-ws,square/leakcanary,Java,Kotlin,174,36,0.9956297179181566
spring-projects/spring-ws,square/okhttp,Java,Kotlin,174,15,0.9947552447552448
spring-projects/spring-ws,thundernest/k-9,Java,Kotlin,174,146,0.9947013487475915
spring-projects/spring-ws,dmwm/wmcore,Java,Python,174,263,0.9964438122332859
spring-projects/spring-ws,rucio/rucio,Java,Python,174,297,0.9952153110047847
spring-projects/spring-ws,iterative/dvc,Java,Python,174,132,0.9979406919275123
spring-projects/spring-ws,conda/conda,Java,Python,174,608,0.9946068691456146
spring-projects/spring-ws,dagster-io/dagster,Java,Python,174,154,0.9984741407002891
spring-projects/spring-ws,django/django,Java,Python,174,850,0.9979370100398844
spring-projects/spring-ws,googleapis/google-cloud-python,Java,Python,174,911,0.9982103797971764
spring-projects/spring-ws,huggingface/transformers,Java,Python,174,1049,0.9988688849090395
spring-projects/spring-ws,pandas-dev/pandas,Java,Python,174,5016,0.9990533291259073
spring-projects/spring-ws,qiskit/qiskit,Java,Python,174,1356,0.9974082662665393
spring-projects/spring-ws,scipy/scipy,Java,Python,174,100,0.9949152542372881
spring-projects/spring-ws,sympy/sympy,Java,Python,174,384,0.9985885673959068
spring-projects/spring-ws,matplotlib/matplotlib,Java,Python,174,184,0.9959648706384999
spring-projects/spring-ws,numpy/numpy,Java,Python,174,803,0.997768189257551
spring-projects/spring-ws,open-mmlab/mmdetection,Java,Python,174,103,0.9970100570807284
spring-projects/spring-ws,pantsbuild/pants,Java,Python,174,734,0.998686603354213
spring-projects/spring-ws,pypa/pip,Java,Python,174,684,0.9976409530549658
spring-projects/spring-ws,ray-project/ray,Java,Python,174,340,0.9965457685664939
spring-projects/spring-ws,scikit-learn/scikit-learn,Java,Python,174,228,0.9966734902763562
spring-projects/spring-ws,wagtail/wagtail,Java,Python,174,407,0.9980150290656459
spring-projects/spring-ws,ytdl-org/youtube-dl,Java,Python,174,309,0.999437570303712
spring-projects/spring-ws,celery/celery,Java,Python,174,245,0.9969742813918305
spring-projects/spring-ws,conan-io/conan,Java,Python,174,858,0.9988139948606444
spring-projects/spring-ws,docker/compose,Java,Python,174,583,0.9987649238369699
spring-projects/spring-ws,google/jax,Java,Python,174,568,0.9985147464460005
spring-projects/spring-ws,ipython/ipython,Java,Python,174,843,0.997140522875817
spring-projects/spring-ws,jupyterlab/jupyterlab,Java,Python,174,200,0.9983363042186572
spring-projects/spring-ws,lightning-ai/lightning,Java,Python,174,374,0.9958946288060212
spring-projects/spring-ws,mesonbuild/meson,Java,Python,174,945,0.9968675142804496
spring-projects/spring-ws,prefecthq/prefect,Java,Python,174,406,0.9964577656675749
spring-projects/spring-ws,pyca/cryptography,Java,Python,174,337,0.9952380952380953
spring-projects/spring-ws,pydata/xarray,Java,Python,174,122,0.9971509971509972
spring-projects/spring-ws,pytest-dev/pytest,Java,Python,174,118,0.9977349943374858
spring-projects/spring-ws,sphinx-doc/sphinx,Java,Python,174,186,0.9960513326752222
spring-projects/spring-ws,eclipse-aspectj/aspectj,Java,Java,174,269,0.9950075971347949
spring-projects/spring-ws,eclipse-birt/birt,Java,Java,174,3498,0.9971975979410924
spring-projects/spring-ws,eclipse-jdt/eclipse.jdt.ui,Java,Java,174,2543,0.9980653482373173
spring-projects/spring-ws,eclipse-platform/eclipse.platform.swt,Java,Java,174,90,0.9945828819068255
spring-projects/spring-ws,eclipse-platform/eclipse.platform.ui,Java,Java,174,2063,0.9966433941997852
spring-projects/spring-ws,apache/tomcat,Java,Java,174,51,0.985663082437276
bitcoin/bitcoin,clickhouse/clickhouse,C++,C++,563,1541,0.9918864097363083
bitcoin/bitcoin,electron/electron,C++,C++,563,1451,0.9929097968600529
bitcoin/bitcoin,godotengine/godot,C++,C++,563,1486,0.9930686406460296
bitcoin/bitcoin,protocolbuffers/protobuf,C++,C++,563,229,0.9926503674816259
bitcoin/bitcoin,dagger/dagger,C++,Go,563,399,0.9935826916024936
bitcoin/bitcoin,nats-io/nats-server,C++,Go,563,298,0.9956196581196581
bitcoin/bitcoin,nektos/act,C++,Go,563,166,0.9945737368865308
bitcoin/bitcoin,elastic/elasticsearch,C++,Java,563,970,0.9974593814691676
bitcoin/bitcoin,apache/dolphinscheduler,C++,Java,563,1369,0.9957478401727862
bitcoin/bitcoin,apache/dubbo,C++,Java,563,379,0.9975254524886877
bitcoin/bitcoin,liquibase/liquibase,C++,Java,563,241,0.9972372864013097
bitcoin/bitcoin,openrefine/openrefine,C++,Java,563,620,0.9941960038058991
bitcoin/bitcoin,seleniumhq/selenium,C++,Java,563,134,0.9927551825550535
bitcoin/bitcoin,axios/axios,C++,JavaScript,563,113,0.9975588917368485
bitcoin/bitcoin,facebook/react,C++,JavaScript,563,483,0.9953151911815363
bitcoin/bitcoin,fastify/fastify,C++,JavaScript,563,279,0.9980877390326209
bitcoin/bitcoin,mozilla/pdf.js,C++,JavaScript,563,543,0.9944684042752672
bitcoin/bitcoin,sveltejs/svelte,C++,JavaScript,563,1107,0.9957805907172996
bitcoin/bitcoin,vercel/next.js,C++,JavaScript,563,1258,0.9975705475612036
bitcoin/bitcoin,apache/airflow,C++,Python,563,1648,0.9957677202882526
bitcoin/bitcoin,ccxt/ccxt,C++,Python,563,693,0.9968945275516001
bitcoin/bitcoin,localstack/localstack,C++,Python,563,472,0.9947733621699558
bitcoin/bitcoin,posthog/posthog,C++,Python,563,403,0.996551175253356
bitcoin/bitcoin,ansible/ansible,C++,Python,563,768,0.9935346105937481
bitcoin/bitcoin,langchain-ai/langchain,C++,Python,563,130,0.9954490812296067
bitcoin/bitcoin,odoo/odoo,C++,Python,563,115,0.9945879775787643
bitcoin/bitcoin,quarkusio/quarkus,C++,Java,563,950,0.997275204359673
bitcoin/bitcoin,hannah-sten/texify-idea,C++,Kotlin,563,53,0.9927759481568044
bitcoin/bitcoin,horizontalsystems/unstoppable-wallet-android,C++,Kotlin,563,15,0.9935790725326992
bitcoin/bitcoin,intellij-rust/intellij-rust,C++,Kotlin,563,233,0.994377236326461
bitcoin/bitcoin,jwstegemann/fritz2,C++,Kotlin,563,12,0.9963853919980057
bitcoin/bitcoin,square/anvil,C++,Kotlin,563,49,0.9974067671029884
bitcoin/bitcoin,square/kotlinpoet,C++,Kotlin,563,24,0.9961433192336402
bitcoin/bitcoin,square/leakcanary,C++,Kotlin,563,36,0.9962678127120561
bitcoin/bitcoin,square/okhttp,C++,Kotlin,563,15,0.9968909339634374
bitcoin/bitcoin,thundernest/k-9,C++,Kotlin,563,146,0.994177722630524
bitcoin/bitcoin,dmwm/wmcore,C++,Python,563,263,0.995352366499099
bitcoin/bitcoin,rucio/rucio,C++,Python,563,297,0.9949322577308926
bitcoin/bitcoin,iterative/dvc,C++,Python,563,132,0.9960013709585285
bitcoin/bitcoin,conda/conda,C++,Python,563,608,0.9927904142973193
bitcoin/bitcoin,dagster-io/dagster,C++,Python,563,154,0.9962720349363583
bitcoin/bitcoin,django/django,C++,Python,563,850,0.9952927331568108
bitcoin/bitcoin,googleapis/google-cloud-python,C++,Python,563,911,0.9965207837392419
bitcoin/bitcoin,huggingface/transformers,C++,Python,563,1049,0.9973426243061296
bitcoin/bitcoin,pandas-dev/pandas,C++,Python,563,5016,0.9927379341452414
bitcoin/bitcoin,qiskit/qiskit,C++,Python,563,1356,0.9944346807264206
bitcoin/bitcoin,scipy/scipy,C++,Python,563,100,0.993613786112519
bitcoin/bitcoin,sympy/sympy,C++,Python,563,384,0.9956641374134912
bitcoin/bitcoin,matplotlib/matplotlib,C++,Python,563,184,0.9919347186640098
bitcoin/bitcoin,numpy/numpy,C++,Python,563,803,0.9921048597271194
bitcoin/bitcoin,open-mmlab/mmdetection,C++,Python,563,103,0.9971011595361855
bitcoin/bitcoin,pantsbuild/pants,C++,Python,563,734,0.9948838069407631
bitcoin/bitcoin,pypa/pip,C++,Python,563,684,0.9932790609617569
bitcoin/bitcoin,ray-project/ray,C++,Python,563,340,0.9915541759907601
bitcoin/bitcoin,scikit-learn/scikit-learn,C++,Python,563,228,0.9937457246164371
bitcoin/bitcoin,wagtail/wagtail,C++,Python,563,407,0.9954402750784871
bitcoin/bitcoin,ytdl-org/youtube-dl,C++,Python,563,309,0.9971665654725764
bitcoin/bitcoin,celery/celery,C++,Python,563,245,0.9959501557632399
bitcoin/bitcoin,conan-io/conan,C++,Python,563,858,0.9972768798313423
bitcoin/bitcoin,docker/compose,C++,Python,563,583,0.9968014621887137
bitcoin/bitcoin,google/jax,C++,Python,563,568,0.9980068853053089
bitcoin/bitcoin,ipython/ipython,C++,Python,563,843,0.9922466803315213
bitcoin/bitcoin,jupyterlab/jupyterlab,C++,Python,563,200,0.9955902306648575
bitcoin/bitcoin,lightning-ai/lightning,C++,Python,563,374,0.995674740484429
bitcoin/bitcoin,mesonbuild/meson,C++,Python,563,945,0.9907249829816202
bitcoin/bitcoin,prefecthq/prefect,C++,Python,563,406,0.9942977190876351
bitcoin/bitcoin,pyca/cryptography,C++,Python,563,337,0.991636551368095
bitcoin/bitcoin,pydata/xarray,C++,Python,563,122,0.9961284445456616
bitcoin/bitcoin,pytest-dev/pytest,C++,Python,563,118,0.996768442166258
bitcoin/bitcoin,sphinx-doc/sphinx,C++,Python,563,186,0.9943400256300726
bitcoin/bitcoin,eclipse-aspectj/aspectj,C++,Java,563,269,0.9967069154774972
bitcoin/bitcoin,eclipse-birt/birt,C++,Java,563,3498,0.9979841249842509
bitcoin/bitcoin,eclipse-jdt/eclipse.jdt.ui,C++,Java,563,2543,0.9984004094951693
bitcoin/bitcoin,eclipse-platform/eclipse.platform.swt,C++,Java,563,90,0.9978007477457664
bitcoin/bitcoin,eclipse-platform/eclipse.platform.ui,C++,Java,563,2063,0.9978218253103899
bitcoin/bitcoin,apache/tomcat,C++,Java,563,51,0.9974290054925792
clickhouse/clickhouse,electron/electron,C++,C++,1541,1451,0.9976493098264316
clickhouse/clickhouse,godotengine/godot,C++,C++,1541,1486,0.9910316564708678
clickhouse/clickhouse,protocolbuffers/protobuf,C++,C++,1541,229,0.995645141221849
clickhouse/clickhouse,dagger/dagger,C++,Go,1541,399,0.9949195881838369
clickhouse/clickhouse,nats-io/nats-server,C++,Go,1541,298,0.9969830340029815
clickhouse/clickhouse,nektos/act,C++,Go,1541,166,0.9967536060796104
clickhouse/clickhouse,elastic/elasticsearch,C++,Java,1541,970,0.9955223291778444
clickhouse/clickhouse,apache/dolphinscheduler,C++,Java,1541,1369,0.9954504906333631
clickhouse/clickhouse,apache/dubbo,C++,Java,1541,379,0.9980884762424904
clickhouse/clickhouse,liquibase/liquibase,C++,Java,1541,241,0.9978311820058068
clickhouse/clickhouse,openrefine/openrefine,C++,Java,1541,620,0.9961806029191106
clickhouse/clickhouse,seleniumhq/selenium,C++,Java,1541,134,0.9945657151579912
clickhouse/clickhouse,axios/axios,C++,JavaScript,1541,113,0.9988521069391987
clickhouse/clickhouse,facebook/react,C++,JavaScript,1541,483,0.9969095055208833
clickhouse/clickhouse,fastify/fastify,C++,JavaScript,1541,279,0.9986283569159689
clickhouse/clickhouse,mozilla/pdf.js,C++,JavaScript,1541,543,0.9968453188602442
clickhouse/clickhouse,sveltejs/svelte,C++,JavaScript,1541,1107,0.9960380835380835
clickhouse/clickhouse,vercel/next.js,C++,JavaScript,1541,1258,0.9967924809786662
clickhouse/clickhouse,apache/airflow,C++,Python,1541,1648,0.9933392539964476
clickhouse/clickhouse,ccxt/ccxt,C++,Python,1541,693,0.9979875270909815
clickhouse/clickhouse,localstack/localstack,C++,Python,1541,472,0.9950519875631039
clickhouse/clickhouse,posthog/posthog,C++,Python,1541,403,0.992113648433351
clickhouse/clickhouse,ansible/ansible,C++,Python,1541,768,0.9939728638708231
clickhouse/clickhouse,langchain-ai/langchain,C++,Python,1541,130,0.9955021504317279
clickhouse/clickhouse,odoo/odoo,C++,Python,1541,115,0.9946700064076426
clickhouse/clickhouse,quarkusio/quarkus,C++,Java,1541,950,0.9958995724153054
clickhouse/clickhouse,hannah-sten/texify-idea,C++,Kotlin,1541,53,0.9963864385163141
clickhouse/clickhouse,horizontalsystems/unstoppable-wallet-android,C++,Kotlin,1541,15,0.9982735821334117
clickhouse/clickhouse,intellij-rust/intellij-rust,C++,Kotlin,1541,233,0.9961704634721131
clickhouse/clickhouse,jwstegemann/fritz2,C++,Kotlin,1541,12,0.9985840444162909
clickhouse/clickhouse,square/anvil,C++,Kotlin,1541,49,0.9988480975029727
clickhouse/clickhouse,square/kotlinpoet,C++,Kotlin,1541,24,0.9987710412632206
clickhouse/clickhouse,square/leakcanary,C++,Kotlin,1541,36,0.9985175007231704
clickhouse/clickhouse,square/okhttp,C++,Kotlin,1541,15,0.9986222304971142
clickhouse/clickhouse,thundernest/k-9,C++,Kotlin,1541,146,0.998531922157733
clickhouse/clickhouse,dmwm/wmcore,C++,Python,1541,263,0.9969002282249548
clickhouse/clickhouse,rucio/rucio,C++,Python,1541,297,0.9964189165467121
clickhouse/clickhouse,iterative/dvc,C++,Python,1541,132,0.9958646207421917
clickhouse/clickhouse,conda/conda,C++,Python,1541,608,0.9951503733165864
clickhouse/clickhouse,dagster-io/dagster,C++,Python,1541,154,0.993588890957942
clickhouse/clickhouse,django/django,C++,Python,1541,850,0.9957112002468373
clickhouse/clickhouse,googleapis/google-cloud-python,C++,Python,1541,911,0.9971020257408302
clickhouse/clickhouse,huggingface/transformers,C++,Python,1541,1049,0.996950878370818
clickhouse/clickhouse,pandas-dev/pandas,C++,Python,1541,5016,0.9952420456763615
clickhouse/clickhouse,qiskit/qiskit,C++,Python,1541,1356,0.9961194949183863
clickhouse/clickhouse,scipy/scipy,C++,Python,1541,100,0.9971058963004289
clickhouse/clickhouse,sympy/sympy,C++,Python,1541,384,0.9975654883630344
clickhouse/clickhouse,matplotlib/matplotlib,C++,Python,1541,184,0.9966271463614064
clickhouse/clickhouse,numpy/numpy,C++,Python,1541,803,0.995448695815939
clickhouse/clickhouse,open-mmlab/mmdetection,C++,Python,1541,103,0.9984731764869179
clickhouse/clickhouse,pantsbuild/pants,C++,Python,1541,734,0.9960042241059451
clickhouse/clickhouse,pypa/pip,C++,Python,1541,684,0.9960174280073525
clickhouse/clickhouse,ray-project/ray,C++,Python,1541,340,0.9939386518092206
clickhouse/clickhouse,scikit-learn/scikit-learn,C++,Python,1541,228,0.9940441353668193
clickhouse/clickhouse,wagtail/wagtail,C++,Python,1541,407,0.995309393638171
clickhouse/clickhouse,ytdl-org/youtube-dl,C++,Python,1541,309,0.9984666318173898
clickhouse/clickhouse,celery/celery,C++,Python,1541,245,0.996660104064126
clickhouse/clickhouse,conan-io/conan,C++,Python,1541,858,0.9970195714806107
clickhouse/clickhouse,docker/compose,C++,Python,1541,583,0.9967715021583777
clickhouse/clickhouse,google/jax,C++,Python,1541,568,0.9984590647192818
clickhouse/clickhouse,ipython/ipython,C++,Python,1541,843,0.9959712326030499
clickhouse/clickhouse,jupyterlab/jupyterlab,C++,Python,1541,200,0.9950824069382768
clickhouse/clickhouse,lightning-ai/lightning,C++,Python,1541,374,0.9963651913619842
clickhouse/clickhouse,mesonbuild/meson,C++,Python,1541,945,0.9940454768526092
clickhouse/clickhouse,prefecthq/prefect,C++,Python,1541,406,0.9951404075115415
clickhouse/clickhouse,pyca/cryptography,C++,Python,1541,337,0.9951928137829398
clickhouse/clickhouse,pydata/xarray,C++,Python,1541,122,0.9964849978257718
clickhouse/clickhouse,pytest-dev/pytest,C++,Python,1541,118,0.9972290197207427
clickhouse/clickhouse,sphinx-doc/sphinx,C++,Python,1541,186,0.9962736886933068
clickhouse/clickhouse,eclipse-aspectj/aspectj,C++,Java,1541,269,0.9978147587829888
clickhouse/clickhouse,eclipse-birt/birt,C++,Java,1541,3498,0.996973536036036
clickhouse/clickhouse,eclipse-jdt/eclipse.jdt.ui,C++,Java,1541,2543,0.9987515243017246
clickhouse/clickhouse,eclipse-platform/eclipse.platform.swt,C++,Java,1541,90,0.9981366682194431
clickhouse/clickhouse,eclipse-platform/eclipse.platform.ui,C++,Java,1541,2063,0.9989566391505815
clickhouse/clickhouse,apache/tomcat,C++,Java,1541,51,0.9979539641943734
electron/electron,godotengine/godot,C++,C++,1451,1486,0.9950989075878358
electron/electron,protocolbuffers/protobuf,C++,C++,1451,229,0.9959763774417548
electron/electron,dagger/dagger,C++,Go,1451,399,0.9909111915581915
electron/electron,nats-io/nats-server,C++,Go,1451,298,0.9969392216878006
electron/electron,nektos/act,C++,Go,1451,166,0.9914158950617284
electron/electron,elastic/elasticsearch,C++,Java,1451,970,0.9973790381953648
electron/electron,apache/dolphinscheduler,C++,Java,1451,1369,0.995145343674146
electron/electron,apache/dubbo,C++,Java,1451,379,0.9988901905172946
electron/electron,liquibase/liquibase,C++,Java,1451,241,0.9977211343686698
electron/electron,openrefine/openrefine,C++,Java,1451,620,0.9929280889948351
electron/electron,seleniumhq/selenium,C++,Java,1451,134,0.9890734265734266
electron/electron,axios/axios,C++,JavaScript,1451,113,0.9955196259861693
electron/electron,facebook/react,C++,JavaScript,1451,483,0.989390560009645
electron/electron,fastify/fastify,C++,JavaScript,1451,279,0.9948928408572731
electron/electron,mozilla/pdf.js,C++,JavaScript,1451,543,0.9927007299270073
electron/electron,sveltejs/svelte,C++,JavaScript,1451,1107,0.9943745654509829
electron/electron,vercel/next.js,C++,JavaScript,1451,1258,0.9899058733336172
electron/electron,apache/airflow,C++,Python,1451,1648,0.9951945160948377
electron/electron,ccxt/ccxt,C++,Python,1451,693,0.9975420485269848
electron/electron,localstack/localstack,C++,Python,1451,472,0.9959003947767993
electron/electron,posthog/posthog,C++,Python,1451,403,0.994264136513551
electron/electron,ansible/ansible,C++,Python,1451,768,0.995193577351714
electron/electron,langchain-ai/langchain,C++,Python,1451,130,0.9956997084548105
electron/electron,odoo/odoo,C++,Python,1451,115,0.9953395851094061
electron/electron,quarkusio/quarkus,C++,Java,1451,950,0.9967782165869882
electron/electron,hannah-sten/texify-idea,C++,Kotlin,1451,53,0.9932103064066853
electron/electron,horizontalsystems/unstoppable-wallet-android,C++,Kotlin,1451,15,0.9973295183595613
electron/electron,intellij-rust/intellij-rust,C++,Kotlin,1451,233,0.9968869905161805
electron/electron,jwstegemann/fritz2,C++,Kotlin,1451,12,0.9962368785898198
electron/electron,square/anvil,C++,Kotlin,1451,49,0.9983289098594318
electron/electron,square/kotlinpoet,C++,Kotlin,1451,24,0.9977256995945812
electron/electron,square/leakcanary,C++,Kotlin,1451,36,0.9966107905102134
electron/electron,square/okhttp,C++,Kotlin,1451,15,0.9979240806642942
electron/electron,thundernest/k-9,C++,Kotlin,1451,146,0.9971317026531751
electron/electron,dmwm/wmcore,C++,Python,1451,263,0.9950863845300365
electron/electron,rucio/rucio,C++,Python,1451,297,0.9964237057220708
electron/electron,iterative/dvc,C++,Python,1451,132,0.9971370520871814
electron/electron,conda/conda,C++,Python,1451,608,0.9955548100310324
electron/electron,dagster-io/dagster,C++,Python,1451,154,0.9915595626318818
electron/electron,django/django,C++,Python,1451,850,0.9959798353646864
electron/electron,googleapis/google-cloud-python,C++,Python,1451,911,0.9973453245205331
electron/electron,huggingface/transformers,C++,Python,1451,1049,0.9969488137198169
electron/electron,pandas-dev/pandas,C++,Python,1451,5016,0.9976077541761188
electron/electron,qiskit/qiskit,C++,Python,1451,1356,0.9970122687686733
electron/electron,scipy/scipy,C++,Python,1451,100,0.9970686767169179
electron/electron,sympy/sympy,C++,Python,1451,384,0.9980807506397498
electron/electron,matplotlib/matplotlib,C++,Python,1451,184,0.9961944026004915
electron/electron,numpy/numpy,C++,Python,1451,803,0.9944444444444445
electron/electron,open-mmlab/mmdetection,C++,Python,1451,103,0.9971024091398295
electron/electron,pantsbuild/pants,C++,Python,1451,734,0.9940430648158268
electron/electron,pypa/pip,C++,Python,1451,684,0.9959648706384999
electron/electron,ray-project/ray,C++,Python,1451,340,0.9954165881835876
electron/electron,scikit-learn/scikit-learn,C++,Python,1451,228,0.9967500812479688
electron/electron,wagtail/wagtail,C++,Python,1451,407,0.9944994499449945
electron/electron,ytdl-org/youtube-dl,C++,Python,1451,309,0.9988290398126464
electron/electron,celery/celery,C++,Python,1451,245,0.997351559162751
electron/electron,conan-io/conan,C++,Python,1451,858,0.9971764006538861
electron/electron,docker/compose,C++,Python,1451,583,0.9978758773550055
electron/electron,google/jax,C++,Python,1451,568,0.9976359338061466
electron/electron,ipython/ipython,C++,Python,1451,843,0.9947348627303497
electron/electron,jupyterlab/jupyterlab,C++,Python,1451,200,0.9916141310812419
electron/electron,lightning-ai/lightning,C++,Python,1451,374,0.9963790514881216
electron/electron,mesonbuild/meson,C++,Python,1451,945,0.9932012151019818
electron/electron,prefecthq/prefect,C++,Python,1451,406,0.9938690969345485
electron/electron,pyca/cryptography,C++,Python,1451,337,0.9946428571428572
electron/electron,pydata/xarray,C++,Python,1451,122,0.9968683798471033
electron/electron,pytest-dev/pytest,C++,Python,1451,118,0.997827857724681
electron/electron,sphinx-doc/sphinx,C++,Python,1451,186,0.996153509922196
electron/electron,eclipse-aspectj/aspectj,C++,Java,1451,269,0.9976933722897124
electron/electron,eclipse-birt/birt,C++,Java,1451,3498,0.998841027622175
electron/electron,eclipse-jdt/eclipse.jdt.ui,C++,Java,1451,2543,0.9985878099757103
electron/electron,eclipse-platform/eclipse.platform.swt,C++,Java,1451,90,0.9982091690544412
electron/electron,eclipse-platform/eclipse.platform.ui,C++,Java,1451,2063,0.9978546188793539
electron/electron,apache/tomcat,C++,Java,1451,51,0.9980246449064057
godotengine/godot,protocolbuffers/protobuf,C++,C++,1486,229,0.9947991678668587
godotengine/godot,dagger/dagger,C++,Go,1486,399,0.9956310197597061
godotengine/godot,nats-io/nats-server,C++,Go,1486,298,0.9970667605303297
godotengine/godot,nektos/act,C++,Go,1486,166,0.9945010729613734
godotengine/godot,elastic/elasticsearch,C++,Java,1486,970,0.9970366552857051
godotengine/godot,apache/dolphinscheduler,C++,Java,1486,1369,0.9955647757350311
godotengine/godot,apache/dubbo,C++,Java,1486,379,0.9968437664387164
godotengine/godot,liquibase/liquibase,C++,Java,1486,241,0.9973142345568488
godotengine/godot,openrefine/openrefine,C++,Java,1486,620,0.9944180277031218
godotengine/godot,seleniumhq/selenium,C++,Java,1486,134,0.9931318681318682
godotengine/godot,axios/axios,C++,JavaScript,1486,113,0.9979608482871125
godotengine/godot,facebook/react,C++,JavaScript,1486,483,0.9975142564702442
godotengine/godot,fastify/fastify,C++,JavaScript,1486,279,0.998882542835858
godotengine/godot,mozilla/pdf.js,C++,JavaScript,1486,543,0.9949130125139892
godotengine/godot,sveltejs/svelte,C++,JavaScript,1486,1107,0.9953524399690162
godotengine/godot,vercel/next.js,C++,JavaScript,1486,1258,0.9968395974133321
godotengine/godot,apache/airflow,C++,Python,1486,1648,0.9972823946435605
godotengine/godot,ccxt/ccxt,C++,Python,1486,693,0.9979270963704631
godotengine/godot,localstack/localstack,C++,Python,1486,472,0.9941520467836257
godotengine/godot,posthog/posthog,C++,Python,1486,403,0.9959466962798446
godotengine/godot,ansible/ansible,C++,Python,1486,768,0.9947572088378479
godotengine/godot,langchain-ai/langchain,C++,Python,1486,130,0.9966694421315571
godotengine/godot,odoo/odoo,C++,Python,1486,115,0.9948923998910378
godotengine/godot,quarkusio/quarkus,C++,Java,1486,950,0.997303024465421
godotengine/godot,hannah-sten/texify-idea,C++,Kotlin,1486,53,0.9900897749795966
godotengine/godot,horizontalsystems/unstoppable-wallet-android,C++,Kotlin,1486,15,0.995907050435701
godotengine/godot,intellij-rust/intellij-rust,C++,Kotlin,1486,233,0.9916529077233535
godotengine/godot,jwstegemann/fritz2,C++,Kotlin,1486,12,0.995825215697189
godotengine/godot,square/anvil,C++,Kotlin,1486,49,0.9977964467704173
godotengine/godot,square/kotlinpoet,C++,Kotlin,1486,24,0.9980558255797806
godotengine/godot,square/leakcanary,C++,Kotlin,1486,36,0.995627732667083
godotengine/godot,square/okhttp,C++,Kotlin,1486,15,0.9973625763464742
godotengine/godot,thundernest/k-9,C++,Kotlin,1486,146,0.9934647302904565
godotengine/godot,dmwm/wmcore,C++,Python,1486,263,0.997218502111878
godotengine/godot,rucio/rucio,C++,Python,1486,297,0.9973958333333334
godotengine/godot,iterative/dvc,C++,Python,1486,132,0.9972208185952501
godotengine/godot,conda/conda,C++,Python,1486,608,0.9943402508045722
godotengine/godot,dagster-io/dagster,C++,Python,1486,154,0.9945373467112597
godotengine/godot,django/django,C++,Python,1486,850,0.9955329153605016
godotengine/godot,googleapis/google-cloud-python,C++,Python,1486,911,0.9974269908658175
godotengine/godot,huggingface/transformers,C++,Python,1486,1049,0.9973909802459933
godotengine/godot,pandas-dev/pandas,C++,Python,1486,5016,0.9962499414053344
godotengine/godot,qiskit/qiskit,C++,Python,1486,1356,0.9968016225914658
godotengine/godot,scipy/scipy,C++,Python,1486,100,0.9941293752769162
godotengine/godot,sympy/sympy,C++,Python,1486,384,0.9963248476156329
godotengine/godot,matplotlib/matplotlib,C++,Python,1486,184,0.9913419913419913
godotengine/godot,numpy/numpy,C++,Python,1486,803,0.9947579654353346
godotengine/godot,open-mmlab/mmdetection,C++,Python,1486,103,0.9969455656157958
godotengine/godot,pantsbuild/pants,C++,Python,1486,734,0.9948008058750893
godotengine/godot,pypa/pip,C++,Python,1486,684,0.9956821219286522
godotengine/godot,ray-project/ray,C++,Python,1486,340,0.9931622618315918
godotengine/godot,scikit-learn/scikit-learn,C++,Python,1486,228,0.9941464452958706
godotengine/godot,wagtail/wagtail,C++,Python,1486,407,0.996092815564947
godotengine/godot,ytdl-org/youtube-dl,C++,Python,1486,309,0.9982310668877833
godotengine/godot,celery/celery,C++,Python,1486,245,0.9967019219833959
godotengine/godot,conan-io/conan,C++,Python,1486,858,0.9963970797383143
godotengine/godot,docker/compose,C++,Python,1486,583,0.9992421371731717
godotengine/godot,google/jax,C++,Python,1486,568,0.9978433486913048
godotengine/godot,ipython/ipython,C++,Python,1486,843,0.9962442218798151
godotengine/godot,jupyterlab/jupyterlab,C++,Python,1486,200,0.9957563115874272
godotengine/godot,lightning-ai/lightning,C++,Python,1486,374,0.996671026037332
godotengine/godot,mesonbuild/meson,C++,Python,1486,945,0.9923957856161246
godotengine/godot,prefecthq/prefect,C++,Python,1486,406,0.9970520799213888
godotengine/godot,pyca/cryptography,C++,Python,1486,337,0.9944620253164557
godotengine/godot,pydata/xarray,C++,Python,1486,122,0.9968533668974198
godotengine/godot,pytest-dev/pytest,C++,Python,1486,118,0.9971737527648071
godotengine/godot,sphinx-doc/sphinx,C++,Python,1486,186,0.9937851782363978
godotengine/godot,eclipse-aspectj/aspectj,C++,Java,1486,269,0.9968301139177811
godotengine/godot,eclipse-birt/birt,C++,Java,1486,3498,0.9984765386959171
godotengine/godot,eclipse-jdt/eclipse.jdt.ui,C++,Java,1486,2543,0.997836668469443
godotengine/godot,eclipse-platform/eclipse.platform.swt,C++,Java,1486,90,0.9955189536151144
godotengine/godot,eclipse-platform/eclipse.platform.ui,C++,Java,1486,2063,0.9978354978354979
godotengine/godot,apache/tomcat,C++,Java,1486,51,0.9957253886010363
protocolbuffers/protobuf,dagger/dagger,C++,Go,229,399,0.9952024338871986
protocolbuffers/protobuf,nats-io/nats-server,C++,Go,229,298,0.9982852243498143
protocolbuffers/protobuf,nektos/act,C++,Go,229,166,0.996122070477154
protocolbuffers/protobuf,elastic/elasticsearch,C++,Java,229,970,0.9975609756097561
protocolbuffers/protobuf,apache/dolphinscheduler,C++,Java,229,1369,0.9978320218403726
protocolbuffers/protobuf,apache/dubbo,C++,Java,229,379,0.9962654897300968
protocolbuffers/protobuf,liquibase/liquibase,C++,Java,229,241,0.9978410470921603
protocolbuffers/protobuf,openrefine/openrefine,C++,Java,229,620,0.9957044673539519
protocolbuffers/protobuf,seleniumhq/selenium,C++,Java,229,134,0.9907591329130322
protocolbuffers/protobuf,axios/axios,C++,JavaScript,229,113,0.9987993138936535
protocolbuffers/protobuf,facebook/react,C++,JavaScript,229,483,0.9979427254772877
protocolbuffers/protobuf,fastify/fastify,C++,JavaScript,229,279,0.9986213235294118
protocolbuffers/protobuf,mozilla/pdf.js,C++,JavaScript,229,543,0.9975915221579962
protocolbuffers/protobuf,sveltejs/svelte,C++,JavaScript,229,1107,0.997364722417428
protocolbuffers/protobuf,vercel/next.js,C++,JavaScript,229,1258,0.9978993803171936
protocolbuffers/protobuf,apache/airflow,C++,Python,229,1648,0.9966895742541066
protocolbuffers/protobuf,ccxt/ccxt,C++,Python,229,693,0.9980034938857
protocolbuffers/protobuf,localstack/localstack,C++,Python,229,472,0.9977103606182026
protocolbuffers/protobuf,posthog/posthog,C++,Python,229,403,0.9976340694006309
protocolbuffers/protobuf,ansible/ansible,C++,Python,229,768,0.9966887417218543
protocolbuffers/protobuf,langchain-ai/langchain,C++,Python,229,130,0.9967682861144027
protocolbuffers/protobuf,odoo/odoo,C++,Python,229,115,0.9961240310077519
protocolbuffers/protobuf,quarkusio/quarkus,C++,Java,229,950,0.9972982930124032
protocolbuffers/protobuf,hannah-sten/texify-idea,C++,Kotlin,229,53,0.9947525173734222
protocolbuffers/protobuf,horizontalsystems/unstoppable-wallet-android,C++,Kotlin,229,15,0.9965277777777778
protocolbuffers/protobuf,intellij-rust/intellij-rust,C++,Kotlin,229,233,0.9964803754266212
protocolbuffers/protobuf,jwstegemann/fritz2,C++,Kotlin,229,12,0.9950538774068186
protocolbuffers/protobuf,square/anvil,C++,Kotlin,229,49,0.9965132496513249
protocolbuffers/protobuf,square/kotlinpoet,C++,Kotlin,229,24,0.9959478505990134
protocolbuffers/protobuf,square/leakcanary,C++,Kotlin,229,36,0.9949074074074075
protocolbuffers/protobuf,square/okhttp,C++,Kotlin,229,15,0.9940130304631097
protocolbuffers/protobuf,thundernest/k-9,C++,Kotlin,229,146,0.9964259304905102
protocolbuffers/protobuf,dmwm/wmcore,C++,Python,229,263,0.9971886077496639
protocolbuffers/protobuf,rucio/rucio,C++,Python,229,297,0.9971260435199124
protocolbuffers/protobuf,iterative/dvc,C++,Python,229,132,0.997027069316226
protocolbuffers/protobuf,conda/conda,C++,Python,229,608,0.9929201175527652
protocolbuffers/protobuf,dagster-io/dagster,C++,Python,229,154,0.9969540054827901
protocolbuffers/protobuf,django/django,C++,Python,229,850,0.997240519850454
protocolbuffers/protobuf,googleapis/google-cloud-python,C++,Python,229,911,0.9942942728763997
protocolbuffers/protobuf,huggingface/transformers,C++,Python,229,1049,0.9987647543233599
protocolbuffers/protobuf,pandas-dev/pandas,C++,Python,229,5016,0.9943962035541195
protocolbuffers/protobuf,qiskit/qiskit,C++,Python,229,1356,0.9972551797414556
protocolbuffers/protobuf,scipy/scipy,C++,Python,229,100,0.995868319338931
protocolbuffers/protobuf,sympy/sympy,C++,Python,229,384,0.9981310351988371
protocolbuffers/protobuf,matplotlib/matplotlib,C++,Python,229,184,0.9963307240704501
protocolbuffers/protobuf,numpy/numpy,C++,Python,229,803,0.9949452401010952
protocolbuffers/protobuf,open-mmlab/mmdetection,C++,Python,229,103,0.9981680188432348
protocolbuffers/protobuf,pantsbuild/pants,C++,Python,229,734,0.990693312170839
protocolbuffers/protobuf,pypa/pip,C++,Python,229,684,0.9951231406973908
protocolbuffers/protobuf,ray-project/ray,C++,Python,229,340,0.992254134029591
protocolbuffers/protobuf,scikit-learn/scikit-learn,C++,Python,229,228,0.9966967348494473
protocolbuffers/protobuf,wagtail/wagtail,C++,Python,229,407,0.9977305737109659
protocolbuffers/protobuf,ytdl-org/youtube-dl,C++,Python,229,309,0.9980050538635457
protocolbuffers/protobuf,celery/celery,C++,Python,229,245,0.9976609796367639
protocolbuffers/protobuf,conan-io/conan,C++,Python,229,858,0.997117836160071
protocolbuffers/protobuf,docker/compose,C++,Python,229,583,0.9985917696761071
protocolbuffers/protobuf,google/jax,C++,Python,229,568,0.9974642692485016
protocolbuffers/protobuf,ipython/ipython,C++,Python,229,843,0.9967261232783924
protocolbuffers/protobuf,jupyterlab/jupyterlab,C++,Python,229,200,0.9979801244243355
protocolbuffers/protobuf,lightning-ai/lightning,C++,Python,229,374,0.9956433343014812
protocolbuffers/protobuf,mesonbuild/meson,C++,Python,229,945,0.992437959314091
protocolbuffers/protobuf,prefecthq/prefect,C++,Python,229,406,0.9975108083322416
protocolbuffers/protobuf,pyca/cryptography,C++,Python,229,337,0.9960398743684282
protocolbuffers/protobuf,pydata/xarray,C++,Python,229,122,0.996417445482866
protocolbuffers/protobuf,pytest-dev/pytest,C++,Python,229,118,0.9974289171203872
protocolbuffers/protobuf,sphinx-doc/sphinx,C++,Python,229,186,0.9958583261925165
protocolbuffers/protobuf,eclipse-aspectj/aspectj,C++,Java,229,269,0.997549305636597
protocolbuffers/protobuf,eclipse-birt/birt,C++,Java,229,3498,0.9979951510630362
protocolbuffers/protobuf,eclipse-jdt/eclipse.jdt.ui,C++,Java,229,2543,0.9983416252072969
protocolbuffers/protobuf,eclipse-platform/eclipse.platform.swt,C++,Java,229,90,0.9979200713118407
protocolbuffers/protobuf,eclipse-platform/eclipse.platform.ui,C++,Java,229,2063,0.9982473052317938
protocolbuffers/protobuf,apache/tomcat,C++,Java,229,51,0.996125282531482
dagger/dagger,nats-io/nats-server,Go,Go,399,298,0.990155327061912
dagger/dagger,nektos/act,Go,Go,399,166,0.9571917808219178
dagger/dagger,elastic/elasticsearch,Go,Java,399,970,0.9965675057208238
dagger/dagger,apache/dolphinscheduler,Go,Java,399,1369,0.99301884910741
dagger/dagger,apache/dubbo,Go,Java,399,379,0.9964724746125067
dagger/dagger,liquibase/liquibase,Go,Java,399,241,0.9943820224719101
dagger/dagger,openrefine/openrefine,Go,Java,399,620,0.9814750087382035
dagger/dagger,seleniumhq/selenium,Go,Java,399,134,0.986013986013986
dagger/dagger,axios/axios,Go,JavaScript,399,113,0.9914806110458284
dagger/dagger,facebook/react,Go,JavaScript,399,483,0.9866337651655357
dagger/dagger,fastify/fastify,Go,JavaScript,399,279,0.9943929790346172
dagger/dagger,mozilla/pdf.js,Go,JavaScript,399,543,0.9904713289093074
dagger/dagger,sveltejs/svelte,Go,JavaScript,399,1107,0.9898414824737665
dagger/dagger,vercel/next.js,Go,JavaScript,399,1258,0.9839903701474572
dagger/dagger,apache/airflow,Go,Python,399,1648,0.9905308331001026
dagger/dagger,ccxt/ccxt,Go,Python,399,693,0.994679866765359
dagger/dagger,localstack/localstack,Go,Python,399,472,0.9835129993658845
dagger/dagger,posthog/posthog,Go,Python,399,403,0.9857020913358941
dagger/dagger,ansible/ansible,Go,Python,399,768,0.992294946147473
dagger/dagger,langchain-ai/langchain,Go,Python,399,130,0.9803120898352049
dagger/dagger,odoo/odoo,Go,Python,399,115,0.9941297055534849
dagger/dagger,quarkusio/quarkus,Go,Java,399,950,0.9950915784211244
dagger/dagger,hannah-sten/texify-idea,Go,Kotlin,399,53,0.9805405405405405
dagger/dagger,horizontalsystems/unstoppable-wallet-android,Go,Kotlin,399,15,0.9906129210381005
dagger/dagger,intellij-rust/intellij-rust,Go,Kotlin,399,233,0.9919424460431655
dagger/dagger,jwstegemann/fritz2,Go,Kotlin,399,12,0.9919604205318491
dagger/dagger,square/anvil,Go,Kotlin,399,49,0.9921426412813539
dagger/dagger,square/kotlinpoet,Go,Kotlin,399,24,0.9941520467836257
dagger/dagger,square/leakcanary,Go,Kotlin,399,36,0.9911176905995559
dagger/dagger,square/okhttp,Go,Kotlin,399,15,0.9984624846248462
dagger/dagger,thundernest/k-9,Go,Kotlin,399,146,0.9920886075949367
dagger/dagger,dmwm/wmcore,Go,Python,399,263,0.993223284100782
dagger/dagger,rucio/rucio,Go,Python,399,297,0.9920081967213115
dagger/dagger,iterative/dvc,Go,Python,399,132,0.9873864783047427
dagger/dagger,conda/conda,Go,Python,399,608,0.9853726032812808
dagger/dagger,dagster-io/dagster,Go,Python,399,154,0.9822705175865027
dagger/dagger,django/django,Go,Python,399,850,0.9925068119891008
dagger/dagger,googleapis/google-cloud-python,Go,Python,399,911,0.994393651888908
dagger/dagger,huggingface/transformers,Go,Python,399,1049,0.9976123826774247
dagger/dagger,pandas-dev/pandas,Go,Python,399,5016,0.9948794660836545
dagger/dagger,qiskit/qiskit,Go,Python,399,1356,0.992218337656479
dagger/dagger,scipy/scipy,Go,Python,399,100,0.9936958234830575
dagger/dagger,sympy/sympy,Go,Python,399,384,0.9956968350916158
dagger/dagger,matplotlib/matplotlib,Go,Python,399,184,0.9895652173913043
dagger/dagger,numpy/numpy,Go,Python,399,803,0.9939445319123168
dagger/dagger,open-mmlab/mmdetection,Go,Python,399,103,0.9948226270373921
dagger/dagger,pantsbuild/pants,Go,Python,399,734,0.9869698294709226
dagger/dagger,pypa/pip,Go,Python,399,684,0.9889177489177489
dagger/dagger,ray-project/ray,Go,Python,399,340,0.9892983230361871
dagger/dagger,scikit-learn/scikit-learn,Go,Python,399,228,0.988243938280676
dagger/dagger,wagtail/wagtail,Go,Python,399,407,0.9859122132960764
dagger/dagger,ytdl-org/youtube-dl,Go,Python,399,309,0.9980365207147065
dagger/dagger,celery/celery,Go,Python,399,245,0.9919438132617228
dagger/dagger,conan-io/conan,Go,Python,399,858,0.9954510993176648
dagger/dagger,docker/compose,Go,Python,399,583,0.992938209331652
dagger/dagger,google/jax,Go,Python,399,568,0.9956793086893903
dagger/dagger,ipython/ipython,Go,Python,399,843,0.992226368159204
dagger/dagger,jupyterlab/jupyterlab,Go,Python,399,200,0.9857300773791579
dagger/dagger,lightning-ai/lightning,Go,Python,399,374,0.9867683337071093
dagger/dagger,mesonbuild/meson,Go,Python,399,945,0.9916702570731006
dagger/dagger,prefecthq/prefect,Go,Python,399,406,0.9798348377184559
dagger/dagger,pyca/cryptography,Go,Python,399,337,0.9869281045751634
dagger/dagger,pydata/xarray,Go,Python,399,122,0.9919859754570498
dagger/dagger,pytest-dev/pytest,Go,Python,399,118,0.9904443382704252
dagger/dagger,sphinx-doc/sphinx,Go,Python,399,186,0.986451048951049
dagger/dagger,eclipse-aspectj/aspectj,Go,Java,399,269,0.9959303272016929
dagger/dagger,eclipse-birt/birt,Go,Java,399,3498,0.9978446009883293
dagger/dagger,eclipse-jdt/eclipse.jdt.ui,Go,Java,399,2543,0.997970479704797
dagger/dagger,eclipse-platform/eclipse.platform.swt,Go,Java,399,90,0.9979094076655052
dagger/dagger,eclipse-platform/eclipse.platform.ui,Go,Java,399,2063,0.9973285841495992
dagger/dagger,apache/tomcat,Go,Java,399,51,0.9970806794055201
nats-io/nats-server,nektos/act,Go,Go,298,166,0.9775051124744376
nats-io/nats-server,elastic/elasticsearch,Go,Java,298,970,0.9960463477648164
nats-io/nats-server,apache/dolphinscheduler,Go,Java,298,1369,0.9970515390965916
nats-io/nats-server,apache/dubbo,Go,Java,298,379,0.998334827718714
nats-io/nats-server,liquibase/liquibase,Go,Java,298,241,0.9970896391152503
nats-io/nats-server,openrefine/openrefine,Go,Java,298,620,0.9971250598945856
nats-io/nats-server,seleniumhq/selenium,Go,Java,298,134,0.9968437664387164
nats-io/nats-server,axios/axios,Go,JavaScript,298,113,0.9935344827586207
nats-io/nats-server,facebook/react,Go,JavaScript,298,483,0.9986549278552214
nats-io/nats-server,fastify/fastify,Go,JavaScript,298,279,0.9976507439310884
nats-io/nats-server,mozilla/pdf.js,Go,JavaScript,298,543,0.9988449988449989
nats-io/nats-server,sveltejs/svelte,Go,JavaScript,298,1107,0.9994601889338731
nats-io/nats-server,vercel/next.js,Go,JavaScript,298,1258,0.9985398553129355
nats-io/nats-server,apache/airflow,Go,Python,298,1648,0.9980894922071393
nats-io/nats-server,ccxt/ccxt,Go,Python,298,693,0.9989037273270879
nats-io/nats-server,localstack/localstack,Go,Python,298,472,0.9966386554621849
nats-io/nats-server,posthog/posthog,Go,Python,298,403,0.9983213429256594
nats-io/nats-server,ansible/ansible,Go,Python,298,768,0.9935373503136286
nats-io/nats-server,langchain-ai/langchain,Go,Python,298,130,0.9977396873234131
nats-io/nats-server,odoo/odoo,Go,Python,298,115,0.9982578397212544
nats-io/nats-server,quarkusio/quarkus,Go,Java,298,950,0.9975067220728429
nats-io/nats-server,hannah-sten/texify-idea,Go,Kotlin,298,53,0.9977250568735782
nats-io/nats-server,horizontalsystems/unstoppable-wallet-android,Go,Kotlin,298,15,0.997589199614272
nats-io/nats-server,intellij-rust/intellij-rust,Go,Kotlin,298,233,0.9994446501295816
nats-io/nats-server,jwstegemann/fritz2,Go,Kotlin,298,12,0.9911032028469751
nats-io/nats-server,square/anvil,Go,Kotlin,298,49,0.9977285633162976
nats-io/nats-server,square/kotlinpoet,Go,Kotlin,298,24,0.9929453262786596
nats-io/nats-server,square/leakcanary,Go,Kotlin,298,36,0.9968063872255489
nats-io/nats-server,square/okhttp,Go,Kotlin,298,15,0.9947183098591549
nats-io/nats-server,thundernest/k-9,Go,Kotlin,298,146,0.9983091787439613
nats-io/nats-server,dmwm/wmcore,Go,Python,298,263,0.9995246018540528
nats-io/nats-server,rucio/rucio,Go,Python,298,297,0.9930972388955582
nats-io/nats-server,iterative/dvc,Go,Python,298,132,0.9950331125827815
nats-io/nats-server,conda/conda,Go,Python,298,608,0.9968669894616918
nats-io/nats-server,dagster-io/dagster,Go,Python,298,154,0.9968649517684888
nats-io/nats-server,django/django,Go,Python,298,850,0.9980716253443526
nats-io/nats-server,googleapis/google-cloud-python,Go,Python,298,911,0.9981086999800916
nats-io/nats-server,huggingface/transformers,Go,Python,298,1049,0.9989620683147764
nats-io/nats-server,pandas-dev/pandas,Go,Python,298,5016,0.9990526116339291
nats-io/nats-server,qiskit/qiskit,Go,Python,298,1356,0.9990435851892335
nats-io/nats-server,scipy/scipy,Go,Python,298,100,0.9991496598639455
nats-io/nats-server,sympy/sympy,Go,Python,298,384,0.9987623762376238
nats-io/nats-server,matplotlib/matplotlib,Go,Python,298,184,0.9973821989528796
nats-io/nats-server,numpy/numpy,Go,Python,298,803,0.9980623043672678
nats-io/nats-server,open-mmlab/mmdetection,Go,Python,298,103,0.9961821652577039
nats-io/nats-server,pantsbuild/pants,Go,Python,298,734,0.996864569636897
nats-io/nats-server,pypa/pip,Go,Python,298,684,0.9940856399337592
nats-io/nats-server,ray-project/ray,Go,Python,298,340,0.9962746141564662
nats-io/nats-server,scikit-learn/scikit-learn,Go,Python,298,228,0.99717659137577
nats-io/nats-server,wagtail/wagtail,Go,Python,298,407,0.9985797471950008
nats-io/nats-server,ytdl-org/youtube-dl,Go,Python,298,309,0.9988716502115655
nats-io/nats-server,celery/celery,Go,Python,298,245,0.9972669298511995
nats-io/nats-server,conan-io/conan,Go,Python,298,858,0.9978204874182682
nats-io/nats-server,docker/compose,Go,Python,298,583,0.9966901117087298
nats-io/nats-server,google/jax,Go,Python,298,568,0.998085513720485
nats-io/nats-server,ipython/ipython,Go,Python,298,843,0.9975429975429976
nats-io/nats-server,jupyterlab/jupyterlab,Go,Python,298,200,0.9982149232416994
nats-io/nats-server,lightning-ai/lightning,Go,Python,298,374,0.9955341806939196
nats-io/nats-server,mesonbuild/meson,Go,Python,298,945,0.9974145891043398
nats-io/nats-server,prefecthq/prefect,Go,Python,298,406,0.9969937141295436
nats-io/nats-server,pyca/cryptography,Go,Python,298,337,0.984468339307049
nats-io/nats-server,pydata/xarray,Go,Python,298,122,0.9971370143149284
nats-io/nats-server,pytest-dev/pytest,Go,Python,298,118,0.9969673995451099
nats-io/nats-server,sphinx-doc/sphinx,Go,Python,298,186,0.9963672391017173
nats-io/nats-server,eclipse-aspectj/aspectj,Go,Java,298,269,0.9984766050054407
nats-io/nats-server,eclipse-birt/birt,Go,Java,298,3498,0.9995994048300332
nats-io/nats-server,eclipse-jdt/eclipse.jdt.ui,Go,Java,298,2543,0.9997847610848042
nats-io/nats-server,eclipse-platform/eclipse.platform.swt,Go,Java,298,90,0.9996372869060574
nats-io/nats-server,eclipse-platform/eclipse.platform.ui,Go,Java,298,2063,0.9997310381925767
nats-io/nats-server,apache/tomcat,Go,Java,298,51,0.995945945945946
nektos/act,elastic/elasticsearch,Go,Java,166,970,0.9974263654561052
nektos/act,apache/dolphinscheduler,Go,Java,166,1369,0.9931192660550459
nektos/act,apache/dubbo,Go,Java,166,379,0.9980712166172107
nektos/act,liquibase/liquibase,Go,Java,166,241,0.9970451667370198
nektos/act,openrefine/openrefine,Go,Java,166,620,0.9855165754747345
nektos/act,seleniumhq/selenium,Go,Java,166,134,0.9914333792259447
nektos/act,axios/axios,Go,JavaScript,166,113,0.9543726235741445
nektos/act,facebook/react,Go,JavaScript,166,483,0.9917029953593025
nektos/act,fastify/fastify,Go,JavaScript,166,279,0.9865501008742434
nektos/act,mozilla/pdf.js,Go,JavaScript,166,543,0.9874310239117106
nektos/act,sveltejs/svelte,Go,JavaScript,166,1107,0.990540753586631
nektos/act,vercel/next.js,Go,JavaScript,166,1258,0.9926428571428572
nektos/act,apache/airflow,Go,Python,166,1648,0.9954311215002922
nektos/act,ccxt/ccxt,Go,Python,166,693,0.9962107257512762
nektos/act,localstack/localstack,Go,Python,166,472,0.9929596533983212
nektos/act,posthog/posthog,Go,Python,166,403,0.9934457747094293
nektos/act,ansible/ansible,Go,Python,166,768,0.9948175568482285
nektos/act,langchain-ai/langchain,Go,Python,166,130,0.9933993399339934
nektos/act,odoo/odoo,Go,Python,166,115,0.997536035481089
nektos/act,quarkusio/quarkus,Go,Java,166,950,0.997524241799051
nektos/act,hannah-sten/texify-idea,Go,Kotlin,166,53,0.9447761194029851
nektos/act,horizontalsystems/unstoppable-wallet-android,Go,Kotlin,166,15,0.9980139026812314
nektos/act,intellij-rust/intellij-rust,Go,Kotlin,166,233,0.9970011534025375
nektos/act,jwstegemann/fritz2,Go,Kotlin,166,12,0.9773828756058158
nektos/act,square/anvil,Go,Kotlin,166,49,0.9884726224783862
nektos/act,square/kotlinpoet,Go,Kotlin,166,24,0.9873817034700315
nektos/act,square/leakcanary,Go,Kotlin,166,36,0.9951321279554938
nektos/act,square/okhttp,Go,Kotlin,166,15,0.9905808477237049
nektos/act,thundernest/k-9,Go,Kotlin,166,146,0.9980475105759844
nektos/act,dmwm/wmcore,Go,Python,166,263,0.9964968152866241
nektos/act,rucio/rucio,Go,Python,166,297,0.9929359823399558
nektos/act,iterative/dvc,Go,Python,166,132,0.9881393624907339
nektos/act,conda/conda,Go,Python,166,608,0.9909983633387889
nektos/act,dagster-io/dagster,Go,Python,166,154,0.9938450716609514
nektos/act,django/django,Go,Python,166,850,0.9959631842402713
nektos/act,googleapis/google-cloud-python,Go,Python,166,911,0.9975498385120838
nektos/act,huggingface/transformers,Go,Python,166,1049,0.9977966635190432
nektos/act,pandas-dev/pandas,Go,Python,166,5016,0.998510090749018
nektos/act,qiskit/qiskit,Go,Python,166,1356,0.9979206653870761
nektos/act,scipy/scipy,Go,Python,166,100,0.9951239333604226
nektos/act,sympy/sympy,Go,Python,166,384,0.9962954892133362
nektos/act,matplotlib/matplotlib,Go,Python,166,184,0.9923444976076555
nektos/act,numpy/numpy,Go,Python,166,803,0.9964551577454803
nektos/act,open-mmlab/mmdetection,Go,Python,166,103,0.9946153846153846
nektos/act,pantsbuild/pants,Go,Python,166,734,0.9938775510204082
nektos/act,pypa/pip,Go,Python,166,684,0.9930379746835443
nektos/act,ray-project/ray,Go,Python,166,340,0.9934873623817646
nektos/act,scikit-learn/scikit-learn,Go,Python,166,228,0.9946977730646872
nektos/act,wagtail/wagtail,Go,Python,166,407,0.9939738868429863
nektos/act,ytdl-org/youtube-dl,Go,Python,166,309,0.9979822437449556
nektos/act,celery/celery,Go,Python,166,245,0.9941599281221922
nektos/act,conan-io/conan,Go,Python,166,858,0.9962311557788944
nektos/act,docker/compose,Go,Python,166,583,0.9851851851851852
nektos/act,google/jax,Go,Python,166,568,0.9958723170060539
nektos/act,ipython/ipython,Go,Python,166,843,0.9921404244170815
nektos/act,jupyterlab/jupyterlab,Go,Python,166,200,0.990185387131952
nektos/act,lightning-ai/lightning,Go,Python,166,374,0.9886117136659436
nektos/act,mesonbuild/meson,Go,Python,166,945,0.9937902483900644
nektos/act,prefecthq/prefect,Go,Python,166,406,0.9857253086419753
nektos/act,pyca/cryptography,Go,Python,166,337,0.9943007452871547
nektos/act,pydata/xarray,Go,Python,166,122,0.9963715529753265
nektos/act,pytest-dev/pytest,Go,Python,166,118,0.9898154042011458
nektos/act,sphinx-doc/sphinx,Go,Python,166,186,0.9892911779704232
nektos/act,eclipse-aspectj/aspectj,Go,Java,166,269,0.996031746031746
nektos/act,eclipse-birt/birt,Go,Java,166,3498,0.9985372097275553
nektos/act,eclipse-jdt/eclipse.jdt.ui,Go,Java,166,2543,0.9991489361702127
nektos/act,eclipse-platform/eclipse.platform.swt,Go,Java,166,90,0.9982248520710059
nektos/act,eclipse-platform/eclipse.platform.ui,Go,Java,166,2063,0.9987439158423614
nektos/act,apache/tomcat,Go,Java,166,51,0.997398091934085
elastic/elasticsearch,apache/dolphinscheduler,Java,Java,970,1369,0.991839236178311
elastic/elasticsearch,apache/dubbo,Java,Java,970,379,0.994757665677547
elastic/elasticsearch,liquibase/liquibase,Java,Java,970,241,0.9958395932046689
elastic/elasticsearch,openrefine/openrefine,Java,Java,970,620,0.9902232544201378
elastic/elasticsearch,seleniumhq/selenium,Java,Java,970,134,0.9933946294021974
elastic/elasticsearch,axios/axios,Java,JavaScript,970,113,0.9988104028222168
elastic/elasticsearch,facebook/react,Java,JavaScript,970,483,0.9967752442996742
elastic/elasticsearch,fastify/fastify,Java,JavaScript,970,279,0.9977667889615569
elastic/elasticsearch,mozilla/pdf.js,Java,JavaScript,970,543,0.9968717413972888
elastic/elasticsearch,sveltejs/svelte,Java,JavaScript,970,1107,0.9962247761592944
elastic/elasticsearch,vercel/next.js,Java,JavaScript,970,1258,0.9949986698590051
elastic/elasticsearch,apache/airflow,Java,Python,970,1648,0.9933037819485051
elastic/elasticsearch,ccxt/ccxt,Java,Python,970,693,0.998450340455506
elastic/elasticsearch,localstack/localstack,Java,Python,970,472,0.9961147967598871
elastic/elasticsearch,posthog/posthog,Java,Python,970,403,0.9950045672527974
elastic/elasticsearch,ansible/ansible,Java,Python,970,768,0.9952184965500545
elastic/elasticsearch,langchain-ai/langchain,Java,Python,970,130,0.9967661959685243
elastic/elasticsearch,odoo/odoo,Java,Python,970,115,0.9941336024727181
elastic/elasticsearch,quarkusio/quarkus,Java,Java,970,950,0.9864578728156921
elastic/elasticsearch,hannah-sten/texify-idea,Java,Kotlin,970,53,0.9952732528614399
elastic/elasticsearch,horizontalsystems/unstoppable-wallet-android,Java,Kotlin,970,15,0.9972759798341194
elastic/elasticsearch,intellij-rust/intellij-rust,Java,Kotlin,970,233,0.9977438762354963
elastic/elasticsearch,jwstegemann/fritz2,Java,Kotlin,970,12,0.9979759593539592
elastic/elasticsearch,square/anvil,Java,Kotlin,970,49,0.9972821610937243
elastic/elasticsearch,square/kotlinpoet,Java,Kotlin,970,24,0.9985138705416117
elastic/elasticsearch,square/leakcanary,Java,Kotlin,970,36,0.9962442064887326
elastic/elasticsearch,square/okhttp,Java,Kotlin,970,15,0.9967391753002848
elastic/elasticsearch,thundernest/k-9,Java,Kotlin,970,146,0.9956867451804066
elastic/elasticsearch,dmwm/wmcore,Java,Python,970,263,0.9974933592727001
elastic/elasticsearch,rucio/rucio,Java,Python,970,297,0.9967511119706053
elastic/elasticsearch,iterative/dvc,Java,Python,970,132,0.9986366734832992
elastic/elasticsearch,conda/conda,Java,Python,970,608,0.9980794345855419
elastic/elasticsearch,dagster-io/dagster,Java,Python,970,154,0.9922775505534422
elastic/elasticsearch,django/django,Java,Python,970,850,0.9972130817272178
elastic/elasticsearch,googleapis/google-cloud-python,Java,Python,970,911,0.9983112775952593
elastic/elasticsearch,huggingface/transformers,Java,Python,970,1049,0.9982789855072464
elastic/elasticsearch,pandas-dev/pandas,Java,Python,970,5016,0.996532485139222
elastic/elasticsearch,qiskit/qiskit,Java,Python,970,1356,0.9948059781515984
elastic/elasticsearch,scipy/scipy,Java,Python,970,100,0.9980806878814633
elastic/elasticsearch,sympy/sympy,Java,Python,970,384,0.9984385535327727
elastic/elasticsearch,matplotlib/matplotlib,Java,Python,970,184,0.9944619069001647
elastic/elasticsearch,numpy/numpy,Java,Python,970,803,0.9974342307823886
elastic/elasticsearch,open-mmlab/mmdetection,Java,Python,970,103,0.9989308896525392
elastic/elasticsearch,pantsbuild/pants,Java,Python,970,734,0.9963898916967509
elastic/elasticsearch,pypa/pip,Java,Python,970,684,0.9971214953271028
elastic/elasticsearch,ray-project/ray,Java,Python,970,340,0.9946734136760104
elastic/elasticsearch,scikit-learn/scikit-learn,Java,Python,970,228,0.9962148453764337
elastic/elasticsearch,wagtail/wagtail,Java,Python,970,407,0.9949600865918008
elastic/elasticsearch,ytdl-org/youtube-dl,Java,Python,970,309,0.9989258449380443
elastic/elasticsearch,celery/celery,Java,Python,970,245,0.9982956306166718
elastic/elasticsearch,conan-io/conan,Java,Python,970,858,0.998839275998404
elastic/elasticsearch,docker/compose,Java,Python,970,583,0.9985163799671197
elastic/elasticsearch,google/jax,Java,Python,970,568,0.9990082280340876
elastic/elasticsearch,ipython/ipython,Java,Python,970,843,0.9970444428227395
elastic/elasticsearch,jupyterlab/jupyterlab,Java,Python,970,200,0.9949555375909458
elastic/elasticsearch,lightning-ai/lightning,Java,Python,970,374,0.9986238892820634
elastic/elasticsearch,mesonbuild/meson,Java,Python,970,945,0.997637541611483
elastic/elasticsearch,prefecthq/prefect,Java,Python,970,406,0.9952637408807914
elastic/elasticsearch,pyca/cryptography,Java,Python,970,337,0.9957094816590004
elastic/elasticsearch,pydata/xarray,Java,Python,970,122,0.9983979493752002
elastic/elasticsearch,pytest-dev/pytest,Java,Python,970,118,0.998449920508744
elastic/elasticsearch,sphinx-doc/sphinx,Java,Python,970,186,0.9973385518590998
elastic/elasticsearch,eclipse-aspectj/aspectj,Java,Java,970,269,0.9960910130176642
elastic/elasticsearch,eclipse-birt/birt,Java,Java,970,3498,0.9953745374537454
elastic/elasticsearch,eclipse-jdt/eclipse.jdt.ui,Java,Java,970,2543,0.9982712013578927
elastic/elasticsearch,eclipse-platform/eclipse.platform.swt,Java,Java,970,90,0.9985758930337434
elastic/elasticsearch,eclipse-platform/eclipse.platform.ui,Java,Java,970,2063,0.9981641576821656
elastic/elasticsearch,apache/tomcat,Java,Java,970,51,0.9951499474577641
apache/dolphinscheduler,apache/dubbo,Java,Java,1369,379,0.9856744326321345
apache/dolphinscheduler,liquibase/liquibase,Java,Java,1369,241,0.9940395861448493
apache/dolphinscheduler,openrefine/openrefine,Java,Java,1369,620,0.9836967808930426
apache/dolphinscheduler,seleniumhq/selenium,Java,Java,1369,134,0.989509954058193
apache/dolphinscheduler,axios/axios,Java,JavaScript,1369,113,0.9950765864332604
apache/dolphinscheduler,facebook/react,Java,JavaScript,1369,483,0.9899515916092123
apache/dolphinscheduler,fastify/fastify,Java,JavaScript,1369,279,0.9955056179775281
apache/dolphinscheduler,mozilla/pdf.js,Java,JavaScript,1369,543,0.9914154317833419
apache/dolphinscheduler,sveltejs/svelte,Java,JavaScript,1369,1107,0.9902844706979637
apache/dolphinscheduler,vercel/next.js,Java,JavaScript,1369,1258,0.992203868830093
apache/dolphinscheduler,apache/airflow,Java,Python,1369,1648,0.9887950761461375
apache/dolphinscheduler,ccxt/ccxt,Java,Python,1369,693,0.9979627017708823
apache/dolphinscheduler,localstack/localstack,Java,Python,1369,472,0.9924628034455756
apache/dolphinscheduler,posthog/posthog,Java,Python,1369,403,0.9863631303573417
apache/dolphinscheduler,ansible/ansible,Java,Python,1369,768,0.9934910501940167
apache/dolphinscheduler,langchain-ai/langchain,Java,Python,1369,130,0.9920111472364143
apache/dolphinscheduler,odoo/odoo,Java,Python,1369,115,0.9846311475409836
apache/dolphinscheduler,quarkusio/quarkus,Java,Java,1369,950,0.9915479912006484
apache/dolphinscheduler,hannah-sten/texify-idea,Java,Kotlin,1369,53,0.9903902496191257
apache/dolphinscheduler,horizontalsystems/unstoppable-wallet-android,Java,Kotlin,1369,15,0.9912350597609562
apache/dolphinscheduler,intellij-rust/intellij-rust,Java,Kotlin,1369,233,0.996408178301713
apache/dolphinscheduler,jwstegemann/fritz2,Java,Kotlin,1369,12,0.9949593951274153
apache/dolphinscheduler,square/anvil,Java,Kotlin,1369,49,0.9979215740612443
apache/dolphinscheduler,square/kotlinpoet,Java,Kotlin,1369,24,0.9965069163057146
apache/dolphinscheduler,square/leakcanary,Java,Kotlin,1369,36,0.9956035673910313
apache/dolphinscheduler,square/okhttp,Java,Kotlin,1369,15,0.9976256983240224
apache/dolphinscheduler,thundernest/k-9,Java,Kotlin,1369,146,0.992080033347228
apache/dolphinscheduler,dmwm/wmcore,Java,Python,1369,263,0.9960674738693988
apache/dolphinscheduler,rucio/rucio,Java,Python,1369,297,0.9951069640418753
apache/dolphinscheduler,iterative/dvc,Java,Python,1369,132,0.994410569105691
apache/dolphinscheduler,conda/conda,Java,Python,1369,608,0.9940894390543102
apache/dolphinscheduler,dagster-io/dagster,Java,Python,1369,154,0.9868126955744301
apache/dolphinscheduler,django/django,Java,Python,1369,850,0.9944164831708084
apache/dolphinscheduler,googleapis/google-cloud-python,Java,Python,1369,911,0.9957424848406657
apache/dolphinscheduler,huggingface/transformers,Java,Python,1369,1049,0.9972592500311449
apache/dolphinscheduler,pandas-dev/pandas,Java,Python,1369,5016,0.9954436563483489
apache/dolphinscheduler,qiskit/qiskit,Java,Python,1369,1356,0.9894324853228963
apache/dolphinscheduler,scipy/scipy,Java,Python,1369,100,0.9982190560997328
apache/dolphinscheduler,sympy/sympy,Java,Python,1369,384,0.9975701943844493
apache/dolphinscheduler,matplotlib/matplotlib,Java,Python,1369,184,0.9819838475874922
apache/dolphinscheduler,numpy/numpy,Java,Python,1369,803,0.9948212083847102
apache/dolphinscheduler,open-mmlab/mmdetection,Java,Python,1369,103,0.9972596733530636
apache/dolphinscheduler,pantsbuild/pants,Java,Python,1369,734,0.9956983640748224
apache/dolphinscheduler,pypa/pip,Java,Python,1369,684,0.9948363110606218
apache/dolphinscheduler,ray-project/ray,Java,Python,1369,340,0.9909034844279988
apache/dolphinscheduler,scikit-learn/scikit-learn,Java,Python,1369,228,0.9926218990590248
apache/dolphinscheduler,wagtail/wagtail,Java,Python,1369,407,0.9861566776026246
apache/dolphinscheduler,ytdl-org/youtube-dl,Java,Python,1369,309,0.998555716031552
apache/dolphinscheduler,celery/celery,Java,Python,1369,245,0.995999542804892
apache/dolphinscheduler,conan-io/conan,Java,Python,1369,858,0.9961915643149576
apache/dolphinscheduler,docker/compose,Java,Python,1369,583,0.9965705576019307
apache/dolphinscheduler,google/jax,Java,Python,1369,568,0.9983262774441272
apache/dolphinscheduler,ipython/ipython,Java,Python,1369,843,0.9926499032882011
apache/dolphinscheduler,jupyterlab/jupyterlab,Java,Python,1369,200,0.9841258388051086
apache/dolphinscheduler,lightning-ai/lightning,Java,Python,1369,374,0.993426556710888
apache/dolphinscheduler,mesonbuild/meson,Java,Python,1369,945,0.9964124735534909
apache/dolphinscheduler,prefecthq/prefect,Java,Python,1369,406,0.9851892484914976
apache/dolphinscheduler,pyca/cryptography,Java,Python,1369,337,0.9937528396183553
apache/dolphinscheduler,pydata/xarray,Java,Python,1369,122,0.9958233135046197
apache/dolphinscheduler,pytest-dev/pytest,Java,Python,1369,118,0.9951816160118606
apache/dolphinscheduler,sphinx-doc/sphinx,Java,Python,1369,186,0.993988684582744
apache/dolphinscheduler,eclipse-aspectj/aspectj,Java,Java,1369,269,0.9921400855636255
apache/dolphinscheduler,eclipse-birt/birt,Java,Java,1369,3498,0.9923244657653729
apache/dolphinscheduler,eclipse-jdt/eclipse.jdt.ui,Java,Java,1369,2543,0.9960672633577434
apache/dolphinscheduler,eclipse-platform/eclipse.platform.swt,Java,Java,1369,90,0.996956045294046
apache/dolphinscheduler,eclipse-platform/eclipse.platform.ui,Java,Java,1369,2063,0.9962767607818802
apache/dolphinscheduler,apache/tomcat,Java,Java,1369,51,0.9934861907243356
apache/dubbo,liquibase/liquibase,Java,Java,379,241,0.9940389294403893
apache/dubbo,openrefine/openrefine,Java,Java,379,620,0.9928555481134181
apache/dubbo,seleniumhq/selenium,Java,Java,379,134,0.9957216661285114
apache/dubbo,axios/axios,Java,JavaScript,379,113,0.9993975903614458
apache/dubbo,facebook/react,Java,JavaScript,379,483,0.9985341768245641
apache/dubbo,fastify/fastify,Java,JavaScript,379,279,0.9991823385118561
apache/dubbo,mozilla/pdf.js,Java,JavaScript,379,543,0.9964885328651377
apache/dubbo,sveltejs/svelte,Java,JavaScript,379,1107,0.998523864195506
apache/dubbo,vercel/next.js,Java,JavaScript,379,1258,0.9987909928970833
apache/dubbo,apache/airflow,Java,Python,379,1648,0.9972845910675204
apache/dubbo,ccxt/ccxt,Java,Python,379,693,0.9986319008530501
apache/dubbo,localstack/localstack,Java,Python,379,472,0.9957041072925398
apache/dubbo,posthog/posthog,Java,Python,379,403,0.9978027061408581
apache/dubbo,ansible/ansible,Java,Python,379,768,0.9981053181758788
apache/dubbo,langchain-ai/langchain,Java,Python,379,130,0.9982165857525017
apache/dubbo,odoo/odoo,Java,Python,379,115,0.9969215349369989
apache/dubbo,quarkusio/quarkus,Java,Java,379,950,0.9916399223424066
apache/dubbo,hannah-sten/texify-idea,Java,Kotlin,379,53,0.9955476402493322
apache/dubbo,horizontalsystems/unstoppable-wallet-android,Java,Kotlin,379,15,0.9970836978710994
apache/dubbo,intellij-rust/intellij-rust,Java,Kotlin,379,233,0.9989200863930886
apache/dubbo,jwstegemann/fritz2,Java,Kotlin,379,12,0.9965996908809892
apache/dubbo,square/anvil,Java,Kotlin,379,49,0.9981665393430099
apache/dubbo,square/kotlinpoet,Java,Kotlin,379,24,0.9970701619121048
apache/dubbo,square/leakcanary,Java,Kotlin,379,36,0.9949238578680203
apache/dubbo,square/okhttp,Java,Kotlin,379,15,0.9963008631319359
apache/dubbo,thundernest/k-9,Java,Kotlin,379,146,0.9955177050649933
apache/dubbo,dmwm/wmcore,Java,Python,379,263,0.9971082193304416
apache/dubbo,rucio/rucio,Java,Python,379,297,0.997658945293248
apache/dubbo,iterative/dvc,Java,Python,379,132,0.99875
apache/dubbo,conda/conda,Java,Python,379,608,0.9978300180831826
apache/dubbo,dagster-io/dagster,Java,Python,379,154,0.9979679516953088
apache/dubbo,django/django,Java,Python,379,850,0.9975921620724012
apache/dubbo,googleapis/google-cloud-python,Java,Python,379,911,0.9977747808496291
apache/dubbo,huggingface/transformers,Java,Python,379,1049,0.9990898452736965
apache/dubbo,pandas-dev/pandas,Java,Python,379,5016,0.9987389047873114
apache/dubbo,qiskit/qiskit,Java,Python,379,1356,0.9987606378583822
apache/dubbo,scipy/scipy,Java,Python,379,100,0.9974735322425409
apache/dubbo,sympy/sympy,Java,Python,379,384,0.9992337164750957
apache/dubbo,matplotlib/matplotlib,Java,Python,379,184,0.9971066102826619
apache/dubbo,numpy/numpy,Java,Python,379,803,0.9987818672235274
apache/dubbo,open-mmlab/mmdetection,Java,Python,379,103,0.9991716956573187
apache/dubbo,pantsbuild/pants,Java,Python,379,734,0.9976825028968713
apache/dubbo,pypa/pip,Java,Python,379,684,0.9990012207302186
apache/dubbo,ray-project/ray,Java,Python,379,340,0.9961788617886179
apache/dubbo,scikit-learn/scikit-learn,Java,Python,379,228,0.9957373271889401
apache/dubbo,wagtail/wagtail,Java,Python,379,407,0.9970401691331924
apache/dubbo,ytdl-org/youtube-dl,Java,Python,379,309,0.9995197502701405
apache/dubbo,celery/celery,Java,Python,379,245,0.9983904915191284
apache/dubbo,conan-io/conan,Java,Python,379,858,0.9992879666361509
apache/dubbo,docker/compose,Java,Python,379,583,0.9987501735870018
apache/dubbo,google/jax,Java,Python,379,568,0.9990511333684765
apache/dubbo,ipython/ipython,Java,Python,379,843,0.9981381878361605
apache/dubbo,jupyterlab/jupyterlab,Java,Python,379,200,0.9977250322287101
apache/dubbo,lightning-ai/lightning,Java,Python,379,374,0.9979207277452892
apache/dubbo,mesonbuild/meson,Java,Python,379,945,0.9975487792920874
apache/dubbo,prefecthq/prefect,Java,Python,379,406,0.9976311737534052
apache/dubbo,pyca/cryptography,Java,Python,379,337,0.9986473192326611
apache/dubbo,pydata/xarray,Java,Python,379,122,0.998478351085904
apache/dubbo,pytest-dev/pytest,Java,Python,379,118,0.9982484505524117
apache/dubbo,sphinx-doc/sphinx,Java,Python,379,186,0.9976958525345622
apache/dubbo,eclipse-aspectj/aspectj,Java,Java,379,269,0.9956285318264207
apache/dubbo,eclipse-birt/birt,Java,Java,379,3498,0.9980681103423488
apache/dubbo,eclipse-jdt/eclipse.jdt.ui,Java,Java,379,2543,0.9980818414322251
apache/dubbo,eclipse-platform/eclipse.platform.swt,Java,Java,379,90,0.9970826150377934
apache/dubbo,eclipse-platform/eclipse.platform.ui,Java,Java,379,2063,0.9971358428805237
apache/dubbo,apache/tomcat,Java,Java,379,51,0.9862935465448315
liquibase/liquibase,openrefine/openrefine,Java,Java,241,620,0.986047525615871
liquibase/liquibase,seleniumhq/selenium,Java,Java,241,134,0.9948858675314955
liquibase/liquibase,axios/axios,Java,JavaScript,241,113,0.996914940502424
liquibase/liquibase,facebook/react,Java,JavaScript,241,483,0.9988359911535327
liquibase/liquibase,fastify/fastify,Java,JavaScript,241,279,0.9983147960903269
liquibase/liquibase,mozilla/pdf.js,Java,JavaScript,241,543,0.9970482816782626
liquibase/liquibase,sveltejs/svelte,Java,JavaScript,241,1107,0.9984660616131918
liquibase/liquibase,vercel/next.js,Java,JavaScript,241,1258,0.998062140688586
liquibase/liquibase,apache/airflow,Java,Python,241,1648,0.9970447717086145
liquibase/liquibase,ccxt/ccxt,Java,Python,241,693,0.9989258336995264
liquibase/liquibase,localstack/localstack,Java,Python,241,472,0.994200657258844
liquibase/liquibase,posthog/posthog,Java,Python,241,403,0.996904743480616
liquibase/liquibase,ansible/ansible,Java,Python,241,768,0.9957018747142204
liquibase/liquibase,langchain-ai/langchain,Java,Python,241,130,0.9963299545613422
liquibase/liquibase,odoo/odoo,Java,Python,241,115,0.9967698239033032
liquibase/liquibase,quarkusio/quarkus,Java,Java,241,950,0.9915181138585394
liquibase/liquibase,hannah-sten/texify-idea,Java,Kotlin,241,53,0.9965616045845272
liquibase/liquibase,horizontalsystems/unstoppable-wallet-android,Java,Kotlin,241,15,0.9967832730197025
liquibase/liquibase,intellij-rust/intellij-rust,Java,Kotlin,241,233,0.9963886500429923
liquibase/liquibase,jwstegemann/fritz2,Java,Kotlin,241,12,0.9890424011434016
liquibase/liquibase,square/anvil,Java,Kotlin,241,49,0.9954022988505747
liquibase/liquibase,square/kotlinpoet,Java,Kotlin,241,24,0.9929044465468306
liquibase/liquibase,square/leakcanary,Java,Kotlin,241,36,0.9976010966415353
liquibase/liquibase,square/okhttp,Java,Kotlin,241,15,0.9933899905571294
liquibase/liquibase,thundernest/k-9,Java,Kotlin,241,146,0.9962661981111355
liquibase/liquibase,dmwm/wmcore,Java,Python,241,263,0.9954545454545455
liquibase/liquibase,rucio/rucio,Java,Python,241,297,0.99572877736252
liquibase/liquibase,iterative/dvc,Java,Python,241,132,0.992226148409894
liquibase/liquibase,conda/conda,Java,Python,241,608,0.9943949044585987
liquibase/liquibase,dagster-io/dagster,Java,Python,241,154,0.9968881282091178
liquibase/liquibase,django/django,Java,Python,241,850,0.9951778965202659
liquibase/liquibase,googleapis/google-cloud-python,Java,Python,241,911,0.9976099426386233
liquibase/liquibase,huggingface/transformers,Java,Python,241,1049,0.998001998001998
liquibase/liquibase,pandas-dev/pandas,Java,Python,241,5016,0.998707453683757
liquibase/liquibase,qiskit/qiskit,Java,Python,241,1356,0.9976723134617872
liquibase/liquibase,scipy/scipy,Java,Python,241,100,0.9972088302461304
liquibase/liquibase,sympy/sympy,Java,Python,241,384,0.9988465974625144
liquibase/liquibase,matplotlib/matplotlib,Java,Python,241,184,0.9973997833152762
liquibase/liquibase,numpy/numpy,Java,Python,241,803,0.9980342600393148
liquibase/liquibase,open-mmlab/mmdetection,Java,Python,241,103,0.9970588235294118
liquibase/liquibase,pantsbuild/pants,Java,Python,241,734,0.9975728155339806
liquibase/liquibase,pypa/pip,Java,Python,241,684,0.9980607627666451
liquibase/liquibase,ray-project/ray,Java,Python,241,340,0.995964182116282
liquibase/liquibase,scikit-learn/scikit-learn,Java,Python,241,228,0.9974472035275006
liquibase/liquibase,wagtail/wagtail,Java,Python,241,407,0.9975855130784709
liquibase/liquibase,ytdl-org/youtube-dl,Java,Python,241,309,0.9982314300151591
liquibase/liquibase,celery/celery,Java,Python,241,245,0.9970326409495549
liquibase/liquibase,conan-io/conan,Java,Python,241,858,0.9985347985347985
liquibase/liquibase,docker/compose,Java,Python,241,583,0.9946996466431095
liquibase/liquibase,google/jax,Java,Python,241,568,0.9988267500977708
liquibase/liquibase,ipython/ipython,Java,Python,241,843,0.996790636209175
liquibase/liquibase,jupyterlab/jupyterlab,Java,Python,241,200,0.9978448275862069
liquibase/liquibase,lightning-ai/lightning,Java,Python,241,374,0.9945848375451264
liquibase/liquibase,mesonbuild/meson,Java,Python,241,945,0.9967398764584763
liquibase/liquibase,prefecthq/prefect,Java,Python,241,406,0.9950884086444007
liquibase/liquibase,pyca/cryptography,Java,Python,241,337,0.9962785752259437
liquibase/liquibase,pydata/xarray,Java,Python,241,122,0.9954513645906228
liquibase/liquibase,pytest-dev/pytest,Java,Python,241,118,0.9973779088823337
liquibase/liquibase,sphinx-doc/sphinx,Java,Python,241,186,0.995350188898576
liquibase/liquibase,eclipse-aspectj/aspectj,Java,Java,241,269,0.9950079872204473
liquibase/liquibase,eclipse-birt/birt,Java,Java,241,3498,0.9979873651255101
liquibase/liquibase,eclipse-jdt/eclipse.jdt.ui,Java,Java,241,2543,0.9979392065945389
liquibase/liquibase,eclipse-platform/eclipse.platform.swt,Java,Java,241,90,0.9974763406940063
liquibase/liquibase,eclipse-platform/eclipse.platform.ui,Java,Java,241,2063,0.997579309466174
liquibase/liquibase,apache/tomcat,Java,Java,241,51,0.9889859475883023
openrefine/openrefine,seleniumhq/selenium,Java,Java,620,134,0.9810394060536836
openrefine/openrefine,axios/axios,Java,JavaScript,620,113,0.9920159680638723
openrefine/openrefine,facebook/react,Java,JavaScript,620,483,0.9848842195540308
openrefine/openrefine,fastify/fastify,Java,JavaScript,620,279,0.9948704103671706
openrefine/openrefine,mozilla/pdf.js,Java,JavaScript,620,543,0.987043795620438
openrefine/openrefine,sveltejs/svelte,Java,JavaScript,620,1107,0.9894859813084113
openrefine/openrefine,vercel/next.js,Java,JavaScript,620,1258,0.9904427179676902
openrefine/openrefine,apache/airflow,Java,Python,620,1648,0.9915874524714829
openrefine/openrefine,ccxt/ccxt,Java,Python,620,693,0.9959939673861815
openrefine/openrefine,localstack/localstack,Java,Python,620,472,0.9935713077313484
openrefine/openrefine,posthog/posthog,Java,Python,620,403,0.9874816983894583
openrefine/openrefine,ansible/ansible,Java,Python,620,768,0.9945167923235092
openrefine/openrefine,langchain-ai/langchain,Java,Python,620,130,0.9891624090416473
openrefine/openrefine,odoo/odoo,Java,Python,620,115,0.982775304819044
openrefine/openrefine,quarkusio/quarkus,Java,Java,620,950,0.9909743115019671
openrefine/openrefine,hannah-sten/texify-idea,Java,Kotlin,620,53,0.9853323870357228
openrefine/openrefine,horizontalsystems/unstoppable-wallet-android,Java,Kotlin,620,15,0.9848014888337469
openrefine/openrefine,intellij-rust/intellij-rust,Java,Kotlin,620,233,0.99496336996337
openrefine/openrefine,jwstegemann/fritz2,Java,Kotlin,620,12,0.9873105393020797
openrefine/openrefine,square/anvil,Java,Kotlin,620,49,0.9917582417582418
openrefine/openrefine,square/kotlinpoet,Java,Kotlin,620,24,0.9947405329593267
openrefine/openrefine,square/leakcanary,Java,Kotlin,620,36,0.9920678336980306
openrefine/openrefine,square/okhttp,Java,Kotlin,620,15,0.9933450087565674
openrefine/openrefine,thundernest/k-9,Java,Kotlin,620,146,0.9880907372400756
openrefine/openrefine,dmwm/wmcore,Java,Python,620,263,0.98805301474706
openrefine/openrefine,rucio/rucio,Java,Python,620,297,0.9886236894936427
openrefine/openrefine,iterative/dvc,Java,Python,620,132,0.9966358284272497
openrefine/openrefine,conda/conda,Java,Python,620,608,0.9935649935649936
openrefine/openrefine,dagster-io/dagster,Java,Python,620,154,0.9903612684864984
openrefine/openrefine,django/django,Java,Python,620,850,0.9915576694411415
openrefine/openrefine,googleapis/google-cloud-python,Java,Python,620,911,0.9966955434491381
openrefine/openrefine,huggingface/transformers,Java,Python,620,1049,0.9971058903643173
openrefine/openrefine,pandas-dev/pandas,Java,Python,620,5016,0.9943476212906265
openrefine/openrefine,qiskit/qiskit,Java,Python,620,1356,0.9940968122786304
openrefine/openrefine,scipy/scipy,Java,Python,620,100,0.9910237230177388
openrefine/openrefine,sympy/sympy,Java,Python,620,384,0.9957396797414426
openrefine/openrefine,matplotlib/matplotlib,Java,Python,620,184,0.9818759342301944
openrefine/openrefine,numpy/numpy,Java,Python,620,803,0.9952920218857361
openrefine/openrefine,open-mmlab/mmdetection,Java,Python,620,103,0.9960564549605645
openrefine/openrefine,pantsbuild/pants,Java,Python,620,734,0.9953791791247621
openrefine/openrefine,pypa/pip,Java,Python,620,684,0.9944217181108219
openrefine/openrefine,ray-project/ray,Java,Python,620,340,0.9899607662127856
openrefine/openrefine,scikit-learn/scikit-learn,Java,Python,620,228,0.989894987121062
openrefine/openrefine,wagtail/wagtail,Java,Python,620,407,0.98486328125
openrefine/openrefine,ytdl-org/youtube-dl,Java,Python,620,309,0.9993610223642172
openrefine/openrefine,celery/celery,Java,Python,620,245,0.9941494149414941
openrefine/openrefine,conan-io/conan,Java,Python,620,858,0.9979022107471357
openrefine/openrefine,docker/compose,Java,Python,620,583,0.9960751331651247
openrefine/openrefine,google/jax,Java,Python,620,568,0.9977785372522214
openrefine/openrefine,ipython/ipython,Java,Python,620,843,0.9870732515744116
openrefine/openrefine,jupyterlab/jupyterlab,Java,Python,620,200,0.981890505600335
openrefine/openrefine,lightning-ai/lightning,Java,Python,620,374,0.9923682914820285
openrefine/openrefine,mesonbuild/meson,Java,Python,620,945,0.9943640517897944
openrefine/openrefine,prefecthq/prefect,Java,Python,620,406,0.9841962986067789
openrefine/openrefine,pyca/cryptography,Java,Python,620,337,0.995554567681707
openrefine/openrefine,pydata/xarray,Java,Python,620,122,0.9922135706340378
openrefine/openrefine,pytest-dev/pytest,Java,Python,620,118,0.9960401267159451
openrefine/openrefine,sphinx-doc/sphinx,Java,Python,620,186,0.9911440880804212
openrefine/openrefine,eclipse-aspectj/aspectj,Java,Java,620,269,0.9867711053089643
openrefine/openrefine,eclipse-birt/birt,Java,Java,620,3498,0.9932345360824743
openrefine/openrefine,eclipse-jdt/eclipse.jdt.ui,Java,Java,620,2543,0.9952116452786822
openrefine/openrefine,eclipse-platform/eclipse.platform.swt,Java,Java,620,90,0.9933452777066804
openrefine/openrefine,eclipse-platform/eclipse.platform.ui,Java,Java,620,2063,0.9938278793525096
openrefine/openrefine,apache/tomcat,Java,Java,620,51,0.9845697329376855
seleniumhq/selenium,axios/axios,Java,JavaScript,134,113,0.9942519807363679
seleniumhq/selenium,facebook/react,Java,JavaScript,134,483,0.9867544478407398
seleniumhq/selenium,fastify/fastify,Java,JavaScript,134,279,0.9964961457603364
seleniumhq/selenium,mozilla/pdf.js,Java,JavaScript,134,543,0.9828282828282828
seleniumhq/selenium,sveltejs/svelte,Java,JavaScript,134,1107,0.9884079726461513
seleniumhq/selenium,vercel/next.js,Java,JavaScript,134,1258,0.9901262214983714
seleniumhq/selenium,apache/airflow,Java,Python,134,1648,0.9888848024191901
seleniumhq/selenium,ccxt/ccxt,Java,Python,134,693,0.9961458882713294
seleniumhq/selenium,localstack/localstack,Java,Python,134,472,0.991007386789423
seleniumhq/selenium,posthog/posthog,Java,Python,134,403,0.9834415774384179
seleniumhq/selenium,ansible/ansible,Java,Python,134,768,0.9929815268489705
seleniumhq/selenium,langchain-ai/langchain,Java,Python,134,130,0.9902932254802831
seleniumhq/selenium,odoo/odoo,Java,Python,134,115,0.9803123864874682
seleniumhq/selenium,quarkusio/quarkus,Java,Java,134,950,0.9929301805400224
seleniumhq/selenium,hannah-sten/texify-idea,Java,Kotlin,134,53,0.9886393314181249
seleniumhq/selenium,horizontalsystems/unstoppable-wallet-android,Java,Kotlin,134,15,0.9912847483095417
seleniumhq/selenium,intellij-rust/intellij-rust,Java,Kotlin,134,233,0.9931884203145347
seleniumhq/selenium,jwstegemann/fritz2,Java,Kotlin,134,12,0.9945747566618797
seleniumhq/selenium,square/anvil,Java,Kotlin,134,49,0.9960580258593503
seleniumhq/selenium,square/kotlinpoet,Java,Kotlin,134,24,0.9934734161095192
seleniumhq/selenium,square/leakcanary,Java,Kotlin,134,36,0.9935083262771662
seleniumhq/selenium,square/okhttp,Java,Kotlin,134,15,0.9898170246618934
seleniumhq/selenium,thundernest/k-9,Java,Kotlin,134,146,0.9904827428047243
seleniumhq/selenium,dmwm/wmcore,Java,Python,134,263,0.9923759672280382
seleniumhq/selenium,rucio/rucio,Java,Python,134,297,0.9933021610008846
seleniumhq/selenium,iterative/dvc,Java,Python,134,132,0.993854509075318
seleniumhq/selenium,conda/conda,Java,Python,134,608,0.9894957983193278
seleniumhq/selenium,dagster-io/dagster,Java,Python,134,154,0.9841372422301863
seleniumhq/selenium,django/django,Java,Python,134,850,0.9892745545139768
seleniumhq/selenium,googleapis/google-cloud-python,Java,Python,134,911,0.9932316948109661
seleniumhq/selenium,huggingface/transformers,Java,Python,134,1049,0.9972330193029844
seleniumhq/selenium,pandas-dev/pandas,Java,Python,134,5016,0.9941706671891839
seleniumhq/selenium,qiskit/qiskit,Java,Python,134,1356,0.9909243697478992
seleniumhq/selenium,scipy/scipy,Java,Python,134,100,0.9953138488099642
seleniumhq/selenium,sympy/sympy,Java,Python,134,384,0.9964833447299013
seleniumhq/selenium,matplotlib/matplotlib,Java,Python,134,184,0.9847432540134351
seleniumhq/selenium,numpy/numpy,Java,Python,134,803,0.9924712134632419
seleniumhq/selenium,open-mmlab/mmdetection,Java,Python,134,103,0.996968962172648
seleniumhq/selenium,pantsbuild/pants,Java,Python,134,734,0.9863837434337849
seleniumhq/selenium,pypa/pip,Java,Python,134,684,0.9877384196185286
seleniumhq/selenium,ray-project/ray,Java,Python,134,340,0.9880135570802678
seleniumhq/selenium,scikit-learn/scikit-learn,Java,Python,134,228,0.9879674413117848
seleniumhq/selenium,wagtail/wagtail,Java,Python,134,407,0.9871794871794872
seleniumhq/selenium,ytdl-org/youtube-dl,Java,Python,134,309,0.9971695791287226
seleniumhq/selenium,celery/celery,Java,Python,134,245,0.9937769875539751
seleniumhq/selenium,conan-io/conan,Java,Python,134,858,0.9961570419609472
seleniumhq/selenium,docker/compose,Java,Python,134,583,0.9958559588453844
seleniumhq/selenium,google/jax,Java,Python,134,568,0.995582848524025
seleniumhq/selenium,ipython/ipython,Java,Python,134,843,0.9871104067617539
seleniumhq/selenium,jupyterlab/jupyterlab,Java,Python,134,200,0.9847504621072088
seleniumhq/selenium,lightning-ai/lightning,Java,Python,134,374,0.9922584089695675
seleniumhq/selenium,mesonbuild/meson,Java,Python,134,945,0.9920968387354941
seleniumhq/selenium,prefecthq/prefect,Java,Python,134,406,0.9826456310679612
seleniumhq/selenium,pyca/cryptography,Java,Python,134,337,0.9900365745995712
seleniumhq/selenium,pydata/xarray,Java,Python,134,122,0.9925989183034444
seleniumhq/selenium,pytest-dev/pytest,Java,Python,134,118,0.9941820196703145
seleniumhq/selenium,sphinx-doc/sphinx,Java,Python,134,186,0.9900118280983047
seleniumhq/selenium,eclipse-aspectj/aspectj,Java,Java,134,269,0.987794245858762
seleniumhq/selenium,eclipse-birt/birt,Java,Java,134,3498,0.9912038086601678
seleniumhq/selenium,eclipse-jdt/eclipse.jdt.ui,Java,Java,134,2543,0.9955308873351114
seleniumhq/selenium,eclipse-platform/eclipse.platform.swt,Java,Java,134,90,0.9931861542654674
seleniumhq/selenium,eclipse-platform/eclipse.platform.ui,Java,Java,134,2063,0.9935091953066489
seleniumhq/selenium,apache/tomcat,Java,Java,134,51,0.9911777679752978
axios/axios,facebook/react,JavaScript,JavaScript,113,483,0.9931536157466838
axios/axios,fastify/fastify,JavaScript,JavaScript,113,279,0.9891774891774892
axios/axios,mozilla/pdf.js,JavaScript,JavaScript,113,543,0.9946236559139785
axios/axios,sveltejs/svelte,JavaScript,JavaScript,113,1107,0.9948734380006409
axios/axios,vercel/next.js,JavaScript,JavaScript,113,1258,0.9951079136690647
axios/axios,apache/airflow,JavaScript,Python,113,1648,0.9983442824333707
axios/axios,ccxt/ccxt,JavaScript,Python,113,693,0.998518596899635
axios/axios,localstack/localstack,JavaScript,Python,113,472,0.9969384915112719
axios/axios,posthog/posthog,JavaScript,Python,113,403,0.9977078374327779
axios/axios,ansible/ansible,JavaScript,Python,113,768,0.9988241582041689
axios/axios,langchain-ai/langchain,JavaScript,Python,113,130,0.9966199903428296
axios/axios,odoo/odoo,JavaScript,Python,113,115,0.9983784458026693
axios/axios,quarkusio/quarkus,JavaScript,Java,113,950,0.9993259708612019
axios/axios,hannah-sten/texify-idea,JavaScript,Kotlin,113,53,0.9832372970141435
axios/axios,horizontalsystems/unstoppable-wallet-android,JavaScript,Kotlin,113,15,0.9955849889624724
axios/axios,intellij-rust/intellij-rust,JavaScript,Kotlin,113,233,0.9985829003306566
axios/axios,jwstegemann/fritz2,JavaScript,Kotlin,113,12,0.9826589595375722
axios/axios,square/anvil,JavaScript,Kotlin,113,49,0.9949494949494949
axios/axios,square/kotlinpoet,JavaScript,Kotlin,113,24,0.9887640449438202
axios/axios,square/leakcanary,JavaScript,Kotlin,113,36,0.9970104633781763
axios/axios,square/okhttp,JavaScript,Kotlin,113,15,0.9832402234636871
axios/axios,thundernest/k-9,JavaScript,Kotlin,113,146,0.9983181971072991
axios/axios,dmwm/wmcore,JavaScript,Python,113,263,0.9986837775584074
axios/axios,rucio/rucio,JavaScript,Python,113,297,0.994919168591224
axios/axios,iterative/dvc,JavaScript,Python,113,132,0.9943955164131305
axios/axios,conda/conda,JavaScript,Python,113,608,0.9974402730375427
axios/axios,dagster-io/dagster,JavaScript,Python,113,154,0.9971613589993791
axios/axios,django/django,JavaScript,Python,113,850,0.9983585029546946
axios/axios,googleapis/google-cloud-python,JavaScript,Python,113,911,0.9987611217479446
axios/axios,huggingface/transformers,JavaScript,Python,113,1049,0.9988335100742312
axios/axios,pandas-dev/pandas,JavaScript,Python,113,5016,0.9992499659075412
axios/axios,qiskit/qiskit,JavaScript,Python,113,1356,0.9988621586475943
axios/axios,scipy/scipy,JavaScript,Python,113,100,0.9970351545955104
axios/axios,sympy/sympy,JavaScript,Python,113,384,0.9991089329472043
axios/axios,matplotlib/matplotlib,JavaScript,Python,113,184,0.9983525535420099
axios/axios,numpy/numpy,JavaScript,Python,113,803,0.9985564778058462
axios/axios,open-mmlab/mmdetection,JavaScript,Python,113,103,0.9976
axios/axios,pantsbuild/pants,JavaScript,Python,113,734,0.9973620828076615
axios/axios,pypa/pip,JavaScript,Python,113,684,0.9973856209150327
axios/axios,ray-project/ray,JavaScript,Python,113,340,0.9976374232162545
axios/axios,scikit-learn/scikit-learn,JavaScript,Python,113,228,0.9985342616342983
axios/axios,wagtail/wagtail,JavaScript,Python,113,407,0.996595165134491
axios/axios,ytdl-org/youtube-dl,JavaScript,Python,113,309,0.9995794785534062
axios/axios,celery/celery,JavaScript,Python,113,245,0.9967074317968015
axios/axios,conan-io/conan,JavaScript,Python,113,858,0.9974226804123711
axios/axios,docker/compose,JavaScript,Python,113,583,0.992
axios/axios,google/jax,JavaScript,Python,113,568,0.99830220713073
axios/axios,ipython/ipython,JavaScript,Python,113,843,0.9981167608286252
axios/axios,jupyterlab/jupyterlab,JavaScript,Python,113,200,0.9958540630182421
axios/axios,lightning-ai/lightning,JavaScript,Python,113,374,0.992545871559633
axios/axios,mesonbuild/meson,JavaScript,Python,113,945,0.9978813559322034
axios/axios,prefecthq/prefect,JavaScript,Python,113,406,0.992776886035313
axios/axios,pyca/cryptography,JavaScript,Python,113,337,0.9967904630903255
axios/axios,pydata/xarray,JavaScript,Python,113,122,0.9953051643192489
axios/axios,pytest-dev/pytest,JavaScript,Python,113,118,0.9959183673469387
axios/axios,sphinx-doc/sphinx,JavaScript,Python,113,186,0.9946236559139785
axios/axios,eclipse-aspectj/aspectj,JavaScript,Java,113,269,0.998541423570595
axios/axios,eclipse-birt/birt,JavaScript,Java,113,3498,0.9994480897773962
axios/axios,eclipse-jdt/eclipse.jdt.ui,JavaScript,Java,113,2543,0.9995076923076923
axios/axios,eclipse-platform/eclipse.platform.swt,JavaScript,Java,113,90,0.9993710691823899
axios/axios,eclipse-platform/eclipse.platform.ui,JavaScript,Java,113,2063,0.9990429095549529
axios/axios,apache/tomcat,JavaScript,Java,113,51,0.9981006647673314
facebook/react,fastify/fastify,JavaScript,JavaScript,483,279,0.9967566165023353
facebook/react,mozilla/pdf.js,JavaScript,JavaScript,483,543,0.986081822016027
facebook/react,sveltejs/svelte,JavaScript,JavaScript,483,1107,0.9898121617319325
facebook/react,vercel/next.js,JavaScript,JavaScript,483,1258,0.9727029967362278
facebook/react,apache/airflow,JavaScript,Python,483,1648,0.9926931523258136
facebook/react,ccxt/ccxt,JavaScript,Python,483,693,0.9976212187289378
facebook/react,localstack/localstack,JavaScript,Python,483,472,0.9971759959657085
facebook/react,posthog/posthog,JavaScript,Python,483,403,0.9925842060571752
facebook/react,ansible/ansible,JavaScript,Python,483,768,0.9968106142756905
facebook/react,langchain-ai/langchain,JavaScript,Python,483,130,0.9935970948012233
facebook/react,odoo/odoo,JavaScript,Python,483,115,0.9917009554362229
facebook/react,quarkusio/quarkus,JavaScript,Java,483,950,0.9963684642118006
facebook/react,hannah-sten/texify-idea,JavaScript,Kotlin,483,53,0.9911310897825295
facebook/react,horizontalsystems/unstoppable-wallet-android,JavaScript,Kotlin,483,15,0.9934975096845601
facebook/react,intellij-rust/intellij-rust,JavaScript,Kotlin,483,233,0.9975369458128078
facebook/react,jwstegemann/fritz2,JavaScript,Kotlin,483,12,0.9957608536763631
facebook/react,square/anvil,JavaScript,Kotlin,483,49,0.9979757085020243
facebook/react,square/kotlinpoet,JavaScript,Kotlin,483,24,0.9976662777129521
facebook/react,square/leakcanary,JavaScript,Kotlin,483,36,0.9955613577023499
facebook/react,square/okhttp,JavaScript,Kotlin,483,15,0.9963551538125092
facebook/react,thundernest/k-9,JavaScript,Kotlin,483,146,0.9950511027434105
facebook/react,dmwm/wmcore,JavaScript,Python,483,263,0.996261083217605
facebook/react,rucio/rucio,JavaScript,Python,483,297,0.995876045716979
facebook/react,iterative/dvc,JavaScript,Python,483,132,0.9977545898824461
facebook/react,conda/conda,JavaScript,Python,483,608,0.9979229171474728
facebook/react,dagster-io/dagster,JavaScript,Python,483,154,0.9869849389030975
facebook/react,django/django,JavaScript,Python,483,850,0.9944417593040116
facebook/react,googleapis/google-cloud-python,JavaScript,Python,483,911,0.9957239655285837
facebook/react,huggingface/transformers,JavaScript,Python,483,1049,0.9979050279329609
facebook/react,pandas-dev/pandas,JavaScript,Python,483,5016,0.9973794549266247
facebook/react,qiskit/qiskit,JavaScript,Python,483,1356,0.9934263267596601
facebook/react,scipy/scipy,JavaScript,Python,483,100,0.9988483243118738
facebook/react,sympy/sympy,JavaScript,Python,483,384,0.9982425307557118
facebook/react,matplotlib/matplotlib,JavaScript,Python,483,184,0.9910218041898247
facebook/react,numpy/numpy,JavaScript,Python,483,803,0.9962070128118679
facebook/react,open-mmlab/mmdetection,JavaScript,Python,483,103,0.9981863523010656
facebook/react,pantsbuild/pants,JavaScript,Python,483,734,0.9956784788245462
facebook/react,pypa/pip,JavaScript,Python,483,684,0.9970155617139203
facebook/react,ray-project/ray,JavaScript,Python,483,340,0.9947119179163378
facebook/react,scikit-learn/scikit-learn,JavaScript,Python,483,228,0.9938128383604021
facebook/react,wagtail/wagtail,JavaScript,Python,483,407,0.9844211216792391
facebook/react,ytdl-org/youtube-dl,JavaScript,Python,483,309,0.9996551327738821
facebook/react,celery/celery,JavaScript,Python,483,245,0.997750946969697
facebook/react,conan-io/conan,JavaScript,Python,483,858,0.9988237600470496
facebook/react,docker/compose,JavaScript,Python,483,583,0.9985472794506075
facebook/react,google/jax,JavaScript,Python,483,568,0.9987824675324676
facebook/react,ipython/ipython,JavaScript,Python,483,843,0.9925291363681642
facebook/react,jupyterlab/jupyterlab,JavaScript,Python,483,200,0.9852485617347692
facebook/react,lightning-ai/lightning,JavaScript,Python,483,374,0.9966526159186709
facebook/react,mesonbuild/meson,JavaScript,Python,483,945,0.9972563859981078
facebook/react,prefecthq/prefect,JavaScript,Python,483,406,0.988880063542494
facebook/react,pyca/cryptography,JavaScript,Python,483,337,0.998353522286252
facebook/react,pydata/xarray,JavaScript,Python,483,122,0.9976315789473684
facebook/react,pytest-dev/pytest,JavaScript,Python,483,118,0.9991016427104723
facebook/react,sphinx-doc/sphinx,JavaScript,Python,483,186,0.9954778782693718
facebook/react,eclipse-aspectj/aspectj,JavaScript,Java,483,269,0.9963076923076923
facebook/react,eclipse-birt/birt,JavaScript,Java,483,3498,0.9966855223616758
facebook/react,eclipse-jdt/eclipse.jdt.ui,JavaScript,Java,483,2543,0.9975773516993147
facebook/react,eclipse-platform/eclipse.platform.swt,JavaScript,Java,483,90,0.9978513650151668
facebook/react,eclipse-platform/eclipse.platform.ui,JavaScript,Java,483,2063,0.9976173457231355
facebook/react,apache/tomcat,JavaScript,Java,483,51,0.9987796610169491
fastify/fastify,mozilla/pdf.js,JavaScript,JavaScript,279,543,0.994559585492228
fastify/fastify,sveltejs/svelte,JavaScript,JavaScript,279,1107,0.9949567723342939
fastify/fastify,vercel/next.js,JavaScript,JavaScript,279,1258,0.9948623099054665
fastify/fastify,apache/airflow,JavaScript,Python,279,1648,0.9977342945417096
fastify/fastify,ccxt/ccxt,JavaScript,Python,279,693,0.9978058985610777
fastify/fastify,localstack/localstack,JavaScript,Python,279,472,0.9948729899790258
fastify/fastify,posthog/posthog,JavaScript,Python,279,403,0.9967607973421927
fastify/fastify,ansible/ansible,JavaScript,Python,279,768,0.9967170712296061
fastify/fastify,langchain-ai/langchain,JavaScript,Python,279,130,0.99669353172143
fastify/fastify,odoo/odoo,JavaScript,Python,279,115,0.9980491163644709
fastify/fastify,quarkusio/quarkus,JavaScript,Java,279,950,0.9984988741556167
fastify/fastify,hannah-sten/texify-idea,JavaScript,Kotlin,279,53,0.9911775987725355
fastify/fastify,horizontalsystems/unstoppable-wallet-android,JavaScript,Kotlin,279,15,0.9981296758104738
fastify/fastify,intellij-rust/intellij-rust,JavaScript,Kotlin,279,233,0.9993917274939172
fastify/fastify,jwstegemann/fritz2,JavaScript,Kotlin,279,12,0.9868529170090387
fastify/fastify,square/anvil,JavaScript,Kotlin,279,49,0.9992260061919505
fastify/fastify,square/kotlinpoet,JavaScript,Kotlin,279,24,0.9943181818181818
fastify/fastify,square/leakcanary,JavaScript,Kotlin,279,36,0.9985265225933202
fastify/fastify,square/okhttp,JavaScript,Kotlin,279,15,0.9959514170040485
fastify/fastify,thundernest/k-9,JavaScript,Kotlin,279,146,0.999182561307902
fastify/fastify,dmwm/wmcore,JavaScript,Python,279,263,0.9975916510569975
fastify/fastify,rucio/rucio,JavaScript,Python,279,297,0.997205728257073
fastify/fastify,iterative/dvc,JavaScript,Python,279,132,0.9953775038520801
fastify/fastify,conda/conda,JavaScript,Python,279,608,0.9960552268244576
fastify/fastify,dagster-io/dagster,JavaScript,Python,279,154,0.9970762676468131
fastify/fastify,django/django,JavaScript,Python,279,850,0.9991163475699558
fastify/fastify,googleapis/google-cloud-python,JavaScript,Python,279,911,0.9988514148480735
fastify/fastify,huggingface/transformers,JavaScript,Python,279,1049,0.9986176935229067
fastify/fastify,pandas-dev/pandas,JavaScript,Python,279,5016,0.9988935173131996
fastify/fastify,qiskit/qiskit,JavaScript,Python,279,1356,0.9985401459854014
fastify/fastify,scipy/scipy,JavaScript,Python,279,100,0.9990192873488069
fastify/fastify,sympy/sympy,JavaScript,Python,279,384,0.9982648930017352
fastify/fastify,matplotlib/matplotlib,JavaScript,Python,279,184,0.9989281886387996
fastify/fastify,numpy/numpy,JavaScript,Python,279,803,0.9977560506491425
fastify/fastify,open-mmlab/mmdetection,JavaScript,Python,279,103,0.9987492182614134
fastify/fastify,pantsbuild/pants,JavaScript,Python,279,734,0.9981947541679941
fastify/fastify,pypa/pip,JavaScript,Python,279,684,0.9970729111229377
fastify/fastify,ray-project/ray,JavaScript,Python,279,340,0.9975872835651434
fastify/fastify,scikit-learn/scikit-learn,JavaScript,Python,279,228,0.9976655967318354
fastify/fastify,wagtail/wagtail,JavaScript,Python,279,407,0.9986305538648813
fastify/fastify,ytdl-org/youtube-dl,JavaScript,Python,279,309,0.9996747967479674
fastify/fastify,celery/celery,JavaScript,Python,279,245,0.998229461756374
fastify/fastify,conan-io/conan,JavaScript,Python,279,858,0.9984706139392615
fastify/fastify,docker/compose,JavaScript,Python,279,583,0.9969183359013868
fastify/fastify,google/jax,JavaScript,Python,279,568,0.999054820415879
fastify/fastify,ipython/ipython,JavaScript,Python,279,843,0.9986406887177164
fastify/fastify,jupyterlab/jupyterlab,JavaScript,Python,279,200,0.9942014370351695
fastify/fastify,lightning-ai/lightning,JavaScript,Python,279,374,0.9954954954954955
fastify/fastify,mesonbuild/meson,JavaScript,Python,279,945,0.9983822042467139
fastify/fastify,prefecthq/prefect,JavaScript,Python,279,406,0.9924741298212606
fastify/fastify,pyca/cryptography,JavaScript,Python,279,337,0.9961792288989232
fastify/fastify,pydata/xarray,JavaScript,Python,279,122,0.9969635627530364
fastify/fastify,pytest-dev/pytest,JavaScript,Python,279,118,0.9972324723247232
fastify/fastify,sphinx-doc/sphinx,JavaScript,Python,279,186,0.9960906958561376
fastify/fastify,eclipse-aspectj/aspectj,JavaScript,Java,279,269,0.999030303030303
fastify/fastify,eclipse-birt/birt,JavaScript,Java,279,3498,0.9995295224653022
fastify/fastify,eclipse-jdt/eclipse.jdt.ui,JavaScript,Java,279,2543,0.9996599410564497
fastify/fastify,eclipse-platform/eclipse.platform.swt,JavaScript,Java,279,90,0.9995627459554001
fastify/fastify,eclipse-platform/eclipse.platform.ui,JavaScript,Java,279,2063,0.9994258647911584
fastify/fastify,apache/tomcat,JavaScript,Java,279,51,0.9982857142857143
mozilla/pdf.js,sveltejs/svelte,JavaScript,JavaScript,543,1107,0.9862322166131253
mozilla/pdf.js,vercel/next.js,JavaScript,JavaScript,543,1258,0.9918162941248321
mozilla/pdf.js,apache/airflow,JavaScript,Python,543,1648,0.9950934138516702
mozilla/pdf.js,ccxt/ccxt,JavaScript,Python,543,693,0.9963039206512585
mozilla/pdf.js,localstack/localstack,JavaScript,Python,543,472,0.9927464556544675
mozilla/pdf.js,posthog/posthog,JavaScript,Python,543,403,0.9880573248407644
mozilla/pdf.js,ansible/ansible,JavaScript,Python,543,768,0.9966181941156578
mozilla/pdf.js,langchain-ai/langchain,JavaScript,Python,543,130,0.9898715041572185
mozilla/pdf.js,odoo/odoo,JavaScript,Python,543,115,0.9821734985700667
mozilla/pdf.js,quarkusio/quarkus,JavaScript,Java,543,950,0.9958182068838748
mozilla/pdf.js,hannah-sten/texify-idea,JavaScript,Kotlin,543,53,0.9826602783481634
mozilla/pdf.js,horizontalsystems/unstoppable-wallet-android,JavaScript,Kotlin,543,15,0.9837278106508875
mozilla/pdf.js,intellij-rust/intellij-rust,JavaScript,Kotlin,543,233,0.9916517590936196
mozilla/pdf.js,jwstegemann/fritz2,JavaScript,Kotlin,543,12,0.9883021390374331
mozilla/pdf.js,square/anvil,JavaScript,Kotlin,543,49,0.9964146023468058
mozilla/pdf.js,square/kotlinpoet,JavaScript,Kotlin,543,24,0.9960093116062521
mozilla/pdf.js,square/leakcanary,JavaScript,Kotlin,543,36,0.991603253739176
mozilla/pdf.js,square/okhttp,JavaScript,Kotlin,543,15,0.9953503819329127
mozilla/pdf.js,thundernest/k-9,JavaScript,Kotlin,543,146,0.9860448035255234
mozilla/pdf.js,dmwm/wmcore,JavaScript,Python,543,263,0.9918374750589516
mozilla/pdf.js,rucio/rucio,JavaScript,Python,543,297,0.9933175253287346
mozilla/pdf.js,iterative/dvc,JavaScript,Python,543,132,0.9957023905452592
mozilla/pdf.js,conda/conda,JavaScript,Python,543,608,0.9937733499377335
mozilla/pdf.js,dagster-io/dagster,JavaScript,Python,543,154,0.9895249872699498
mozilla/pdf.js,django/django,JavaScript,Python,543,850,0.9934625262666356
mozilla/pdf.js,googleapis/google-cloud-python,JavaScript,Python,543,911,0.9970932793094336
mozilla/pdf.js,huggingface/transformers,JavaScript,Python,543,1049,0.9976478494623656
mozilla/pdf.js,pandas-dev/pandas,JavaScript,Python,543,5016,0.9958576429404901
mozilla/pdf.js,qiskit/qiskit,JavaScript,Python,543,1356,0.9950150707164387
mozilla/pdf.js,scipy/scipy,JavaScript,Python,543,100,0.993587091435664
mozilla/pdf.js,sympy/sympy,JavaScript,Python,543,384,0.9939672507900029
mozilla/pdf.js,matplotlib/matplotlib,JavaScript,Python,543,184,0.9705882352941176
mozilla/pdf.js,numpy/numpy,JavaScript,Python,543,803,0.9955084217092951
mozilla/pdf.js,open-mmlab/mmdetection,JavaScript,Python,543,103,0.9959782827267243
mozilla/pdf.js,pantsbuild/pants,JavaScript,Python,543,734,0.9958009470204592
mozilla/pdf.js,pypa/pip,JavaScript,Python,543,684,0.9942175641488977
mozilla/pdf.js,ray-project/ray,JavaScript,Python,543,340,0.9931988211289957
mozilla/pdf.js,scikit-learn/scikit-learn,JavaScript,Python,543,228,0.9909650134563629
mozilla/pdf.js,wagtail/wagtail,JavaScript,Python,543,407,0.9875419262098706
mozilla/pdf.js,ytdl-org/youtube-dl,JavaScript,Python,543,309,0.9979385693671408
mozilla/pdf.js,celery/celery,JavaScript,Python,543,245,0.9947826086956522
mozilla/pdf.js,conan-io/conan,JavaScript,Python,543,858,0.9966944750511569
mozilla/pdf.js,docker/compose,JavaScript,Python,543,583,0.997313994090787
mozilla/pdf.js,google/jax,JavaScript,Python,543,568,0.9983352755119028
mozilla/pdf.js,ipython/ipython,JavaScript,Python,543,843,0.987237479806139
mozilla/pdf.js,jupyterlab/jupyterlab,JavaScript,Python,543,200,0.9827994644144608
mozilla/pdf.js,lightning-ai/lightning,JavaScript,Python,543,374,0.9926488024662082
mozilla/pdf.js,mesonbuild/meson,JavaScript,Python,543,945,0.9950900163666121
mozilla/pdf.js,prefecthq/prefect,JavaScript,Python,543,406,0.9881168177240685
mozilla/pdf.js,pyca/cryptography,JavaScript,Python,543,337,0.9935553168635876
mozilla/pdf.js,pydata/xarray,JavaScript,Python,543,122,0.9938683017861903
mozilla/pdf.js,pytest-dev/pytest,JavaScript,Python,543,118,0.9951825557809331
mozilla/pdf.js,sphinx-doc/sphinx,JavaScript,Python,543,186,0.9900784494693124
mozilla/pdf.js,eclipse-aspectj/aspectj,JavaScript,Java,543,269,0.9940688018979834
mozilla/pdf.js,eclipse-birt/birt,JavaScript,Java,543,3498,0.993716719914803
mozilla/pdf.js,eclipse-jdt/eclipse.jdt.ui,JavaScript,Java,543,2543,0.9972636346480468
mozilla/pdf.js,eclipse-platform/eclipse.platform.swt,JavaScript,Java,543,90,0.9948314053654935
mozilla/pdf.js,eclipse-platform/eclipse.platform.ui,JavaScript,Java,543,2063,0.9945092656142759
mozilla/pdf.js,apache/tomcat,JavaScript,Java,543,51,0.9923425978445831
sveltejs/svelte,vercel/next.js,JavaScript,JavaScript,1107,1258,0.9889482882697646
sveltejs/svelte,apache/airflow,JavaScript,Python,1107,1648,0.9957159334321964
sveltejs/svelte,ccxt/ccxt,JavaScript,Python,1107,693,0.9953790790872659
sveltejs/svelte,localstack/localstack,JavaScript,Python,1107,472,0.9974855143762983
sveltejs/svelte,posthog/posthog,JavaScript,Python,1107,403,0.9927201704545454
sveltejs/svelte,ansible/ansible,JavaScript,Python,1107,768,0.9967131741346927
sveltejs/svelte,langchain-ai/langchain,JavaScript,Python,1107,130,0.992057761732852
sveltejs/svelte,odoo/odoo,JavaScript,Python,1107,115,0.9916728076639646
sveltejs/svelte,quarkusio/quarkus,JavaScript,Java,1107,950,0.996054909222656
sveltejs/svelte,hannah-sten/texify-idea,JavaScript,Kotlin,1107,53,0.9887444727321453
sveltejs/svelte,horizontalsystems/unstoppable-wallet-android,JavaScript,Kotlin,1107,15,0.9924148606811145
sveltejs/svelte,intellij-rust/intellij-rust,JavaScript,Kotlin,1107,233,0.9953003677973028
sveltejs/svelte,jwstegemann/fritz2,JavaScript,Kotlin,1107,12,0.9955540918821011
sveltejs/svelte,square/anvil,JavaScript,Kotlin,1107,49,0.9967469095640858
sveltejs/svelte,square/kotlinpoet,JavaScript,Kotlin,1107,24,0.9975361366622865
sveltejs/svelte,square/leakcanary,JavaScript,Kotlin,1107,36,0.995937318630296
sveltejs/svelte,square/okhttp,JavaScript,Kotlin,1107,15,0.9990149400755213
sveltejs/svelte,thundernest/k-9,JavaScript,Kotlin,1107,146,0.9943701618578465
sveltejs/svelte,dmwm/wmcore,JavaScript,Python,1107,263,0.9960432910508553
sveltejs/svelte,rucio/rucio,JavaScript,Python,1107,297,0.9954657339033554
sveltejs/svelte,iterative/dvc,JavaScript,Python,1107,132,0.9975011024547994
sveltejs/svelte,conda/conda,JavaScript,Python,1107,608,0.996454798683211
sveltejs/svelte,dagster-io/dagster,JavaScript,Python,1107,154,0.9916206097343555
sveltejs/svelte,django/django,JavaScript,Python,1107,850,0.9944186845268762
sveltejs/svelte,googleapis/google-cloud-python,JavaScript,Python,1107,911,0.9978521443913254
sveltejs/svelte,huggingface/transformers,JavaScript,Python,1107,1049,0.9983982915109451
sveltejs/svelte,pandas-dev/pandas,JavaScript,Python,1107,5016,0.9974777448071217
sveltejs/svelte,qiskit/qiskit,JavaScript,Python,1107,1356,0.9933367503844183
sveltejs/svelte,scipy/scipy,JavaScript,Python,1107,100,0.9973468098547063
sveltejs/svelte,sympy/sympy,JavaScript,Python,1107,384,0.9980085631783332
sveltejs/svelte,matplotlib/matplotlib,JavaScript,Python,1107,184,0.9896367023754076
sveltejs/svelte,numpy/numpy,JavaScript,Python,1107,803,0.9964849031095088
sveltejs/svelte,open-mmlab/mmdetection,JavaScript,Python,1107,103,0.9980134094859697
sveltejs/svelte,pantsbuild/pants,JavaScript,Python,1107,734,0.9961465704476985
sveltejs/svelte,pypa/pip,JavaScript,Python,1107,684,0.9973299280241468
sveltejs/svelte,ray-project/ray,JavaScript,Python,1107,340,0.9952108889262309
sveltejs/svelte,scikit-learn/scikit-learn,JavaScript,Python,1107,228,0.9938428105758783
sveltejs/svelte,wagtail/wagtail,JavaScript,Python,1107,407,0.9872243612180609
sveltejs/svelte,ytdl-org/youtube-dl,JavaScript,Python,1107,309,0.9993695624763586
sveltejs/svelte,celery/celery,JavaScript,Python,1107,245,0.9977864583333333
sveltejs/svelte,conan-io/conan,JavaScript,Python,1107,858,0.9989398918689706
sveltejs/svelte,docker/compose,JavaScript,Python,1107,583,0.9988240482140233
sveltejs/svelte,google/jax,JavaScript,Python,1107,568,0.9986795774647887
sveltejs/svelte,ipython/ipython,JavaScript,Python,1107,843,0.9937432578209278
sveltejs/svelte,jupyterlab/jupyterlab,JavaScript,Python,1107,200,0.9891312846977871
sveltejs/svelte,lightning-ai/lightning,JavaScript,Python,1107,374,0.9953411893669498
sveltejs/svelte,mesonbuild/meson,JavaScript,Python,1107,945,0.9948984797469645
sveltejs/svelte,prefecthq/prefect,JavaScript,Python,1107,406,0.9880671224362958
sveltejs/svelte,pyca/cryptography,JavaScript,Python,1107,337,0.9975436328377505
sveltejs/svelte,pydata/xarray,JavaScript,Python,1107,122,0.9964871194379391
sveltejs/svelte,pytest-dev/pytest,JavaScript,Python,1107,118,0.998006833712984
sveltejs/svelte,sphinx-doc/sphinx,JavaScript,Python,1107,186,0.9939304019422713
sveltejs/svelte,eclipse-aspectj/aspectj,JavaScript,Java,1107,269,0.9938759603607616
sveltejs/svelte,eclipse-birt/birt,JavaScript,Java,1107,3498,0.9965690759377859
sveltejs/svelte,eclipse-jdt/eclipse.jdt.ui,JavaScript,Java,1107,2543,0.9982453575084077
sveltejs/svelte,eclipse-platform/eclipse.platform.swt,JavaScript,Java,1107,90,0.9977600447991041
sveltejs/svelte,eclipse-platform/eclipse.platform.ui,JavaScript,Java,1107,2063,0.9979700583608221
sveltejs/svelte,apache/tomcat,JavaScript,Java,1107,51,0.998334847108689
vercel/next.js,apache/airflow,JavaScript,Python,1258,1648,0.9930168472474479
vercel/next.js,ccxt/ccxt,JavaScript,Python,1258,693,0.9973841554559043
vercel/next.js,localstack/localstack,JavaScript,Python,1258,472,0.9964294215662938
vercel/next.js,posthog/posthog,JavaScript,Python,1258,403,0.9890445548586788
vercel/next.js,ansible/ansible,JavaScript,Python,1258,768,0.9976070194097314
vercel/next.js,langchain-ai/langchain,JavaScript,Python,1258,130,0.9955627269060104
vercel/next.js,odoo/odoo,JavaScript,Python,1258,115,0.9946297343131713
vercel/next.js,quarkusio/quarkus,JavaScript,Java,1258,950,0.9964614295824487
vercel/next.js,hannah-sten/texify-idea,JavaScript,Kotlin,1258,53,0.9929237484293367
vercel/next.js,horizontalsystems/unstoppable-wallet-android,JavaScript,Kotlin,1258,15,0.9972375690607734
vercel/next.js,intellij-rust/intellij-rust,JavaScript,Kotlin,1258,233,0.9962168978562421
vercel/next.js,jwstegemann/fritz2,JavaScript,Kotlin,1258,12,0.9978150036416606
vercel/next.js,square/anvil,JavaScript,Kotlin,1258,49,0.9985513544835579
vercel/next.js,square/kotlinpoet,JavaScript,Kotlin,1258,24,0.9982539105129138
vercel/next.js,square/leakcanary,JavaScript,Kotlin,1258,36,0.9975943363805072
vercel/next.js,square/okhttp,JavaScript,Kotlin,1258,15,0.9988362790021093
vercel/next.js,thundernest/k-9,JavaScript,Kotlin,1258,146,0.9975284231339595
vercel/next.js,dmwm/wmcore,JavaScript,Python,1258,263,0.9976001476832195
vercel/next.js,rucio/rucio,JavaScript,Python,1258,297,0.9975287767444885
vercel/next.js,iterative/dvc,JavaScript,Python,1258,132,0.9987552728027107
vercel/next.js,conda/conda,JavaScript,Python,1258,608,0.9970429416302391
vercel/next.js,dagster-io/dagster,JavaScript,Python,1258,154,0.9893812538288749
vercel/next.js,django/django,JavaScript,Python,1258,850,0.9956485702445089
vercel/next.js,googleapis/google-cloud-python,JavaScript,Python,1258,911,0.9983251097732108
vercel/next.js,huggingface/transformers,JavaScript,Python,1258,1049,0.9974383888349085
vercel/next.js,pandas-dev/pandas,JavaScript,Python,1258,5016,0.9968075184733481
vercel/next.js,qiskit/qiskit,JavaScript,Python,1258,1356,0.9960235488535426
vercel/next.js,scipy/scipy,JavaScript,Python,1258,100,0.9983303365014128
vercel/next.js,sympy/sympy,JavaScript,Python,1258,384,0.9980225988700565
vercel/next.js,matplotlib/matplotlib,JavaScript,Python,1258,184,0.9955681398498092
vercel/next.js,numpy/numpy,JavaScript,Python,1258,803,0.9973870847331093
vercel/next.js,open-mmlab/mmdetection,JavaScript,Python,1258,103,0.9987906562281205
vercel/next.js,pantsbuild/pants,JavaScript,Python,1258,734,0.993525147052118
vercel/next.js,pypa/pip,JavaScript,Python,1258,684,0.9973574237954769
vercel/next.js,ray-project/ray,JavaScript,Python,1258,340,0.9945807770961145
vercel/next.js,scikit-learn/scikit-learn,JavaScript,Python,1258,228,0.994918444165621
vercel/next.js,wagtail/wagtail,JavaScript,Python,1258,407,0.9886304097244053
vercel/next.js,ytdl-org/youtube-dl,JavaScript,Python,1258,309,0.9996151132208608
vercel/next.js,celery/celery,JavaScript,Python,1258,245,0.9977180857999739
vercel/next.js,conan-io/conan,JavaScript,Python,1258,858,0.9991808554209818
vercel/next.js,docker/compose,JavaScript,Python,1258,583,0.9986861212917503
vercel/next.js,google/jax,JavaScript,Python,1258,568,0.9979098238280084
vercel/next.js,ipython/ipython,JavaScript,Python,1258,843,0.9959829867674859
vercel/next.js,jupyterlab/jupyterlab,JavaScript,Python,1258,200,0.9900718931872646
vercel/next.js,lightning-ai/lightning,JavaScript,Python,1258,374,0.9969241056502842
vercel/next.js,mesonbuild/meson,JavaScript,Python,1258,945,0.997078870496592
vercel/next.js,prefecthq/prefect,JavaScript,Python,1258,406,0.9922307839266382
vercel/next.js,pyca/cryptography,JavaScript,Python,1258,337,0.9965568765023063
vercel/next.js,pydata/xarray,JavaScript,Python,1258,122,0.9975153564773276
vercel/next.js,pytest-dev/pytest,JavaScript,Python,1258,118,0.9989102302138673
vercel/next.js,sphinx-doc/sphinx,JavaScript,Python,1258,186,0.9960854564755839
vercel/next.js,eclipse-aspectj/aspectj,JavaScript,Java,1258,269,0.9966344131257888
vercel/next.js,eclipse-birt/birt,JavaScript,Java,1258,3498,0.9977979537909072
vercel/next.js,eclipse-jdt/eclipse.jdt.ui,JavaScript,Java,1258,2543,0.9982658417697787
vercel/next.js,eclipse-platform/eclipse.platform.swt,JavaScript,Java,1258,90,0.9983784879400041
vercel/next.js,eclipse-platform/eclipse.platform.ui,JavaScript,Java,1258,2063,0.9983572895277207
vercel/next.js,apache/tomcat,JavaScript,Java,1258,51,0.998597868760516
apache/airflow,ccxt/ccxt,Python,Python,1648,693,0.9969134966833627
apache/airflow,localstack/localstack,Python,Python,1648,472,0.9882091829657372
apache/airflow,posthog/posthog,Python,Python,1648,403,0.9882901589679001
apache/airflow,ansible/ansible,Python,Python,1648,768,0.9887180985066998
apache/airflow,langchain-ai/langchain,Python,Python,1648,130,0.9901244588744589
apache/airflow,odoo/odoo,Python,Python,1648,115,0.9908256880733946
apache/airflow,quarkusio/quarkus,Python,Java,1648,950,0.9959808150906996
apache/airflow,hannah-sten/texify-idea,Python,Kotlin,1648,53,0.9955874241588527
apache/airflow,horizontalsystems/unstoppable-wallet-android,Python,Kotlin,1648,15,0.9969904963041183
apache/airflow,intellij-rust/intellij-rust,Python,Kotlin,1648,233,0.9965870307167235
apache/airflow,jwstegemann/fritz2,Python,Kotlin,1648,12,0.9978979140839757
apache/airflow,square/anvil,Python,Kotlin,1648,49,0.9989263474339704
apache/airflow,square/kotlinpoet,Python,Kotlin,1648,24,0.9984920292977165
apache/airflow,square/leakcanary,Python,Kotlin,1648,36,0.9978319223621722
apache/airflow,square/okhttp,Python,Kotlin,1648,15,0.9987615098809972
apache/airflow,thundernest/k-9,Python,Kotlin,1648,146,0.9961917456086067
apache/airflow,dmwm/wmcore,Python,Python,1648,263,0.995634223888388
apache/airflow,rucio/rucio,Python,Python,1648,297,0.9938610822317937
apache/airflow,iterative/dvc,Python,Python,1648,132,0.9935176061816108
apache/airflow,conda/conda,Python,Python,1648,608,0.9919030326823044
apache/airflow,dagster-io/dagster,Python,Python,1648,154,0.9758760705633467
apache/airflow,django/django,Python,Python,1648,850,0.9934095996020891
apache/airflow,googleapis/google-cloud-python,Python,Python,1648,911,0.9856574889458626
apache/airflow,huggingface/transformers,Python,Python,1648,1049,0.9961404019807748
apache/airflow,pandas-dev/pandas,Python,Python,1648,5016,0.9930581039755352
apache/airflow,qiskit/qiskit,Python,Python,1648,1356,0.9916480608616555
apache/airflow,scipy/scipy,Python,Python,1648,100,0.9970090708506987
apache/airflow,sympy/sympy,Python,Python,1648,384,0.9964036762420637
apache/airflow,matplotlib/matplotlib,Python,Python,1648,184,0.9906023067065357
apache/airflow,numpy/numpy,Python,Python,1648,803,0.9942738378011537
apache/airflow,open-mmlab/mmdetection,Python,Python,1648,103,0.9967371189247103
apache/airflow,pantsbuild/pants,Python,Python,1648,734,0.9931970246327515
apache/airflow,pypa/pip,Python,Python,1648,684,0.991703802029013
apache/airflow,ray-project/ray,Python,Python,1648,340,0.9924947709469712
apache/airflow,scikit-learn/scikit-learn,Python,Python,1648,228,0.9903193180176275
apache/airflow,wagtail/wagtail,Python,Python,1648,407,0.9883720930232558
apache/airflow,ytdl-org/youtube-dl,Python,Python,1648,309,0.9979913776210072
apache/airflow,celery/celery,Python,Python,1648,245,0.9932539682539683
apache/airflow,conan-io/conan,Python,Python,1648,858,0.9972163913479967
apache/airflow,docker/compose,Python,Python,1648,583,0.9937772246421904
apache/airflow,google/jax,Python,Python,1648,568,0.9973108308605341
apache/airflow,ipython/ipython,Python,Python,1648,843,0.993149740241828
apache/airflow,jupyterlab/jupyterlab,Python,Python,1648,200,0.9865057380292838
apache/airflow,lightning-ai/lightning,Python,Python,1648,374,0.9920113257154414
apache/airflow,mesonbuild/meson,Python,Python,1648,945,0.9969930885916883
apache/airflow,prefecthq/prefect,Python,Python,1648,406,0.9835330799961025
apache/airflow,pyca/cryptography,Python,Python,1648,337,0.9948553054662379
apache/airflow,pydata/xarray,Python,Python,1648,122,0.9950807787903894
apache/airflow,pytest-dev/pytest,Python,Python,1648,118,0.9954881050041017
apache/airflow,sphinx-doc/sphinx,Python,Python,1648,186,0.9939680305619785
apache/airflow,eclipse-aspectj/aspectj,Python,Java,1648,269,0.9967850153760134
apache/airflow,eclipse-birt/birt,Python,Java,1648,3498,0.9962435572639119
apache/airflow,eclipse-jdt/eclipse.jdt.ui,Python,Java,1648,2543,0.9980886119499981
apache/airflow,eclipse-platform/eclipse.platform.swt,Python,Java,1648,90,0.9988279657562169
apache/airflow,eclipse-platform/eclipse.platform.ui,Python,Java,1648,2063,0.9985187013948895
apache/airflow,apache/tomcat,Python,Java,1648,51,0.997747157751349
ccxt/ccxt,localstack/localstack,Python,Python,693,472,0.9977069479477184
ccxt/ccxt,posthog/posthog,Python,Python,693,403,0.9974961935374725
ccxt/ccxt,ansible/ansible,Python,Python,693,768,0.9974607320346791
ccxt/ccxt,langchain-ai/langchain,Python,Python,693,130,0.9970475082759238
ccxt/ccxt,odoo/odoo,Python,Python,693,115,0.9983224674978077
ccxt/ccxt,quarkusio/quarkus,Python,Java,693,950,0.9966932451532041
ccxt/ccxt,hannah-sten/texify-idea,Python,Kotlin,693,53,0.9968689428954823
ccxt/ccxt,horizontalsystems/unstoppable-wallet-android,Python,Kotlin,693,15,0.9986923318338738
ccxt/ccxt,intellij-rust/intellij-rust,Python,Kotlin,693,233,0.9983070480263744
ccxt/ccxt,jwstegemann/fritz2,Python,Kotlin,693,12,0.9980780524264589
ccxt/ccxt,square/anvil,Python,Kotlin,693,49,0.9983515899181112
ccxt/ccxt,square/kotlinpoet,Python,Kotlin,693,24,0.9987197268750667
ccxt/ccxt,square/leakcanary,Python,Kotlin,693,36,0.99923273657289
ccxt/ccxt,square/okhttp,Python,Kotlin,693,15,0.9988799402634807
ccxt/ccxt,thundernest/k-9,Python,Kotlin,693,146,0.9989143261741799
ccxt/ccxt,dmwm/wmcore,Python,Python,693,263,0.9980236224177685
ccxt/ccxt,rucio/rucio,Python,Python,693,297,0.9980370025028218
ccxt/ccxt,iterative/dvc,Python,Python,693,132,0.9978932223421202
ccxt/ccxt,conda/conda,Python,Python,693,608,0.9968865538042421
ccxt/ccxt,dagster-io/dagster,Python,Python,693,154,0.9965406138714601
ccxt/ccxt,django/django,Python,Python,693,850,0.9979838709677419
ccxt/ccxt,googleapis/google-cloud-python,Python,Python,693,911,0.9980067180982615
ccxt/ccxt,huggingface/transformers,Python,Python,693,1049,0.9983720425439548
ccxt/ccxt,pandas-dev/pandas,Python,Python,693,5016,0.9978100857716407
ccxt/ccxt,qiskit/qiskit,Python,Python,693,1356,0.9969627318995239
ccxt/ccxt,scipy/scipy,Python,Python,693,100,0.9985903854566665
ccxt/ccxt,sympy/sympy,Python,Python,693,384,0.9986344213911281
ccxt/ccxt,matplotlib/matplotlib,Python,Python,693,184,0.998258577681555
ccxt/ccxt,numpy/numpy,Python,Python,693,803,0.9977687968342174
ccxt/ccxt,open-mmlab/mmdetection,Python,Python,693,103,0.9985515643105446
ccxt/ccxt,pantsbuild/pants,Python,Python,693,734,0.9951728491329694
ccxt/ccxt,pypa/pip,Python,Python,693,684,0.9963802181271154
ccxt/ccxt,ray-project/ray,Python,Python,693,340,0.9973942429054191
ccxt/ccxt,scikit-learn/scikit-learn,Python,Python,693,228,0.9982808843894752
ccxt/ccxt,wagtail/wagtail,Python,Python,693,407,0.9972183010877689
ccxt/ccxt,ytdl-org/youtube-dl,Python,Python,693,309,0.9990286546867412
ccxt/ccxt,celery/celery,Python,Python,693,245,0.9975907168846494
ccxt/ccxt,conan-io/conan,Python,Python,693,858,0.9969219627014304
ccxt/ccxt,docker/compose,Python,Python,693,583,0.9983557702188881
ccxt/ccxt,google/jax,Python,Python,693,568,0.998160581256323
ccxt/ccxt,ipython/ipython,Python,Python,693,843,0.9981303297003967
ccxt/ccxt,jupyterlab/jupyterlab,Python,Python,693,200,0.9963454888399874
ccxt/ccxt,lightning-ai/lightning,Python,Python,693,374,0.9977450390859892
ccxt/ccxt,mesonbuild/meson,Python,Python,693,945,0.9980409617097061
ccxt/ccxt,prefecthq/prefect,Python,Python,693,406,0.9965707109737248
ccxt/ccxt,pyca/cryptography,Python,Python,693,337,0.9980875790712499
ccxt/ccxt,pydata/xarray,Python,Python,693,122,0.996613648024628
ccxt/ccxt,pytest-dev/pytest,Python,Python,693,118,0.9980184940554822
ccxt/ccxt,sphinx-doc/sphinx,Python,Python,693,186,0.997807891590275
ccxt/ccxt,eclipse-aspectj/aspectj,Python,Java,693,269,0.9987985212569316
ccxt/ccxt,eclipse-birt/birt,Python,Java,693,3498,0.9995364871520033
ccxt/ccxt,eclipse-jdt/eclipse.jdt.ui,Python,Java,693,2543,0.9996203060333372
ccxt/ccxt,eclipse-platform/eclipse.platform.swt,Python,Java,693,90,0.9997980002019998
ccxt/ccxt,eclipse-platform/eclipse.platform.ui,Python,Java,693,2063,0.9995915199542502
ccxt/ccxt,apache/tomcat,Python,Java,693,51,0.998961847910719
localstack/localstack,posthog/posthog,Python,Python,472,403,0.9924194567277321
localstack/localstack,ansible/ansible,Python,Python,472,768,0.9872746553552492
localstack/localstack,langchain-ai/langchain,Python,Python,472,130,0.9886460403065569
localstack/localstack,odoo/odoo,Python,Python,472,115,0.9955132313890669
localstack/localstack,quarkusio/quarkus,Python,Java,472,950,0.996259913482336
localstack/localstack,hannah-sten/texify-idea,Python,Kotlin,472,53,0.9908599916909016
localstack/localstack,horizontalsystems/unstoppable-wallet-android,Python,Kotlin,472,15,0.9952768302282865
localstack/localstack,intellij-rust/intellij-rust,Python,Kotlin,472,233,0.9934164448802353
localstack/localstack,jwstegemann/fritz2,Python,Kotlin,472,12,0.9935728892784107
localstack/localstack,square/anvil,Python,Kotlin,472,49,0.9954259576901087
localstack/localstack,square/kotlinpoet,Python,Kotlin,472,24,0.9927283304246655
localstack/localstack,square/leakcanary,Python,Kotlin,472,36,0.9948137670909948
localstack/localstack,square/okhttp,Python,Kotlin,472,15,0.99418773612322
localstack/localstack,thundernest/k-9,Python,Kotlin,472,146,0.9965969031818955
localstack/localstack,dmwm/wmcore,Python,Python,472,263,0.9932705248990579
localstack/localstack,rucio/rucio,Python,Python,472,297,0.9901361215229828
localstack/localstack,iterative/dvc,Python,Python,472,132,0.9862749819407657
localstack/localstack,conda/conda,Python,Python,472,608,0.985327743902439
localstack/localstack,dagster-io/dagster,Python,Python,472,154,0.9861042533681315
localstack/localstack,django/django,Python,Python,472,850,0.991997332444148
localstack/localstack,googleapis/google-cloud-python,Python,Python,472,911,0.9944835780361537
localstack/localstack,huggingface/transformers,Python,Python,472,1049,0.9973246858532631
localstack/localstack,pandas-dev/pandas,Python,Python,472,5016,0.996414342629482
localstack/localstack,qiskit/qiskit,Python,Python,472,1356,0.9928224381625441
localstack/localstack,scipy/scipy,Python,Python,472,100,0.9944919278252612
localstack/localstack,sympy/sympy,Python,Python,472,384,0.9937778980116326
localstack/localstack,matplotlib/matplotlib,Python,Python,472,184,0.9919178312847281
localstack/localstack,numpy/numpy,Python,Python,472,803,0.9931328439497987
localstack/localstack,open-mmlab/mmdetection,Python,Python,472,103,0.9948186528497409
localstack/localstack,pantsbuild/pants,Python,Python,472,734,0.9906228492773572
localstack/localstack,pypa/pip,Python,Python,472,684,0.9849094567404426
localstack/localstack,ray-project/ray,Python,Python,472,340,0.9888684750891603
localstack/localstack,scikit-learn/scikit-learn,Python,Python,472,228,0.9897035327534174
localstack/localstack,wagtail/wagtail,Python,Python,472,407,0.9939621781727045
localstack/localstack,ytdl-org/youtube-dl,Python,Python,472,309,0.9971601666035592
localstack/localstack,celery/celery,Python,Python,472,245,0.990854870775348
localstack/localstack,conan-io/conan,Python,Python,472,858,0.9961674528301887
localstack/localstack,docker/compose,Python,Python,472,583,0.9874819451131439
localstack/localstack,google/jax,Python,Python,472,568,0.9967381174277726
localstack/localstack,ipython/ipython,Python,Python,472,843,0.993656547349343
localstack/localstack,jupyterlab/jupyterlab,Python,Python,472,200,0.9936883629191321
localstack/localstack,lightning-ai/lightning,Python,Python,472,374,0.9819277108433735
localstack/localstack,mesonbuild/meson,Python,Python,472,945,0.9959451901565995
localstack/localstack,prefecthq/prefect,Python,Python,472,406,0.9846182357301705
localstack/localstack,pyca/cryptography,Python,Python,472,337,0.991937069813176
localstack/localstack,pydata/xarray,Python,Python,472,122,0.991869918699187
localstack/localstack,pytest-dev/pytest,Python,Python,472,118,0.9915428571428572
localstack/localstack,sphinx-doc/sphinx,Python,Python,472,186,0.9924449108079748
localstack/localstack,eclipse-aspectj/aspectj,Python,Java,472,269,0.9968414403032217
localstack/localstack,eclipse-birt/birt,Python,Java,472,3498,0.9984904481807297
localstack/localstack,eclipse-jdt/eclipse.jdt.ui,Python,Java,472,2543,0.9980052588629975
localstack/localstack,eclipse-platform/eclipse.platform.swt,Python,Java,472,90,0.9962171784601691
localstack/localstack,eclipse-platform/eclipse.platform.ui,Python,Java,472,2063,0.9982557505723318
localstack/localstack,apache/tomcat,Python,Java,472,51,0.9946929492039424
posthog/posthog,ansible/ansible,Python,Python,403,768,0.9952521365385576
posthog/posthog,langchain-ai/langchain,Python,Python,403,130,0.9909434982427683
posthog/posthog,odoo/odoo,Python,Python,403,115,0.9741845642975738
posthog/posthog,quarkusio/quarkus,Python,Java,403,950,0.9953575364884273
posthog/posthog,hannah-sten/texify-idea,Python,Kotlin,403,53,0.9917217225185068
posthog/posthog,horizontalsystems/unstoppable-wallet-android,Python,Kotlin,403,15,0.9882352941176471
posthog/posthog,intellij-rust/intellij-rust,Python,Kotlin,403,233,0.9947608812466416
posthog/posthog,jwstegemann/fritz2,Python,Kotlin,403,12,0.9957934305916047
posthog/posthog,square/anvil,Python,Kotlin,403,49,0.998221906116643
posthog/posthog,square/kotlinpoet,Python,Kotlin,403,24,0.9973185555952807
posthog/posthog,square/leakcanary,Python,Kotlin,403,36,0.9958305537024683
posthog/posthog,square/okhttp,Python,Kotlin,403,15,0.99830220713073
posthog/posthog,thundernest/k-9,Python,Kotlin,403,146,0.9915608717986351
posthog/posthog,dmwm/wmcore,Python,Python,403,263,0.9971518294018842
posthog/posthog,rucio/rucio,Python,Python,403,297,0.9968016225914658
posthog/posthog,iterative/dvc,Python,Python,403,132,0.994371166932706
posthog/posthog,conda/conda,Python,Python,403,608,0.9942298815202338
posthog/posthog,dagster-io/dagster,Python,Python,403,154,0.9782003922105167
posthog/posthog,django/django,Python,Python,403,850,0.9919383733428878
posthog/posthog,googleapis/google-cloud-python,Python,Python,403,911,0.9961603440331747
posthog/posthog,huggingface/transformers,Python,Python,403,1049,0.9971619199362677
posthog/posthog,pandas-dev/pandas,Python,Python,403,5016,0.9950631911532386
posthog/posthog,qiskit/qiskit,Python,Python,403,1356,0.9901820778293466
posthog/posthog,scipy/scipy,Python,Python,403,100,0.9976181329235497
posthog/posthog,sympy/sympy,Python,Python,403,384,0.9969622928085584
posthog/posthog,matplotlib/matplotlib,Python,Python,403,184,0.9739937175834612
posthog/posthog,numpy/numpy,Python,Python,403,803,0.9947517905655717
posthog/posthog,open-mmlab/mmdetection,Python,Python,403,103,0.9968830773909078
posthog/posthog,pantsbuild/pants,Python,Python,403,734,0.9948897950756207
posthog/posthog,pypa/pip,Python,Python,403,684,0.9925623450488552
posthog/posthog,ray-project/ray,Python,Python,403,340,0.9939422454860907
posthog/posthog,scikit-learn/scikit-learn,Python,Python,403,228,0.992901442128073
posthog/posthog,wagtail/wagtail,Python,Python,403,407,0.9820909970958374
posthog/posthog,ytdl-org/youtube-dl,Python,Python,403,309,0.9989257213014119
posthog/posthog,celery/celery,Python,Python,403,245,0.9937402190923318
posthog/posthog,conan-io/conan,Python,Python,403,858,0.9981422870510527
posthog/posthog,docker/compose,Python,Python,403,583,0.9963877688172043
posthog/posthog,google/jax,Python,Python,403,568,0.9976740907809416
posthog/posthog,ipython/ipython,Python,Python,403,843,0.9926240345139518
posthog/posthog,jupyterlab/jupyterlab,Python,Python,403,200,0.975964225824483
posthog/posthog,lightning-ai/lightning,Python,Python,403,374,0.9924181319567672
posthog/posthog,mesonbuild/meson,Python,Python,403,945,0.9975842168836397
posthog/posthog,prefecthq/prefect,Python,Python,403,406,0.9838734215731021
posthog/posthog,pyca/cryptography,Python,Python,403,337,0.9926762758083366
posthog/posthog,pydata/xarray,Python,Python,403,122,0.9958095876634261
posthog/posthog,pytest-dev/pytest,Python,Python,403,118,0.9965357967667436
posthog/posthog,sphinx-doc/sphinx,Python,Python,403,186,0.9953651909860955
posthog/posthog,eclipse-aspectj/aspectj,Python,Java,403,269,0.9926856980542537
posthog/posthog,eclipse-birt/birt,Python,Java,403,3498,0.9900597158859092
posthog/posthog,eclipse-jdt/eclipse.jdt.ui,Python,Java,403,2543,0.9981362159859417
posthog/posthog,eclipse-platform/eclipse.platform.swt,Python,Java,403,90,0.9978765109441359
posthog/posthog,eclipse-platform/eclipse.platform.ui,Python,Java,403,2063,0.9960999822726467
posthog/posthog,apache/tomcat,Python,Java,403,51,0.9988041342786367
ansible/ansible,langchain-ai/langchain,Python,Python,768,130,0.9928169893816364
ansible/ansible,odoo/odoo,Python,Python,768,115,0.9931666966372954
ansible/ansible,quarkusio/quarkus,Python,Java,768,950,0.9955997567345186
ansible/ansible,hannah-sten/texify-idea,Python,Kotlin,768,53,0.9949881796690307
ansible/ansible,horizontalsystems/unstoppable-wallet-android,Python,Kotlin,768,15,0.9969703301295445
ansible/ansible,intellij-rust/intellij-rust,Python,Kotlin,768,233,0.9954263565891472
ansible/ansible,jwstegemann/fritz2,Python,Kotlin,768,12,0.9976047904191617
ansible/ansible,square/anvil,Python,Kotlin,768,49,0.9979481641468683
ansible/ansible,square/kotlinpoet,Python,Kotlin,768,24,0.9977173913043478
ansible/ansible,square/leakcanary,Python,Kotlin,768,36,0.9965013994402239
ansible/ansible,square/okhttp,Python,Kotlin,768,15,0.9975008149516462
ansible/ansible,thundernest/k-9,Python,Kotlin,768,146,0.9969928688031617
ansible/ansible,dmwm/wmcore,Python,Python,768,263,0.9933361811191799
ansible/ansible,rucio/rucio,Python,Python,768,297,0.9888283630320377
ansible/ansible,iterative/dvc,Python,Python,768,132,0.9918305597579425
ansible/ansible,conda/conda,Python,Python,768,608,0.9859218891916439
ansible/ansible,dagster-io/dagster,Python,Python,768,154,0.9899694066904058
ansible/ansible,django/django,Python,Python,768,850,0.9915300176175633
ansible/ansible,googleapis/google-cloud-python,Python,Python,768,911,0.9935024223425477
ansible/ansible,huggingface/transformers,Python,Python,768,1049,0.9969606542882405
ansible/ansible,pandas-dev/pandas,Python,Python,768,5016,0.9947711297788445
ansible/ansible,qiskit/qiskit,Python,Python,768,1356,0.9916992846537994
ansible/ansible,scipy/scipy,Python,Python,768,100,0.9948308696835041
ansible/ansible,sympy/sympy,Python,Python,768,384,0.9938426453819841
ansible/ansible,matplotlib/matplotlib,Python,Python,768,184,0.9923938124946585
ansible/ansible,numpy/numpy,Python,Python,768,803,0.9923986486486487
ansible/ansible,open-mmlab/mmdetection,Python,Python,768,103,0.9960594662367902
ansible/ansible,pantsbuild/pants,Python,Python,768,734,0.9912568306010929
ansible/ansible,pypa/pip,Python,Python,768,684,0.9837114105406788
ansible/ansible,ray-project/ray,Python,Python,768,340,0.9944055944055944
ansible/ansible,scikit-learn/scikit-learn,Python,Python,768,228,0.9906099166301009
ansible/ansible,wagtail/wagtail,Python,Python,768,407,0.994566712517194
ansible/ansible,ytdl-org/youtube-dl,Python,Python,768,309,0.9952010141253169
ansible/ansible,celery/celery,Python,Python,768,245,0.988232023721275
ansible/ansible,conan-io/conan,Python,Python,768,858,0.994579945799458
ansible/ansible,docker/compose,Python,Python,768,583,0.9878983461073013
ansible/ansible,google/jax,Python,Python,768,568,0.9964754098360655
ansible/ansible,ipython/ipython,Python,Python,768,843,0.990632318501171
ansible/ansible,jupyterlab/jupyterlab,Python,Python,768,200,0.9942145642057603
ansible/ansible,lightning-ai/lightning,Python,Python,768,374,0.9914505283381364
ansible/ansible,mesonbuild/meson,Python,Python,768,945,0.9898559702648289
ansible/ansible,prefecthq/prefect,Python,Python,768,406,0.9923821473382327
ansible/ansible,pyca/cryptography,Python,Python,768,337,0.9893057988383885
ansible/ansible,pydata/xarray,Python,Python,768,122,0.9926588897827836
ansible/ansible,pytest-dev/pytest,Python,Python,768,118,0.9916140489344909
ansible/ansible,sphinx-doc/sphinx,Python,Python,768,186,0.9870796123883716
ansible/ansible,eclipse-aspectj/aspectj,Python,Java,768,269,0.9966925748304944
ansible/ansible,eclipse-birt/birt,Python,Java,768,3498,0.9983982701317423
ansible/ansible,eclipse-jdt/eclipse.jdt.ui,Python,Java,768,2543,0.9980346614257638
ansible/ansible,eclipse-platform/eclipse.platform.swt,Python,Java,768,90,0.9977574102964119
ansible/ansible,eclipse-platform/eclipse.platform.ui,Python,Java,768,2063,0.9979912956143288
ansible/ansible,apache/tomcat,Python,Java,768,51,0.9973248276571663
langchain-ai/langchain,odoo/odoo,Python,Python,130,115,0.9938099389712293
langchain-ai/langchain,quarkusio/quarkus,Python,Java,130,950,0.9966138962181178
langchain-ai/langchain,hannah-sten/texify-idea,Python,Kotlin,130,53,0.9884371503170459
langchain-ai/langchain,horizontalsystems/unstoppable-wallet-android,Python,Kotlin,130,15,0.9949529708648772
langchain-ai/langchain,intellij-rust/intellij-rust,Python,Kotlin,130,233,0.9940158709509561
langchain-ai/langchain,jwstegemann/fritz2,Python,Kotlin,130,12,0.9919436052366566
langchain-ai/langchain,square/anvil,Python,Kotlin,130,49,0.9975290338522362
langchain-ai/langchain,square/kotlinpoet,Python,Kotlin,130,24,0.9962377727614747
langchain-ai/langchain,square/leakcanary,Python,Kotlin,130,36,0.9947818826967231
langchain-ai/langchain,square/okhttp,Python,Kotlin,130,15,0.9969924812030075
langchain-ai/langchain,thundernest/k-9,Python,Kotlin,130,146,0.9945533769063181
langchain-ai/langchain,dmwm/wmcore,Python,Python,130,263,0.9938385705483672
langchain-ai/langchain,rucio/rucio,Python,Python,130,297,0.9925240299038803
langchain-ai/langchain,iterative/dvc,Python,Python,130,132,0.9908549553381539
langchain-ai/langchain,conda/conda,Python,Python,130,608,0.9846472313265482
langchain-ai/langchain,dagster-io/dagster,Python,Python,130,154,0.9863506722803205
langchain-ai/langchain,django/django,Python,Python,130,850,0.9917234154007334
langchain-ai/langchain,googleapis/google-cloud-python,Python,Python,130,911,0.9936749918910153
langchain-ai/langchain,huggingface/transformers,Python,Python,130,1049,0.9921602111309478
langchain-ai/langchain,pandas-dev/pandas,Python,Python,130,5016,0.9936530713615541
langchain-ai/langchain,qiskit/qiskit,Python,Python,130,1356,0.9900052056220718
langchain-ai/langchain,scipy/scipy,Python,Python,130,100,0.9951840385276918
langchain-ai/langchain,sympy/sympy,Python,Python,130,384,0.9953412238730799
langchain-ai/langchain,matplotlib/matplotlib,Python,Python,130,184,0.9867447595561035
langchain-ai/langchain,numpy/numpy,Python,Python,130,803,0.9916620344635909
langchain-ai/langchain,open-mmlab/mmdetection,Python,Python,130,103,0.9949605241054931
langchain-ai/langchain,pantsbuild/pants,Python,Python,130,734,0.9918665790338482
langchain-ai/langchain,pypa/pip,Python,Python,130,684,0.9851067096576078
langchain-ai/langchain,ray-project/ray,Python,Python,130,340,0.9909202203631912
langchain-ai/langchain,scikit-learn/scikit-learn,Python,Python,130,228,0.9852798447104497
langchain-ai/langchain,wagtail/wagtail,Python,Python,130,407,0.9909938887101962
langchain-ai/langchain,ytdl-org/youtube-dl,Python,Python,130,309,0.9965700565940662
langchain-ai/langchain,celery/celery,Python,Python,130,245,0.9928302563183367
langchain-ai/langchain,conan-io/conan,Python,Python,130,858,0.9949543161052775
langchain-ai/langchain,docker/compose,Python,Python,130,583,0.9942589836274718
langchain-ai/langchain,google/jax,Python,Python,130,568,0.9935594675826535
langchain-ai/langchain,ipython/ipython,Python,Python,130,843,0.9882845188284519
langchain-ai/langchain,jupyterlab/jupyterlab,Python,Python,130,200,0.9917672373468052
langchain-ai/langchain,lightning-ai/lightning,Python,Python,130,374,0.9813353857994997
langchain-ai/langchain,mesonbuild/meson,Python,Python,130,945,0.9938968965069471
langchain-ai/langchain,prefecthq/prefect,Python,Python,130,406,0.9801513877207738
langchain-ai/langchain,pyca/cryptography,Python,Python,130,337,0.9898828541001065
langchain-ai/langchain,pydata/xarray,Python,Python,130,122,0.9906996406679349
langchain-ai/langchain,pytest-dev/pytest,Python,Python,130,118,0.9904529758277473
langchain-ai/langchain,sphinx-doc/sphinx,Python,Python,130,186,0.9890833803877283
langchain-ai/langchain,eclipse-aspectj/aspectj,Python,Java,130,269,0.9949135300101729
langchain-ai/langchain,eclipse-birt/birt,Python,Java,130,3498,0.9968117408906882
langchain-ai/langchain,eclipse-jdt/eclipse.jdt.ui,Python,Java,130,2543,0.9985316980480221
langchain-ai/langchain,eclipse-platform/eclipse.platform.swt,Python,Java,130,90,0.9974221693436447
langchain-ai/langchain,eclipse-platform/eclipse.platform.ui,Python,Java,130,2063,0.9981485291092368
langchain-ai/langchain,apache/tomcat,Python,Java,130,51,0.9962272525521527
odoo/odoo,quarkusio/quarkus,Python,Java,115,950,0.9954536915273342
odoo/odoo,hannah-sten/texify-idea,Python,Kotlin,115,53,0.9940456858287323
odoo/odoo,horizontalsystems/unstoppable-wallet-android,Python,Kotlin,115,15,0.9836045664318679
odoo/odoo,intellij-rust/intellij-rust,Python,Kotlin,115,233,0.9944646254973188
odoo/odoo,jwstegemann/fritz2,Python,Kotlin,115,12,0.9952848222250542
odoo/odoo,square/anvil,Python,Kotlin,115,49,0.9976016157535976
odoo/odoo,square/kotlinpoet,Python,Kotlin,115,24,0.997583312134317
odoo/odoo,square/leakcanary,Python,Kotlin,115,36,0.9973459496884376
odoo/odoo,square/okhttp,Python,Kotlin,115,15,0.9986013986013986
odoo/odoo,thundernest/k-9,Python,Kotlin,115,146,0.9865061644500533
odoo/odoo,dmwm/wmcore,Python,Python,115,263,0.9935371852995081
odoo/odoo,rucio/rucio,Python,Python,115,297,0.9934688718002739
odoo/odoo,iterative/dvc,Python,Python,115,132,0.9954529555788737
odoo/odoo,conda/conda,Python,Python,115,608,0.9904880066170388
odoo/odoo,dagster-io/dagster,Python,Python,115,154,0.9832267082414924
odoo/odoo,django/django,Python,Python,115,850,0.9869597615499255
odoo/odoo,googleapis/google-cloud-python,Python,Python,115,911,0.9962361942370581
odoo/odoo,huggingface/transformers,Python,Python,115,1049,0.9965389664637785
odoo/odoo,pandas-dev/pandas,Python,Python,115,5016,0.9934527598435937
odoo/odoo,qiskit/qiskit,Python,Python,115,1356,0.9873887240356083
odoo/odoo,scipy/scipy,Python,Python,115,100,0.9952523480235318
odoo/odoo,sympy/sympy,Python,Python,115,384,0.9932300922399933
odoo/odoo,matplotlib/matplotlib,Python,Python,115,184,0.9719193283798128
odoo/odoo,numpy/numpy,Python,Python,115,803,0.9941724941724942
odoo/odoo,open-mmlab/mmdetection,Python,Python,115,103,0.9971509971509972
odoo/odoo,pantsbuild/pants,Python,Python,115,734,0.9947030597619493
odoo/odoo,pypa/pip,Python,Python,115,684,0.9906623026569118
odoo/odoo,ray-project/ray,Python,Python,115,340,0.9933464941142063
odoo/odoo,scikit-learn/scikit-learn,Python,Python,115,228,0.9907527095555334
odoo/odoo,wagtail/wagtail,Python,Python,115,407,0.9804575064384184
odoo/odoo,ytdl-org/youtube-dl,Python,Python,115,309,0.9964970121574284
odoo/odoo,celery/celery,Python,Python,115,245,0.9920668500105775
odoo/odoo,conan-io/conan,Python,Python,115,858,0.9956281227694503
odoo/odoo,docker/compose,Python,Python,115,583,0.9967358358591746
odoo/odoo,google/jax,Python,Python,115,568,0.9980666543914565
odoo/odoo,ipython/ipython,Python,Python,115,843,0.9818017202354007
odoo/odoo,jupyterlab/jupyterlab,Python,Python,115,200,0.9829030486130184
odoo/odoo,lightning-ai/lightning,Python,Python,115,374,0.9965828924162258
odoo/odoo,mesonbuild/meson,Python,Python,115,945,0.9942121630960609
odoo/odoo,prefecthq/prefect,Python,Python,115,406,0.9883910386965377
odoo/odoo,pyca/cryptography,Python,Python,115,337,0.9905352823640762
odoo/odoo,pydata/xarray,Python,Python,115,122,0.9960492679525912
odoo/odoo,pytest-dev/pytest,Python,Python,115,118,0.9960218231416231
odoo/odoo,sphinx-doc/sphinx,Python,Python,115,186,0.9902046147148454
odoo/odoo,eclipse-aspectj/aspectj,Python,Java,115,269,0.9871699516548903
odoo/odoo,eclipse-birt/birt,Python,Java,115,3498,0.9877723714829701
odoo/odoo,eclipse-jdt/eclipse.jdt.ui,Python,Java,115,2543,0.996764382320585
odoo/odoo,eclipse-platform/eclipse.platform.swt,Python,Java,115,90,0.9959632204530163
odoo/odoo,eclipse-platform/eclipse.platform.ui,Python,Java,115,2063,0.9882326983893506
odoo/odoo,apache/tomcat,Python,Java,115,51,0.9970170624030545
quarkusio/quarkus,hannah-sten/texify-idea,Java,Kotlin,950,53,0.9952701384825434
quarkusio/quarkus,horizontalsystems/unstoppable-wallet-android,Java,Kotlin,950,15,0.9973852858241476
quarkusio/quarkus,intellij-rust/intellij-rust,Java,Kotlin,950,233,0.9958393553190558
quarkusio/quarkus,jwstegemann/fritz2,Java,Kotlin,950,12,0.9971231300345225
quarkusio/quarkus,square/anvil,Java,Kotlin,950,49,0.9983327254728286
quarkusio/quarkus,square/kotlinpoet,Java,Kotlin,950,24,0.9982229655568913
quarkusio/quarkus,square/leakcanary,Java,Kotlin,950,36,0.9973416261222852
quarkusio/quarkus,square/okhttp,Java,Kotlin,950,15,0.9970213210702341
quarkusio/quarkus,thundernest/k-9,Java,Kotlin,950,146,0.995317787770618
quarkusio/quarkus,dmwm/wmcore,Java,Python,950,263,0.9978278953692578
quarkusio/quarkus,rucio/rucio,Java,Python,950,297,0.996821421691389
quarkusio/quarkus,iterative/dvc,Java,Python,950,132,0.9988411930673116
quarkusio/quarkus,conda/conda,Java,Python,950,608,0.9975170701427685
quarkusio/quarkus,dagster-io/dagster,Java,Python,950,154,0.9949450990894483
quarkusio/quarkus,django/django,Java,Python,950,850,0.9972054594791624
quarkusio/quarkus,googleapis/google-cloud-python,Java,Python,950,911,0.9981803624717956
quarkusio/quarkus,huggingface/transformers,Java,Python,950,1049,0.9985372292982269
quarkusio/quarkus,pandas-dev/pandas,Java,Python,950,5016,0.9977754396512851
quarkusio/quarkus,qiskit/qiskit,Java,Python,950,1356,0.995919356793665
quarkusio/quarkus,scipy/scipy,Java,Python,950,100,0.9990935114503817
quarkusio/quarkus,sympy/sympy,Java,Python,950,384,0.9983541233541233
quarkusio/quarkus,matplotlib/matplotlib,Java,Python,950,184,0.9937133083714695
quarkusio/quarkus,numpy/numpy,Java,Python,950,803,0.9979287489643744
quarkusio/quarkus,open-mmlab/mmdetection,Java,Python,950,103,0.9988151097208399
quarkusio/quarkus,pantsbuild/pants,Java,Python,950,734,0.9966322571198477
quarkusio/quarkus,pypa/pip,Java,Python,950,684,0.9966295766194192
quarkusio/quarkus,ray-project/ray,Java,Python,950,340,0.9949492925001002
quarkusio/quarkus,scikit-learn/scikit-learn,Java,Python,950,228,0.9974681170292573
quarkusio/quarkus,wagtail/wagtail,Java,Python,950,407,0.9948923303232133
quarkusio/quarkus,ytdl-org/youtube-dl,Java,Python,950,309,0.9996662852784134
quarkusio/quarkus,celery/celery,Java,Python,950,245,0.9980699638118214
quarkusio/quarkus,conan-io/conan,Java,Python,950,858,0.9994661446747931
quarkusio/quarkus,docker/compose,Java,Python,950,583,0.9983373639661427
quarkusio/quarkus,google/jax,Java,Python,950,568,0.9988704649166403
quarkusio/quarkus,ipython/ipython,Java,Python,950,843,0.9961012771678244
quarkusio/quarkus,jupyterlab/jupyterlab,Java,Python,950,200,0.9953936672601997
quarkusio/quarkus,lightning-ai/lightning,Java,Python,950,374,0.9977879368824657
quarkusio/quarkus,mesonbuild/meson,Java,Python,950,945,0.9972424056727655
quarkusio/quarkus,prefecthq/prefect,Java,Python,950,406,0.9955903271692745
quarkusio/quarkus,pyca/cryptography,Java,Python,950,337,0.9980750721847931
quarkusio/quarkus,pydata/xarray,Java,Python,950,122,0.9979373144840771
quarkusio/quarkus,pytest-dev/pytest,Java,Python,950,118,0.9989536100453436
quarkusio/quarkus,sphinx-doc/sphinx,Java,Python,950,186,0.9968717923652183
quarkusio/quarkus,eclipse-aspectj/aspectj,Java,Java,950,269,0.9965949332606919
quarkusio/quarkus,eclipse-birt/birt,Java,Java,950,3498,0.9967626414553789
quarkusio/quarkus,eclipse-jdt/eclipse.jdt.ui,Java,Java,950,2543,0.9981663735359054
quarkusio/quarkus,eclipse-platform/eclipse.platform.swt,Java,Java,950,90,0.9988607093322766
quarkusio/quarkus,eclipse-platform/eclipse.platform.ui,Java,Java,950,2063,0.9981100209104069
quarkusio/quarkus,apache/tomcat,Java,Java,950,51,0.9945549844791614
hannah-sten/texify-idea,horizontalsystems/unstoppable-wallet-android,Kotlin,Kotlin,53,15,0.9830747531734838
hannah-sten/texify-idea,intellij-rust/intellij-rust,Kotlin,Kotlin,53,233,0.9899175068744271
hannah-sten/texify-idea,jwstegemann/fritz2,Kotlin,Kotlin,53,12,0.9804597701149426
hannah-sten/texify-idea,square/anvil,Kotlin,Kotlin,53,49,0.990633608815427
hannah-sten/texify-idea,square/kotlinpoet,Kotlin,Kotlin,53,24,0.9863247863247864
hannah-sten/texify-idea,square/leakcanary,Kotlin,Kotlin,53,36,0.987495115279406
hannah-sten/texify-idea,square/okhttp,Kotlin,Kotlin,53,15,0.9948805460750854
hannah-sten/texify-idea,thundernest/k-9,Kotlin,Kotlin,53,146,0.9856904364416885
hannah-sten/texify-idea,dmwm/wmcore,Kotlin,Python,53,263,0.9934272300469483
hannah-sten/texify-idea,rucio/rucio,Kotlin,Python,53,297,0.9932073242764323
hannah-sten/texify-idea,iterative/dvc,Kotlin,Python,53,132,0.9947368421052631
hannah-sten/texify-idea,conda/conda,Kotlin,Python,53,608,0.9938288920056101
hannah-sten/texify-idea,dagster-io/dagster,Kotlin,Python,53,154,0.993516888106291
hannah-sten/texify-idea,django/django,Kotlin,Python,53,850,0.9919321755777383
hannah-sten/texify-idea,googleapis/google-cloud-python,Kotlin,Python,53,911,0.9954455445544554
hannah-sten/texify-idea,huggingface/transformers,Kotlin,Python,53,1049,0.997183363064501
hannah-sten/texify-idea,pandas-dev/pandas,Kotlin,Python,53,5016,0.9972933845282306
hannah-sten/texify-idea,qiskit/qiskit,Kotlin,Python,53,1356,0.9962023599620236
hannah-sten/texify-idea,scipy/scipy,Kotlin,Python,53,100,0.9921831379117811
hannah-sten/texify-idea,sympy/sympy,Kotlin,Python,53,384,0.9966725043782837
hannah-sten/texify-idea,matplotlib/matplotlib,Kotlin,Python,53,184,0.9898942420681551
hannah-sten/texify-idea,numpy/numpy,Kotlin,Python,53,803,0.9952676722863059
hannah-sten/texify-idea,open-mmlab/mmdetection,Kotlin,Python,53,103,0.9951625907014243
hannah-sten/texify-idea,pantsbuild/pants,Kotlin,Python,53,734,0.9945674044265593
hannah-sten/texify-idea,pypa/pip,Kotlin,Python,53,684,0.9936930623686054
hannah-sten/texify-idea,ray-project/ray,Kotlin,Python,53,340,0.9918086933544722
hannah-sten/texify-idea,scikit-learn/scikit-learn,Kotlin,Python,53,228,0.9934177215189873
hannah-sten/texify-idea,wagtail/wagtail,Kotlin,Python,53,407,0.9915433403805497
hannah-sten/texify-idea,ytdl-org/youtube-dl,Kotlin,Python,53,309,0.9983324068927182
hannah-sten/texify-idea,celery/celery,Kotlin,Python,53,245,0.99521959964147
hannah-sten/texify-idea,conan-io/conan,Kotlin,Python,53,858,0.9968627450980392
hannah-sten/texify-idea,docker/compose,Kotlin,Python,53,583,0.9959514170040485
hannah-sten/texify-idea,google/jax,Kotlin,Python,53,568,0.9976866456361725
hannah-sten/texify-idea,ipython/ipython,Kotlin,Python,53,843,0.9833907231112011
hannah-sten/texify-idea,jupyterlab/jupyterlab,Kotlin,Python,53,200,0.988883632923368
hannah-sten/texify-idea,lightning-ai/lightning,Kotlin,Python,53,374,0.9892074198988196
hannah-sten/texify-idea,mesonbuild/meson,Kotlin,Python,53,945,0.9939648866130212
hannah-sten/texify-idea,prefecthq/prefect,Kotlin,Python,53,406,0.986260775862069
hannah-sten/texify-idea,pyca/cryptography,Kotlin,Python,53,337,0.9929453262786596
hannah-sten/texify-idea,pydata/xarray,Kotlin,Python,53,122,0.9939975990396158
hannah-sten/texify-idea,pytest-dev/pytest,Kotlin,Python,53,118,0.9936826458565589
hannah-sten/texify-idea,sphinx-doc/sphinx,Kotlin,Python,53,186,0.9850697825381369
hannah-sten/texify-idea,eclipse-aspectj/aspectj,Kotlin,Java,53,269,0.9959122203098106
hannah-sten/texify-idea,eclipse-birt/birt,Kotlin,Java,53,3498,0.996234381240372
hannah-sten/texify-idea,eclipse-jdt/eclipse.jdt.ui,Kotlin,Java,53,2543,0.9971107544141252
hannah-sten/texify-idea,eclipse-platform/eclipse.platform.swt,Kotlin,Java,53,90,0.9950177935943061
hannah-sten/texify-idea,eclipse-platform/eclipse.platform.ui,Kotlin,Java,53,2063,0.9962616822429906
hannah-sten/texify-idea,apache/tomcat,Kotlin,Java,53,51,0.9894412670479542
horizontalsystems/unstoppable-wallet-android,intellij-rust/intellij-rust,Kotlin,Kotlin,15,233,0.9961814914645103
horizontalsystems/unstoppable-wallet-android,jwstegemann/fritz2,Kotlin,Kotlin,15,12,0.9837177747625508
horizontalsystems/unstoppable-wallet-android,square/anvil,Kotlin,Kotlin,15,49,0.9926108374384236
horizontalsystems/unstoppable-wallet-android,square/kotlinpoet,Kotlin,Kotlin,15,24,0.988031914893617
horizontalsystems/unstoppable-wallet-android,square/leakcanary,Kotlin,Kotlin,15,36,0.9852185089974294
horizontalsystems/unstoppable-wallet-android,square/okhttp,Kotlin,Kotlin,15,15,0.9973509933774835
horizontalsystems/unstoppable-wallet-android,thundernest/k-9,Kotlin,Kotlin,15,146,0.965203761755486
horizontalsystems/unstoppable-wallet-android,dmwm/wmcore,Kotlin,Python,15,263,0.9941664108074916
horizontalsystems/unstoppable-wallet-android,rucio/rucio,Kotlin,Python,15,297,0.9966428871170793
horizontalsystems/unstoppable-wallet-android,iterative/dvc,Kotlin,Python,15,132,0.9959100204498977
horizontalsystems/unstoppable-wallet-android,conda/conda,Kotlin,Python,15,608,0.9953161592505855
horizontalsystems/unstoppable-wallet-android,dagster-io/dagster,Kotlin,Python,15,154,0.9955617439735445
horizontalsystems/unstoppable-wallet-android,django/django,Kotlin,Python,15,850,0.9952456418383518
horizontalsystems/unstoppable-wallet-android,googleapis/google-cloud-python,Kotlin,Python,15,911,0.9972518412663516
horizontalsystems/unstoppable-wallet-android,huggingface/transformers,Kotlin,Python,15,1049,0.998237976782753
horizontalsystems/unstoppable-wallet-android,pandas-dev/pandas,Kotlin,Python,15,5016,0.9969766191883902
horizontalsystems/unstoppable-wallet-android,qiskit/qiskit,Kotlin,Python,15,1356,0.9941915227629513
horizontalsystems/unstoppable-wallet-android,scipy/scipy,Kotlin,Python,15,100,0.9961225281116712
horizontalsystems/unstoppable-wallet-android,sympy/sympy,Kotlin,Python,15,384,0.9985128531973656
horizontalsystems/unstoppable-wallet-android,matplotlib/matplotlib,Kotlin,Python,15,184,0.9757072570725708
horizontalsystems/unstoppable-wallet-android,numpy/numpy,Kotlin,Python,15,803,0.9942698385136308
horizontalsystems/unstoppable-wallet-android,open-mmlab/mmdetection,Kotlin,Python,15,103,0.9966887417218543
horizontalsystems/unstoppable-wallet-android,pantsbuild/pants,Kotlin,Python,15,734,0.997762112565738
horizontalsystems/unstoppable-wallet-android,pypa/pip,Kotlin,Python,15,684,0.9969493593654668
horizontalsystems/unstoppable-wallet-android,ray-project/ray,Kotlin,Python,15,340,0.9946695095948828
horizontalsystems/unstoppable-wallet-android,scikit-learn/scikit-learn,Kotlin,Python,15,228,0.987444859178826
horizontalsystems/unstoppable-wallet-android,wagtail/wagtail,Kotlin,Python,15,407,0.9924491135915955
horizontalsystems/unstoppable-wallet-android,ytdl-org/youtube-dl,Kotlin,Python,15,309,0.9988439306358381
horizontalsystems/unstoppable-wallet-android,celery/celery,Kotlin,Python,15,245,0.9914675767918089
horizontalsystems/unstoppable-wallet-android,conan-io/conan,Kotlin,Python,15,858,0.9987795948254821
horizontalsystems/unstoppable-wallet-android,docker/compose,Kotlin,Python,15,583,0.9959100204498977
horizontalsystems/unstoppable-wallet-android,google/jax,Kotlin,Python,15,568,0.996268656716418
horizontalsystems/unstoppable-wallet-android,ipython/ipython,Kotlin,Python,15,843,0.9916115912557194
horizontalsystems/unstoppable-wallet-android,jupyterlab/jupyterlab,Kotlin,Python,15,200,0.9896685898295988
horizontalsystems/unstoppable-wallet-android,lightning-ai/lightning,Kotlin,Python,15,374,0.9928644240570846
horizontalsystems/unstoppable-wallet-android,mesonbuild/meson,Kotlin,Python,15,945,0.9952967525195968
horizontalsystems/unstoppable-wallet-android,prefecthq/prefect,Kotlin,Python,15,406,0.9874492432631967
horizontalsystems/unstoppable-wallet-android,pyca/cryptography,Kotlin,Python,15,337,0.992080033347228
horizontalsystems/unstoppable-wallet-android,pydata/xarray,Kotlin,Python,15,122,0.9959893048128342
horizontalsystems/unstoppable-wallet-android,pytest-dev/pytest,Kotlin,Python,15,118,0.9964454976303317
horizontalsystems/unstoppable-wallet-android,sphinx-doc/sphinx,Kotlin,Python,15,186,0.9918190567853705
horizontalsystems/unstoppable-wallet-android,eclipse-aspectj/aspectj,Kotlin,Java,15,269,0.9936899862825789
horizontalsystems/unstoppable-wallet-android,eclipse-birt/birt,Kotlin,Java,15,3498,0.9959452916969257
horizontalsystems/unstoppable-wallet-android,eclipse-jdt/eclipse.jdt.ui,Kotlin,Java,15,2543,0.9974826180771997
horizontalsystems/unstoppable-wallet-android,eclipse-platform/eclipse.platform.swt,Kotlin,Java,15,90,0.9944659656889873
horizontalsystems/unstoppable-wallet-android,eclipse-platform/eclipse.platform.ui,Kotlin,Java,15,2063,0.9899799599198397
horizontalsystems/unstoppable-wallet-android,apache/tomcat,Kotlin,Java,15,51,0.9944881889763779
intellij-rust/intellij-rust,jwstegemann/fritz2,Kotlin,Kotlin,233,12,0.9867158671586715
intellij-rust/intellij-rust,square/anvil,Kotlin,Kotlin,233,49,0.9925120772946859
intellij-rust/intellij-rust,square/kotlinpoet,Kotlin,Kotlin,233,24,0.9901960784313726
intellij-rust/intellij-rust,square/leakcanary,Kotlin,Kotlin,233,36,0.9922194922194922
intellij-rust/intellij-rust,square/okhttp,Kotlin,Kotlin,233,15,0.9975508204751409
intellij-rust/intellij-rust,thundernest/k-9,Kotlin,Kotlin,233,146,0.9929426204357165
intellij-rust/intellij-rust,dmwm/wmcore,Kotlin,Python,233,263,0.9962034927866363
intellij-rust/intellij-rust,rucio/rucio,Kotlin,Python,233,297,0.9935212747329715
intellij-rust/intellij-rust,iterative/dvc,Kotlin,Python,233,132,0.9941605839416059
intellij-rust/intellij-rust,conda/conda,Kotlin,Python,233,608,0.9911714770797962
intellij-rust/intellij-rust,dagster-io/dagster,Kotlin,Python,233,154,0.993589311019637
intellij-rust/intellij-rust,django/django,Kotlin,Python,233,850,0.9949159576675659
intellij-rust/intellij-rust,googleapis/google-cloud-python,Kotlin,Python,233,911,0.9958953722334004
intellij-rust/intellij-rust,huggingface/transformers,Kotlin,Python,233,1049,0.99730271270037
intellij-rust/intellij-rust,pandas-dev/pandas,Kotlin,Python,233,5016,0.9964858335163629
intellij-rust/intellij-rust,qiskit/qiskit,Kotlin,Python,233,1356,0.9943287275726954
intellij-rust/intellij-rust,scipy/scipy,Kotlin,Python,233,100,0.9937362451328932
intellij-rust/intellij-rust,sympy/sympy,Kotlin,Python,233,384,0.9957685127566895
intellij-rust/intellij-rust,matplotlib/matplotlib,Kotlin,Python,233,184,0.9919452887537994
intellij-rust/intellij-rust,numpy/numpy,Kotlin,Python,233,803,0.9940574447012215
intellij-rust/intellij-rust,open-mmlab/mmdetection,Kotlin,Python,233,103,0.996526629176315
intellij-rust/intellij-rust,pantsbuild/pants,Kotlin,Python,233,734,0.9924174480228292
intellij-rust/intellij-rust,pypa/pip,Kotlin,Python,233,684,0.9933393884347563
intellij-rust/intellij-rust,ray-project/ray,Kotlin,Python,233,340,0.9952496462502527
intellij-rust/intellij-rust,scikit-learn/scikit-learn,Kotlin,Python,233,228,0.9949003984063745
intellij-rust/intellij-rust,wagtail/wagtail,Kotlin,Python,233,407,0.9922505307855626
intellij-rust/intellij-rust,ytdl-org/youtube-dl,Kotlin,Python,233,309,0.9972986662164444
intellij-rust/intellij-rust,celery/celery,Kotlin,Python,233,245,0.9950634696755994
intellij-rust/intellij-rust,conan-io/conan,Kotlin,Python,233,858,0.9947474747474747
intellij-rust/intellij-rust,docker/compose,Kotlin,Python,233,583,0.9968717413972888
intellij-rust/intellij-rust,google/jax,Kotlin,Python,233,568,0.9975988700564972
intellij-rust/intellij-rust,ipython/ipython,Kotlin,Python,233,843,0.9947672817405674
intellij-rust/intellij-rust,jupyterlab/jupyterlab,Kotlin,Python,233,200,0.9937853631388553
intellij-rust/intellij-rust,lightning-ai/lightning,Kotlin,Python,233,374,0.9928166351606805
intellij-rust/intellij-rust,mesonbuild/meson,Kotlin,Python,233,945,0.9920441421788785
intellij-rust/intellij-rust,prefecthq/prefect,Kotlin,Python,233,406,0.9940367732317377
intellij-rust/intellij-rust,pyca/cryptography,Kotlin,Python,233,337,0.9937139863803038
intellij-rust/intellij-rust,pydata/xarray,Kotlin,Python,233,122,0.9939883913764511
intellij-rust/intellij-rust,pytest-dev/pytest,Kotlin,Python,233,118,0.9958133971291866
intellij-rust/intellij-rust,sphinx-doc/sphinx,Kotlin,Python,233,186,0.9911209766925638
intellij-rust/intellij-rust,eclipse-aspectj/aspectj,Kotlin,Java,233,269,0.9978488455471103
intellij-rust/intellij-rust,eclipse-birt/birt,Kotlin,Java,233,3498,0.9988917993149304
intellij-rust/intellij-rust,eclipse-jdt/eclipse.jdt.ui,Kotlin,Java,233,2543,0.9985432733504713
intellij-rust/intellij-rust,eclipse-platform/eclipse.platform.swt,Kotlin,Java,233,90,0.9964946445959104
intellij-rust/intellij-rust,eclipse-platform/eclipse.platform.ui,Kotlin,Java,233,2063,0.9965359144167091
intellij-rust/intellij-rust,apache/tomcat,Kotlin,Java,233,51,0.9973901696389734
jwstegemann/fritz2,square/anvil,Kotlin,Kotlin,12,49,0.9858490566037735
jwstegemann/fritz2,square/kotlinpoet,Kotlin,Kotlin,12,24,0.9725274725274725
jwstegemann/fritz2,square/leakcanary,Kotlin,Kotlin,12,36,0.985445205479452
jwstegemann/fritz2,square/okhttp,Kotlin,Kotlin,12,15,0.9727520435967303
jwstegemann/fritz2,thundernest/k-9,Kotlin,Kotlin,12,146,0.9825187299322155
jwstegemann/fritz2,dmwm/wmcore,Kotlin,Python,12,263,0.99198606271777
jwstegemann/fritz2,rucio/rucio,Kotlin,Python,12,297,0.9904761904761905
jwstegemann/fritz2,iterative/dvc,Kotlin,Python,12,132,0.9925857275254866
jwstegemann/fritz2,conda/conda,Kotlin,Python,12,608,0.9926402943882244
jwstegemann/fritz2,dagster-io/dagster,Kotlin,Python,12,154,0.9965775015761505
jwstegemann/fritz2,django/django,Kotlin,Python,12,850,0.9957791659631944
jwstegemann/fritz2,googleapis/google-cloud-python,Kotlin,Python,12,911,0.9971294063612355
jwstegemann/fritz2,huggingface/transformers,Kotlin,Python,12,1049,0.9971925278047727
jwstegemann/fritz2,pandas-dev/pandas,Kotlin,Python,12,5016,0.9984133554083885
jwstegemann/fritz2,qiskit/qiskit,Kotlin,Python,12,1356,0.9964894684052157
jwstegemann/fritz2,scipy/scipy,Kotlin,Python,12,100,0.9931538110451849
jwstegemann/fritz2,sympy/sympy,Kotlin,Python,12,384,0.9967585089141004
jwstegemann/fritz2,matplotlib/matplotlib,Kotlin,Python,12,184,0.9926701570680628
jwstegemann/fritz2,numpy/numpy,Kotlin,Python,12,803,0.9957185405807892
jwstegemann/fritz2,open-mmlab/mmdetection,Kotlin,Python,12,103,0.9935622317596566
jwstegemann/fritz2,pantsbuild/pants,Kotlin,Python,12,734,0.9960233918128655
jwstegemann/fritz2,pypa/pip,Kotlin,Python,12,684,0.9941176470588236
jwstegemann/fritz2,ray-project/ray,Kotlin,Python,12,340,0.9949830069590548
jwstegemann/fritz2,scikit-learn/scikit-learn,Kotlin,Python,12,228,0.9929660023446659
jwstegemann/fritz2,wagtail/wagtail,Kotlin,Python,12,407,0.9929873772791024
jwstegemann/fritz2,ytdl-org/youtube-dl,Kotlin,Python,12,309,0.9945652173913043
jwstegemann/fritz2,celery/celery,Kotlin,Python,12,245,0.9923312883435583
jwstegemann/fritz2,conan-io/conan,Kotlin,Python,12,858,0.9975741239892183
jwstegemann/fritz2,docker/compose,Kotlin,Python,12,583,0.9907407407407407
jwstegemann/fritz2,google/jax,Kotlin,Python,12,568,0.995243757431629
jwstegemann/fritz2,ipython/ipython,Kotlin,Python,12,843,0.9923879334649
jwstegemann/fritz2,jupyterlab/jupyterlab,Kotlin,Python,12,200,0.9956127936597792
jwstegemann/fritz2,lightning-ai/lightning,Kotlin,Python,12,374,0.9841168996188056
jwstegemann/fritz2,mesonbuild/meson,Kotlin,Python,12,945,0.9946051986267779
jwstegemann/fritz2,prefecthq/prefect,Kotlin,Python,12,406,0.9883720930232558
jwstegemann/fritz2,pyca/cryptography,Kotlin,Python,12,337,0.9925410243659871
jwstegemann/fritz2,pydata/xarray,Kotlin,Python,12,122,0.9864620938628159
jwstegemann/fritz2,pytest-dev/pytest,Kotlin,Python,12,118,0.98923904688701
jwstegemann/fritz2,sphinx-doc/sphinx,Kotlin,Python,12,186,0.9875813128326434
jwstegemann/fritz2,eclipse-aspectj/aspectj,Kotlin,Java,12,269,0.994475138121547
jwstegemann/fritz2,eclipse-birt/birt,Kotlin,Java,12,3498,0.9985127347090538
jwstegemann/fritz2,eclipse-jdt/eclipse.jdt.ui,Kotlin,Java,12,2543,0.9983658076681332
jwstegemann/fritz2,eclipse-platform/eclipse.platform.swt,Kotlin,Java,12,90,0.9943661971830986
jwstegemann/fritz2,eclipse-platform/eclipse.platform.ui,Kotlin,Java,12,2063,0.9968847352024922
jwstegemann/fritz2,apache/tomcat,Kotlin,Java,12,51,0.984144960362401
square/anvil,square/kotlinpoet,Kotlin,Kotlin,49,24,0.958997722095672
square/anvil,square/leakcanary,Kotlin,Kotlin,49,36,0.9823008849557522
square/anvil,square/okhttp,Kotlin,Kotlin,49,15,0.981941309255079
square/anvil,thundernest/k-9,Kotlin,Kotlin,49,146,0.9916608756080612
square/anvil,dmwm/wmcore,Kotlin,Python,49,263,0.99830220713073
square/anvil,rucio/rucio,Kotlin,Python,49,297,0.9975857073877354
square/anvil,iterative/dvc,Kotlin,Python,49,132,0.9991341991341991
square/anvil,conda/conda,Kotlin,Python,49,608,0.9968888888888889
square/anvil,dagster-io/dagster,Kotlin,Python,49,154,0.9983003846497898
square/anvil,django/django,Kotlin,Python,49,850,0.9974991663887962
square/anvil,googleapis/google-cloud-python,Kotlin,Python,49,911,0.9980648833238475
square/anvil,huggingface/transformers,Kotlin,Python,49,1049,0.9983933161953727
square/anvil,pandas-dev/pandas,Kotlin,Python,49,5016,0.9991765028822399
square/anvil,qiskit/qiskit,Kotlin,Python,49,1356,0.998679432155827
square/anvil,scipy/scipy,Kotlin,Python,49,100,0.9982347749338041
square/anvil,sympy/sympy,Kotlin,Python,49,384,0.999089667728721
square/anvil,matplotlib/matplotlib,Kotlin,Python,49,184,0.9972789115646259
square/anvil,numpy/numpy,Kotlin,Python,49,803,0.9981641270424086
square/anvil,open-mmlab/mmdetection,Kotlin,Python,49,103,0.9983367983367983
square/anvil,pantsbuild/pants,Kotlin,Python,49,734,0.9973333333333333
square/anvil,pypa/pip,Kotlin,Python,49,684,0.9969656102494943
square/anvil,ray-project/ray,Kotlin,Python,49,340,0.998081228014071
square/anvil,scikit-learn/scikit-learn,Kotlin,Python,49,228,0.9984813971146546
square/anvil,wagtail/wagtail,Kotlin,Python,49,407,0.9979238754325259
square/anvil,ytdl-org/youtube-dl,Kotlin,Python,49,309,1.0
square/anvil,celery/celery,Kotlin,Python,49,245,0.9970472440944882
square/anvil,conan-io/conan,Kotlin,Python,49,858,0.9992073976221929
square/anvil,docker/compose,Kotlin,Python,49,583,0.9956709956709957
square/anvil,google/jax,Kotlin,Python,49,568,0.9982553067752253
square/anvil,ipython/ipython,Kotlin,Python,49,843,0.9977912755383765
square/anvil,jupyterlab/jupyterlab,Kotlin,Python,49,200,0.997899453858003
square/anvil,lightning-ai/lightning,Kotlin,Python,49,374,0.992116434202547
square/anvil,mesonbuild/meson,Kotlin,Python,49,945,0.9971105225138455
square/anvil,prefecthq/prefect,Kotlin,Python,49,406,0.9949937421777222
square/anvil,pyca/cryptography,Kotlin,Python,49,337,0.9980833732630571
square/anvil,pydata/xarray,Kotlin,Python,49,122,0.9974640743871513
square/anvil,pytest-dev/pytest,Kotlin,Python,49,118,0.997093023255814
square/anvil,sphinx-doc/sphinx,Kotlin,Python,49,186,0.9966024915062288
square/anvil,eclipse-aspectj/aspectj,Kotlin,Java,49,269,0.9981998199819982
square/anvil,eclipse-birt/birt,Kotlin,Java,49,3498,0.9995065383666419
square/anvil,eclipse-jdt/eclipse.jdt.ui,Kotlin,Java,49,2543,0.999252801992528
square/anvil,eclipse-platform/eclipse.platform.swt,Kotlin,Java,49,90,0.9973244147157191
square/anvil,eclipse-platform/eclipse.platform.ui,Kotlin,Java,49,2063,0.9990281827016521
square/anvil,apache/tomcat,Kotlin,Java,49,51,0.9937369519832986
square/kotlinpoet,square/leakcanary,Kotlin,Kotlin,24,36,0.9856297548605241
square/kotlinpoet,square/okhttp,Kotlin,Kotlin,24,15,0.9895287958115183
square/kotlinpoet,thundernest/k-9,Kotlin,Kotlin,24,146,0.9918381831085876
square/kotlinpoet,dmwm/wmcore,Kotlin,Python,24,263,0.9968804159445407
square/kotlinpoet,rucio/rucio,Kotlin,Python,24,297,0.9935323383084577
square/kotlinpoet,iterative/dvc,Kotlin,Python,24,132,0.993601462522852
square/kotlinpoet,conda/conda,Kotlin,Python,24,608,0.9931475559616263
square/kotlinpoet,dagster-io/dagster,Kotlin,Python,24,154,0.9976614499010613
square/kotlinpoet,django/django,Kotlin,Python,24,850,0.9968002694509936
square/kotlinpoet,googleapis/google-cloud-python,Kotlin,Python,24,911,0.9979367262723521
square/kotlinpoet,huggingface/transformers,Kotlin,Python,24,1049,0.9976282880551962
square/kotlinpoet,pandas-dev/pandas,Kotlin,Python,24,5016,0.9983460822824064
square/kotlinpoet,qiskit/qiskit,Kotlin,Python,24,1356,0.9974987493746873
square/kotlinpoet,scipy/scipy,Kotlin,Python,24,100,0.9963735267452403
square/kotlinpoet,sympy/sympy,Kotlin,Python,24,384,0.9979233964005537
square/kotlinpoet,matplotlib/matplotlib,Kotlin,Python,24,184,0.9947916666666666
square/kotlinpoet,numpy/numpy,Kotlin,Python,24,803,0.996658622609987
square/kotlinpoet,open-mmlab/mmdetection,Kotlin,Python,24,103,0.9957356076759062
square/kotlinpoet,pantsbuild/pants,Kotlin,Python,24,734,0.996964389959136
square/kotlinpoet,pypa/pip,Kotlin,Python,24,684,0.9931153184165232
square/kotlinpoet,ray-project/ray,Kotlin,Python,24,340,0.9969325153374233
square/kotlinpoet,scikit-learn/scikit-learn,Kotlin,Python,24,228,0.9945609945609946
square/kotlinpoet,wagtail/wagtail,Kotlin,Python,24,407,0.9959783178877426
square/kotlinpoet,ytdl-org/youtube-dl,Kotlin,Python,24,309,0.9959514170040485
square/kotlinpoet,celery/celery,Kotlin,Python,24,245,0.9928970065956367
square/kotlinpoet,conan-io/conan,Kotlin,Python,24,858,0.9970469798657718
square/kotlinpoet,docker/compose,Kotlin,Python,24,583,0.989041095890411
square/kotlinpoet,google/jax,Kotlin,Python,24,568,0.9964486534477656
square/kotlinpoet,ipython/ipython,Kotlin,Python,24,843,0.9943851768669287
square/kotlinpoet,jupyterlab/jupyterlab,Kotlin,Python,24,200,0.9967518712046322
square/kotlinpoet,lightning-ai/lightning,Kotlin,Python,24,374,0.9893014474512272
square/kotlinpoet,mesonbuild/meson,Kotlin,Python,24,945,0.9938920107500611
square/kotlinpoet,prefecthq/prefect,Kotlin,Python,24,406,0.9927257167308515
square/kotlinpoet,pyca/cryptography,Kotlin,Python,24,337,0.9921026653504442
square/kotlinpoet,pydata/xarray,Kotlin,Python,24,122,0.9928762243989314
square/kotlinpoet,pytest-dev/pytest,Kotlin,Python,24,118,0.993161094224924
square/kotlinpoet,sphinx-doc/sphinx,Kotlin,Python,24,186,0.9923798358733881
square/kotlinpoet,eclipse-aspectj/aspectj,Kotlin,Java,24,269,0.9969446990528567
square/kotlinpoet,eclipse-birt/birt,Kotlin,Java,24,3498,0.9991951461119366
square/kotlinpoet,eclipse-jdt/eclipse.jdt.ui,Kotlin,Java,24,2543,0.998745294855709
square/kotlinpoet,eclipse-platform/eclipse.platform.swt,Kotlin,Java,24,90,0.9951219512195122
square/kotlinpoet,eclipse-platform/eclipse.platform.ui,Kotlin,Java,24,2063,0.998200850507033
square/kotlinpoet,apache/tomcat,Kotlin,Java,24,51,0.9910913140311804
square/leakcanary,square/okhttp,Kotlin,Kotlin,36,15,0.9924114671163575
square/leakcanary,thundernest/k-9,Kotlin,Kotlin,36,146,0.9845389287686361
square/leakcanary,dmwm/wmcore,Kotlin,Python,36,263,0.9940363242071022
square/leakcanary,rucio/rucio,Kotlin,Python,36,297,0.9964463397299218
square/leakcanary,iterative/dvc,Kotlin,Python,36,132,0.9952581664910432
square/leakcanary,conda/conda,Kotlin,Python,36,608,0.9956565319077848
square/leakcanary,dagster-io/dagster,Kotlin,Python,36,154,0.9967287367891293
square/leakcanary,django/django,Kotlin,Python,36,850,0.9958469296944527
square/leakcanary,googleapis/google-cloud-python,Kotlin,Python,36,911,0.9971662468513854
square/leakcanary,huggingface/transformers,Kotlin,Python,36,1049,0.998015873015873
square/leakcanary,pandas-dev/pandas,Kotlin,Python,36,5016,0.9987593862226575
square/leakcanary,qiskit/qiskit,Kotlin,Python,36,1356,0.9972062931921776
square/leakcanary,scipy/scipy,Kotlin,Python,36,100,0.9976744186046511
square/leakcanary,sympy/sympy,Kotlin,Python,36,384,0.9976644608797197
square/leakcanary,matplotlib/matplotlib,Kotlin,Python,36,184,0.995114006514658
square/leakcanary,numpy/numpy,Kotlin,Python,36,803,0.9975771280891617
square/leakcanary,open-mmlab/mmdetection,Kotlin,Python,36,103,0.9961892664337885
square/leakcanary,pantsbuild/pants,Kotlin,Python,36,734,0.9972248905966485
square/leakcanary,pypa/pip,Kotlin,Python,36,684,0.9962253976813157
square/leakcanary,ray-project/ray,Kotlin,Python,36,340,0.9957130608745356
square/leakcanary,scikit-learn/scikit-learn,Kotlin,Python,36,228,0.9934872705743043
square/leakcanary,wagtail/wagtail,Kotlin,Python,36,407,0.9954008891614288
square/leakcanary,ytdl-org/youtube-dl,Kotlin,Python,36,309,0.9993392798149984
square/leakcanary,celery/celery,Kotlin,Python,36,245,0.9953153153153154
square/leakcanary,conan-io/conan,Kotlin,Python,36,858,0.9988960035327887
square/leakcanary,docker/compose,Kotlin,Python,36,583,0.9973670352817272
square/leakcanary,google/jax,Kotlin,Python,36,568,0.9971312455175712
square/leakcanary,ipython/ipython,Kotlin,Python,36,843,0.9958772331653688
square/leakcanary,jupyterlab/jupyterlab,Kotlin,Python,36,200,0.996575776791376
square/leakcanary,lightning-ai/lightning,Kotlin,Python,36,374,0.9903886335144171
square/leakcanary,mesonbuild/meson,Kotlin,Python,36,945,0.9961200735143966
square/leakcanary,prefecthq/prefect,Kotlin,Python,36,406,0.9929958611907036
square/leakcanary,pyca/cryptography,Kotlin,Python,36,337,0.9943462897526502
square/leakcanary,pydata/xarray,Kotlin,Python,36,122,0.9948105864037364
square/leakcanary,pytest-dev/pytest,Kotlin,Python,36,118,0.9981132075471698
square/leakcanary,sphinx-doc/sphinx,Kotlin,Python,36,186,0.9920318725099602
square/leakcanary,eclipse-aspectj/aspectj,Kotlin,Java,36,269,0.9953397105714986
square/leakcanary,eclipse-birt/birt,Kotlin,Java,36,3498,0.9981127624439726
square/leakcanary,eclipse-jdt/eclipse.jdt.ui,Kotlin,Java,36,2543,0.9974925917483474
square/leakcanary,eclipse-platform/eclipse.platform.swt,Kotlin,Java,36,90,0.994193836534167
square/leakcanary,eclipse-platform/eclipse.platform.ui,Kotlin,Java,36,2063,0.9969644405897659
square/leakcanary,apache/tomcat,Kotlin,Java,36,51,0.9935370152761457
square/okhttp,thundernest/k-9,Kotlin,Kotlin,15,146,0.9925558312655087
square/okhttp,dmwm/wmcore,Kotlin,Python,15,263,0.9948060941828255
square/okhttp,rucio/rucio,Kotlin,Python,15,297,0.9930486593843099
square/okhttp,iterative/dvc,Kotlin,Python,15,132,0.9918032786885246
square/okhttp,conda/conda,Kotlin,Python,15,608,0.9931600547195623
square/okhttp,dagster-io/dagster,Kotlin,Python,15,154,0.9983815860456753
square/okhttp,django/django,Kotlin,Python,15,850,0.9968018852045111
square/okhttp,googleapis/google-cloud-python,Kotlin,Python,15,911,0.9979376718606783
square/okhttp,huggingface/transformers,Kotlin,Python,15,1049,0.9985989869598016
square/okhttp,pandas-dev/pandas,Kotlin,Python,15,5016,0.9989665862900448
square/okhttp,qiskit/qiskit,Kotlin,Python,15,1356,0.9978336943842693
square/okhttp,scipy/scipy,Kotlin,Python,15,100,0.9950203712086917
square/okhttp,sympy/sympy,Kotlin,Python,15,384,0.9974636845745908
square/okhttp,matplotlib/matplotlib,Kotlin,Python,15,184,0.9947970863683663
square/okhttp,numpy/numpy,Kotlin,Python,15,803,0.9972170686456401
square/okhttp,open-mmlab/mmdetection,Kotlin,Python,15,103,0.9948892674616695
square/okhttp,pantsbuild/pants,Kotlin,Python,15,734,0.9976657329598506
square/okhttp,pypa/pip,Kotlin,Python,15,684,0.9941560673771055
square/okhttp,ray-project/ray,Kotlin,Python,15,340,0.9967726319186703
square/okhttp,scikit-learn/scikit-learn,Kotlin,Python,15,228,0.9949553744664338
square/okhttp,wagtail/wagtail,Kotlin,Python,15,407,0.9972042634981653
square/okhttp,ytdl-org/youtube-dl,Kotlin,Python,15,309,0.995507637017071
square/okhttp,celery/celery,Kotlin,Python,15,245,0.9929113924050633
square/okhttp,conan-io/conan,Kotlin,Python,15,858,0.9970493562231759
square/okhttp,docker/compose,Kotlin,Python,15,583,0.9908925318761385
square/okhttp,google/jax,Kotlin,Python,15,568,0.9964518036664696
square/okhttp,ipython/ipython,Kotlin,Python,15,843,0.9955119214586255
square/okhttp,jupyterlab/jupyterlab,Kotlin,Python,15,200,0.997459062676454
square/okhttp,lightning-ai/lightning,Kotlin,Python,15,374,0.9905778894472361
square/okhttp,mesonbuild/meson,Kotlin,Python,15,945,0.995849609375
square/okhttp,prefecthq/prefect,Kotlin,Python,15,406,0.994017094017094
square/okhttp,pyca/cryptography,Kotlin,Python,15,337,0.993103448275862
square/okhttp,pydata/xarray,Kotlin,Python,15,122,0.9920071047957372
square/okhttp,pytest-dev/pytest,Kotlin,Python,15,118,0.9924184988627748
square/okhttp,sphinx-doc/sphinx,Kotlin,Python,15,186,0.9906377998829725
square/okhttp,eclipse-aspectj/aspectj,Kotlin,Java,15,269,0.9951159951159951
square/okhttp,eclipse-birt/birt,Kotlin,Java,15,3498,0.998576292169607
square/okhttp,eclipse-jdt/eclipse.jdt.ui,Kotlin,Java,15,2543,0.9984949203562021
square/okhttp,eclipse-platform/eclipse.platform.swt,Kotlin,Java,15,90,0.9923504867872045
square/okhttp,eclipse-platform/eclipse.platform.ui,Kotlin,Java,15,2063,0.9975478175576263
square/okhttp,apache/tomcat,Kotlin,Java,15,51,0.9811320754716981
thundernest/k-9,dmwm/wmcore,Kotlin,Python,146,263,0.99455194439226
thundernest/k-9,rucio/rucio,Kotlin,Python,146,297,0.9943807597212857
thundernest/k-9,iterative/dvc,Kotlin,Python,146,132,0.9980186810076422
thundernest/k-9,conda/conda,Kotlin,Python,146,608,0.9948141745894555
thundernest/k-9,dagster-io/dagster,Kotlin,Python,146,154,0.9943202773474957
thundernest/k-9,django/django,Kotlin,Python,146,850,0.9954632282712512
thundernest/k-9,googleapis/google-cloud-python,Kotlin,Python,146,911,0.9974917136970348
thundernest/k-9,huggingface/transformers,Kotlin,Python,146,1049,0.9985487450913437
thundernest/k-9,pandas-dev/pandas,Kotlin,Python,146,5016,0.9974631268436578
thundernest/k-9,qiskit/qiskit,Kotlin,Python,146,1356,0.9954954954954955
thundernest/k-9,scipy/scipy,Kotlin,Python,146,100,0.9920344456404736
thundernest/k-9,sympy/sympy,Kotlin,Python,146,384,0.9964565185294552
thundernest/k-9,matplotlib/matplotlib,Kotlin,Python,146,184,0.9851475841323557
thundernest/k-9,numpy/numpy,Kotlin,Python,146,803,0.9961666240736008
thundernest/k-9,open-mmlab/mmdetection,Kotlin,Python,146,103,0.9968645484949833
thundernest/k-9,pantsbuild/pants,Kotlin,Python,146,734,0.9981823139143869
thundernest/k-9,pypa/pip,Kotlin,Python,146,684,0.9966317365269461
thundernest/k-9,ray-project/ray,Kotlin,Python,146,340,0.9945557743542222
thundernest/k-9,scikit-learn/scikit-learn,Kotlin,Python,146,228,0.9932176341512069
thundernest/k-9,wagtail/wagtail,Kotlin,Python,146,407,0.9935033096347143
thundernest/k-9,ytdl-org/youtube-dl,Kotlin,Python,146,309,0.9995709995709996
thundernest/k-9,celery/celery,Kotlin,Python,146,245,0.9968253968253968
thundernest/k-9,conan-io/conan,Kotlin,Python,146,858,0.9983776768332252
thundernest/k-9,docker/compose,Kotlin,Python,146,583,0.9974533106960951
thundernest/k-9,google/jax,Kotlin,Python,146,568,0.9974217944310759
thundernest/k-9,ipython/ipython,Kotlin,Python,146,843,0.9928345275787369
thundernest/k-9,jupyterlab/jupyterlab,Kotlin,Python,146,200,0.9906512605042017
thundernest/k-9,lightning-ai/lightning,Kotlin,Python,146,374,0.9937934458788481
thundernest/k-9,mesonbuild/meson,Kotlin,Python,146,945,0.9960195958358848
thundernest/k-9,prefecthq/prefect,Kotlin,Python,146,406,0.9912060301507538
thundernest/k-9,pyca/cryptography,Kotlin,Python,146,337,0.9948488241881299
thundernest/k-9,pydata/xarray,Kotlin,Python,146,122,0.9949466591802358
thundernest/k-9,pytest-dev/pytest,Kotlin,Python,146,118,0.9973361747469366
thundernest/k-9,sphinx-doc/sphinx,Kotlin,Python,146,186,0.9939671814671814
thundernest/k-9,eclipse-aspectj/aspectj,Kotlin,Java,146,269,0.9917717086834734
thundernest/k-9,eclipse-birt/birt,Kotlin,Java,146,3498,0.9935452638373407
thundernest/k-9,eclipse-jdt/eclipse.jdt.ui,Kotlin,Java,146,2543,0.9927946968969161
thundernest/k-9,eclipse-platform/eclipse.platform.swt,Kotlin,Java,146,90,0.9909654104284977
thundernest/k-9,eclipse-platform/eclipse.platform.ui,Kotlin,Java,146,2063,0.9832807202151292
thundernest/k-9,apache/tomcat,Kotlin,Java,146,51,0.9910098891219659
dmwm/wmcore,rucio/rucio,Python,Python,263,297,0.979185119574845
dmwm/wmcore,iterative/dvc,Python,Python,263,132,0.9938888888888889
dmwm/wmcore,conda/conda,Python,Python,263,608,0.9876464323748669
dmwm/wmcore,dagster-io/dagster,Python,Python,263,154,0.9966970052847915
dmwm/wmcore,django/django,Python,Python,263,850,0.9917091081369181
dmwm/wmcore,googleapis/google-cloud-python,Python,Python,263,911,0.9961709706144256
dmwm/wmcore,huggingface/transformers,Python,Python,263,1049,0.9983023512435277
dmwm/wmcore,pandas-dev/pandas,Python,Python,263,5016,0.9949462302403479
dmwm/wmcore,qiskit/qiskit,Python,Python,263,1356,0.9941197224508996
dmwm/wmcore,scipy/scipy,Python,Python,263,100,0.9868421052631579
dmwm/wmcore,sympy/sympy,Python,Python,263,384,0.993859649122807
dmwm/wmcore,matplotlib/matplotlib,Python,Python,263,184,0.9894150417827298
dmwm/wmcore,numpy/numpy,Python,Python,263,803,0.991637100861632
dmwm/wmcore,open-mmlab/mmdetection,Python,Python,263,103,0.9958771387342816
dmwm/wmcore,pantsbuild/pants,Python,Python,263,734,0.9953026196928636
dmwm/wmcore,pypa/pip,Python,Python,263,684,0.9902051376824986
dmwm/wmcore,ray-project/ray,Python,Python,263,340,0.994137257155995
dmwm/wmcore,scikit-learn/scikit-learn,Python,Python,263,228,0.9883858267716535
dmwm/wmcore,wagtail/wagtail,Python,Python,263,407,0.993920972644377
dmwm/wmcore,ytdl-org/youtube-dl,Python,Python,263,309,0.9961928934010152
dmwm/wmcore,celery/celery,Python,Python,263,245,0.9903953540317176
dmwm/wmcore,conan-io/conan,Python,Python,263,858,0.9948635634028893
dmwm/wmcore,docker/compose,Python,Python,263,583,0.9958333333333333
dmwm/wmcore,google/jax,Python,Python,263,568,0.9969413763806287
dmwm/wmcore,ipython/ipython,Python,Python,263,843,0.98434151969672
dmwm/wmcore,jupyterlab/jupyterlab,Python,Python,263,200,0.9949926976841227
dmwm/wmcore,lightning-ai/lightning,Python,Python,263,374,0.9946275946275946
dmwm/wmcore,mesonbuild/meson,Python,Python,263,945,0.9939375568354046
dmwm/wmcore,prefecthq/prefect,Python,Python,263,406,0.9925650557620818
dmwm/wmcore,pyca/cryptography,Python,Python,263,337,0.9933804060017652
dmwm/wmcore,pydata/xarray,Python,Python,263,122,0.993937723890879
dmwm/wmcore,pytest-dev/pytest,Python,Python,263,118,0.9958126144988223
dmwm/wmcore,sphinx-doc/sphinx,Python,Python,263,186,0.9883638090714795
dmwm/wmcore,eclipse-aspectj/aspectj,Python,Java,263,269,0.992557978539287
dmwm/wmcore,eclipse-birt/birt,Python,Java,263,3498,0.997480838291258
dmwm/wmcore,eclipse-jdt/eclipse.jdt.ui,Python,Java,263,2543,0.9965632458233891
dmwm/wmcore,eclipse-platform/eclipse.platform.swt,Python,Java,263,90,0.9931472081218274
dmwm/wmcore,eclipse-platform/eclipse.platform.ui,Python,Java,263,2063,0.9954756380510441
dmwm/wmcore,apache/tomcat,Python,Java,263,51,0.9961798413164854
rucio/rucio,iterative/dvc,Python,Python,297,132,0.9871606749816582
rucio/rucio,conda/conda,Python,Python,297,608,0.9832504579952892
rucio/rucio,dagster-io/dagster,Python,Python,297,154,0.9937254901960785
rucio/rucio,django/django,Python,Python,297,850,0.9927335182983221
rucio/rucio,googleapis/google-cloud-python,Python,Python,297,911,0.9938200077249904
rucio/rucio,huggingface/transformers,Python,Python,297,1049,0.9977078940130192
rucio/rucio,pandas-dev/pandas,Python,Python,297,5016,0.9956018088335501
rucio/rucio,qiskit/qiskit,Python,Python,297,1356,0.9942325337527854
rucio/rucio,scipy/scipy,Python,Python,297,100,0.9916601511597603
rucio/rucio,sympy/sympy,Python,Python,297,384,0.9941324392288349
rucio/rucio,matplotlib/matplotlib,Python,Python,297,184,0.9931279095544225
rucio/rucio,numpy/numpy,Python,Python,297,803,0.9925904816186948
rucio/rucio,open-mmlab/mmdetection,Python,Python,297,103,0.9947183098591549
rucio/rucio,pantsbuild/pants,Python,Python,297,734,0.9951941938014908
rucio/rucio,pypa/pip,Python,Python,297,684,0.989199911836015
rucio/rucio,ray-project/ray,Python,Python,297,340,0.9941214057507988
rucio/rucio,scikit-learn/scikit-learn,Python,Python,297,228,0.9890606420927467
rucio/rucio,wagtail/wagtail,Python,Python,297,407,0.9937423479798667
rucio/rucio,ytdl-org/youtube-dl,Python,Python,297,309,0.9958484691229891
rucio/rucio,celery/celery,Python,Python,297,245,0.9883430474604497
rucio/rucio,conan-io/conan,Python,Python,297,858,0.9927184466019418
rucio/rucio,docker/compose,Python,Python,297,583,0.9908290535583272
rucio/rucio,google/jax,Python,Python,297,568,0.9960079840319361
rucio/rucio,ipython/ipython,Python,Python,297,843,0.9888311188137878
rucio/rucio,jupyterlab/jupyterlab,Python,Python,297,200,0.9949494949494949
rucio/rucio,lightning-ai/lightning,Python,Python,297,374,0.9888198757763975
rucio/rucio,mesonbuild/meson,Python,Python,297,945,0.992837176799441
rucio/rucio,prefecthq/prefect,Python,Python,297,406,0.9904233870967742
rucio/rucio,pyca/cryptography,Python,Python,297,337,0.9915254237288136
rucio/rucio,pydata/xarray,Python,Python,297,122,0.9894698620188817
rucio/rucio,pytest-dev/pytest,Python,Python,297,118,0.99151679674245
rucio/rucio,sphinx-doc/sphinx,Python,Python,297,186,0.9886125262211567
rucio/rucio,eclipse-aspectj/aspectj,Python,Java,297,269,0.9949021207177814
rucio/rucio,eclipse-birt/birt,Python,Java,297,3498,0.9976944272619918
rucio/rucio,eclipse-jdt/eclipse.jdt.ui,Python,Java,297,2543,0.9984376627434642
rucio/rucio,eclipse-platform/eclipse.platform.swt,Python,Java,297,90,0.9944553163731246
rucio/rucio,eclipse-platform/eclipse.platform.ui,Python,Java,297,2063,0.9971594577146546
rucio/rucio,apache/tomcat,Python,Java,297,51,0.9909054962435745
iterative/dvc,conda/conda,Python,Python,132,608,0.96592082616179
iterative/dvc,dagster-io/dagster,Python,Python,132,154,0.990028730775731
iterative/dvc,django/django,Python,Python,132,850,0.9899293551781151
iterative/dvc,googleapis/google-cloud-python,Python,Python,132,911,0.9920550847457628
iterative/dvc,huggingface/transformers,Python,Python,132,1049,0.9956961265138625
iterative/dvc,pandas-dev/pandas,Python,Python,132,5016,0.9934983910159585
iterative/dvc,qiskit/qiskit,Python,Python,132,1356,0.9934455534038433
iterative/dvc,scipy/scipy,Python,Python,132,100,0.9900718931872646
iterative/dvc,sympy/sympy,Python,Python,132,384,0.9920776391364626
iterative/dvc,matplotlib/matplotlib,Python,Python,132,184,0.9872044506258693
iterative/dvc,numpy/numpy,Python,Python,132,803,0.9878728285807932
iterative/dvc,open-mmlab/mmdetection,Python,Python,132,103,0.9905228758169935
iterative/dvc,pantsbuild/pants,Python,Python,132,734,0.9905172413793103
iterative/dvc,pypa/pip,Python,Python,132,684,0.9690693178679922
iterative/dvc,ray-project/ray,Python,Python,132,340,0.9888551165146909
iterative/dvc,scikit-learn/scikit-learn,Python,Python,132,228,0.9796290665855883
iterative/dvc,wagtail/wagtail,Python,Python,132,407,0.9947163947163947
iterative/dvc,ytdl-org/youtube-dl,Python,Python,132,309,0.9938733832539143
iterative/dvc,celery/celery,Python,Python,132,245,0.9847413472273912
iterative/dvc,conan-io/conan,Python,Python,132,858,0.9873873873873874
iterative/dvc,docker/compose,Python,Python,132,583,0.9812154696132597
iterative/dvc,google/jax,Python,Python,132,568,0.9931607230092818
iterative/dvc,ipython/ipython,Python,Python,132,843,0.9871405190554127
iterative/dvc,jupyterlab/jupyterlab,Python,Python,132,200,0.996023601847101
iterative/dvc,lightning-ai/lightning,Python,Python,132,374,0.9822048611111112
iterative/dvc,mesonbuild/meson,Python,Python,132,945,0.9891846921797005
iterative/dvc,prefecthq/prefect,Python,Python,132,406,0.9859108781127129
iterative/dvc,pyca/cryptography,Python,Python,132,337,0.987600291757841
iterative/dvc,pydata/xarray,Python,Python,132,122,0.9804134929270947
iterative/dvc,pytest-dev/pytest,Python,Python,132,118,0.9758739537173806
iterative/dvc,sphinx-doc/sphinx,Python,Python,132,186,0.9843040066088393
iterative/dvc,eclipse-aspectj/aspectj,Python,Java,132,269,0.9972417251755266
iterative/dvc,eclipse-birt/birt,Python,Java,132,3498,0.999288551609652
iterative/dvc,eclipse-jdt/eclipse.jdt.ui,Python,Java,132,2543,0.9993091537132988
iterative/dvc,eclipse-platform/eclipse.platform.swt,Python,Java,132,90,0.9972093023255814
iterative/dvc,eclipse-platform/eclipse.platform.ui,Python,Java,132,2063,0.9988285254063552
iterative/dvc,apache/tomcat,Python,Java,132,51,0.9975201487910725
conda/conda,dagster-io/dagster,Python,Python,608,154,0.9869286101013226
conda/conda,django/django,Python,Python,608,850,0.9865771812080537
conda/conda,googleapis/google-cloud-python,Python,Python,608,911,0.9918367346938776
conda/conda,huggingface/transformers,Python,Python,608,1049,0.9963016417102653
conda/conda,pandas-dev/pandas,Python,Python,608,5016,0.9898909447371645
conda/conda,qiskit/qiskit,Python,Python,608,1356,0.9884733606557377
conda/conda,scipy/scipy,Python,Python,608,100,0.9810756972111554
conda/conda,sympy/sympy,Python,Python,608,384,0.9835611979166666
conda/conda,matplotlib/matplotlib,Python,Python,608,184,0.9833688699360341
conda/conda,numpy/numpy,Python,Python,608,803,0.9816590245935807
conda/conda,open-mmlab/mmdetection,Python,Python,608,103,0.9927797833935018
conda/conda,pantsbuild/pants,Python,Python,608,734,0.9860240963855421
conda/conda,pypa/pip,Python,Python,608,684,0.9531382527565734
conda/conda,ray-project/ray,Python,Python,608,340,0.9891304347826086
conda/conda,scikit-learn/scikit-learn,Python,Python,608,228,0.9758211678832117
conda/conda,wagtail/wagtail,Python,Python,608,407,0.9913678618857902
conda/conda,ytdl-org/youtube-dl,Python,Python,608,309,0.9920654599553682
conda/conda,celery/celery,Python,Python,608,245,0.9717080909571655
conda/conda,conan-io/conan,Python,Python,608,858,0.9893405600722673
conda/conda,docker/compose,Python,Python,608,583,0.9800344234079174
conda/conda,google/jax,Python,Python,608,568,0.993447677779919
conda/conda,ipython/ipython,Python,Python,608,843,0.9765450483991065
conda/conda,jupyterlab/jupyterlab,Python,Python,608,200,0.9935890226071308
conda/conda,lightning-ai/lightning,Python,Python,608,374,0.9770520741394528
conda/conda,mesonbuild/meson,Python,Python,608,945,0.9886498390648822
conda/conda,prefecthq/prefect,Python,Python,608,406,0.9879430913913673
conda/conda,pyca/cryptography,Python,Python,608,337,0.9827990617670055
conda/conda,pydata/xarray,Python,Python,608,122,0.9757927037163314
conda/conda,pytest-dev/pytest,Python,Python,608,118,0.974088291746641
conda/conda,sphinx-doc/sphinx,Python,Python,608,186,0.9795221843003413
conda/conda,eclipse-aspectj/aspectj,Python,Java,608,269,0.9968522526067283
conda/conda,eclipse-birt/birt,Python,Java,608,3498,0.9990535575102996
conda/conda,eclipse-jdt/eclipse.jdt.ui,Python,Java,608,2543,0.9987730061349693
conda/conda,eclipse-platform/eclipse.platform.swt,Python,Java,608,90,0.9975346687211094
conda/conda,eclipse-platform/eclipse.platform.ui,Python,Java,608,2063,0.9983594144371529
conda/conda,apache/tomcat,Python,Java,608,51,0.9966765140324964
dagster-io/dagster,django/django,Python,Python,154,850,0.9920849073574384
dagster-io/dagster,googleapis/google-cloud-python,Python,Python,154,911,0.9926531031648171
dagster-io/dagster,huggingface/transformers,Python,Python,154,1049,0.9952035973020235
dagster-io/dagster,pandas-dev/pandas,Python,Python,154,5016,0.9922775335630272
dagster-io/dagster,qiskit/qiskit,Python,Python,154,1356,0.9885881579733524
dagster-io/dagster,scipy/scipy,Python,Python,154,100,0.9962920046349942
dagster-io/dagster,sympy/sympy,Python,Python,154,384,0.9955549658329463
dagster-io/dagster,matplotlib/matplotlib,Python,Python,154,184,0.9816432924590646
dagster-io/dagster,numpy/numpy,Python,Python,154,803,0.9942329157881682
dagster-io/dagster,open-mmlab/mmdetection,Python,Python,154,103,0.9943442372363192
dagster-io/dagster,pantsbuild/pants,Python,Python,154,734,0.9891214256112723
dagster-io/dagster,pypa/pip,Python,Python,154,684,0.987248076218395
dagster-io/dagster,ray-project/ray,Python,Python,154,340,0.9912596704659541
dagster-io/dagster,scikit-learn/scikit-learn,Python,Python,154,228,0.9894839630436415
dagster-io/dagster,wagtail/wagtail,Python,Python,154,407,0.9824412175709338
dagster-io/dagster,ytdl-org/youtube-dl,Python,Python,154,309,0.997685542354575
dagster-io/dagster,celery/celery,Python,Python,154,245,0.9900086539218
dagster-io/dagster,conan-io/conan,Python,Python,154,858,0.9967505530973452
dagster-io/dagster,docker/compose,Python,Python,154,583,0.9906202467466622
dagster-io/dagster,google/jax,Python,Python,154,568,0.9959626009349766
dagster-io/dagster,ipython/ipython,Python,Python,154,843,0.9919586042934061
dagster-io/dagster,jupyterlab/jupyterlab,Python,Python,154,200,0.9830527497194164
dagster-io/dagster,lightning-ai/lightning,Python,Python,154,374,0.9885626216742375
dagster-io/dagster,mesonbuild/meson,Python,Python,154,945,0.9964266450916937
dagster-io/dagster,prefecthq/prefect,Python,Python,154,406,0.9775925359437136
dagster-io/dagster,pyca/cryptography,Python,Python,154,337,0.9898950336832211
dagster-io/dagster,pydata/xarray,Python,Python,154,122,0.9927499578485921
dagster-io/dagster,pytest-dev/pytest,Python,Python,154,118,0.9933637494815429
dagster-io/dagster,sphinx-doc/sphinx,Python,Python,154,186,0.9916432302129369
dagster-io/dagster,eclipse-aspectj/aspectj,Python,Java,154,269,0.9922209534684556
dagster-io/dagster,eclipse-birt/birt,Python,Java,154,3498,0.9941616154103603
dagster-io/dagster,eclipse-jdt/eclipse.jdt.ui,Python,Java,154,2543,0.99839649366615
dagster-io/dagster,eclipse-platform/eclipse.platform.swt,Python,Java,154,90,0.9979464432396912
dagster-io/dagster,eclipse-platform/eclipse.platform.ui,Python,Java,154,2063,0.9981012282679642
dagster-io/dagster,apache/tomcat,Python,Java,154,51,0.9988828735928504
django/django,googleapis/google-cloud-python,Python,Python,850,911,0.9939788559826367
django/django,huggingface/transformers,Python,Python,850,1049,0.9972360792773358
django/django,pandas-dev/pandas,Python,Python,850,5016,0.9934728450423518
django/django,qiskit/qiskit,Python,Python,850,1356,0.9915195569401177
django/django,scipy/scipy,Python,Python,850,100,0.9921442369607212
django/django,sympy/sympy,Python,Python,850,384,0.9950470029313656
django/django,matplotlib/matplotlib,Python,Python,850,184,0.9890969424034132
django/django,numpy/numpy,Python,Python,850,803,0.9907720420283235
django/django,open-mmlab/mmdetection,Python,Python,850,103,0.9955718623481782
django/django,pantsbuild/pants,Python,Python,850,734,0.9943354811300715
django/django,pypa/pip,Python,Python,850,684,0.9827504725897921
django/django,ray-project/ray,Python,Python,850,340,0.9929373723621511
django/django,scikit-learn/scikit-learn,Python,Python,850,228,0.988688060986106
django/django,wagtail/wagtail,Python,Python,850,407,0.9652420641957794
django/django,ytdl-org/youtube-dl,Python,Python,850,309,0.9938311271044853
django/django,celery/celery,Python,Python,850,245,0.9818061088977423
django/django,conan-io/conan,Python,Python,850,858,0.9965528385220295
django/django,docker/compose,Python,Python,850,583,0.9906808958364648
django/django,google/jax,Python,Python,850,568,0.9975385992392034
django/django,ipython/ipython,Python,Python,850,843,0.9855263157894737
django/django,jupyterlab/jupyterlab,Python,Python,850,200,0.992246222011235
django/django,lightning-ai/lightning,Python,Python,850,374,0.9925853385562395
django/django,mesonbuild/meson,Python,Python,850,945,0.993990260076676
django/django,prefecthq/prefect,Python,Python,850,406,0.9891070297656744
django/django,pyca/cryptography,Python,Python,850,337,0.9906394199077125
django/django,pydata/xarray,Python,Python,850,122,0.9904220293325352
django/django,pytest-dev/pytest,Python,Python,850,118,0.9927262147221414
django/django,sphinx-doc/sphinx,Python,Python,850,186,0.9840308370044053
django/django,eclipse-aspectj/aspectj,Python,Java,850,269,0.9947910768882346
django/django,eclipse-birt/birt,Python,Java,850,3498,0.9973744818056195
django/django,eclipse-jdt/eclipse.jdt.ui,Python,Java,850,2543,0.997043169722058
django/django,eclipse-platform/eclipse.platform.swt,Python,Java,850,90,0.9964249964249964
django/django,eclipse-platform/eclipse.platform.ui,Python,Java,850,2063,0.9966589565664353
django/django,apache/tomcat,Python,Java,850,51,0.9959727385377943
googleapis/google-cloud-python,huggingface/transformers,Python,Python,911,1049,0.9973327279950059
googleapis/google-cloud-python,pandas-dev/pandas,Python,Python,911,5016,0.994968718554491
googleapis/google-cloud-python,qiskit/qiskit,Python,Python,911,1356,0.995537893048874
googleapis/google-cloud-python,scipy/scipy,Python,Python,911,100,0.995640223675481
googleapis/google-cloud-python,sympy/sympy,Python,Python,911,384,0.99660856534427
googleapis/google-cloud-python,matplotlib/matplotlib,Python,Python,911,184,0.9939420935412027
googleapis/google-cloud-python,numpy/numpy,Python,Python,911,803,0.9949752403145936
googleapis/google-cloud-python,open-mmlab/mmdetection,Python,Python,911,103,0.9969130028063611
googleapis/google-cloud-python,pantsbuild/pants,Python,Python,911,734,0.9928444707273802
googleapis/google-cloud-python,pypa/pip,Python,Python,911,684,0.9886232334903564
googleapis/google-cloud-python,ray-project/ray,Python,Python,911,340,0.9939473141206411
googleapis/google-cloud-python,scikit-learn/scikit-learn,Python,Python,911,228,0.9923985712977379
googleapis/google-cloud-python,wagtail/wagtail,Python,Python,911,407,0.9965161749022396
googleapis/google-cloud-python,ytdl-org/youtube-dl,Python,Python,911,309,0.9979182437547313
googleapis/google-cloud-python,celery/celery,Python,Python,911,245,0.9919550256857613
googleapis/google-cloud-python,conan-io/conan,Python,Python,911,858,0.9969345484672743
googleapis/google-cloud-python,docker/compose,Python,Python,911,583,0.9944915254237288
googleapis/google-cloud-python,google/jax,Python,Python,911,568,0.9956499488229273
googleapis/google-cloud-python,ipython/ipython,Python,Python,911,843,0.9955488368186781
googleapis/google-cloud-python,jupyterlab/jupyterlab,Python,Python,911,200,0.9961752884740049
googleapis/google-cloud-python,lightning-ai/lightning,Python,Python,911,374,0.9933561505939199
googleapis/google-cloud-python,mesonbuild/meson,Python,Python,911,945,0.9945328831001768
googleapis/google-cloud-python,prefecthq/prefect,Python,Python,911,406,0.9937277663358921
googleapis/google-cloud-python,pyca/cryptography,Python,Python,911,337,0.9935403008098728
googleapis/google-cloud-python,pydata/xarray,Python,Python,911,122,0.9938741022391212
googleapis/google-cloud-python,pytest-dev/pytest,Python,Python,911,118,0.9959631508125453
googleapis/google-cloud-python,sphinx-doc/sphinx,Python,Python,911,186,0.9940304447318675
googleapis/google-cloud-python,eclipse-aspectj/aspectj,Python,Java,911,269,0.9984506799793424
googleapis/google-cloud-python,eclipse-birt/birt,Python,Java,911,3498,0.9993876801240968
googleapis/google-cloud-python,eclipse-jdt/eclipse.jdt.ui,Python,Java,911,2543,0.9992644805393809
googleapis/google-cloud-python,eclipse-platform/eclipse.platform.swt,Python,Java,911,90,0.998159509202454
googleapis/google-cloud-python,eclipse-platform/eclipse.platform.ui,Python,Java,911,2063,0.9986859395532195
googleapis/google-cloud-python,apache/tomcat,Python,Java,911,51,0.9983771502758845
huggingface/transformers,pandas-dev/pandas,Python,Python,1049,5016,0.9973513328776487
huggingface/transformers,qiskit/qiskit,Python,Python,1049,1356,0.9957029676379751
huggingface/transformers,scipy/scipy,Python,Python,1049,100,0.9976582905521031
huggingface/transformers,sympy/sympy,Python,Python,1049,384,0.9972791172246995
huggingface/transformers,matplotlib/matplotlib,Python,Python,1049,184,0.9942255434782609
huggingface/transformers,numpy/numpy,Python,Python,1049,803,0.9971294545963734
huggingface/transformers,open-mmlab/mmdetection,Python,Python,1049,103,0.9950186799501868
huggingface/transformers,pantsbuild/pants,Python,Python,1049,734,0.9963919592234122
huggingface/transformers,pypa/pip,Python,Python,1049,684,0.9955939671242162
huggingface/transformers,ray-project/ray,Python,Python,1049,340,0.992909211398277
huggingface/transformers,scikit-learn/scikit-learn,Python,Python,1049,228,0.9966001220469008
huggingface/transformers,wagtail/wagtail,Python,Python,1049,407,0.9967843459222769
huggingface/transformers,ytdl-org/youtube-dl,Python,Python,1049,309,0.9993704469826423
huggingface/transformers,celery/celery,Python,Python,1049,245,0.9975156422524843
huggingface/transformers,conan-io/conan,Python,Python,1049,858,0.9975437762459393
huggingface/transformers,docker/compose,Python,Python,1049,583,0.9988990091081974
huggingface/transformers,google/jax,Python,Python,1049,568,0.9956011730205279
huggingface/transformers,ipython/ipython,Python,Python,1049,843,0.9951838176272275
huggingface/transformers,jupyterlab/jupyterlab,Python,Python,1049,200,0.996182011641735
huggingface/transformers,lightning-ai/lightning,Python,Python,1049,374,0.9863627694068281
huggingface/transformers,mesonbuild/meson,Python,Python,1049,945,0.9973824004927246
huggingface/transformers,prefecthq/prefect,Python,Python,1049,406,0.99581589958159
huggingface/transformers,pyca/cryptography,Python,Python,1049,337,0.9972535017852239
huggingface/transformers,pydata/xarray,Python,Python,1049,122,0.9950099800399201
huggingface/transformers,pytest-dev/pytest,Python,Python,1049,118,0.9966705836271054
huggingface/transformers,sphinx-doc/sphinx,Python,Python,1049,186,0.9952839086964723
huggingface/transformers,eclipse-aspectj/aspectj,Python,Java,1049,269,0.9985208316213329
huggingface/transformers,eclipse-birt/birt,Python,Java,1049,3498,0.9989619929734909
huggingface/transformers,eclipse-jdt/eclipse.jdt.ui,Python,Java,1049,2543,0.9992885094272501
huggingface/transformers,eclipse-platform/eclipse.platform.swt,Python,Java,1049,90,0.9988384473913464
huggingface/transformers,eclipse-platform/eclipse.platform.ui,Python,Java,1049,2063,0.9989341149823463
huggingface/transformers,apache/tomcat,Python,Java,1049,51,0.9983663467429038
pandas-dev/pandas,qiskit/qiskit,Python,Python,5016,1356,0.9937903626428216
pandas-dev/pandas,scipy/scipy,Python,Python,5016,100,0.9892887746358183
pandas-dev/pandas,sympy/sympy,Python,Python,5016,384,0.9945846420448392
pandas-dev/pandas,matplotlib/matplotlib,Python,Python,5016,184,0.986950387961439
pandas-dev/pandas,numpy/numpy,Python,Python,5016,803,0.9821199856550028
pandas-dev/pandas,open-mmlab/mmdetection,Python,Python,5016,103,0.9971475389937489
pandas-dev/pandas,pantsbuild/pants,Python,Python,5016,734,0.9954619553244922
pandas-dev/pandas,pypa/pip,Python,Python,5016,684,0.9896701490785303
pandas-dev/pandas,ray-project/ray,Python,Python,5016,340,0.9920791104988684
pandas-dev/pandas,scikit-learn/scikit-learn,Python,Python,5016,228,0.9880282533221597
pandas-dev/pandas,wagtail/wagtail,Python,Python,5016,407,0.9942071327825912
pandas-dev/pandas,ytdl-org/youtube-dl,Python,Python,5016,309,0.996453683888719
pandas-dev/pandas,celery/celery,Python,Python,5016,245,0.9940387481371088
pandas-dev/pandas,conan-io/conan,Python,Python,5016,858,0.9962479699837599
pandas-dev/pandas,docker/compose,Python,Python,5016,583,0.995665594010639
pandas-dev/pandas,google/jax,Python,Python,5016,568,0.9977157215464565
pandas-dev/pandas,ipython/ipython,Python,Python,5016,843,0.9886967333559399
pandas-dev/pandas,jupyterlab/jupyterlab,Python,Python,5016,200,0.9958516004336964
pandas-dev/pandas,lightning-ai/lightning,Python,Python,5016,374,0.9938935182240316
pandas-dev/pandas,mesonbuild/meson,Python,Python,5016,945,0.9964883401920439
pandas-dev/pandas,prefecthq/prefect,Python,Python,5016,406,0.9925314226729006
pandas-dev/pandas,pyca/cryptography,Python,Python,5016,337,0.9952967386595705
pandas-dev/pandas,pydata/xarray,Python,Python,5016,122,0.9857751556866601
pandas-dev/pandas,pytest-dev/pytest,Python,Python,5016,118,0.9939798032107716
pandas-dev/pandas,sphinx-doc/sphinx,Python,Python,5016,186,0.9913499179189291
pandas-dev/pandas,eclipse-aspectj/aspectj,Python,Java,5016,269,0.9970698075265728
pandas-dev/pandas,eclipse-birt/birt,Python,Java,5016,3498,0.9976555276713777
pandas-dev/pandas,eclipse-jdt/eclipse.jdt.ui,Python,Java,5016,2543,0.9987783910958284
pandas-dev/pandas,eclipse-platform/eclipse.platform.swt,Python,Java,5016,90,0.9988437078435152
pandas-dev/pandas,eclipse-platform/eclipse.platform.ui,Python,Java,5016,2063,0.9984194408772104
pandas-dev/pandas,apache/tomcat,Python,Java,5016,51,0.9986693280106453
qiskit/qiskit,scipy/scipy,Python,Python,1356,100,0.9904141104294478
qiskit/qiskit,sympy/sympy,Python,Python,1356,384,0.9890474276527331
qiskit/qiskit,matplotlib/matplotlib,Python,Python,1356,184,0.9764650506001412
qiskit/qiskit,numpy/numpy,Python,Python,1356,803,0.9890958655156747
qiskit/qiskit,open-mmlab/mmdetection,Python,Python,1356,103,0.9949767675499184
qiskit/qiskit,pantsbuild/pants,Python,Python,1356,734,0.9936543749559331
qiskit/qiskit,pypa/pip,Python,Python,1356,684,0.9900281557954013
qiskit/qiskit,ray-project/ray,Python,Python,1356,340,0.99153403318659
qiskit/qiskit,scikit-learn/scikit-learn,Python,Python,1356,228,0.985595703125
qiskit/qiskit,wagtail/wagtail,Python,Python,1356,407,0.989945316634327
qiskit/qiskit,ytdl-org/youtube-dl,Python,Python,1356,309,0.9963014921566127
qiskit/qiskit,celery/celery,Python,Python,1356,245,0.9926218708827405
qiskit/qiskit,conan-io/conan,Python,Python,1356,858,0.9965749759177994
qiskit/qiskit,docker/compose,Python,Python,1356,583,0.9956800238343513
qiskit/qiskit,google/jax,Python,Python,1356,568,0.9971101478270534
qiskit/qiskit,ipython/ipython,Python,Python,1356,843,0.9866013071895425
qiskit/qiskit,jupyterlab/jupyterlab,Python,Python,1356,200,0.98747932908103
qiskit/qiskit,lightning-ai/lightning,Python,Python,1356,374,0.991952268627723
qiskit/qiskit,mesonbuild/meson,Python,Python,1356,945,0.9941303676243435
qiskit/qiskit,prefecthq/prefect,Python,Python,1356,406,0.9870521684475173
qiskit/qiskit,pyca/cryptography,Python,Python,1356,337,0.9935905820797907
qiskit/qiskit,pydata/xarray,Python,Python,1356,122,0.9918409731493844
qiskit/qiskit,pytest-dev/pytest,Python,Python,1356,118,0.9945197577156043
qiskit/qiskit,sphinx-doc/sphinx,Python,Python,1356,186,0.9878481703986892
qiskit/qiskit,eclipse-aspectj/aspectj,Python,Java,1356,269,0.9970756945225508
qiskit/qiskit,eclipse-birt/birt,Python,Java,1356,3498,0.994074414331649
qiskit/qiskit,eclipse-jdt/eclipse.jdt.ui,Python,Java,1356,2543,0.9972034147777451
qiskit/qiskit,eclipse-platform/eclipse.platform.swt,Python,Java,1356,90,0.9964554090457961
qiskit/qiskit,eclipse-platform/eclipse.platform.ui,Python,Java,1356,2063,0.9981247869076031
qiskit/qiskit,apache/tomcat,Python,Java,1356,51,0.9972375690607734
scipy/scipy,sympy/sympy,Python,Python,100,384,0.985391981821133
scipy/scipy,matplotlib/matplotlib,Python,Python,100,184,0.9808795411089866
scipy/scipy,numpy/numpy,Python,Python,100,803,0.9340171887995564
scipy/scipy,open-mmlab/mmdetection,Python,Python,100,103,0.9956855225311602
scipy/scipy,pantsbuild/pants,Python,Python,100,734,0.9948999230177059
scipy/scipy,pypa/pip,Python,Python,100,684,0.9849957734573119
scipy/scipy,ray-project/ray,Python,Python,100,340,0.9927689814237626
scipy/scipy,scikit-learn/scikit-learn,Python,Python,100,228,0.968416269029766
scipy/scipy,wagtail/wagtail,Python,Python,100,407,0.9962894248608535
scipy/scipy,ytdl-org/youtube-dl,Python,Python,100,309,0.9950617283950617
scipy/scipy,celery/celery,Python,Python,100,245,0.9931542917324908
scipy/scipy,conan-io/conan,Python,Python,100,858,0.9954971181556196
scipy/scipy,docker/compose,Python,Python,100,583,0.9972621492128679
scipy/scipy,google/jax,Python,Python,100,568,0.9932769880906647
scipy/scipy,ipython/ipython,Python,Python,100,843,0.9803303024679904
scipy/scipy,jupyterlab/jupyterlab,Python,Python,100,200,0.9975303098338572
scipy/scipy,lightning-ai/lightning,Python,Python,100,374,0.990632318501171
scipy/scipy,mesonbuild/meson,Python,Python,100,945,0.9859797297297297
scipy/scipy,prefecthq/prefect,Python,Python,100,406,0.9956772334293948
scipy/scipy,pyca/cryptography,Python,Python,100,337,0.9966260057098365
scipy/scipy,pydata/xarray,Python,Python,100,122,0.988135593220339
scipy/scipy,pytest-dev/pytest,Python,Python,100,118,0.9910913140311804
scipy/scipy,sphinx-doc/sphinx,Python,Python,100,186,0.9878290404755166
scipy/scipy,eclipse-aspectj/aspectj,Python,Java,100,269,0.996078431372549
scipy/scipy,eclipse-birt/birt,Python,Java,100,3498,0.9992213137549363
scipy/scipy,eclipse-jdt/eclipse.jdt.ui,Python,Java,100,2543,0.9991834234969889
scipy/scipy,eclipse-platform/eclipse.platform.swt,Python,Java,100,90,0.9966278356836297
scipy/scipy,eclipse-platform/eclipse.platform.ui,Python,Java,100,2063,0.9986147840322378
scipy/scipy,apache/tomcat,Python,Java,100,51,0.996697247706422
sympy/sympy,matplotlib/matplotlib,Python,Python,384,184,0.9834674469641551
sympy/sympy,numpy/numpy,Python,Python,384,803,0.9870477413830016
sympy/sympy,open-mmlab/mmdetection,Python,Python,384,103,0.9963492063492063
sympy/sympy,pantsbuild/pants,Python,Python,384,734,0.9927316293929712
sympy/sympy,pypa/pip,Python,Python,384,684,0.9838192419825073
sympy/sympy,ray-project/ray,Python,Python,384,340,0.9923145137451965
sympy/sympy,scikit-learn/scikit-learn,Python,Python,384,228,0.9898912544034308
sympy/sympy,wagtail/wagtail,Python,Python,384,407,0.9942112879884226
sympy/sympy,ytdl-org/youtube-dl,Python,Python,384,309,0.995791518290709
sympy/sympy,celery/celery,Python,Python,384,245,0.9878501518731015
sympy/sympy,conan-io/conan,Python,Python,384,858,0.9936197916666667
sympy/sympy,docker/compose,Python,Python,384,583,0.9936633663366337
sympy/sympy,google/jax,Python,Python,384,568,0.9916825743114263
sympy/sympy,ipython/ipython,Python,Python,384,843,0.983903152853532
sympy/sympy,jupyterlab/jupyterlab,Python,Python,384,200,0.9946538600942371
sympy/sympy,lightning-ai/lightning,Python,Python,384,374,0.9906204906204906
sympy/sympy,mesonbuild/meson,Python,Python,384,945,0.9903081510934394
sympy/sympy,prefecthq/prefect,Python,Python,384,406,0.993006993006993
sympy/sympy,pyca/cryptography,Python,Python,384,337,0.9924761745527504
sympy/sympy,pydata/xarray,Python,Python,384,122,0.9942890901929894
sympy/sympy,pytest-dev/pytest,Python,Python,384,118,0.9914627205463858
sympy/sympy,sphinx-doc/sphinx,Python,Python,384,186,0.9862215156332803
sympy/sympy,eclipse-aspectj/aspectj,Python,Java,384,269,0.9977863862755949
sympy/sympy,eclipse-birt/birt,Python,Java,384,3498,0.9979111752126125
sympy/sympy,eclipse-jdt/eclipse.jdt.ui,Python,Java,384,2543,0.9984067085953878
sympy/sympy,eclipse-platform/eclipse.platform.swt,Python,Java,384,90,0.998330241187384
sympy/sympy,eclipse-platform/eclipse.platform.ui,Python,Java,384,2063,0.9974178170622703
sympy/sympy,apache/tomcat,Python,Java,384,51,0.9983515351329075
matplotlib/matplotlib,numpy/numpy,Python,Python,184,803,0.978448275862069
matplotlib/matplotlib,open-mmlab/mmdetection,Python,Python,184,103,0.9931902600082543
matplotlib/matplotlib,pantsbuild/pants,Python,Python,184,734,0.9923181201988251
matplotlib/matplotlib,pypa/pip,Python,Python,184,684,0.9822419533851277
matplotlib/matplotlib,ray-project/ray,Python,Python,184,340,0.9890729238555326
matplotlib/matplotlib,scikit-learn/scikit-learn,Python,Python,184,228,0.9759605911330049
matplotlib/matplotlib,wagtail/wagtail,Python,Python,184,407,0.9801703163017031
matplotlib/matplotlib,ytdl-org/youtube-dl,Python,Python,184,309,0.9949184840143976
matplotlib/matplotlib,celery/celery,Python,Python,184,245,0.9901610017889088
matplotlib/matplotlib,conan-io/conan,Python,Python,184,858,0.9951814969482814
matplotlib/matplotlib,docker/compose,Python,Python,184,583,0.9924916573971079
matplotlib/matplotlib,google/jax,Python,Python,184,568,0.9945578231292517
matplotlib/matplotlib,ipython/ipython,Python,Python,184,843,0.9741052284347682
matplotlib/matplotlib,jupyterlab/jupyterlab,Python,Python,184,200,0.9717178042162388
matplotlib/matplotlib,lightning-ai/lightning,Python,Python,184,374,0.9892420537897311
matplotlib/matplotlib,mesonbuild/meson,Python,Python,184,945,0.9909008189262967
matplotlib/matplotlib,prefecthq/prefect,Python,Python,184,406,0.9799462476741783
matplotlib/matplotlib,pyca/cryptography,Python,Python,184,337,0.9854208084824387
matplotlib/matplotlib,pydata/xarray,Python,Python,184,122,0.9806843267108167
matplotlib/matplotlib,pytest-dev/pytest,Python,Python,184,118,0.990041928721174
matplotlib/matplotlib,sphinx-doc/sphinx,Python,Python,184,186,0.9814550641940085
matplotlib/matplotlib,eclipse-aspectj/aspectj,Python,Java,184,269,0.9851056459993073
matplotlib/matplotlib,eclipse-birt/birt,Python,Java,184,3498,0.9902423332618486
matplotlib/matplotlib,eclipse-jdt/eclipse.jdt.ui,Python,Java,184,2543,0.996943940406838
matplotlib/matplotlib,eclipse-platform/eclipse.platform.swt,Python,Java,184,90,0.993140243902439
matplotlib/matplotlib,eclipse-platform/eclipse.platform.ui,Python,Java,184,2063,0.9932675565873477
matplotlib/matplotlib,apache/tomcat,Python,Java,184,51,0.9944101206237128
numpy/numpy,open-mmlab/mmdetection,Python,Python,803,103,0.9927920576635387
numpy/numpy,pantsbuild/pants,Python,Python,803,734,0.9932950191570882
numpy/numpy,pypa/pip,Python,Python,803,684,0.9843295842284848
numpy/numpy,ray-project/ray,Python,Python,803,340,0.9892876272094269
numpy/numpy,scikit-learn/scikit-learn,Python,Python,803,228,0.9762595621208124
numpy/numpy,wagtail/wagtail,Python,Python,803,407,0.9933811876573133
numpy/numpy,ytdl-org/youtube-dl,Python,Python,803,309,0.9955746093209791
numpy/numpy,celery/celery,Python,Python,803,245,0.9926923628026938
numpy/numpy,conan-io/conan,Python,Python,803,858,0.9935875415092179
numpy/numpy,docker/compose,Python,Python,803,583,0.9939374078322136
numpy/numpy,google/jax,Python,Python,803,568,0.9926076070108502
numpy/numpy,ipython/ipython,Python,Python,803,843,0.9799299883313886
numpy/numpy,jupyterlab/jupyterlab,Python,Python,803,200,0.9941268922160642
numpy/numpy,lightning-ai/lightning,Python,Python,803,374,0.9902986205851144
numpy/numpy,mesonbuild/meson,Python,Python,803,945,0.9874739039665971
numpy/numpy,prefecthq/prefect,Python,Python,803,406,0.9915588835942818
numpy/numpy,pyca/cryptography,Python,Python,803,337,0.9893375035541655
numpy/numpy,pydata/xarray,Python,Python,803,122,0.9810797586038167
numpy/numpy,pytest-dev/pytest,Python,Python,803,118,0.9892456112604776
numpy/numpy,sphinx-doc/sphinx,Python,Python,803,186,0.9855504245493818
numpy/numpy,eclipse-aspectj/aspectj,Python,Java,803,269,0.9957734573119188
numpy/numpy,eclipse-birt/birt,Python,Java,803,3498,0.9982514177693762
numpy/numpy,eclipse-jdt/eclipse.jdt.ui,Python,Java,803,2543,0.9979966096470951
numpy/numpy,eclipse-platform/eclipse.platform.swt,Python,Java,803,90,0.9965854415644886
numpy/numpy,eclipse-platform/eclipse.platform.ui,Python,Java,803,2063,0.9972127315231074
numpy/numpy,apache/tomcat,Python,Java,803,51,0.9957670165932949
open-mmlab/mmdetection,pantsbuild/pants,Python,Python,103,734,0.9958218592726237
open-mmlab/mmdetection,pypa/pip,Python,Python,103,684,0.9903510572777664
open-mmlab/mmdetection,ray-project/ray,Python,Python,103,340,0.9910539215686275
open-mmlab/mmdetection,scikit-learn/scikit-learn,Python,Python,103,228,0.9933920704845814
open-mmlab/mmdetection,wagtail/wagtail,Python,Python,103,407,0.9933636955107352
open-mmlab/mmdetection,ytdl-org/youtube-dl,Python,Python,103,309,0.9964191931248508
open-mmlab/mmdetection,celery/celery,Python,Python,103,245,0.9939039878079756
open-mmlab/mmdetection,conan-io/conan,Python,Python,103,858,0.9961342470567562
open-mmlab/mmdetection,docker/compose,Python,Python,103,583,0.9950996406403136
open-mmlab/mmdetection,google/jax,Python,Python,103,568,0.9955098222637979
open-mmlab/mmdetection,ipython/ipython,Python,Python,103,843,0.993849493487699
open-mmlab/mmdetection,jupyterlab/jupyterlab,Python,Python,103,200,0.9957997126119156
open-mmlab/mmdetection,lightning-ai/lightning,Python,Python,103,374,0.9774964838255977
open-mmlab/mmdetection,mesonbuild/meson,Python,Python,103,945,0.993233206799802
open-mmlab/mmdetection,prefecthq/prefect,Python,Python,103,406,0.9932605159191262
open-mmlab/mmdetection,pyca/cryptography,Python,Python,103,337,0.9942384769539078
open-mmlab/mmdetection,pydata/xarray,Python,Python,103,122,0.9915830365814179
open-mmlab/mmdetection,pytest-dev/pytest,Python,Python,103,118,0.9908592321755028
open-mmlab/mmdetection,sphinx-doc/sphinx,Python,Python,103,186,0.9907407407407407
open-mmlab/mmdetection,eclipse-aspectj/aspectj,Python,Java,103,269,0.9986638671502195
open-mmlab/mmdetection,eclipse-birt/birt,Python,Java,103,3498,0.9989513191301468
open-mmlab/mmdetection,eclipse-jdt/eclipse.jdt.ui,Python,Java,103,2543,0.999194847020934
open-mmlab/mmdetection,eclipse-platform/eclipse.platform.swt,Python,Java,103,90,0.9985298441634813
open-mmlab/mmdetection,eclipse-platform/eclipse.platform.ui,Python,Java,103,2063,0.9981435643564357
open-mmlab/mmdetection,apache/tomcat,Python,Java,103,51,0.9975558659217877
pantsbuild/pants,pypa/pip,Python,Python,734,684,0.9802542602109818
pantsbuild/pants,ray-project/ray,Python,Python,734,340,0.9919326796021977
pantsbuild/pants,scikit-learn/scikit-learn,Python,Python,734,228,0.9912639405204461
pantsbuild/pants,wagtail/wagtail,Python,Python,734,407,0.9935994246673858
pantsbuild/pants,ytdl-org/youtube-dl,Python,Python,734,309,0.9963489623366641
pantsbuild/pants,celery/celery,Python,Python,734,245,0.9939942896524564
pantsbuild/pants,conan-io/conan,Python,Python,734,858,0.9947942905121746
pantsbuild/pants,docker/compose,Python,Python,734,583,0.9915948275862069
pantsbuild/pants,google/jax,Python,Python,734,568,0.9937743190661479
pantsbuild/pants,ipython/ipython,Python,Python,734,843,0.9925938537498936
pantsbuild/pants,jupyterlab/jupyterlab,Python,Python,734,200,0.9924669199528364
pantsbuild/pants,lightning-ai/lightning,Python,Python,734,374,0.9914066496163683
pantsbuild/pants,mesonbuild/meson,Python,Python,734,945,0.9896562958136504
pantsbuild/pants,prefecthq/prefect,Python,Python,734,406,0.9900209085725147
pantsbuild/pants,pyca/cryptography,Python,Python,734,337,0.9917743830787309
pantsbuild/pants,pydata/xarray,Python,Python,734,122,0.9922655494682565
pantsbuild/pants,pytest-dev/pytest,Python,Python,734,118,0.9909483212293443
pantsbuild/pants,sphinx-doc/sphinx,Python,Python,734,186,0.9913052269740168
pantsbuild/pants,eclipse-aspectj/aspectj,Python,Java,734,269,0.9964217140862279
pantsbuild/pants,eclipse-birt/birt,Python,Java,734,3498,0.9989727575296873
pantsbuild/pants,eclipse-jdt/eclipse.jdt.ui,Python,Java,734,2543,0.9982667904673476
pantsbuild/pants,eclipse-platform/eclipse.platform.swt,Python,Java,734,90,0.997920997920998
pantsbuild/pants,eclipse-platform/eclipse.platform.ui,Python,Java,734,2063,0.9981818181818182
pantsbuild/pants,apache/tomcat,Python,Java,734,51,0.998238467466696
pypa/pip,ray-project/ray,Python,Python,684,340,0.9896788990825688
pypa/pip,scikit-learn/scikit-learn,Python,Python,684,228,0.981764705882353
pypa/pip,wagtail/wagtail,Python,Python,684,407,0.9896919718651468
pypa/pip,ytdl-org/youtube-dl,Python,Python,684,309,0.989050326384502
pypa/pip,celery/celery,Python,Python,684,245,0.9706536238328146
pypa/pip,conan-io/conan,Python,Python,684,858,0.99072148456247
pypa/pip,docker/compose,Python,Python,684,583,0.9707263186964927
pypa/pip,google/jax,Python,Python,684,568,0.9935647756138866
pypa/pip,ipython/ipython,Python,Python,684,843,0.9733902759526938
pypa/pip,jupyterlab/jupyterlab,Python,Python,684,200,0.9918809201623816
pypa/pip,lightning-ai/lightning,Python,Python,684,374,0.9837181044957473
pypa/pip,mesonbuild/meson,Python,Python,684,945,0.9894243843480889
pypa/pip,prefecthq/prefect,Python,Python,684,406,0.9823154431420934
pypa/pip,pyca/cryptography,Python,Python,684,337,0.9764990116406764
pypa/pip,pydata/xarray,Python,Python,684,122,0.9830090435735818
pypa/pip,pytest-dev/pytest,Python,Python,684,118,0.9716293597084852
pypa/pip,sphinx-doc/sphinx,Python,Python,684,186,0.9695179584120983
pypa/pip,eclipse-aspectj/aspectj,Python,Java,684,269,0.9955164683566132
pypa/pip,eclipse-birt/birt,Python,Java,684,3498,0.9980725987793125
pypa/pip,eclipse-jdt/eclipse.jdt.ui,Python,Java,684,2543,0.9986661585365854
pypa/pip,eclipse-platform/eclipse.platform.swt,Python,Java,684,90,0.9982327695026508
pypa/pip,eclipse-platform/eclipse.platform.ui,Python,Java,684,2063,0.9979166666666667
pypa/pip,apache/tomcat,Python,Java,684,51,0.9973714953271028
ray-project/ray,scikit-learn/scikit-learn,Python,Python,340,228,0.9830730718798426
ray-project/ray,wagtail/wagtail,Python,Python,340,407,0.9915033813074389
ray-project/ray,ytdl-org/youtube-dl,Python,Python,340,309,0.9963916884409606
ray-project/ray,celery/celery,Python,Python,340,245,0.9930644746981762
ray-project/ray,conan-io/conan,Python,Python,340,858,0.9958071278825996
ray-project/ray,docker/compose,Python,Python,340,583,0.9921852387843705
ray-project/ray,google/jax,Python,Python,340,568,0.9911899064607352
ray-project/ray,ipython/ipython,Python,Python,340,843,0.9885891009917884
ray-project/ray,jupyterlab/jupyterlab,Python,Python,340,200,0.9930210918114144
ray-project/ray,lightning-ai/lightning,Python,Python,340,374,0.9835224203133441
ray-project/ray,mesonbuild/meson,Python,Python,340,945,0.9921275736778361
ray-project/ray,prefecthq/prefect,Python,Python,340,406,0.9874861980125138
ray-project/ray,pyca/cryptography,Python,Python,340,337,0.9909450325213621
ray-project/ray,pydata/xarray,Python,Python,340,122,0.9893341020466994
ray-project/ray,pytest-dev/pytest,Python,Python,340,118,0.9948106591865358
ray-project/ray,sphinx-doc/sphinx,Python,Python,340,186,0.9896276595744681
ray-project/ray,eclipse-aspectj/aspectj,Python,Java,340,269,0.9938380281690141
ray-project/ray,eclipse-birt/birt,Python,Java,340,3498,0.9973595556769553
ray-project/ray,eclipse-jdt/eclipse.jdt.ui,Python,Java,340,2543,0.9967355821545157
ray-project/ray,eclipse-platform/eclipse.platform.swt,Python,Java,340,90,0.996551724137931
ray-project/ray,eclipse-platform/eclipse.platform.ui,Python,Java,340,2063,0.9968983150305977
ray-project/ray,apache/tomcat,Python,Java,340,51,0.9961269179204528
scikit-learn/scikit-learn,wagtail/wagtail,Python,Python,228,407,0.989638615112459
scikit-learn/scikit-learn,ytdl-org/youtube-dl,Python,Python,228,309,0.9963784517881394
scikit-learn/scikit-learn,celery/celery,Python,Python,228,245,0.9896783485357658
scikit-learn/scikit-learn,conan-io/conan,Python,Python,228,858,0.9929054054054054
scikit-learn/scikit-learn,docker/compose,Python,Python,228,583,0.9930091185410335
scikit-learn/scikit-learn,google/jax,Python,Python,228,568,0.993362038033728
scikit-learn/scikit-learn,ipython/ipython,Python,Python,228,843,0.9817613340281397
scikit-learn/scikit-learn,jupyterlab/jupyterlab,Python,Python,228,200,0.9920224234583872
scikit-learn/scikit-learn,lightning-ai/lightning,Python,Python,228,374,0.9830866807610994
scikit-learn/scikit-learn,mesonbuild/meson,Python,Python,228,945,0.9899809160305344
scikit-learn/scikit-learn,prefecthq/prefect,Python,Python,228,406,0.985657546337158
scikit-learn/scikit-learn,pyca/cryptography,Python,Python,228,337,0.988391376451078
scikit-learn/scikit-learn,pydata/xarray,Python,Python,228,122,0.9828209764918626
scikit-learn/scikit-learn,pytest-dev/pytest,Python,Python,228,118,0.9854742238678439
scikit-learn/scikit-learn,sphinx-doc/sphinx,Python,Python,228,186,0.9792360933094079
scikit-learn/scikit-learn,eclipse-aspectj/aspectj,Python,Java,228,269,0.9921360643745428
scikit-learn/scikit-learn,eclipse-birt/birt,Python,Java,228,3498,0.9961846623426173
scikit-learn/scikit-learn,eclipse-jdt/eclipse.jdt.ui,Python,Java,228,2543,0.9977373339891785
scikit-learn/scikit-learn,eclipse-platform/eclipse.platform.swt,Python,Java,228,90,0.996694214876033
scikit-learn/scikit-learn,eclipse-platform/eclipse.platform.ui,Python,Java,228,2063,0.9953062943795884
scikit-learn/scikit-learn,apache/tomcat,Python,Java,228,51,0.9964435822825736
wagtail/wagtail,ytdl-org/youtube-dl,Python,Python,407,309,0.9969588787518181
wagtail/wagtail,celery/celery,Python,Python,407,245,0.9896061269146609
wagtail/wagtail,conan-io/conan,Python,Python,407,858,0.9968008825151682
wagtail/wagtail,docker/compose,Python,Python,407,583,0.9937839937839937
wagtail/wagtail,google/jax,Python,Python,407,568,0.9982796192223878
wagtail/wagtail,ipython/ipython,Python,Python,407,843,0.9870815547068075
wagtail/wagtail,jupyterlab/jupyterlab,Python,Python,407,200,0.976410916995411
wagtail/wagtail,lightning-ai/lightning,Python,Python,407,374,0.9926396305383172
wagtail/wagtail,mesonbuild/meson,Python,Python,407,945,0.9958655782889855
wagtail/wagtail,prefecthq/prefect,Python,Python,407,406,0.9826755242933437
wagtail/wagtail,pyca/cryptography,Python,Python,407,337,0.9947061218949369
wagtail/wagtail,pydata/xarray,Python,Python,407,122,0.9925731084635618
wagtail/wagtail,pytest-dev/pytest,Python,Python,407,118,0.9936899038461539
wagtail/wagtail,sphinx-doc/sphinx,Python,Python,407,186,0.9869429463525404
wagtail/wagtail,eclipse-aspectj/aspectj,Python,Java,407,269,0.9953558574248229
wagtail/wagtail,eclipse-birt/birt,Python,Java,407,3498,0.9938116508468268
wagtail/wagtail,eclipse-jdt/eclipse.jdt.ui,Python,Java,407,2543,0.996694214876033
wagtail/wagtail,eclipse-platform/eclipse.platform.swt,Python,Java,407,90,0.9964575645756457
wagtail/wagtail,eclipse-platform/eclipse.platform.ui,Python,Java,407,2063,0.9968569931901519
wagtail/wagtail,apache/tomcat,Python,Java,407,51,0.9987175376723308
ytdl-org/youtube-dl,celery/celery,Python,Python,309,245,0.9939711664482307
ytdl-org/youtube-dl,conan-io/conan,Python,Python,309,858,0.9965882564194649
ytdl-org/youtube-dl,docker/compose,Python,Python,309,583,0.9962572303504593
ytdl-org/youtube-dl,google/jax,Python,Python,309,568,0.9996170783074861
ytdl-org/youtube-dl,ipython/ipython,Python,Python,309,843,0.9940806511283758
ytdl-org/youtube-dl,jupyterlab/jupyterlab,Python,Python,309,200,0.9983193277310924
ytdl-org/youtube-dl,lightning-ai/lightning,Python,Python,309,374,0.997087095834547
ytdl-org/youtube-dl,mesonbuild/meson,Python,Python,309,945,0.9962944247936668
ytdl-org/youtube-dl,prefecthq/prefect,Python,Python,309,406,0.9992822966507177
ytdl-org/youtube-dl,pyca/cryptography,Python,Python,309,337,0.9966408268733851
ytdl-org/youtube-dl,pydata/xarray,Python,Python,309,122,0.9986518368722616
ytdl-org/youtube-dl,pytest-dev/pytest,Python,Python,309,118,0.9965178854067743
ytdl-org/youtube-dl,sphinx-doc/sphinx,Python,Python,309,186,0.9946463792617639
ytdl-org/youtube-dl,eclipse-aspectj/aspectj,Python,Java,309,269,0.99921829196795
ytdl-org/youtube-dl,eclipse-birt/birt,Python,Java,309,3498,0.9994998610725201
ytdl-org/youtube-dl,eclipse-jdt/eclipse.jdt.ui,Python,Java,309,2543,0.9995924189932749
ytdl-org/youtube-dl,eclipse-platform/eclipse.platform.swt,Python,Java,309,90,0.9990850869167429
ytdl-org/youtube-dl,eclipse-platform/eclipse.platform.ui,Python,Java,309,2063,0.9993717014325207
ytdl-org/youtube-dl,apache/tomcat,Python,Java,309,51,0.9989059080962801
celery/celery,conan-io/conan,Python,Python,245,858,0.9936054165883017
celery/celery,docker/compose,Python,Python,245,583,0.9836248604391514
celery/celery,google/jax,Python,Python,245,568,0.996177831422249
celery/celery,ipython/ipython,Python,Python,245,843,0.9873884361660846
celery/celery,jupyterlab/jupyterlab,Python,Python,245,200,0.9961950882047734
celery/celery,lightning-ai/lightning,Python,Python,245,374,0.9871109713926438
celery/celery,mesonbuild/meson,Python,Python,245,945,0.9919085312225154
celery/celery,prefecthq/prefect,Python,Python,245,406,0.9918554339526597
celery/celery,pyca/cryptography,Python,Python,245,337,0.9886709035645206
celery/celery,pydata/xarray,Python,Python,245,122,0.98195211786372
celery/celery,pytest-dev/pytest,Python,Python,245,118,0.9807427785419532
celery/celery,sphinx-doc/sphinx,Python,Python,245,186,0.979381443298969
celery/celery,eclipse-aspectj/aspectj,Python,Java,245,269,0.9977389516957862
celery/celery,eclipse-birt/birt,Python,Java,245,3498,0.9991546438232642
celery/celery,eclipse-jdt/eclipse.jdt.ui,Python,Java,245,2543,0.9991633549466639
celery/celery,eclipse-platform/eclipse.platform.swt,Python,Java,245,90,0.9957053187974892
celery/celery,eclipse-platform/eclipse.platform.ui,Python,Java,245,2063,0.9990916169218791
celery/celery,apache/tomcat,Python,Java,245,51,0.9963855421686747
conan-io/conan,docker/compose,Python,Python,858,583,0.9905426705696915
conan-io/conan,google/jax,Python,Python,858,568,0.998364312267658
conan-io/conan,ipython/ipython,Python,Python,858,843,0.9921829762594094
conan-io/conan,jupyterlab/jupyterlab,Python,Python,858,200,0.9961638055049391
conan-io/conan,lightning-ai/lightning,Python,Python,858,374,0.9918946301925026
conan-io/conan,mesonbuild/meson,Python,Python,858,945,0.993950799838688
conan-io/conan,prefecthq/prefect,Python,Python,858,406,0.9934893542143234
conan-io/conan,pyca/cryptography,Python,Python,858,337,0.9947877885331348
conan-io/conan,pydata/xarray,Python,Python,858,122,0.993958379950772
conan-io/conan,pytest-dev/pytest,Python,Python,858,118,0.9927054280197383
conan-io/conan,sphinx-doc/sphinx,Python,Python,858,186,0.9938626014650564
conan-io/conan,eclipse-aspectj/aspectj,Python,Java,858,269,0.997733796646019
conan-io/conan,eclipse-birt/birt,Python,Java,858,3498,0.9990255410811365
conan-io/conan,eclipse-jdt/eclipse.jdt.ui,Python,Java,858,2543,0.9989395546129375
conan-io/conan,eclipse-platform/eclipse.platform.swt,Python,Java,858,90,0.9981175486299937
conan-io/conan,eclipse-platform/eclipse.platform.ui,Python,Java,858,2063,0.9988372093023256
conan-io/conan,apache/tomcat,Python,Java,858,51,0.9969368520263902
docker/compose,google/jax,Python,Python,583,568,0.9963369963369964
docker/compose,ipython/ipython,Python,Python,583,843,0.989247311827957
docker/compose,jupyterlab/jupyterlab,Python,Python,583,200,0.9967936385789407
docker/compose,lightning-ai/lightning,Python,Python,583,374,0.9908893709327549
docker/compose,mesonbuild/meson,Python,Python,583,945,0.9929299230609274
docker/compose,prefecthq/prefect,Python,Python,583,406,0.9918113331149688
docker/compose,pyca/cryptography,Python,Python,583,337,0.9945295404814004
docker/compose,pydata/xarray,Python,Python,583,122,0.9912996193583469
docker/compose,pytest-dev/pytest,Python,Python,583,118,0.9867060561299852
docker/compose,sphinx-doc/sphinx,Python,Python,583,186,0.989673688558447
docker/compose,eclipse-aspectj/aspectj,Python,Java,583,269,0.9984958636249687
docker/compose,eclipse-birt/birt,Python,Java,583,3498,0.9995257291913683
docker/compose,eclipse-jdt/eclipse.jdt.ui,Python,Java,583,2543,0.9993092332489063
docker/compose,eclipse-platform/eclipse.platform.swt,Python,Java,583,90,0.9962807996280799
docker/compose,eclipse-platform/eclipse.platform.ui,Python,Java,583,2063,0.9989751098096632
docker/compose,apache/tomcat,Python,Java,583,51,0.9956629491945477
google/jax,ipython/ipython,Python,Python,568,843,0.9917708015848826
google/jax,jupyterlab/jupyterlab,Python,Python,568,200,0.9966273187183811
google/jax,lightning-ai/lightning,Python,Python,568,374,0.9910655916321639
google/jax,mesonbuild/meson,Python,Python,568,945,0.9967573664175948
google/jax,prefecthq/prefect,Python,Python,568,406,0.9960652051714446
google/jax,pyca/cryptography,Python,Python,568,337,0.9966175885395941
google/jax,pydata/xarray,Python,Python,568,122,0.9958767887460587
google/jax,pytest-dev/pytest,Python,Python,568,118,0.9958294717330862
google/jax,sphinx-doc/sphinx,Python,Python,568,186,0.993412664683383
google/jax,eclipse-aspectj/aspectj,Python,Java,568,269,0.9980870396939263
google/jax,eclipse-birt/birt,Python,Java,568,3498,0.9982769423558897
google/jax,eclipse-jdt/eclipse.jdt.ui,Python,Java,568,2543,0.9986326344576116
google/jax,eclipse-platform/eclipse.platform.swt,Python,Java,568,90,0.9977452085682075
google/jax,eclipse-platform/eclipse.platform.ui,Python,Java,568,2063,0.9985736229975861
google/jax,apache/tomcat,Python,Java,568,51,0.9974345818368394
ipython/ipython,jupyterlab/jupyterlab,Python,Python,843,200,0.9846063912704599
ipython/ipython,lightning-ai/lightning,Python,Python,843,374,0.9918273260687342
ipython/ipython,mesonbuild/meson,Python,Python,843,945,0.99326553051127
ipython/ipython,prefecthq/prefect,Python,Python,843,406,0.9889492753623188
ipython/ipython,pyca/cryptography,Python,Python,843,337,0.9902092532155884
ipython/ipython,pydata/xarray,Python,Python,843,122,0.9856014862981886
ipython/ipython,pytest-dev/pytest,Python,Python,843,118,0.9882169853268119
ipython/ipython,sphinx-doc/sphinx,Python,Python,843,186,0.9803600654664485
ipython/ipython,eclipse-aspectj/aspectj,Python,Java,843,269,0.9897769516728625
ipython/ipython,eclipse-birt/birt,Python,Java,843,3498,0.9952935091802431
ipython/ipython,eclipse-jdt/eclipse.jdt.ui,Python,Java,843,2543,0.9971308168205864
ipython/ipython,eclipse-platform/eclipse.platform.swt,Python,Java,843,90,0.9932871372888696
ipython/ipython,eclipse-platform/eclipse.platform.ui,Python,Java,843,2063,0.9965580294718727
ipython/ipython,apache/tomcat,Python,Java,843,51,0.9928938985542759
jupyterlab/jupyterlab,lightning-ai/lightning,Python,Python,200,374,0.9955373296345434
jupyterlab/jupyterlab,mesonbuild/meson,Python,Python,200,945,0.9949976841130153
jupyterlab/jupyterlab,prefecthq/prefect,Python,Python,200,406,0.9848434561345282
jupyterlab/jupyterlab,pyca/cryptography,Python,Python,200,337,0.993698441796517
jupyterlab/jupyterlab,pydata/xarray,Python,Python,200,122,0.9941214057507988
jupyterlab/jupyterlab,pytest-dev/pytest,Python,Python,200,118,0.9977547711113883
jupyterlab/jupyterlab,sphinx-doc/sphinx,Python,Python,200,186,0.9921493993100987
jupyterlab/jupyterlab,eclipse-aspectj/aspectj,Python,Java,200,269,0.9933834586466166
jupyterlab/jupyterlab,eclipse-birt/birt,Python,Java,200,3498,0.9925177211866631
jupyterlab/jupyterlab,eclipse-jdt/eclipse.jdt.ui,Python,Java,200,2543,0.9974100327153762
jupyterlab/jupyterlab,eclipse-platform/eclipse.platform.swt,Python,Java,200,90,0.9977878825119822
jupyterlab/jupyterlab,eclipse-platform/eclipse.platform.ui,Python,Java,200,2063,0.9955524344569289
jupyterlab/jupyterlab,apache/tomcat,Python,Java,200,51,0.9973684210526316
lightning-ai/lightning,mesonbuild/meson,Python,Python,374,945,0.9922685272487272
lightning-ai/lightning,prefecthq/prefect,Python,Python,374,406,0.976599943614322
lightning-ai/lightning,pyca/cryptography,Python,Python,374,337,0.9919653893695921
lightning-ai/lightning,pydata/xarray,Python,Python,374,122,0.9815687955422203
lightning-ai/lightning,pytest-dev/pytest,Python,Python,374,118,0.9853523357086302
lightning-ai/lightning,sphinx-doc/sphinx,Python,Python,374,186,0.9804526748971193
lightning-ai/lightning,eclipse-aspectj/aspectj,Python,Java,374,269,0.9966540263216596
lightning-ai/lightning,eclipse-birt/birt,Python,Java,374,3498,0.9990784471835042
lightning-ai/lightning,eclipse-jdt/eclipse.jdt.ui,Python,Java,374,2543,0.99880174291939
lightning-ai/lightning,eclipse-platform/eclipse.platform.swt,Python,Java,374,90,0.9973534971644612
lightning-ai/lightning,eclipse-platform/eclipse.platform.ui,Python,Java,374,2063,0.9979519388312398
lightning-ai/lightning,apache/tomcat,Python,Java,374,51,0.9966793168880456
mesonbuild/meson,prefecthq/prefect,Python,Python,945,406,0.992563212692117
mesonbuild/meson,pyca/cryptography,Python,Python,945,337,0.9914634146341463
mesonbuild/meson,pydata/xarray,Python,Python,945,122,0.9933843291296258
mesonbuild/meson,pytest-dev/pytest,Python,Python,945,118,0.9938357526347187
mesonbuild/meson,sphinx-doc/sphinx,Python,Python,945,186,0.9850525927292858
mesonbuild/meson,eclipse-aspectj/aspectj,Python,Java,945,269,0.994275082295692
mesonbuild/meson,eclipse-birt/birt,Python,Java,945,3498,0.9984898822108125
mesonbuild/meson,eclipse-jdt/eclipse.jdt.ui,Python,Java,945,2543,0.9976035604245121
mesonbuild/meson,eclipse-platform/eclipse.platform.swt,Python,Java,945,90,0.9949504758205476
mesonbuild/meson,eclipse-platform/eclipse.platform.ui,Python,Java,945,2063,0.996947496947497
mesonbuild/meson,apache/tomcat,Python,Java,945,51,0.9956634865568084
prefecthq/prefect,pyca/cryptography,Python,Python,406,337,0.9877008032128514
prefecthq/prefect,pydata/xarray,Python,Python,406,122,0.9814995131450828
prefecthq/prefect,pytest-dev/pytest,Python,Python,406,118,0.9868622059272838
prefecthq/prefect,sphinx-doc/sphinx,Python,Python,406,186,0.9860769860769861
prefecthq/prefect,eclipse-aspectj/aspectj,Python,Java,406,269,0.9956031351558019
prefecthq/prefect,eclipse-birt/birt,Python,Java,406,3498,0.9960792975868352
prefecthq/prefect,eclipse-jdt/eclipse.jdt.ui,Python,Java,406,2543,0.9973811442385173
prefecthq/prefect,eclipse-platform/eclipse.platform.swt,Python,Java,406,90,0.9941055113468906
prefecthq/prefect,eclipse-platform/eclipse.platform.ui,Python,Java,406,2063,0.9972745292368682
prefecthq/prefect,apache/tomcat,Python,Java,406,51,0.9954481792717087
pyca/cryptography,pydata/xarray,Python,Python,337,122,0.9909747292418772
pyca/cryptography,pytest-dev/pytest,Python,Python,337,118,0.9895376307796152
pyca/cryptography,sphinx-doc/sphinx,Python,Python,337,186,0.9922457500745601
pyca/cryptography,eclipse-aspectj/aspectj,Python,Java,337,269,0.9969512195121951
pyca/cryptography,eclipse-birt/birt,Python,Java,337,3498,0.9977526827349851
pyca/cryptography,eclipse-jdt/eclipse.jdt.ui,Python,Java,337,2543,0.9985442445669127
pyca/cryptography,eclipse-platform/eclipse.platform.swt,Python,Java,337,90,0.9970798182998053
pyca/cryptography,eclipse-platform/eclipse.platform.ui,Python,Java,337,2063,0.9990980543744363
pyca/cryptography,apache/tomcat,Python,Java,337,51,0.9968565815324165
pydata/xarray,pytest-dev/pytest,Python,Python,122,118,0.9898058252427184
pydata/xarray,sphinx-doc/sphinx,Python,Python,122,186,0.9853061224489796
pydata/xarray,eclipse-aspectj/aspectj,Python,Java,122,269,0.9977595220313666
pydata/xarray,eclipse-birt/birt,Python,Java,122,3498,0.9990530303030303
pydata/xarray,eclipse-jdt/eclipse.jdt.ui,Python,Java,122,2543,0.9991966949736056
pydata/xarray,eclipse-platform/eclipse.platform.swt,Python,Java,122,90,0.9977053694355209
pydata/xarray,eclipse-platform/eclipse.platform.ui,Python,Java,122,2063,0.9978127734033246
pydata/xarray,apache/tomcat,Python,Java,122,51,0.9963459196102314
pytest-dev/pytest,sphinx-doc/sphinx,Python,Python,118,186,0.9746404239212718
pytest-dev/pytest,eclipse-aspectj/aspectj,Python,Java,118,269,0.9980993110002376
pytest-dev/pytest,eclipse-birt/birt,Python,Java,118,3498,0.9993562734082397
pytest-dev/pytest,eclipse-jdt/eclipse.jdt.ui,Python,Java,118,2543,0.9989894453177633
pytest-dev/pytest,eclipse-platform/eclipse.platform.swt,Python,Java,118,90,0.9983129481231547
pytest-dev/pytest,eclipse-platform/eclipse.platform.ui,Python,Java,118,2063,0.9984399375975039
pytest-dev/pytest,apache/tomcat,Python,Java,118,51,0.9967284623773174
sphinx-doc/sphinx,eclipse-aspectj/aspectj,Python,Java,186,269,0.9928245270711024
sphinx-doc/sphinx,eclipse-birt/birt,Python,Java,186,3498,0.998054697333791
sphinx-doc/sphinx,eclipse-jdt/eclipse.jdt.ui,Python,Java,186,2543,0.9979561101549054
sphinx-doc/sphinx,eclipse-platform/eclipse.platform.swt,Python,Java,186,90,0.9952915610286128
sphinx-doc/sphinx,eclipse-platform/eclipse.platform.ui,Python,Java,186,2063,0.9974465797607849
sphinx-doc/sphinx,apache/tomcat,Python,Java,186,51,0.9901079136690647
eclipse-aspectj/aspectj,eclipse-birt/birt,Java,Java,269,3498,0.9887640449438202
eclipse-aspectj/aspectj,eclipse-jdt/eclipse.jdt.ui,Java,Java,269,2543,0.9837076583210603
eclipse-aspectj/aspectj,eclipse-platform/eclipse.platform.swt,Java,Java,269,90,0.9859089859089859
eclipse-aspectj/aspectj,eclipse-platform/eclipse.platform.ui,Java,Java,269,2063,0.9894538188277087
eclipse-aspectj/aspectj,apache/tomcat,Java,Java,269,51,0.9876054852320675
eclipse-birt/birt,eclipse-jdt/eclipse.jdt.ui,Java,Java,3498,2543,0.9897654045402856
eclipse-birt/birt,eclipse-platform/eclipse.platform.swt,Java,Java,3498,90,0.9937238493723849
eclipse-birt/birt,eclipse-platform/eclipse.platform.ui,Java,Java,3498,2063,0.9878923561931741
eclipse-birt/birt,apache/tomcat,Java,Java,3498,51,0.9972407174134725
eclipse-jdt/eclipse.jdt.ui,eclipse-platform/eclipse.platform.swt,Java,Java,2543,90,0.989807223576335
eclipse-jdt/eclipse.jdt.ui,eclipse-platform/eclipse.platform.ui,Java,Java,2543,2063,0.9745348412987961
eclipse-jdt/eclipse.jdt.ui,apache/tomcat,Java,Java,2543,51,0.997055012368948
eclipse-platform/eclipse.platform.swt,eclipse-platform/eclipse.platform.ui,Java,Java,90,2063,0.9832635983263598
eclipse-platform/eclipse.platform.swt,apache/tomcat,Java,Java,90,51,0.9933469805527124
eclipse-platform/eclipse.platform.ui,apache/tomcat,Java,Java,2063,51,0.9942710688979346
