repo_name,strategy,num_indexes,indexing_time_min,index_size_gb,hit@30,hit@50,hit@75,hit@100,hit@125,hit@150,hit@200
conda/conda,annual,11,0.0017139514287312825,0.00014836154878139496,0,0,0,0,0,0,0
conda/conda,annual,11,0.0024647116661071777,0.0002834359183907509,0,0,0,0,0,0,0
conda/conda,annual,11,0.0024647116661071777,0.0002834359183907509,0,0,0,0,0,0,0
conda/conda,annual,11,0.0024647116661071777,0.0002834359183907509,0,0,0,0,0,0,0
conda/conda,annual,11,0.0024647116661071777,0.0002834359183907509,0,0,0,0,0,0,0
conda/conda,annual,11,0.0024647116661071777,0.0002834359183907509,0,0,0,0,0,0,0
conda/conda,annual,11,0.0024647116661071777,0.0002834359183907509,0,0,0,0,0,0,0
conda/conda,annual,11,0.0024647116661071777,0.0002834359183907509,0,0,0,0,0,0,0
conda/conda,annual,11,0.0024647116661071777,0.0002834359183907509,0,0,0,0,0,0,0
conda/conda,annual,11,0.0024647116661071777,0.0002834359183907509,0,0,0,0,0,0,0
conda/conda,annual,11,0.0024647116661071777,0.0002834359183907509,0,0,0,0,0,0,0
conda/conda,annual,11,0.0024647116661071777,0.0002834359183907509,0,0,0,0,0,0,0
conda/conda,annual,11,0.002549334367116292,0.0003139721229672432,0,0,0,0,0,0,0
conda/conda,annual,11,0.002549334367116292,0.0003139721229672432,0,0,0,0,0,0,0
conda/conda,annual,11,0.002549334367116292,0.0003139721229672432,0,0,0,0,0,0,0
conda/conda,annual,11,0.002549334367116292,0.0003139721229672432,0,0,0,0,0,0,0
conda/conda,annual,11,0.002549334367116292,0.0003139721229672432,0,0,0,0,0,0,0
conda/conda,annual,11,0.002549334367116292,0.0003139721229672432,0,0,0,0,0,0,0
conda/conda,annual,11,0.002549334367116292,0.0003139721229672432,0,0,0,0,0,0,0
conda/conda,annual,11,0.002549334367116292,0.0003139721229672432,0,0,0,0,0,0,0
conda/conda,annual,11,0.002549334367116292,0.0003139721229672432,0,0,0,0,0,0,0
conda/conda,annual,11,0.002549334367116292,0.0003139721229672432,0,0,0,0,0,0,0
conda/conda,annual,11,0.002549334367116292,0.0003139721229672432,0,0,0,0,0,0,0
conda/conda,annual,11,0.002549334367116292,0.0003139721229672432,0,0,0,0,0,0,0
conda/conda,annual,11,0.002549334367116292,0.0003139721229672432,0,0,0,0,0,0,0
conda/conda,annual,11,0.002549334367116292,0.0003139721229672432,0,0,0,0,0,0,0
conda/conda,annual,11,0.002549334367116292,0.0003139721229672432,0,0,0,0,0,0,0
conda/conda,annual,11,0.003735041618347168,0.0006546610966324806,0,0,0,0,0,0,0
conda/conda,annual,11,0.003735041618347168,0.0006546610966324806,0,0,0,0,0,0,0
conda/conda,annual,11,0.003735041618347168,0.0006546610966324806,0,0,0,0,0,0,0
conda/conda,annual,11,0.003735041618347168,0.0006546610966324806,0,0,0,0,0,0,0
conda/conda,annual,11,0.003735041618347168,0.0006546610966324806,0,0,0,0,0,0,0
conda/conda,annual,11,0.003735041618347168,0.0006546610966324806,0,0,0,0,0,0,0
conda/conda,annual,11,0.003735041618347168,0.0006546610966324806,0,0,0,0,0,0,0
conda/conda,annual,11,0.003735041618347168,0.0006546610966324806,0,0,0,0,0,0,0
conda/conda,annual,11,0.003735041618347168,0.0006546610966324806,0,0,0,0,0,0,0
conda/conda,annual,11,0.003735041618347168,0.0006546610966324806,0,0,0,0,0,0,0
conda/conda,annual,11,0.003735041618347168,0.0006546610966324806,0,0,0,0,0,0,0
conda/conda,annual,11,0.003735041618347168,0.0006546610966324806,0,0,0,0,0,0,0
conda/conda,annual,11,0.003735041618347168,0.0006546610966324806,0,0,0,0,0,0,0
conda/conda,annual,11,0.003735041618347168,0.0006546610966324806,0,0,0,0,0,0,0
conda/conda,annual,11,0.003735041618347168,0.0006546610966324806,0,0,0,0,0,0,0
conda/conda,annual,11,0.003735041618347168,0.0006546610966324806,0,0,0,0,0,0,0
conda/conda,annual,11,0.003735041618347168,0.0006546610966324806,0,0,0,0,0,0,0
conda/conda,annual,11,0.003735041618347168,0.0006546610966324806,0,0,0,0,0,0,0
conda/conda,annual,11,0.003735041618347168,0.0006546610966324806,0,0,0,0,0,0,0
conda/conda,annual,11,0.003735041618347168,0.0006546610966324806,0,0,0,0,0,0,0
conda/conda,annual,11,0.003735041618347168,0.0006546610966324806,0,0,0,0,0,0,0
conda/conda,annual,11,0.003735041618347168,0.0006546610966324806,0,0,0,0,0,0,0
conda/conda,annual,11,0.003735041618347168,0.0006546610966324806,0,0,0,0,0,0,0
conda/conda,annual,11,0.003735041618347168,0.0006546610966324806,0,0,0,0,0,0,0
conda/conda,annual,11,0.003735041618347168,0.0006546610966324806,0,0,0,0,0,0,0
conda/conda,annual,11,0.003735041618347168,0.0006546610966324806,0,0,0,0,0,0,0
conda/conda,annual,11,0.003735041618347168,0.0006546610966324806,0,0,0,0,0,0,0
conda/conda,annual,11,0.003735041618347168,0.0006546610966324806,0,0,0,0,0,0,0
conda/conda,annual,11,0.003735041618347168,0.0006546610966324806,0,0,0,0,0,0,0
conda/conda,annual,11,0.003735041618347168,0.0006546610966324806,0,0,0,0,0,0,0
conda/conda,annual,11,0.003735041618347168,0.0006546610966324806,0,0,0,0,0,0,0
conda/conda,annual,11,0.003735041618347168,0.0006546610966324806,0,0,0,0,0,0,0
conda/conda,annual,11,0.003735041618347168,0.0006546610966324806,0,0,0,0,0,0,0
conda/conda,annual,11,0.003735041618347168,0.0006546610966324806,0,0,0,0,0,0,0
conda/conda,annual,11,0.003735041618347168,0.0006546610966324806,0,0,0,0,0,0,0
conda/conda,annual,11,0.003735041618347168,0.0006546610966324806,0,0,0,0,0,0,0
conda/conda,annual,11,0.003735041618347168,0.0006546610966324806,0,0,0,0,0,0,0
conda/conda,annual,11,0.003735041618347168,0.0006546610966324806,0,0,0,0,0,0,0
conda/conda,annual,11,0.003735041618347168,0.0006546610966324806,0,0,0,0,0,0,0
conda/conda,annual,11,0.003735041618347168,0.0006546610966324806,0,0,0,0,0,0,0
conda/conda,annual,11,0.003735041618347168,0.0006546610966324806,0,0,0,0,0,0,0
conda/conda,annual,11,0.003735041618347168,0.0006546610966324806,0,0,0,0,0,0,0
conda/conda,annual,11,0.003735041618347168,0.0006546610966324806,0,0,0,0,0,0,0
conda/conda,annual,11,0.003735041618347168,0.0006546610966324806,0,0,0,0,0,0,0
conda/conda,annual,11,0.003735041618347168,0.0006546610966324806,0,0,0,0,0,0,0
conda/conda,annual,11,0.003735041618347168,0.0006546610966324806,0,0,0,0,0,0,0
conda/conda,annual,11,0.003735041618347168,0.0006546610966324806,0,0,0,0,0,0,0
conda/conda,annual,11,0.003735041618347168,0.0006546610966324806,0,0,0,0,0,0,0
conda/conda,annual,11,0.003735041618347168,0.0006546610966324806,0,0,0,0,0,0,0
conda/conda,annual,11,0.003735041618347168,0.0006546610966324806,0,0,0,0,0,0,0
conda/conda,annual,11,0.003735041618347168,0.0006546610966324806,0,0,0,0,0,0,0
conda/conda,annual,11,0.003735041618347168,0.0006546610966324806,0,0,0,0,0,0,0
conda/conda,annual,11,0.003735041618347168,0.0006546610966324806,0,0,0,0,0,0,0
conda/conda,annual,11,0.003735041618347168,0.0006546610966324806,0,0,0,0,0,0,0
conda/conda,annual,11,0.003735041618347168,0.0006546610966324806,0,0,0,0,0,0,0
conda/conda,annual,11,0.003735041618347168,0.0006546610966324806,0,0,0,0,0,0,0
conda/conda,annual,11,0.003735041618347168,0.0006546610966324806,0,0,0,0,0,0,0
conda/conda,annual,11,0.003735041618347168,0.0006546610966324806,0,0,0,0,0,0,0
conda/conda,annual,11,0.003735041618347168,0.0006546610966324806,0,0,0,0,0,0,0
conda/conda,annual,11,0.003735041618347168,0.0006546610966324806,0,0,0,0,0,0,0
conda/conda,annual,11,0.003735041618347168,0.0006546610966324806,0,0,0,0,0,0,0
conda/conda,annual,11,0.003735041618347168,0.0006546610966324806,0,0,0,0,0,0,0
conda/conda,annual,11,0.003735041618347168,0.0006546610966324806,0,0,0,0,0,0,0
conda/conda,annual,11,0.003735041618347168,0.0006546610966324806,0,0,0,0,0,0,0
conda/conda,annual,11,0.003735041618347168,0.0006546610966324806,0,0,0,0,0,0,0
conda/conda,annual,11,0.003735041618347168,0.0006546610966324806,0,0,0,0,0,0,0
conda/conda,annual,11,0.003735041618347168,0.0006546610966324806,0,0,0,0,0,0,0
conda/conda,annual,11,0.003735041618347168,0.0006546610966324806,0,0,0,0,0,0,0
conda/conda,annual,11,0.003735041618347168,0.0006546610966324806,0,0,0,0,0,0,0
conda/conda,annual,11,0.003735041618347168,0.0006546610966324806,0,0,0,0,0,0,0
conda/conda,annual,11,0.003735041618347168,0.0006546610966324806,0,0,0,0,0,0,0
conda/conda,annual,11,0.003735041618347168,0.0006546610966324806,0,0,0,0,0,0,0
conda/conda,annual,11,0.003735041618347168,0.0006546610966324806,0,0,0,0,0,0,0
conda/conda,annual,11,0.003735041618347168,0.0006546610966324806,0,0,0,0,0,0,0
conda/conda,annual,11,0.003735041618347168,0.0006546610966324806,0,0,0,0,0,0,0
conda/conda,annual,11,0.003735041618347168,0.0006546610966324806,0,0,0,0,0,0,0
conda/conda,annual,11,0.003735041618347168,0.0006546610966324806,0,0,0,0,0,0,0
conda/conda,annual,11,0.003735041618347168,0.0006546610966324806,0,0,0,0,0,0,0
conda/conda,annual,11,0.003735041618347168,0.0006546610966324806,0,0,0,0,0,0,0
conda/conda,annual,11,0.003735041618347168,0.0006546610966324806,0,0,0,0,0,0,0
conda/conda,annual,11,0.003735041618347168,0.0006546610966324806,0,0,0,0,0,0,0
conda/conda,annual,11,0.003735041618347168,0.0006546610966324806,0,0,0,0,0,0,0
conda/conda,annual,11,0.003735041618347168,0.0006546610966324806,0,0,0,0,0,0,0
conda/conda,annual,11,0.003735041618347168,0.0006546610966324806,0,0,0,0,0,0,0
conda/conda,annual,11,0.003735041618347168,0.0006546610966324806,0,0,0,0,0,0,0
conda/conda,annual,11,0.003735041618347168,0.0006546610966324806,0,0,0,0,0,0,0
conda/conda,annual,11,0.003735041618347168,0.0006546610966324806,0,0,0,0,0,0,0
conda/conda,annual,11,0.005833550294240316,0.0012925965711474419,0,0,0,0,0,0,0
conda/conda,annual,11,0.005833550294240316,0.0012925965711474419,0,0,0,0,0,0,0
conda/conda,annual,11,0.005833550294240316,0.0012925965711474419,0,0,0,0,0,0,0
conda/conda,annual,11,0.005833550294240316,0.0012925965711474419,0,0,0,0,0,0,0
conda/conda,annual,11,0.005833550294240316,0.0012925965711474419,0,0,0,0,0,0,0
conda/conda,annual,11,0.005833550294240316,0.0012925965711474419,0,0,0,0,0,0,0
conda/conda,annual,11,0.005833550294240316,0.0012925965711474419,0,0,0,0,0,0,0
conda/conda,annual,11,0.005833550294240316,0.0012925965711474419,0,0,0,0,0,0,0
conda/conda,annual,11,0.005833550294240316,0.0012925965711474419,0,0,0,0,0,0,0
conda/conda,annual,11,0.005833550294240316,0.0012925965711474419,0,0,0,0,0,0,0
conda/conda,annual,11,0.005833550294240316,0.0012925965711474419,0,0,0,0,0,0,0
conda/conda,annual,11,0.005833550294240316,0.0012925965711474419,0,0,0,0,0,0,0
conda/conda,annual,11,0.005833550294240316,0.0012925965711474419,0,0,0,0,0,0,0
conda/conda,annual,11,0.005833550294240316,0.0012925965711474419,0,0,0,0,0,0,0
conda/conda,annual,11,0.005833550294240316,0.0012925965711474419,0,0,0,0,0,0,0
conda/conda,annual,11,0.005833550294240316,0.0012925965711474419,0,0,0,0,0,0,0
conda/conda,annual,11,0.005833550294240316,0.0012925965711474419,0,0,0,0,0,0,0
conda/conda,annual,11,0.005833550294240316,0.0012925965711474419,0,0,0,0,0,0,0
conda/conda,annual,11,0.005833550294240316,0.0012925965711474419,0,0,0,0,0,0,0
conda/conda,annual,11,0.005833550294240316,0.0012925965711474419,0,0,0,0,0,0,0
conda/conda,annual,11,0.005833550294240316,0.0012925965711474419,0,0,0,0,0,0,0
conda/conda,annual,11,0.005833550294240316,0.0012925965711474419,0,0,0,0,0,0,0
conda/conda,annual,11,0.005833550294240316,0.0012925965711474419,0,0,0,0,0,0,0
conda/conda,annual,11,0.005833550294240316,0.0012925965711474419,0,0,0,0,0,0,0
conda/conda,annual,11,0.005833550294240316,0.0012925965711474419,0,0,0,0,0,0,0
conda/conda,annual,11,0.005833550294240316,0.0012925965711474419,0,0,0,0,0,0,0
conda/conda,annual,11,0.005833550294240316,0.0012925965711474419,0,0,0,0,0,0,0
conda/conda,annual,11,0.005833550294240316,0.0012925965711474419,0,0,0,0,0,0,0
conda/conda,annual,11,0.005833550294240316,0.0012925965711474419,0,0,0,0,0,0,0
conda/conda,annual,11,0.005833550294240316,0.0012925965711474419,0,0,0,0,0,0,0
conda/conda,annual,11,0.005833550294240316,0.0012925965711474419,0,0,0,0,0,0,0
conda/conda,annual,11,0.005833550294240316,0.0012925965711474419,0,0,0,0,0,0,0
conda/conda,annual,11,0.005833550294240316,0.0012925965711474419,0,0,0,0,0,0,0
conda/conda,annual,11,0.005833550294240316,0.0012925965711474419,0,0,0,0,0,0,0
conda/conda,annual,11,0.005833550294240316,0.0012925965711474419,0,0,0,0,0,0,0
conda/conda,annual,11,0.005833550294240316,0.0012925965711474419,0,0,0,0,0,0,0
conda/conda,annual,11,0.005833550294240316,0.0012925965711474419,0,0,0,0,0,0,0
conda/conda,annual,11,0.005833550294240316,0.0012925965711474419,0,0,0,0,0,0,0
conda/conda,annual,11,0.005833550294240316,0.0012925965711474419,0,0,0,0,0,0,0
conda/conda,annual,11,0.005833550294240316,0.0012925965711474419,0,0,0,0,0,0,0
conda/conda,annual,11,0.005833550294240316,0.0012925965711474419,0,0,0,0,0,0,0
conda/conda,annual,11,0.005833550294240316,0.0012925965711474419,0,0,0,0,0,0,0
conda/conda,annual,11,0.005833550294240316,0.0012925965711474419,0,0,0,0,0,0,0
conda/conda,annual,11,0.005833550294240316,0.0012925965711474419,0,0,0,0,0,0,0
conda/conda,annual,11,0.005833550294240316,0.0012925965711474419,0,0,0,0,0,0,0
conda/conda,annual,11,0.005833550294240316,0.0012925965711474419,0,0,0,0,0,0,0
conda/conda,annual,11,0.005833550294240316,0.0012925965711474419,0,0,0,0,0,0,0
conda/conda,annual,11,0.005833550294240316,0.0012925965711474419,0,0,0,0,0,0,0
conda/conda,annual,11,0.005833550294240316,0.0012925965711474419,0,0,0,0,0,0,0
conda/conda,annual,11,0.005833550294240316,0.0012925965711474419,0,0,0,0,0,0,0
conda/conda,annual,11,0.005833550294240316,0.0012925965711474419,0,0,0,0,0,0,0
conda/conda,annual,11,0.005833550294240316,0.0012925965711474419,0,0,0,0,0,0,0
conda/conda,annual,11,0.005833550294240316,0.0012925965711474419,0,0,0,0,0,0,0
conda/conda,annual,11,0.005833550294240316,0.0012925965711474419,0,0,0,0,0,0,0
conda/conda,annual,11,0.005833550294240316,0.0012925965711474419,0,0,0,0,0,0,0
conda/conda,annual,11,0.005833550294240316,0.0012925965711474419,0,0,0,0,0,0,0
conda/conda,annual,11,0.005833550294240316,0.0012925965711474419,0,0,0,0,0,0,0
conda/conda,annual,11,0.005833550294240316,0.0012925965711474419,0,0,0,0,0,0,0
conda/conda,annual,11,0.005833550294240316,0.0012925965711474419,0,0,0,0,0,0,0
conda/conda,annual,11,0.005833550294240316,0.0012925965711474419,0,0,0,0,0,0,0
conda/conda,annual,11,0.005833550294240316,0.0012925965711474419,0,0,0,0,0,0,0
conda/conda,annual,11,0.005833550294240316,0.0012925965711474419,0,0,0,0,0,0,0
conda/conda,annual,11,0.005833550294240316,0.0012925965711474419,0,0,0,0,0,0,0
conda/conda,annual,11,0.005833550294240316,0.0012925965711474419,0,0,0,0,0,0,0
conda/conda,annual,11,0.005833550294240316,0.0012925965711474419,0,0,0,0,0,0,0
conda/conda,annual,11,0.005833550294240316,0.0012925965711474419,0,0,0,0,0,0,0
conda/conda,annual,11,0.005833550294240316,0.0012925965711474419,0,0,0,0,0,0,0
conda/conda,annual,11,0.005833550294240316,0.0012925965711474419,0,0,0,0,0,0,0
conda/conda,annual,11,0.005833550294240316,0.0012925965711474419,0,0,0,0,0,0,0
conda/conda,annual,11,0.005833550294240316,0.0012925965711474419,0,0,0,0,0,0,0
conda/conda,annual,11,0.005833550294240316,0.0012925965711474419,0,0,0,0,0,0,0
conda/conda,annual,11,0.005833550294240316,0.0012925965711474419,0,0,0,0,0,0,0
conda/conda,annual,11,0.005833550294240316,0.0012925965711474419,0,0,0,0,0,0,0
conda/conda,annual,11,0.005833550294240316,0.0012925965711474419,0,0,0,0,0,0,0
conda/conda,annual,11,0.005833550294240316,0.0012925965711474419,0,0,0,0,0,0,0
conda/conda,annual,11,0.005833550294240316,0.0012925965711474419,0,0,0,0,0,0,0
conda/conda,annual,11,0.005833550294240316,0.0012925965711474419,0,0,0,0,0,0,0
conda/conda,annual,11,0.005833550294240316,0.0012925965711474419,0,0,0,0,0,0,0
conda/conda,annual,11,0.005833550294240316,0.0012925965711474419,0,0,0,0,0,0,0
conda/conda,annual,11,0.005833550294240316,0.0012925965711474419,0,0,0,0,0,0,0
conda/conda,annual,11,0.005833550294240316,0.0012925965711474419,0,0,0,0,0,0,0
conda/conda,annual,11,0.005833550294240316,0.0012925965711474419,0,0,0,0,0,0,0
conda/conda,annual,11,0.005833550294240316,0.0012925965711474419,0,0,0,0,0,0,0
conda/conda,annual,11,0.005833550294240316,0.0012925965711474419,0,0,0,0,0,0,0
conda/conda,annual,11,0.005833550294240316,0.0012925965711474419,0,0,0,0,0,0,0
conda/conda,annual,11,0.005833550294240316,0.0012925965711474419,0,0,0,0,0,0,0
conda/conda,annual,11,0.005833550294240316,0.0012925965711474419,0,0,0,0,0,0,0
conda/conda,annual,11,0.005833550294240316,0.0012925965711474419,0,0,0,0,0,0,0
conda/conda,annual,11,0.005833550294240316,0.0012925965711474419,0,0,0,0,0,0,0
conda/conda,annual,11,0.005833550294240316,0.0012925965711474419,0,0,0,0,0,0,0
conda/conda,annual,11,0.005833550294240316,0.0012925965711474419,0,0,0,0,0,0,0
conda/conda,annual,11,0.005833550294240316,0.0012925965711474419,0,0,0,0,0,0,0
conda/conda,annual,11,0.005833550294240316,0.0012925965711474419,0,0,0,0,0,0,0
conda/conda,annual,11,0.005833550294240316,0.0012925965711474419,0,0,0,0,0,0,0
conda/conda,annual,11,0.005833550294240316,0.0012925965711474419,0,0,0,0,0,0,0
conda/conda,annual,11,0.005833550294240316,0.0012925965711474419,0,0,0,0,0,0,0
conda/conda,annual,11,0.005833550294240316,0.0012925965711474419,0,0,0,0,0,0,0
conda/conda,annual,11,0.005833550294240316,0.0012925965711474419,0,0,0,0,0,0,0
conda/conda,annual,11,0.005833550294240316,0.0012925965711474419,0,0,0,0,0,0,0
conda/conda,annual,11,0.005833550294240316,0.0012925965711474419,0,0,0,0,0,0,0
conda/conda,annual,11,0.005833550294240316,0.0012925965711474419,0,0,0,0,0,0,0
conda/conda,annual,11,0.005833550294240316,0.0012925965711474419,0,0,0,0,0,0,0
conda/conda,annual,11,0.005833550294240316,0.0012925965711474419,0,0,0,0,0,0,0
conda/conda,annual,11,0.005833550294240316,0.0012925965711474419,0,0,0,0,0,0,0
conda/conda,annual,11,0.005833550294240316,0.0012925965711474419,0,0,0,0,0,0,0
conda/conda,annual,11,0.005833550294240316,0.0012925965711474419,0,0,0,0,0,0,0
conda/conda,annual,11,0.005833550294240316,0.0012925965711474419,0,0,0,0,0,0,0
conda/conda,annual,11,0.005833550294240316,0.0012925965711474419,0,0,0,0,0,0,0
conda/conda,annual,11,0.005833550294240316,0.0012925965711474419,0,0,0,0,0,0,0
conda/conda,annual,11,0.005833550294240316,0.0012925965711474419,0,0,0,0,0,0,0
conda/conda,annual,11,0.005833550294240316,0.0012925965711474419,0,0,0,0,0,0,0
conda/conda,annual,11,0.005833550294240316,0.0012925965711474419,0,0,0,0,0,0,0
conda/conda,annual,11,0.005833550294240316,0.0012925965711474419,0,0,0,0,0,0,0
conda/conda,annual,11,0.005833550294240316,0.0012925965711474419,0,0,0,0,0,0,0
conda/conda,annual,11,0.005833550294240316,0.0012925965711474419,0,0,0,0,0,0,0
conda/conda,annual,11,0.005833550294240316,0.0012925965711474419,0,0,0,0,0,0,0
conda/conda,annual,11,0.005833550294240316,0.0012925965711474419,0,0,0,0,0,0,0
conda/conda,annual,11,0.005833550294240316,0.0012925965711474419,0,0,0,0,0,0,0
conda/conda,annual,11,0.005833550294240316,0.0012925965711474419,0,0,0,0,0,0,0
conda/conda,annual,11,0.005833550294240316,0.0012925965711474419,0,0,0,0,0,0,0
conda/conda,annual,11,0.005833550294240316,0.0012925965711474419,0,0,0,0,0,0,0
conda/conda,annual,11,0.005833550294240316,0.0012925965711474419,0,0,0,0,0,0,0
conda/conda,annual,11,0.005833550294240316,0.0012925965711474419,0,0,0,0,0,0,0
conda/conda,annual,11,0.005833550294240316,0.0012925965711474419,0,0,0,0,0,0,0
conda/conda,annual,11,0.005833550294240316,0.0012925965711474419,0,0,0,0,0,0,0
conda/conda,annual,11,0.005833550294240316,0.0012925965711474419,0,0,0,0,0,0,0
conda/conda,annual,11,0.005833550294240316,0.0012925965711474419,0,0,0,0,0,0,0
conda/conda,annual,11,0.005833550294240316,0.0012925965711474419,0,0,0,0,0,0,0
conda/conda,annual,11,0.005833550294240316,0.0012925965711474419,0,0,0,0,0,0,0
conda/conda,annual,11,0.005833550294240316,0.0012925965711474419,0,0,0,0,0,0,0
conda/conda,annual,11,0.005833550294240316,0.0012925965711474419,0,0,0,0,0,0,0
conda/conda,annual,11,0.005833550294240316,0.0012925965711474419,0,0,0,0,0,0,0
conda/conda,annual,11,0.005833550294240316,0.0012925965711474419,0,0,0,0,0,0,0
conda/conda,annual,11,0.005833550294240316,0.0012925965711474419,0,0,0,0,0,0,0
conda/conda,annual,11,0.005833550294240316,0.0012925965711474419,0,0,0,0,0,0,0
conda/conda,annual,11,0.005833550294240316,0.0012925965711474419,0,0,0,0,0,0,0
conda/conda,annual,11,0.005833550294240316,0.0012925965711474419,0,0,0,0,0,0,0
conda/conda,annual,11,0.005833550294240316,0.0012925965711474419,0,0,0,0,0,0,0
conda/conda,annual,11,0.005833550294240316,0.0012925965711474419,0,0,0,0,0,0,0
conda/conda,annual,11,0.005833550294240316,0.0012925965711474419,0,0,0,0,0,0,0
conda/conda,annual,11,0.005833550294240316,0.0012925965711474419,0,0,0,0,0,0,0
conda/conda,annual,11,0.005833550294240316,0.0012925965711474419,0,0,0,0,0,0,0
conda/conda,annual,11,0.005833550294240316,0.0012925965711474419,0,0,0,0,0,0,0
conda/conda,annual,11,0.005833550294240316,0.0012925965711474419,0,0,0,0,0,0,0
conda/conda,annual,11,0.005833550294240316,0.0012925965711474419,0,0,0,0,0,0,0
conda/conda,annual,11,0.005833550294240316,0.0012925965711474419,0,0,0,0,0,0,0
conda/conda,annual,11,0.005833550294240316,0.0012925965711474419,0,0,0,0,0,0,0
conda/conda,annual,11,0.005833550294240316,0.0012925965711474419,0,0,0,0,0,0,0
conda/conda,annual,11,0.005833550294240316,0.0012925965711474419,0,0,0,0,0,0,0
conda/conda,annual,11,0.005833550294240316,0.0012925965711474419,0,0,0,0,0,0,0
conda/conda,annual,11,0.005833550294240316,0.0012925965711474419,0,0,0,0,0,0,0
conda/conda,annual,11,0.005833550294240316,0.0012925965711474419,0,0,0,0,0,0,0
conda/conda,annual,11,0.005833550294240316,0.0012925965711474419,0,0,0,0,0,0,0
conda/conda,annual,11,0.005833550294240316,0.0012925965711474419,0,0,0,0,0,0,0
conda/conda,annual,11,0.005833550294240316,0.0012925965711474419,0,0,0,0,0,0,0
conda/conda,annual,11,0.005833550294240316,0.0012925965711474419,0,0,0,0,0,0,0
conda/conda,annual,11,0.005833550294240316,0.0012925965711474419,0,0,0,0,0,0,0
conda/conda,annual,11,0.005833550294240316,0.0012925965711474419,0,0,0,0,0,0,0
conda/conda,annual,11,0.005833550294240316,0.0012925965711474419,0,0,0,0,0,0,0
conda/conda,annual,11,0.005833550294240316,0.0012925965711474419,0,0,0,0,0,0,0
conda/conda,annual,11,0.005833550294240316,0.0012925965711474419,0,0,0,0,0,0,0
conda/conda,annual,11,0.005833550294240316,0.0012925965711474419,0,0,0,0,0,0,0
conda/conda,annual,11,0.005833550294240316,0.0012925965711474419,0,0,0,0,0,0,0
conda/conda,annual,11,0.005833550294240316,0.0012925965711474419,0,0,0,0,0,0,0
conda/conda,annual,11,0.005833550294240316,0.0012925965711474419,0,0,0,0,0,0,0
conda/conda,annual,11,0.005833550294240316,0.0012925965711474419,0,0,0,0,0,0,0
conda/conda,annual,11,0.005833550294240316,0.0012925965711474419,0,0,0,0,0,0,0
conda/conda,annual,11,0.005833550294240316,0.0012925965711474419,0,0,0,0,0,0,0
conda/conda,annual,11,0.005833550294240316,0.0012925965711474419,0,0,0,0,0,0,0
conda/conda,annual,11,0.005833550294240316,0.0012925965711474419,0,0,0,0,0,0,0
conda/conda,annual,11,0.005833550294240316,0.0012925965711474419,0,0,0,0,0,0,0
conda/conda,annual,11,0.005833550294240316,0.0012925965711474419,0,0,0,0,0,0,0
conda/conda,annual,11,0.005833550294240316,0.0012925965711474419,0,0,0,0,0,0,0
conda/conda,annual,11,0.005833550294240316,0.0012925965711474419,0,0,0,0,0,0,0
conda/conda,annual,11,0.005833550294240316,0.0012925965711474419,0,0,0,0,0,0,0
conda/conda,annual,11,0.005833550294240316,0.0012925965711474419,0,0,0,0,0,0,0
conda/conda,annual,11,0.005833550294240316,0.0012925965711474419,0,0,0,0,0,0,0
conda/conda,annual,11,0.005833550294240316,0.0012925965711474419,0,0,0,0,0,0,0
conda/conda,annual,11,0.005833550294240316,0.0012925965711474419,0,0,0,0,0,0,0
conda/conda,annual,11,0.005833550294240316,0.0012925965711474419,0,0,0,0,0,0,0
conda/conda,annual,11,0.005833550294240316,0.0012925965711474419,0,0,0,0,0,0,0
conda/conda,annual,11,0.005833550294240316,0.0012925965711474419,0,0,0,0,0,0,0
conda/conda,annual,11,0.005833550294240316,0.0012925965711474419,0,0,0,0,0,0,0
conda/conda,annual,11,0.005833550294240316,0.0012925965711474419,0,0,0,0,0,0,0
conda/conda,annual,11,0.005833550294240316,0.0012925965711474419,0,0,0,0,0,0,0
conda/conda,annual,11,0.005833550294240316,0.0012925965711474419,0,0,0,0,0,0,0
conda/conda,annual,11,0.005833550294240316,0.0012925965711474419,0,0,0,0,0,0,0
conda/conda,annual,11,0.005833550294240316,0.0012925965711474419,0,0,0,0,0,0,0
conda/conda,annual,11,0.005833550294240316,0.0012925965711474419,0,0,0,0,0,0,0
conda/conda,annual,11,0.005833550294240316,0.0012925965711474419,0,0,0,0,0,0,0
conda/conda,annual,11,0.005833550294240316,0.0012925965711474419,0,0,0,0,0,0,0
conda/conda,annual,11,0.005833550294240316,0.0012925965711474419,0,0,0,0,0,0,0
conda/conda,annual,11,0.005833550294240316,0.0012925965711474419,0,0,0,0,0,0,0
conda/conda,annual,11,0.005833550294240316,0.0012925965711474419,0,0,0,0,0,0,0
conda/conda,annual,11,0.005833550294240316,0.0012925965711474419,0,0,0,0,0,0,0
conda/conda,annual,11,0.005833550294240316,0.0012925965711474419,0,0,0,0,0,0,0
conda/conda,annual,11,0.005833550294240316,0.0012925965711474419,0,0,0,0,0,0,0
conda/conda,annual,11,0.005833550294240316,0.0012925965711474419,0,0,0,0,0,0,0
conda/conda,annual,11,0.005833550294240316,0.0012925965711474419,0,0,0,0,0,0,0
conda/conda,annual,11,0.005833550294240316,0.0012925965711474419,0,0,0,0,0,0,0
conda/conda,annual,11,0.005833550294240316,0.0012925965711474419,0,0,0,0,0,0,0
conda/conda,annual,11,0.005833550294240316,0.0012925965711474419,0,0,0,0,0,0,0
conda/conda,annual,11,0.005833550294240316,0.0012925965711474419,0,0,0,0,0,0,0
conda/conda,annual,11,0.005833550294240316,0.0012925965711474419,0,0,0,0,0,0,0
conda/conda,annual,11,0.005833550294240316,0.0012925965711474419,0,0,0,0,0,0,0
conda/conda,annual,11,0.005833550294240316,0.0012925965711474419,0,0,0,0,0,0,0
conda/conda,annual,11,0.005833550294240316,0.0012925965711474419,0,0,0,0,0,0,0
conda/conda,annual,11,0.063670019308726,0.02981568407267332,0,0,0,0,0,0,0
conda/conda,annual,11,0.063670019308726,0.02981568407267332,0,0,0,0,0,0,0
conda/conda,annual,11,0.063670019308726,0.02981568407267332,0,0,0,0,0,0,0
conda/conda,annual,11,0.063670019308726,0.02981568407267332,0,0,0,0,0,0,0
conda/conda,annual,11,0.063670019308726,0.02981568407267332,0,0,0,0,0,0,0
conda/conda,annual,11,0.063670019308726,0.02981568407267332,0,0,0,1,1,1,1
conda/conda,annual,11,0.063670019308726,0.02981568407267332,1,1,1,1,1,1,1
conda/conda,annual,11,0.063670019308726,0.02981568407267332,1,1,1,1,1,1,1
conda/conda,annual,11,0.063670019308726,0.02981568407267332,0,0,0,0,0,0,0
conda/conda,annual,11,0.063670019308726,0.02981568407267332,1,1,1,1,1,1,1
conda/conda,annual,11,0.063670019308726,0.02981568407267332,1,1,1,1,1,1,1
conda/conda,annual,11,0.063670019308726,0.02981568407267332,0,0,0,0,0,0,0
conda/conda,annual,11,0.063670019308726,0.02981568407267332,0,0,0,0,0,0,0
conda/conda,annual,11,0.063670019308726,0.02981568407267332,0,0,0,0,0,0,0
conda/conda,annual,11,0.063670019308726,0.02981568407267332,1,1,1,1,1,1,1
conda/conda,annual,11,0.063670019308726,0.02981568407267332,0,0,0,0,0,0,0
conda/conda,annual,11,0.063670019308726,0.02981568407267332,1,1,1,1,1,1,1
conda/conda,annual,11,0.063670019308726,0.02981568407267332,0,0,0,0,0,0,0
conda/conda,annual,11,0.063670019308726,0.02981568407267332,0,0,0,0,0,0,0
conda/conda,annual,11,0.063670019308726,0.02981568407267332,0,0,0,0,0,0,0
conda/conda,annual,11,0.063670019308726,0.02981568407267332,0,0,0,0,0,0,0
conda/conda,annual,11,0.063670019308726,0.02981568407267332,1,1,1,1,1,1,1
conda/conda,annual,11,0.063670019308726,0.02981568407267332,0,0,0,0,0,0,0
conda/conda,annual,11,0.063670019308726,0.02981568407267332,0,0,0,0,0,0,0
conda/conda,annual,11,0.063670019308726,0.02981568407267332,0,0,0,0,0,0,0
conda/conda,annual,11,0.063670019308726,0.02981568407267332,0,0,0,0,0,0,0
conda/conda,annual,11,0.063670019308726,0.02981568407267332,0,0,0,0,0,0,0
conda/conda,annual,11,0.063670019308726,0.02981568407267332,1,1,1,1,1,1,1
conda/conda,annual,11,0.063670019308726,0.02981568407267332,1,1,1,1,1,1,1
conda/conda,annual,11,0.063670019308726,0.02981568407267332,0,0,0,0,0,0,0
conda/conda,annual,11,0.063670019308726,0.02981568407267332,0,0,0,0,0,0,0
conda/conda,annual,11,0.063670019308726,0.02981568407267332,1,1,1,1,1,1,1
conda/conda,annual,11,0.063670019308726,0.02981568407267332,0,0,0,0,0,0,0
conda/conda,annual,11,0.063670019308726,0.02981568407267332,0,0,0,0,0,0,0
conda/conda,annual,11,0.063670019308726,0.02981568407267332,1,1,1,1,1,1,1
conda/conda,annual,11,0.063670019308726,0.02981568407267332,1,1,1,1,1,1,1
conda/conda,annual,11,0.063670019308726,0.02981568407267332,0,0,0,0,0,0,0
conda/conda,annual,11,0.063670019308726,0.02981568407267332,1,1,1,1,1,1,1
conda/conda,annual,11,0.063670019308726,0.02981568407267332,1,1,1,1,1,1,1
conda/conda,annual,11,0.063670019308726,0.02981568407267332,0,0,0,0,0,0,0
conda/conda,annual,11,0.063670019308726,0.02981568407267332,1,1,1,1,1,1,1
conda/conda,annual,11,0.063670019308726,0.02981568407267332,0,0,0,0,0,0,0
conda/conda,annual,11,0.063670019308726,0.02981568407267332,0,0,0,0,0,0,0
conda/conda,annual,11,0.063670019308726,0.02981568407267332,1,1,1,1,1,1,1
conda/conda,annual,11,0.063670019308726,0.02981568407267332,0,0,0,0,0,0,0
conda/conda,annual,11,0.063670019308726,0.02981568407267332,1,1,1,1,1,1,1
conda/conda,annual,11,0.063670019308726,0.02981568407267332,0,0,0,0,0,0,0
conda/conda,annual,11,0.063670019308726,0.02981568407267332,1,1,1,1,1,1,1
conda/conda,annual,11,0.063670019308726,0.02981568407267332,0,0,0,0,0,0,0
conda/conda,annual,11,0.063670019308726,0.02981568407267332,1,1,1,1,1,1,1
conda/conda,annual,11,0.063670019308726,0.02981568407267332,0,0,0,0,0,0,0
conda/conda,annual,11,0.063670019308726,0.02981568407267332,1,1,1,1,1,1,1
conda/conda,annual,11,0.063670019308726,0.02981568407267332,1,1,1,1,1,1,1
conda/conda,annual,11,0.063670019308726,0.02981568407267332,0,0,0,0,0,0,0
conda/conda,annual,11,0.063670019308726,0.02981568407267332,0,0,0,0,0,0,0
conda/conda,annual,11,0.063670019308726,0.02981568407267332,0,0,0,0,0,0,0
conda/conda,annual,11,0.063670019308726,0.02981568407267332,0,0,1,1,1,1,1
conda/conda,annual,11,0.063670019308726,0.02981568407267332,0,0,0,0,0,0,0
conda/conda,annual,11,0.063670019308726,0.02981568407267332,0,0,0,0,0,0,0
conda/conda,annual,11,0.063670019308726,0.02981568407267332,1,1,1,1,1,1,1
conda/conda,annual,11,0.063670019308726,0.02981568407267332,1,1,1,1,1,1,1
conda/conda,annual,11,0.063670019308726,0.02981568407267332,0,0,0,0,0,0,0
conda/conda,annual,11,0.063670019308726,0.02981568407267332,1,1,1,1,1,1,1
conda/conda,annual,11,0.063670019308726,0.02981568407267332,0,0,0,0,0,0,0
conda/conda,annual,11,0.063670019308726,0.02981568407267332,1,1,1,1,1,1,1
conda/conda,annual,11,0.063670019308726,0.02981568407267332,1,1,1,1,1,1,1
conda/conda,annual,11,0.063670019308726,0.02981568407267332,0,0,0,0,0,0,0
conda/conda,annual,11,0.063670019308726,0.02981568407267332,1,1,1,1,1,1,1
conda/conda,annual,11,0.063670019308726,0.02981568407267332,1,1,1,1,1,1,1
conda/conda,annual,11,0.063670019308726,0.02981568407267332,0,0,0,0,0,0,0
conda/conda,annual,11,0.063670019308726,0.02981568407267332,0,0,0,0,0,0,0
conda/conda,annual,11,0.063670019308726,0.02981568407267332,1,1,1,1,1,1,1
conda/conda,annual,11,0.063670019308726,0.02981568407267332,1,1,1,1,1,1,1
conda/conda,annual,11,0.063670019308726,0.02981568407267332,1,1,1,1,1,1,1
conda/conda,annual,11,0.063670019308726,0.02981568407267332,1,1,1,1,1,1,1
conda/conda,annual,11,0.063670019308726,0.02981568407267332,0,0,0,0,0,0,0
conda/conda,annual,11,0.063670019308726,0.02981568407267332,1,1,1,1,1,1,1
conda/conda,annual,11,0.063670019308726,0.02981568407267332,1,1,1,1,1,1,1
conda/conda,annual,11,0.063670019308726,0.02981568407267332,1,1,1,1,1,1,1
conda/conda,annual,11,0.063670019308726,0.02981568407267332,0,0,0,0,0,0,0
conda/conda,annual,11,0.063670019308726,0.02981568407267332,1,1,1,1,1,1,1
conda/conda,annual,11,0.063670019308726,0.02981568407267332,0,0,0,0,0,0,0
conda/conda,annual,11,0.063670019308726,0.02981568407267332,1,1,1,1,1,1,1
conda/conda,annual,11,0.063670019308726,0.02981568407267332,0,0,0,0,0,0,0
conda/conda,annual,11,0.063670019308726,0.02981568407267332,1,1,1,1,1,1,1
conda/conda,annual,11,0.063670019308726,0.02981568407267332,1,1,1,1,1,1,1
conda/conda,annual,11,0.063670019308726,0.02981568407267332,1,1,1,1,1,1,1
conda/conda,annual,11,0.063670019308726,0.02981568407267332,1,1,1,1,1,1,1
conda/conda,annual,11,0.063670019308726,0.02981568407267332,1,1,1,1,1,1,1
conda/conda,annual,11,0.063670019308726,0.02981568407267332,1,1,1,1,1,1,1
conda/conda,annual,11,0.063670019308726,0.02981568407267332,0,0,0,0,0,0,0
conda/conda,annual,11,0.063670019308726,0.02981568407267332,1,1,1,1,1,1,1
conda/conda,annual,11,0.063670019308726,0.02981568407267332,1,1,1,1,1,1,1
conda/conda,annual,11,0.063670019308726,0.02981568407267332,1,1,1,1,1,1,1
conda/conda,annual,11,0.063670019308726,0.02981568407267332,1,1,1,1,1,1,1
conda/conda,annual,11,0.063670019308726,0.02981568407267332,0,0,0,0,0,0,0
conda/conda,annual,11,0.063670019308726,0.02981568407267332,1,1,1,1,1,1,1
conda/conda,annual,11,0.063670019308726,0.02981568407267332,0,0,0,0,0,0,0
conda/conda,annual,11,0.063670019308726,0.02981568407267332,1,1,1,1,1,1,1
conda/conda,annual,11,0.063670019308726,0.02981568407267332,0,0,0,0,0,0,0
conda/conda,annual,11,0.063670019308726,0.02981568407267332,1,1,1,1,1,1,1
conda/conda,annual,11,0.063670019308726,0.02981568407267332,1,1,1,1,1,1,1
conda/conda,annual,11,0.063670019308726,0.02981568407267332,0,0,0,0,0,0,0
conda/conda,annual,11,0.063670019308726,0.02981568407267332,0,0,0,0,0,0,0
conda/conda,annual,11,0.063670019308726,0.02981568407267332,1,1,1,1,1,1,1
conda/conda,annual,11,0.063670019308726,0.02981568407267332,0,0,0,0,0,0,0
conda/conda,annual,11,0.063670019308726,0.02981568407267332,0,0,0,0,0,0,0
conda/conda,annual,11,0.063670019308726,0.02981568407267332,0,0,0,0,0,0,0
conda/conda,annual,11,0.063670019308726,0.02981568407267332,0,0,0,0,0,0,0
conda/conda,annual,11,0.063670019308726,0.02981568407267332,0,0,0,0,0,0,0
conda/conda,annual,11,0.063670019308726,0.02981568407267332,0,0,0,0,0,0,0
conda/conda,annual,11,0.063670019308726,0.02981568407267332,0,0,0,0,0,0,0
conda/conda,annual,11,0.063670019308726,0.02981568407267332,1,1,1,1,1,1,1
conda/conda,annual,11,0.063670019308726,0.02981568407267332,1,1,1,1,1,1,1
conda/conda,annual,11,0.063670019308726,0.02981568407267332,1,1,1,1,1,1,1
conda/conda,annual,11,0.063670019308726,0.02981568407267332,1,1,1,1,1,1,1
conda/conda,annual,11,0.063670019308726,0.02981568407267332,1,1,1,1,1,1,1
conda/conda,annual,11,0.063670019308726,0.02981568407267332,1,1,1,1,1,1,1
conda/conda,annual,11,0.063670019308726,0.02981568407267332,1,1,1,1,1,1,1
conda/conda,annual,11,0.063670019308726,0.02981568407267332,1,1,1,1,1,1,1
conda/conda,annual,11,0.063670019308726,0.02981568407267332,1,1,1,1,1,1,1
conda/conda,annual,11,0.063670019308726,0.02981568407267332,1,1,1,1,1,1,1
conda/conda,annual,11,0.063670019308726,0.02981568407267332,1,1,1,1,1,1,1
conda/conda,annual,11,0.063670019308726,0.02981568407267332,1,1,1,1,1,1,1
conda/conda,annual,11,0.063670019308726,0.02981568407267332,1,1,1,1,1,1,1
conda/conda,annual,11,0.063670019308726,0.02981568407267332,1,1,1,1,1,1,1
conda/conda,annual,11,0.063670019308726,0.02981568407267332,1,1,1,1,1,1,1
conda/conda,annual,11,0.063670019308726,0.02981568407267332,0,0,0,0,0,0,0
conda/conda,annual,11,0.063670019308726,0.02981568407267332,0,0,0,0,0,0,0
conda/conda,annual,11,0.063670019308726,0.02981568407267332,1,1,1,1,1,1,1
conda/conda,annual,11,0.063670019308726,0.02981568407267332,0,0,0,0,0,0,0
conda/conda,annual,11,0.063670019308726,0.02981568407267332,1,1,1,1,1,1,1
conda/conda,annual,11,0.063670019308726,0.02981568407267332,1,1,1,1,1,1,1
conda/conda,annual,11,0.063670019308726,0.02981568407267332,1,1,1,1,1,1,1
conda/conda,annual,11,0.063670019308726,0.02981568407267332,1,1,1,1,1,1,1
conda/conda,annual,11,0.063670019308726,0.02981568407267332,1,1,1,1,1,1,1
conda/conda,annual,11,0.063670019308726,0.02981568407267332,1,1,1,1,1,1,1
conda/conda,annual,11,0.063670019308726,0.02981568407267332,1,1,1,1,1,1,1
conda/conda,annual,11,0.063670019308726,0.02981568407267332,0,0,0,0,0,0,0
conda/conda,annual,11,0.0636330246925354,0.029980367049574852,0,0,0,0,0,0,0
conda/conda,annual,11,0.0636330246925354,0.029980367049574852,0,0,0,0,0,0,0
conda/conda,annual,11,0.0636330246925354,0.029980367049574852,1,1,1,1,1,1,1
conda/conda,annual,11,0.0636330246925354,0.029980367049574852,1,1,1,1,1,1,1
conda/conda,annual,11,0.0636330246925354,0.029980367049574852,0,0,0,0,0,0,0
conda/conda,annual,11,0.0636330246925354,0.029980367049574852,1,1,1,1,1,1,1
conda/conda,annual,11,0.0636330246925354,0.029980367049574852,0,0,0,0,0,0,0
conda/conda,annual,11,0.0636330246925354,0.029980367049574852,0,0,0,0,0,0,0
conda/conda,annual,11,0.0636330246925354,0.029980367049574852,1,1,1,1,1,1,1
conda/conda,annual,11,0.0636330246925354,0.029980367049574852,1,1,1,1,1,1,1
conda/conda,annual,11,0.0636330246925354,0.029980367049574852,1,1,1,1,1,1,1
conda/conda,annual,11,0.0636330246925354,0.029980367049574852,1,1,1,1,1,1,1
conda/conda,annual,11,0.0636330246925354,0.029980367049574852,0,0,0,0,0,0,0
conda/conda,annual,11,0.0636330246925354,0.029980367049574852,0,0,0,0,0,0,0
conda/conda,annual,11,0.0636330246925354,0.029980367049574852,1,1,1,1,1,1,1
conda/conda,annual,11,0.0636330246925354,0.029980367049574852,1,1,1,1,1,1,1
conda/conda,annual,11,0.0636330246925354,0.029980367049574852,0,0,0,0,0,0,0
conda/conda,annual,11,0.0636330246925354,0.029980367049574852,0,0,0,0,0,0,0
conda/conda,annual,11,0.0636330246925354,0.029980367049574852,0,0,0,0,0,0,0
conda/conda,annual,11,0.0636330246925354,0.029980367049574852,0,0,0,0,0,0,0
conda/conda,annual,11,0.0636330246925354,0.029980367049574852,1,1,1,1,1,1,1
conda/conda,annual,11,0.0636330246925354,0.029980367049574852,1,1,1,1,1,1,1
conda/conda,annual,11,0.0636330246925354,0.029980367049574852,1,1,1,1,1,1,1
conda/conda,annual,11,0.0636330246925354,0.029980367049574852,0,0,0,0,0,0,0
conda/conda,annual,11,0.0636330246925354,0.029980367049574852,1,1,1,1,1,1,1
conda/conda,annual,11,0.0636330246925354,0.029980367049574852,0,0,0,0,0,0,0
conda/conda,annual,11,0.0636330246925354,0.029980367049574852,1,1,1,1,1,1,1
conda/conda,annual,11,0.0636330246925354,0.029980367049574852,1,1,1,1,1,1,1
conda/conda,annual,11,0.0636330246925354,0.029980367049574852,1,1,1,1,1,1,1
conda/conda,annual,11,0.0636330246925354,0.029980367049574852,0,0,0,0,0,0,0
conda/conda,annual,11,0.0636330246925354,0.029980367049574852,1,1,1,1,1,1,1
conda/conda,annual,11,0.0636330246925354,0.029980367049574852,0,0,0,0,0,0,0
conda/conda,annual,11,0.0636330246925354,0.029980367049574852,1,1,1,1,1,1,1
conda/conda,annual,11,0.0636330246925354,0.029980367049574852,1,1,1,1,1,1,1
conda/conda,annual,11,0.0636330246925354,0.029980367049574852,0,0,0,0,0,0,0
conda/conda,annual,11,0.0636330246925354,0.029980367049574852,0,1,1,1,1,1,1
conda/conda,annual,11,0.0636330246925354,0.029980367049574852,1,1,1,1,1,1,1
conda/conda,annual,11,0.0636330246925354,0.029980367049574852,0,0,0,0,0,0,0
conda/conda,annual,11,0.0636330246925354,0.029980367049574852,1,1,1,1,1,1,1
conda/conda,annual,11,0.0636330246925354,0.029980367049574852,0,0,0,0,0,0,0
conda/conda,annual,11,0.0636330246925354,0.029980367049574852,1,1,1,1,1,1,1
conda/conda,annual,11,0.0636330246925354,0.029980367049574852,0,0,0,0,0,0,0
conda/conda,annual,11,0.0636330246925354,0.029980367049574852,1,1,1,1,1,1,1
conda/conda,annual,11,0.0636330246925354,0.029980367049574852,0,0,0,0,0,0,0
conda/conda,annual,11,0.0636330246925354,0.029980367049574852,0,0,0,0,0,0,0
conda/conda,annual,11,0.0636330246925354,0.029980367049574852,0,0,0,0,0,0,0
conda/conda,annual,11,0.0636330246925354,0.029980367049574852,0,0,0,0,0,0,0
conda/conda,annual,11,0.0636330246925354,0.029980367049574852,1,1,1,1,1,1,1
conda/conda,annual,11,0.0636330246925354,0.029980367049574852,0,0,0,0,0,0,0
conda/conda,annual,11,0.0636330246925354,0.029980367049574852,1,1,1,1,1,1,1
conda/conda,annual,11,0.0636330246925354,0.029980367049574852,0,0,0,0,0,0,0
conda/conda,annual,11,0.05992355744043986,0.00446679349988699,0,0,0,0,0,0,0
conda/conda,annual,11,0.05992355744043986,0.00446679349988699,0,0,0,0,0,0,0
conda/conda,annual,11,0.05992355744043986,0.00446679349988699,0,0,0,0,0,0,0
conda/conda,annual,11,0.05992355744043986,0.00446679349988699,0,0,0,0,0,0,0
conda/conda,annual,11,0.05992355744043986,0.00446679349988699,0,0,0,0,0,0,0
conda/conda,annual,11,0.05992355744043986,0.00446679349988699,1,1,1,1,1,1,1
conda/conda,annual,11,0.05992355744043986,0.00446679349988699,1,1,1,1,1,1,1
conda/conda,annual,11,0.05992355744043986,0.00446679349988699,0,0,0,0,0,0,0
conda/conda,annual,11,0.05992355744043986,0.00446679349988699,0,0,0,0,0,0,0
conda/conda,annual,11,0.05992355744043986,0.00446679349988699,1,1,1,1,1,1,1
conda/conda,annual,11,0.05992355744043986,0.00446679349988699,0,0,0,0,0,0,0
conda/conda,annual,11,0.05992355744043986,0.00446679349988699,0,0,0,0,0,0,0
conda/conda,annual,11,0.05992355744043986,0.00446679349988699,1,1,1,1,1,1,1
conda/conda,annual,11,0.05992355744043986,0.00446679349988699,1,1,1,1,1,1,1
conda/conda,annual,11,0.05992355744043986,0.00446679349988699,0,0,0,0,0,0,0
conda/conda,annual,11,0.05992355744043986,0.00446679349988699,0,0,0,0,0,0,0
conda/conda,annual,11,0.05992355744043986,0.00446679349988699,0,0,0,0,0,0,0
conda/conda,annual,11,0.0620461901028951,0.031332592479884624,0,0,0,0,0,0,0
conda/conda,annual,11,0.0620461901028951,0.031332592479884624,0,0,0,0,0,0,0
conda/conda,annual,11,0.0620461901028951,0.031332592479884624,1,1,1,1,1,1,1
conda/conda,annual,11,0.0620461901028951,0.031332592479884624,1,1,1,1,1,1,1
conda/conda,annual,11,0.0620461901028951,0.031332592479884624,1,1,1,1,1,1,1
conda/conda,annual,11,0.0620461901028951,0.031332592479884624,1,1,1,1,1,1,1
conda/conda,annual,11,0.0620461901028951,0.031332592479884624,1,1,1,1,1,1,1
conda/conda,annual,11,0.0620461901028951,0.031332592479884624,0,0,0,0,0,0,0
conda/conda,annual,11,0.0620461901028951,0.031332592479884624,0,0,0,0,0,0,0
conda/conda,annual,11,0.0620461901028951,0.031332592479884624,1,1,1,1,1,1,1
conda/conda,annual,11,0.0620461901028951,0.031332592479884624,0,0,0,0,0,0,0
conda/conda,annual,11,0.0620461901028951,0.031332592479884624,0,0,0,0,0,0,0
conda/conda,annual,11,0.0620461901028951,0.031332592479884624,0,0,0,0,0,0,0
conda/conda,annual,11,0.06429425477981568,0.0313575342297554,0,0,0,0,0,0,0
conda/conda,annual,11,0.06429425477981568,0.0313575342297554,1,1,1,1,1,1,1
conda/conda,annual,11,0.06429425477981568,0.0313575342297554,0,0,0,0,0,0,0
conda/conda,annual,11,0.06429425477981568,0.0313575342297554,1,1,1,1,1,1,1
conda/conda,annual,11,0.06429425477981568,0.0313575342297554,1,1,1,1,1,1,1
conda/conda,annual,11,0.06429425477981568,0.0313575342297554,1,1,1,1,1,1,1
conda/conda,annual,11,0.06429425477981568,0.0313575342297554,1,1,1,1,1,1,1
conda/conda,annual,11,0.06429425477981568,0.0313575342297554,0,0,0,0,0,0,0
conda/conda,annual,11,0.06429425477981568,0.0313575342297554,0,0,0,0,0,0,0
conda/conda,annual,11,0.06429425477981568,0.0313575342297554,0,0,0,0,0,0,0
conda/conda,annual,11,0.06429425477981568,0.0313575342297554,0,0,0,0,0,0,0
conda/conda,annual,11,0.06429425477981568,0.0313575342297554,1,1,1,1,1,1,1
conda/conda,annual,11,0.06429425477981568,0.0313575342297554,1,1,1,1,1,1,1
conda/conda,annual,11,0.06429425477981568,0.0313575342297554,1,1,1,1,1,1,1
conda/conda,annual,11,0.06429425477981568,0.0313575342297554,0,0,0,0,0,0,0
conda/conda,annual,11,0.06429425477981568,0.0313575342297554,0,0,0,0,0,0,0
conda/conda,annual,11,0.06429425477981568,0.0313575342297554,1,1,1,1,1,1,1
conda/conda,annual,11,0.06429425477981568,0.0313575342297554,1,1,1,1,1,1,1
conda/conda,annual,11,0.06429425477981568,0.0313575342297554,0,0,0,0,0,0,0
conda/conda,annual,11,0.06429425477981568,0.0313575342297554,0,0,0,0,0,0,0
conda/conda,annual,11,0.06429425477981568,0.0313575342297554,1,1,1,1,1,1,1
conda/conda,annual,11,0.06429425477981568,0.0313575342297554,1,1,1,1,1,1,1
conda/conda,annual,11,0.06429425477981568,0.0313575342297554,1,1,1,1,1,1,1
conda/conda,annual,11,0.06429425477981568,0.0313575342297554,1,1,1,1,1,1,1
conda/conda,annual,11,0.06429425477981568,0.0313575342297554,0,0,0,0,0,0,0
conda/conda,annual,11,0.06429425477981568,0.0313575342297554,1,1,1,1,1,1,1
conda/conda,annual,11,0.06429425477981568,0.0313575342297554,1,1,1,1,1,1,1
conda/conda,annual,11,0.06429425477981568,0.0313575342297554,0,0,0,0,0,0,0
conda/conda,annual,11,0.06429425477981568,0.0313575342297554,1,1,1,1,1,1,1
conda/conda,annual,11,0.06429425477981568,0.0313575342297554,1,1,1,1,1,1,1
conda/conda,annual,11,0.06484685341517131,0.03165381867438555,0,0,0,0,0,0,0
conda/conda,annual,11,0.06484685341517131,0.03165381867438555,0,0,0,0,0,0,0
conda/conda,annual,11,0.06484685341517131,0.03165381867438555,0,0,0,0,0,0,0
conda/conda,annual,11,0.06484685341517131,0.03165381867438555,0,0,0,0,0,0,0
conda/conda,annual,11,0.06484685341517131,0.03165381867438555,0,0,0,0,0,0,0
conda/conda,annual,11,0.06484685341517131,0.03165381867438555,0,0,0,0,0,0,0
conda/conda,annual,11,0.06484685341517131,0.03165381867438555,1,1,1,1,1,1,1
conda/conda,annual,11,0.06484685341517131,0.03165381867438555,0,0,0,0,0,0,0
conda/conda,annual,11,0.06484685341517131,0.03165381867438555,0,0,0,0,0,0,0
conda/conda,annual,11,0.06484685341517131,0.03165381867438555,1,1,1,1,1,1,1
conda/conda,annual,11,0.06484685341517131,0.03165381867438555,0,0,0,0,0,0,0
conda/conda,annual,11,0.06484685341517131,0.03165381867438555,0,0,0,0,0,0,0
conda/conda,annual,11,0.06484685341517131,0.03165381867438555,1,1,1,1,1,1,1
conda/conda,annual,11,0.06484685341517131,0.03165381867438555,0,0,0,0,0,0,0
conda/conda,annual,11,0.06484685341517131,0.03165381867438555,0,0,0,0,0,0,0
conda/conda,annual,11,0.06484685341517131,0.03165381867438555,1,1,1,1,1,1,1
conda/conda,annual,11,0.06484685341517131,0.03165381867438555,0,0,0,0,0,0,0
conda/conda,annual,11,0.06484685341517131,0.03165381867438555,1,1,1,1,1,1,1
conda/conda,annual,11,0.06484685341517131,0.03165381867438555,0,0,0,0,0,0,0
conda/conda,annual,11,0.06484685341517131,0.03165381867438555,1,1,1,1,1,1,1
conda/conda,annual,11,0.06484685341517131,0.03165381867438555,1,1,1,1,1,1,1
conda/conda,annual,11,0.06484685341517131,0.03165381867438555,1,1,1,1,1,1,1
conda/conda,annual,11,0.06484685341517131,0.03165381867438555,1,1,1,1,1,1,1
conda/conda,annual,11,0.06484685341517131,0.03165381867438555,1,1,1,1,1,1,1
conda/conda,annual,11,0.06484685341517131,0.03165381867438555,0,0,0,0,0,0,0
conda/conda,annual,11,0.06484685341517131,0.03165381867438555,0,0,0,0,0,0,0
conda/conda,annual,11,0.06484685341517131,0.03165381867438555,1,1,1,1,1,1,1
conda/conda,annual,11,0.06484685341517131,0.03165381867438555,0,0,0,0,0,0,0
conda/conda,annual,11,0.06484685341517131,0.03165381867438555,1,1,1,1,1,1,1
conda/conda,annual,11,0.06484685341517131,0.03165381867438555,1,1,1,1,1,1,1
conda/conda,annual,11,0.06484685341517131,0.03165381867438555,0,0,0,0,0,0,0
conda/conda,annual,11,0.06484685341517131,0.03165381867438555,1,1,1,1,1,1,1
conda/conda,annual,11,0.06484685341517131,0.03165381867438555,0,0,0,0,0,0,0
conda/conda,annual,11,0.06484685341517131,0.03165381867438555,1,1,1,1,1,1,1
conda/conda,annual,11,0.06484685341517131,0.03165381867438555,0,0,0,0,0,0,0
conda/conda,annual,11,0.06484685341517131,0.03165381867438555,1,1,1,1,1,1,1
conda/conda,annual,11,0.06484685341517131,0.03165381867438555,1,1,1,1,1,1,1
conda/conda,semi-annual,21,0.0019297480583190918,0.0001483522355556488,0,0,0,0,0,0,0
conda/conda,semi-annual,21,0.002635697523752848,0.0002384483814239502,0,0,0,0,0,0,0
conda/conda,semi-annual,21,0.002635697523752848,0.0002384483814239502,0,0,0,0,0,0,0
conda/conda,semi-annual,21,0.002635697523752848,0.0002384483814239502,0,0,0,0,0,0,0
conda/conda,semi-annual,21,0.002635697523752848,0.0002384483814239502,0,0,0,0,0,0,0
conda/conda,semi-annual,21,0.002635697523752848,0.0002384483814239502,0,0,0,0,0,0,0
conda/conda,semi-annual,21,0.002635697523752848,0.0002384483814239502,0,0,0,0,0,0,0
conda/conda,semi-annual,21,0.002635697523752848,0.0002384483814239502,0,0,0,0,0,0,0
conda/conda,semi-annual,21,0.0025074005126953123,0.00028344709426164627,0,0,0,0,0,0,0
conda/conda,semi-annual,21,0.0025074005126953123,0.00028344709426164627,0,0,0,0,0,0,0
conda/conda,semi-annual,21,0.0025074005126953123,0.00028344709426164627,0,0,0,0,0,0,0
conda/conda,semi-annual,21,0.0025074005126953123,0.00028344709426164627,0,0,0,0,0,0,0
conda/conda,semi-annual,21,0.002566031614939372,0.0002767704427242279,0,0,0,0,0,0,0
conda/conda,semi-annual,21,0.002566031614939372,0.0002767704427242279,0,0,0,0,0,0,0
conda/conda,semi-annual,21,0.002566031614939372,0.0002767704427242279,0,0,0,0,0,0,0
conda/conda,semi-annual,21,0.002566031614939372,0.0002767704427242279,0,0,0,0,0,0,0
conda/conda,semi-annual,21,0.0024259448051452636,0.0003140037879347801,0,0,0,0,0,0,0
conda/conda,semi-annual,21,0.0024259448051452636,0.0003140037879347801,0,0,0,0,0,0,0
conda/conda,semi-annual,21,0.0024259448051452636,0.0003140037879347801,0,0,0,0,0,0,0
conda/conda,semi-annual,21,0.0024259448051452636,0.0003140037879347801,0,0,0,0,0,0,0
conda/conda,semi-annual,21,0.0024259448051452636,0.0003140037879347801,0,0,0,0,0,0,0
conda/conda,semi-annual,21,0.0024259448051452636,0.0003140037879347801,0,0,0,0,0,0,0
conda/conda,semi-annual,21,0.0024259448051452636,0.0003140037879347801,0,0,0,0,0,0,0
conda/conda,semi-annual,21,0.0024259448051452636,0.0003140037879347801,0,0,0,0,0,0,0
conda/conda,semi-annual,21,0.0024259448051452636,0.0003140037879347801,0,0,0,0,0,0,0
conda/conda,semi-annual,21,0.0024259448051452636,0.0003140037879347801,0,0,0,0,0,0,0
conda/conda,semi-annual,21,0.0024259448051452636,0.0003140037879347801,0,0,0,0,0,0,0
conda/conda,semi-annual,21,0.004488102595011393,0.0007876511663198471,0,0,0,0,0,0,0
conda/conda,semi-annual,21,0.004488102595011393,0.0007876511663198471,0,0,0,0,0,0,0
conda/conda,semi-annual,21,0.004488102595011393,0.0007876511663198471,0,0,0,0,0,0,0
conda/conda,semi-annual,21,0.004488102595011393,0.0007876511663198471,0,0,0,0,0,0,0
conda/conda,semi-annual,21,0.004488102595011393,0.0007876511663198471,0,0,0,0,0,0,0
conda/conda,semi-annual,21,0.004488102595011393,0.0007876511663198471,0,0,0,0,0,0,0
conda/conda,semi-annual,21,0.004488102595011393,0.0007876511663198471,0,0,0,0,0,0,0
conda/conda,semi-annual,21,0.004488102595011393,0.0007876511663198471,0,0,0,0,0,0,0
conda/conda,semi-annual,21,0.004488102595011393,0.0007876511663198471,0,0,0,0,0,0,0
conda/conda,semi-annual,21,0.004488102595011393,0.0007876511663198471,0,0,0,0,0,0,0
conda/conda,semi-annual,21,0.004488102595011393,0.0007876511663198471,0,0,0,0,0,0,0
conda/conda,semi-annual,21,0.004488102595011393,0.0007876511663198471,0,0,0,0,0,0,0
conda/conda,semi-annual,21,0.004488102595011393,0.0007876511663198471,0,0,0,0,0,0,0
conda/conda,semi-annual,21,0.004488102595011393,0.0007876511663198471,0,0,0,0,0,0,0
conda/conda,semi-annual,21,0.004488102595011393,0.0007876511663198471,0,0,0,0,0,0,0
conda/conda,semi-annual,21,0.004488102595011393,0.0007876511663198471,0,0,0,0,0,0,0
conda/conda,semi-annual,21,0.004488102595011393,0.0007876511663198471,0,0,0,0,0,0,0
conda/conda,semi-annual,21,0.004488102595011393,0.0007876511663198471,0,0,0,0,0,0,0
conda/conda,semi-annual,21,0.004488102595011393,0.0007876511663198471,0,0,0,0,0,0,0
conda/conda,semi-annual,21,0.004488102595011393,0.0007876511663198471,0,0,0,0,0,0,0
conda/conda,semi-annual,21,0.004488102595011393,0.0007876511663198471,0,0,0,0,0,0,0
conda/conda,semi-annual,21,0.004488102595011393,0.0007876511663198471,0,0,0,0,0,0,0
conda/conda,semi-annual,21,0.004488102595011393,0.0007876511663198471,0,0,0,0,0,0,0
conda/conda,semi-annual,21,0.004488102595011393,0.0007876511663198471,0,0,0,0,0,0,0
conda/conda,semi-annual,21,0.004488102595011393,0.0007876511663198471,0,0,0,0,0,0,0
conda/conda,semi-annual,21,0.004488102595011393,0.0007876511663198471,0,0,0,0,0,0,0
conda/conda,semi-annual,21,0.004488102595011393,0.0007876511663198471,0,0,0,0,0,0,0
conda/conda,semi-annual,21,0.004488102595011393,0.0007876511663198471,0,0,0,0,0,0,0
conda/conda,semi-annual,21,0.004488102595011393,0.0007876511663198471,0,0,0,0,0,0,0
conda/conda,semi-annual,21,0.004488102595011393,0.0007876511663198471,0,0,0,0,0,0,0
conda/conda,semi-annual,21,0.004488102595011393,0.0007876511663198471,0,0,0,0,0,0,0
conda/conda,semi-annual,21,0.004488102595011393,0.0007876511663198471,0,0,0,0,0,0,0
conda/conda,semi-annual,21,0.004488102595011393,0.0007876511663198471,0,0,0,0,0,0,0
conda/conda,semi-annual,21,0.004488102595011393,0.0007876511663198471,0,0,0,0,0,0,0
conda/conda,semi-annual,21,0.004488102595011393,0.0007876511663198471,0,0,0,0,0,0,0
conda/conda,semi-annual,21,0.004488102595011393,0.0007876511663198471,0,0,0,0,0,0,0
conda/conda,semi-annual,21,0.004488102595011393,0.0007876511663198471,0,0,0,0,0,0,0
conda/conda,semi-annual,21,0.004488102595011393,0.0007876511663198471,0,0,0,0,0,0,0
conda/conda,semi-annual,21,0.004488102595011393,0.0007876511663198471,0,0,0,0,0,0,0
conda/conda,semi-annual,21,0.004488102595011393,0.0007876511663198471,0,0,0,0,0,0,0
conda/conda,semi-annual,21,0.003792476654052734,0.0006528683006763458,0,0,0,0,0,0,0
conda/conda,semi-annual,21,0.003792476654052734,0.0006528683006763458,0,0,0,0,0,0,0
conda/conda,semi-annual,21,0.003792476654052734,0.0006528683006763458,0,0,0,0,0,0,0
conda/conda,semi-annual,21,0.003792476654052734,0.0006528683006763458,0,0,0,0,0,0,0
conda/conda,semi-annual,21,0.003792476654052734,0.0006528683006763458,0,0,0,0,0,0,0
conda/conda,semi-annual,21,0.003792476654052734,0.0006528683006763458,0,0,0,0,0,0,0
conda/conda,semi-annual,21,0.003792476654052734,0.0006528683006763458,0,0,0,0,0,0,0
conda/conda,semi-annual,21,0.003792476654052734,0.0006528683006763458,0,0,0,0,0,0,0
conda/conda,semi-annual,21,0.003792476654052734,0.0006528683006763458,0,0,0,0,0,0,0
conda/conda,semi-annual,21,0.003792476654052734,0.0006528683006763458,0,0,0,0,0,0,0
conda/conda,semi-annual,21,0.003792476654052734,0.0006528683006763458,0,0,0,0,0,0,0
conda/conda,semi-annual,21,0.003792476654052734,0.0006528683006763458,0,0,0,0,0,0,0
conda/conda,semi-annual,21,0.003792476654052734,0.0006528683006763458,0,0,0,0,0,0,0
conda/conda,semi-annual,21,0.003792476654052734,0.0006528683006763458,0,0,0,0,0,0,0
conda/conda,semi-annual,21,0.003792476654052734,0.0006528683006763458,0,0,0,0,0,0,0
conda/conda,semi-annual,21,0.003792476654052734,0.0006528683006763458,0,0,0,0,0,0,0
conda/conda,semi-annual,21,0.003792476654052734,0.0006528683006763458,0,0,0,0,0,0,0
conda/conda,semi-annual,21,0.003792476654052734,0.0006528683006763458,0,0,0,0,0,0,0
conda/conda,semi-annual,21,0.003792476654052734,0.0006528683006763458,0,0,0,0,0,0,0
conda/conda,semi-annual,21,0.003792476654052734,0.0006528683006763458,0,0,0,0,0,0,0
conda/conda,semi-annual,21,0.003792476654052734,0.0006528683006763458,0,0,0,0,0,0,0
conda/conda,semi-annual,21,0.003792476654052734,0.0006528683006763458,0,0,0,0,0,0,0
conda/conda,semi-annual,21,0.003792476654052734,0.0006528683006763458,0,0,0,0,0,0,0
conda/conda,semi-annual,21,0.003792476654052734,0.0006528683006763458,0,0,0,0,0,0,0
conda/conda,semi-annual,21,0.003792476654052734,0.0006528683006763458,0,0,0,0,0,0,0
conda/conda,semi-annual,21,0.003792476654052734,0.0006528683006763458,0,0,0,0,0,0,0
conda/conda,semi-annual,21,0.003792476654052734,0.0006528683006763458,0,0,0,0,0,0,0
conda/conda,semi-annual,21,0.003792476654052734,0.0006528683006763458,0,0,0,0,0,0,0
conda/conda,semi-annual,21,0.003792476654052734,0.0006528683006763458,0,0,0,0,0,0,0
conda/conda,semi-annual,21,0.003792476654052734,0.0006528683006763458,0,0,0,0,0,0,0
conda/conda,semi-annual,21,0.003792476654052734,0.0006528683006763458,0,0,0,0,0,0,0
conda/conda,semi-annual,21,0.003792476654052734,0.0006528683006763458,0,0,0,0,0,0,0
conda/conda,semi-annual,21,0.003792476654052734,0.0006528683006763458,0,0,0,0,0,0,0
conda/conda,semi-annual,21,0.003792476654052734,0.0006528683006763458,0,0,0,0,0,0,0
conda/conda,semi-annual,21,0.003792476654052734,0.0006528683006763458,0,0,0,0,0,0,0
conda/conda,semi-annual,21,0.003792476654052734,0.0006528683006763458,0,0,0,0,0,0,0
conda/conda,semi-annual,21,0.003792476654052734,0.0006528683006763458,0,0,0,0,0,0,0
conda/conda,semi-annual,21,0.003792476654052734,0.0006528683006763458,0,0,0,0,0,0,0
conda/conda,semi-annual,21,0.003792476654052734,0.0006528683006763458,0,0,0,0,0,0,0
conda/conda,semi-annual,21,0.003792476654052734,0.0006528683006763458,0,0,0,0,0,0,0
conda/conda,semi-annual,21,0.003792476654052734,0.0006528683006763458,0,0,0,0,0,0,0
conda/conda,semi-annual,21,0.003792476654052734,0.0006528683006763458,0,0,0,0,0,0,0
conda/conda,semi-annual,21,0.003792476654052734,0.0006528683006763458,0,0,0,0,0,0,0
conda/conda,semi-annual,21,0.003792476654052734,0.0006528683006763458,0,0,0,0,0,0,0
conda/conda,semi-annual,21,0.003792476654052734,0.0006528683006763458,0,0,0,0,0,0,0
conda/conda,semi-annual,21,0.003792476654052734,0.0006528683006763458,0,0,0,0,0,0,0
conda/conda,semi-annual,21,0.003792476654052734,0.0006528683006763458,0,0,0,0,0,0,0
conda/conda,semi-annual,21,0.0035732746124267577,0.0006744489073753357,0,0,0,0,0,0,0
conda/conda,semi-annual,21,0.0035732746124267577,0.0006744489073753357,0,0,0,0,0,0,0
conda/conda,semi-annual,21,0.0035732746124267577,0.0006744489073753357,0,0,0,0,0,0,0
conda/conda,semi-annual,21,0.0035732746124267577,0.0006744489073753357,0,0,0,0,0,0,0
conda/conda,semi-annual,21,0.0035732746124267577,0.0006744489073753357,0,0,0,0,0,0,0
conda/conda,semi-annual,21,0.0035732746124267577,0.0006744489073753357,0,0,0,0,0,0,0
conda/conda,semi-annual,21,0.0035732746124267577,0.0006744489073753357,0,0,0,0,0,0,0
conda/conda,semi-annual,21,0.0035732746124267577,0.0006744489073753357,0,0,0,0,0,0,0
conda/conda,semi-annual,21,0.0035732746124267577,0.0006744489073753357,0,0,0,0,0,0,0
conda/conda,semi-annual,21,0.0035732746124267577,0.0006744489073753357,0,0,0,0,0,0,0
conda/conda,semi-annual,21,0.0035732746124267577,0.0006744489073753357,0,0,0,0,0,0,0
conda/conda,semi-annual,21,0.0035732746124267577,0.0006744489073753357,0,0,0,0,0,0,0
conda/conda,semi-annual,21,0.0035732746124267577,0.0006744489073753357,0,0,0,0,0,0,0
conda/conda,semi-annual,21,0.0035732746124267577,0.0006744489073753357,0,0,0,0,0,0,0
conda/conda,semi-annual,21,0.0035732746124267577,0.0006744489073753357,0,0,0,0,0,0,0
conda/conda,semi-annual,21,0.0035732746124267577,0.0006744489073753357,0,0,0,0,0,0,0
conda/conda,semi-annual,21,0.0035732746124267577,0.0006744489073753357,0,0,0,0,0,0,0
conda/conda,semi-annual,21,0.0035732746124267577,0.0006744489073753357,0,0,0,0,0,0,0
conda/conda,semi-annual,21,0.0035732746124267577,0.0006744489073753357,0,0,0,0,0,0,0
conda/conda,semi-annual,21,0.0035732746124267577,0.0006744489073753357,0,0,0,0,0,0,0
conda/conda,semi-annual,21,0.0035732746124267577,0.0006744489073753357,0,0,0,0,0,0,0
conda/conda,semi-annual,21,0.0035732746124267577,0.0006744489073753357,0,0,0,0,0,0,0
conda/conda,semi-annual,21,0.0035732746124267577,0.0006744489073753357,0,0,0,0,0,0,0
conda/conda,semi-annual,21,0.0035732746124267577,0.0006744489073753357,0,0,0,0,0,0,0
conda/conda,semi-annual,21,0.0035732746124267577,0.0006744489073753357,0,0,0,0,0,0,0
conda/conda,semi-annual,21,0.0035732746124267577,0.0006744489073753357,0,0,0,0,0,0,0
conda/conda,semi-annual,21,0.0035732746124267577,0.0006744489073753357,0,0,0,0,0,0,0
conda/conda,semi-annual,21,0.0035732746124267577,0.0006744489073753357,0,0,0,0,0,0,0
conda/conda,semi-annual,21,0.0035732746124267577,0.0006744489073753357,0,0,0,0,0,0,0
conda/conda,semi-annual,21,0.0035732746124267577,0.0006744489073753357,0,0,0,0,0,0,0
conda/conda,semi-annual,21,0.0035732746124267577,0.0006744489073753357,0,0,0,0,0,0,0
conda/conda,semi-annual,21,0.0035732746124267577,0.0006744489073753357,0,0,0,0,0,0,0
conda/conda,semi-annual,21,0.0035732746124267577,0.0006744489073753357,0,0,0,0,0,0,0
conda/conda,semi-annual,21,0.0035732746124267577,0.0006744489073753357,0,0,0,0,0,0,0
conda/conda,semi-annual,21,0.0035732746124267577,0.0006744489073753357,0,0,0,0,0,0,0
conda/conda,semi-annual,21,0.0035732746124267577,0.0006744489073753357,0,0,0,0,0,0,0
conda/conda,semi-annual,21,0.0035732746124267577,0.0006744489073753357,0,0,0,0,0,0,0
conda/conda,semi-annual,21,0.0035732746124267577,0.0006744489073753357,0,0,0,0,0,0,0
conda/conda,semi-annual,21,0.0035732746124267577,0.0006744489073753357,0,0,0,0,0,0,0
conda/conda,semi-annual,21,0.0035732746124267577,0.0006744489073753357,0,0,0,0,0,0,0
conda/conda,semi-annual,21,0.0035732746124267577,0.0006744489073753357,0,0,0,0,0,0,0
conda/conda,semi-annual,21,0.0035732746124267577,0.0006744489073753357,0,0,0,0,0,0,0
conda/conda,semi-annual,21,0.0035732746124267577,0.0006744489073753357,0,0,0,0,0,0,0
conda/conda,semi-annual,21,0.0035732746124267577,0.0006744489073753357,0,0,0,0,0,0,0
conda/conda,semi-annual,21,0.0035732746124267577,0.0006744489073753357,0,0,0,0,0,0,0
conda/conda,semi-annual,21,0.0035732746124267577,0.0006744489073753357,0,0,0,0,0,0,0
conda/conda,semi-annual,21,0.0035732746124267577,0.0006744489073753357,0,0,0,0,0,0,0
conda/conda,semi-annual,21,0.0035732746124267577,0.0006744489073753357,0,0,0,0,0,0,0
conda/conda,semi-annual,21,0.0035732746124267577,0.0006744489073753357,0,0,0,0,0,0,0
conda/conda,semi-annual,21,0.0035732746124267577,0.0006744489073753357,0,0,0,0,0,0,0
conda/conda,semi-annual,21,0.0035732746124267577,0.0006744489073753357,0,0,0,0,0,0,0
conda/conda,semi-annual,21,0.0035732746124267577,0.0006744489073753357,0,0,0,0,0,0,0
conda/conda,semi-annual,21,0.0035732746124267577,0.0006744489073753357,0,0,0,0,0,0,0
conda/conda,semi-annual,21,0.0035732746124267577,0.0006744489073753357,0,0,0,0,0,0,0
conda/conda,semi-annual,21,0.0035732746124267577,0.0006744489073753357,0,0,0,0,0,0,0
conda/conda,semi-annual,21,0.0035732746124267577,0.0006744489073753357,0,0,0,0,0,0,0
conda/conda,semi-annual,21,0.0035732746124267577,0.0006744489073753357,0,0,0,0,0,0,0
conda/conda,semi-annual,21,0.0035732746124267577,0.0006744489073753357,0,0,0,0,0,0,0
conda/conda,semi-annual,21,0.0035732746124267577,0.0006744489073753357,0,0,0,0,0,0,0
conda/conda,semi-annual,21,0.0035732746124267577,0.0006744489073753357,0,0,0,0,0,0,0
conda/conda,semi-annual,21,0.0035732746124267577,0.0006744489073753357,0,0,0,0,0,0,0
conda/conda,semi-annual,21,0.0035732746124267577,0.0006744489073753357,0,0,0,0,0,0,0
conda/conda,semi-annual,21,0.0035732746124267577,0.0006744489073753357,0,0,0,0,0,0,0
conda/conda,semi-annual,21,0.0035732746124267577,0.0006744489073753357,0,0,0,0,0,0,0
conda/conda,semi-annual,21,0.0035732746124267577,0.0006744489073753357,0,0,0,0,0,0,0
conda/conda,semi-annual,21,0.0035732746124267577,0.0006744489073753357,0,0,0,0,0,0,0
conda/conda,semi-annual,21,0.0035732746124267577,0.0006744489073753357,0,0,0,0,0,0,0
conda/conda,semi-annual,21,0.0035732746124267577,0.0006744489073753357,0,0,0,0,0,0,0
conda/conda,semi-annual,21,0.0035732746124267577,0.0006744489073753357,0,0,0,0,0,0,0
conda/conda,semi-annual,21,0.0035732746124267577,0.0006744489073753357,0,0,0,0,0,0,0
conda/conda,semi-annual,21,0.0035732746124267577,0.0006744489073753357,0,0,0,0,0,0,0
conda/conda,semi-annual,21,0.0035732746124267577,0.0006744489073753357,0,0,0,0,0,0,0
conda/conda,semi-annual,21,0.0035732746124267577,0.0006744489073753357,0,0,0,0,0,0,0
conda/conda,semi-annual,21,0.0035732746124267577,0.0006744489073753357,0,0,0,0,0,0,0
conda/conda,semi-annual,21,0.0035732746124267577,0.0006744489073753357,0,0,0,0,0,0,0
conda/conda,semi-annual,21,0.0035732746124267577,0.0006744489073753357,0,0,0,0,0,0,0
conda/conda,semi-annual,21,0.0035732746124267577,0.0006744489073753357,0,0,0,0,0,0,0
conda/conda,semi-annual,21,0.0035732746124267577,0.0006744489073753357,0,0,0,0,0,0,0
conda/conda,semi-annual,21,0.0035732746124267577,0.0006744489073753357,0,0,0,0,0,0,0
conda/conda,semi-annual,21,0.0035732746124267577,0.0006744489073753357,0,0,0,0,0,0,0
conda/conda,semi-annual,21,0.0035732746124267577,0.0006744489073753357,0,0,0,0,0,0,0
conda/conda,semi-annual,21,0.0035732746124267577,0.0006744489073753357,0,0,0,0,0,0,0
conda/conda,semi-annual,21,0.0035732746124267577,0.0006744489073753357,0,0,0,0,0,0,0
conda/conda,semi-annual,21,0.0035732746124267577,0.0006744489073753357,0,0,0,0,0,0,0
conda/conda,semi-annual,21,0.0035732746124267577,0.0006744489073753357,0,0,0,0,0,0,0
conda/conda,semi-annual,21,0.0035732746124267577,0.0006744489073753357,0,0,0,0,0,0,0
conda/conda,semi-annual,21,0.0035732746124267577,0.0006744489073753357,0,0,0,0,0,0,0
conda/conda,semi-annual,21,0.0035732746124267577,0.0006744489073753357,0,0,0,0,0,0,0
conda/conda,semi-annual,21,0.0035732746124267577,0.0006744489073753357,0,0,0,0,0,0,0
conda/conda,semi-annual,21,0.0035732746124267577,0.0006744489073753357,0,0,0,0,0,0,0
conda/conda,semi-annual,21,0.0035732746124267577,0.0006744489073753357,0,0,0,0,0,0,0
conda/conda,semi-annual,21,0.0035732746124267577,0.0006744489073753357,0,0,0,0,0,0,0
conda/conda,semi-annual,21,0.0035732746124267577,0.0006744489073753357,0,0,0,0,0,0,0
conda/conda,semi-annual,21,0.0035732746124267577,0.0006744489073753357,0,0,0,0,0,0,0
conda/conda,semi-annual,21,0.0035732746124267577,0.0006744489073753357,0,0,0,0,0,0,0
conda/conda,semi-annual,21,0.0035732746124267577,0.0006744489073753357,0,0,0,0,0,0,0
conda/conda,semi-annual,21,0.0035732746124267577,0.0006744489073753357,0,0,0,0,0,0,0
conda/conda,semi-annual,21,0.0035732746124267577,0.0006744489073753357,0,0,0,0,0,0,0
conda/conda,semi-annual,21,0.0035732746124267577,0.0006744489073753357,0,0,0,0,0,0,0
conda/conda,semi-annual,21,0.0035732746124267577,0.0006744489073753357,0,0,0,0,0,0,0
conda/conda,semi-annual,21,0.0035732746124267577,0.0006744489073753357,0,0,0,0,0,0,0
conda/conda,semi-annual,21,0.0035732746124267577,0.0006744489073753357,0,0,0,0,0,0,0
conda/conda,semi-annual,21,0.0035732746124267577,0.0006744489073753357,0,0,0,0,0,0,0
conda/conda,semi-annual,21,0.0035732746124267577,0.0006744489073753357,0,0,0,0,0,0,0
conda/conda,semi-annual,21,0.0035732746124267577,0.0006744489073753357,0,0,0,0,0,0,0
conda/conda,semi-annual,21,0.0035732746124267577,0.0006744489073753357,0,0,0,0,0,0,0
conda/conda,semi-annual,21,0.0035732746124267577,0.0006744489073753357,0,0,0,0,0,0,0
conda/conda,semi-annual,21,0.0035732746124267577,0.0006744489073753357,0,0,0,0,0,0,0
conda/conda,semi-annual,21,0.0035732746124267577,0.0006744489073753357,0,0,0,0,0,0,0
conda/conda,semi-annual,21,0.0035732746124267577,0.0006744489073753357,0,0,0,0,0,0,0
conda/conda,semi-annual,21,0.0035732746124267577,0.0006744489073753357,0,0,0,0,0,0,0
conda/conda,semi-annual,21,0.0035732746124267577,0.0006744489073753357,0,0,0,0,0,0,0
conda/conda,semi-annual,21,0.0035732746124267577,0.0006744489073753357,0,0,0,0,0,0,0
conda/conda,semi-annual,21,0.0035732746124267577,0.0006744489073753357,0,0,0,0,0,0,0
conda/conda,semi-annual,21,0.0035732746124267577,0.0006744489073753357,0,0,0,0,0,0,0
conda/conda,semi-annual,21,0.0035732746124267577,0.0006744489073753357,0,0,0,0,0,0,0
conda/conda,semi-annual,21,0.0035732746124267577,0.0006744489073753357,0,0,0,0,0,0,0
conda/conda,semi-annual,21,0.0035732746124267577,0.0006744489073753357,0,0,0,0,0,0,0
conda/conda,semi-annual,21,0.0035732746124267577,0.0006744489073753357,0,0,0,0,0,0,0
conda/conda,semi-annual,21,0.0035732746124267577,0.0006744489073753357,0,0,0,0,0,0,0
conda/conda,semi-annual,21,0.0035732746124267577,0.0006744489073753357,0,0,0,0,0,0,0
conda/conda,semi-annual,21,0.0035732746124267577,0.0006744489073753357,0,0,0,0,0,0,0
conda/conda,semi-annual,21,0.0035732746124267577,0.0006744489073753357,0,0,0,0,0,0,0
conda/conda,semi-annual,21,0.0035732746124267577,0.0006744489073753357,0,0,0,0,0,0,0
conda/conda,semi-annual,21,0.0035732746124267577,0.0006744489073753357,0,0,0,0,0,0,0
conda/conda,semi-annual,21,0.0035732746124267577,0.0006744489073753357,0,0,0,0,0,0,0
conda/conda,semi-annual,21,0.0035732746124267577,0.0006744489073753357,0,0,0,0,0,0,0
conda/conda,semi-annual,21,0.0035732746124267577,0.0006744489073753357,0,0,0,0,0,0,0
conda/conda,semi-annual,21,0.0035732746124267577,0.0006744489073753357,0,0,0,0,0,0,0
conda/conda,semi-annual,21,0.0035732746124267577,0.0006744489073753357,0,0,0,0,0,0,0
conda/conda,semi-annual,21,0.0035732746124267577,0.0006744489073753357,0,0,0,0,0,0,0
conda/conda,semi-annual,21,0.0035732746124267577,0.0006744489073753357,0,0,0,0,0,0,0
conda/conda,semi-annual,21,0.005561633904774984,0.0012926701456308365,0,0,0,0,0,0,0
conda/conda,semi-annual,21,0.005561633904774984,0.0012926701456308365,0,0,0,0,0,0,0
conda/conda,semi-annual,21,0.005561633904774984,0.0012926701456308365,0,0,0,0,0,0,0
conda/conda,semi-annual,21,0.005561633904774984,0.0012926701456308365,0,0,0,0,0,0,0
conda/conda,semi-annual,21,0.005561633904774984,0.0012926701456308365,0,0,0,0,0,0,0
conda/conda,semi-annual,21,0.005561633904774984,0.0012926701456308365,0,0,0,0,0,0,0
conda/conda,semi-annual,21,0.005561633904774984,0.0012926701456308365,0,0,0,0,0,0,0
conda/conda,semi-annual,21,0.005561633904774984,0.0012926701456308365,0,0,0,0,0,0,0
conda/conda,semi-annual,21,0.005561633904774984,0.0012926701456308365,0,0,0,0,0,0,0
conda/conda,semi-annual,21,0.005561633904774984,0.0012926701456308365,0,0,0,0,0,0,0
conda/conda,semi-annual,21,0.005561633904774984,0.0012926701456308365,0,0,0,0,0,0,0
conda/conda,semi-annual,21,0.005561633904774984,0.0012926701456308365,0,0,0,0,0,0,0
conda/conda,semi-annual,21,0.005561633904774984,0.0012926701456308365,0,0,0,0,0,0,0
conda/conda,semi-annual,21,0.005561633904774984,0.0012926701456308365,0,0,0,0,0,0,0
conda/conda,semi-annual,21,0.005561633904774984,0.0012926701456308365,0,0,0,0,0,0,0
conda/conda,semi-annual,21,0.005561633904774984,0.0012926701456308365,0,0,0,0,0,0,0
conda/conda,semi-annual,21,0.005561633904774984,0.0012926701456308365,0,0,0,0,0,0,0
conda/conda,semi-annual,21,0.005561633904774984,0.0012926701456308365,0,0,0,0,0,0,0
conda/conda,semi-annual,21,0.005561633904774984,0.0012926701456308365,0,0,0,0,0,0,0
conda/conda,semi-annual,21,0.005561633904774984,0.0012926701456308365,0,0,0,0,0,0,0
conda/conda,semi-annual,21,0.005561633904774984,0.0012926701456308365,0,0,0,0,0,0,0
conda/conda,semi-annual,21,0.005561633904774984,0.0012926701456308365,0,0,0,0,0,0,0
conda/conda,semi-annual,21,0.005561633904774984,0.0012926701456308365,0,0,0,0,0,0,0
conda/conda,semi-annual,21,0.005561633904774984,0.0012926701456308365,0,0,0,0,0,0,0
conda/conda,semi-annual,21,0.005561633904774984,0.0012926701456308365,0,0,0,0,0,0,0
conda/conda,semi-annual,21,0.005561633904774984,0.0012926701456308365,0,0,0,0,0,0,0
conda/conda,semi-annual,21,0.005561633904774984,0.0012926701456308365,0,0,0,0,0,0,0
conda/conda,semi-annual,21,0.005561633904774984,0.0012926701456308365,0,0,0,0,0,0,0
conda/conda,semi-annual,21,0.005561633904774984,0.0012926701456308365,0,0,0,0,0,0,0
conda/conda,semi-annual,21,0.005561633904774984,0.0012926701456308365,0,0,0,0,0,0,0
conda/conda,semi-annual,21,0.005561633904774984,0.0012926701456308365,0,0,0,0,0,0,0
conda/conda,semi-annual,21,0.005561633904774984,0.0012926701456308365,0,0,0,0,0,0,0
conda/conda,semi-annual,21,0.005561633904774984,0.0012926701456308365,0,0,0,0,0,0,0
conda/conda,semi-annual,21,0.005561633904774984,0.0012926701456308365,0,0,0,0,0,0,0
conda/conda,semi-annual,21,0.005561633904774984,0.0012926701456308365,0,0,0,0,0,0,0
conda/conda,semi-annual,21,0.005561633904774984,0.0012926701456308365,0,0,0,0,0,0,0
conda/conda,semi-annual,21,0.005561633904774984,0.0012926701456308365,0,0,0,0,0,0,0
conda/conda,semi-annual,21,0.005561633904774984,0.0012926701456308365,0,0,0,0,0,0,0
conda/conda,semi-annual,21,0.005561633904774984,0.0012926701456308365,0,0,0,0,0,0,0
conda/conda,semi-annual,21,0.005561633904774984,0.0012926701456308365,0,0,0,0,0,0,0
conda/conda,semi-annual,21,0.005561633904774984,0.0012926701456308365,0,0,0,0,0,0,0
conda/conda,semi-annual,21,0.005561633904774984,0.0012926701456308365,0,0,0,0,0,0,0
conda/conda,semi-annual,21,0.005561633904774984,0.0012926701456308365,0,0,0,0,0,0,0
conda/conda,semi-annual,21,0.005561633904774984,0.0012926701456308365,0,0,0,0,0,0,0
conda/conda,semi-annual,21,0.005561633904774984,0.0012926701456308365,0,0,0,0,0,0,0
conda/conda,semi-annual,21,0.005561633904774984,0.0012926701456308365,0,0,0,0,0,0,0
conda/conda,semi-annual,21,0.005561633904774984,0.0012926701456308365,0,0,0,0,0,0,0
conda/conda,semi-annual,21,0.005561633904774984,0.0012926701456308365,0,0,0,0,0,0,0
conda/conda,semi-annual,21,0.005561633904774984,0.0012926701456308365,0,0,0,0,0,0,0
conda/conda,semi-annual,21,0.005561633904774984,0.0012926701456308365,0,0,0,0,0,0,0
conda/conda,semi-annual,21,0.005561633904774984,0.0012926701456308365,0,0,0,0,0,0,0
conda/conda,semi-annual,21,0.005561633904774984,0.0012926701456308365,0,0,0,0,0,0,0
conda/conda,semi-annual,21,0.005561633904774984,0.0012926701456308365,0,0,0,0,0,0,0
conda/conda,semi-annual,21,0.005561633904774984,0.0012926701456308365,0,0,0,0,0,0,0
conda/conda,semi-annual,21,0.005561633904774984,0.0012926701456308365,0,0,0,0,0,0,0
conda/conda,semi-annual,21,0.005561633904774984,0.0012926701456308365,0,0,0,0,0,0,0
conda/conda,semi-annual,21,0.005561633904774984,0.0012926701456308365,0,0,0,0,0,0,0
conda/conda,semi-annual,21,0.005561633904774984,0.0012926701456308365,0,0,0,0,0,0,0
conda/conda,semi-annual,21,0.005561633904774984,0.0012926701456308365,0,0,0,0,0,0,0
conda/conda,semi-annual,21,0.005561633904774984,0.0012926701456308365,0,0,0,0,0,0,0
conda/conda,semi-annual,21,0.005561633904774984,0.0012926701456308365,0,0,0,0,0,0,0
conda/conda,semi-annual,21,0.005561633904774984,0.0012926701456308365,0,0,0,0,0,0,0
conda/conda,semi-annual,21,0.005561633904774984,0.0012926701456308365,0,0,0,0,0,0,0
conda/conda,semi-annual,21,0.005561633904774984,0.0012926701456308365,0,0,0,0,0,0,0
conda/conda,semi-annual,21,0.005561633904774984,0.0012926701456308365,0,0,0,0,0,0,0
conda/conda,semi-annual,21,0.005561633904774984,0.0012926701456308365,0,0,0,0,0,0,0
conda/conda,semi-annual,21,0.005561633904774984,0.0012926701456308365,0,0,0,0,0,0,0
conda/conda,semi-annual,21,0.005561633904774984,0.0012926701456308365,0,0,0,0,0,0,0
conda/conda,semi-annual,21,0.005561633904774984,0.0012926701456308365,0,0,0,0,0,0,0
conda/conda,semi-annual,21,0.005561633904774984,0.0012926701456308365,0,0,0,0,0,0,0
conda/conda,semi-annual,21,0.005561633904774984,0.0012926701456308365,0,0,0,0,0,0,0
conda/conda,semi-annual,21,0.005561633904774984,0.0012926701456308365,0,0,0,0,0,0,0
conda/conda,semi-annual,21,0.005561633904774984,0.0012926701456308365,0,0,0,0,0,0,0
conda/conda,semi-annual,21,0.005561633904774984,0.0012926701456308365,0,0,0,0,0,0,0
conda/conda,semi-annual,21,0.005561633904774984,0.0012926701456308365,0,0,0,0,0,0,0
conda/conda,semi-annual,21,0.0064214587211608885,0.0015528993681073189,0,0,0,0,0,0,0
conda/conda,semi-annual,21,0.0064214587211608885,0.0015528993681073189,0,0,0,0,0,0,0
conda/conda,semi-annual,21,0.0064214587211608885,0.0015528993681073189,0,0,0,0,0,0,0
conda/conda,semi-annual,21,0.0064214587211608885,0.0015528993681073189,0,0,0,0,0,0,0
conda/conda,semi-annual,21,0.0064214587211608885,0.0015528993681073189,0,0,0,0,0,0,0
conda/conda,semi-annual,21,0.0064214587211608885,0.0015528993681073189,0,0,0,0,0,0,0
conda/conda,semi-annual,21,0.0064214587211608885,0.0015528993681073189,0,0,0,0,0,0,0
conda/conda,semi-annual,21,0.0064214587211608885,0.0015528993681073189,0,0,0,0,0,0,0
conda/conda,semi-annual,21,0.0064214587211608885,0.0015528993681073189,0,0,0,0,0,0,0
conda/conda,semi-annual,21,0.0064214587211608885,0.0015528993681073189,0,0,0,0,0,0,0
conda/conda,semi-annual,21,0.0064214587211608885,0.0015528993681073189,0,0,0,0,0,0,0
conda/conda,semi-annual,21,0.0064214587211608885,0.0015528993681073189,0,0,0,0,0,0,0
conda/conda,semi-annual,21,0.0064214587211608885,0.0015528993681073189,0,0,0,0,0,0,0
conda/conda,semi-annual,21,0.0064214587211608885,0.0015528993681073189,0,0,0,0,0,0,0
conda/conda,semi-annual,21,0.0064214587211608885,0.0015528993681073189,0,0,0,0,0,0,0
conda/conda,semi-annual,21,0.0064214587211608885,0.0015528993681073189,0,0,0,0,0,0,0
conda/conda,semi-annual,21,0.0064214587211608885,0.0015528993681073189,0,0,0,0,0,0,0
conda/conda,semi-annual,21,0.0064214587211608885,0.0015528993681073189,0,0,0,0,0,0,0
conda/conda,semi-annual,21,0.0064214587211608885,0.0015528993681073189,0,0,0,0,0,0,0
conda/conda,semi-annual,21,0.0064214587211608885,0.0015528993681073189,0,0,0,0,0,0,0
conda/conda,semi-annual,21,0.0064214587211608885,0.0015528993681073189,0,0,0,0,0,0,0
conda/conda,semi-annual,21,0.0064214587211608885,0.0015528993681073189,0,0,0,0,0,0,0
conda/conda,semi-annual,21,0.0064214587211608885,0.0015528993681073189,0,0,0,0,0,0,0
conda/conda,semi-annual,21,0.0064214587211608885,0.0015528993681073189,0,0,0,0,0,0,0
conda/conda,semi-annual,21,0.0064214587211608885,0.0015528993681073189,0,0,0,0,0,0,0
conda/conda,semi-annual,21,0.0064214587211608885,0.0015528993681073189,0,0,0,0,0,0,0
conda/conda,semi-annual,21,0.0064214587211608885,0.0015528993681073189,0,0,0,0,0,0,0
conda/conda,semi-annual,21,0.0064214587211608885,0.0015528993681073189,0,0,0,0,0,0,0
conda/conda,semi-annual,21,0.0064214587211608885,0.0015528993681073189,0,0,0,0,0,0,0
conda/conda,semi-annual,21,0.0064214587211608885,0.0015528993681073189,0,0,0,0,0,0,0
conda/conda,semi-annual,21,0.0064214587211608885,0.0015528993681073189,0,0,0,0,0,0,0
conda/conda,semi-annual,21,0.0064214587211608885,0.0015528993681073189,0,0,0,0,0,0,0
conda/conda,semi-annual,21,0.0064214587211608885,0.0015528993681073189,0,0,0,0,0,0,0
conda/conda,semi-annual,21,0.0064214587211608885,0.0015528993681073189,0,0,0,0,0,0,0
conda/conda,semi-annual,21,0.0064214587211608885,0.0015528993681073189,0,0,0,0,0,0,0
conda/conda,semi-annual,21,0.0064214587211608885,0.0015528993681073189,0,0,0,0,0,0,0
conda/conda,semi-annual,21,0.0064214587211608885,0.0015528993681073189,0,0,0,0,0,0,0
conda/conda,semi-annual,21,0.0064214587211608885,0.0015528993681073189,0,0,0,0,0,0,0
conda/conda,semi-annual,21,0.0064214587211608885,0.0015528993681073189,0,0,0,0,0,0,0
conda/conda,semi-annual,21,0.0064214587211608885,0.0015528993681073189,0,0,0,0,0,0,0
conda/conda,semi-annual,21,0.0064214587211608885,0.0015528993681073189,0,0,0,0,0,0,0
conda/conda,semi-annual,21,0.0064214587211608885,0.0015528993681073189,0,0,0,0,0,0,0
conda/conda,semi-annual,21,0.0064214587211608885,0.0015528993681073189,0,0,0,0,0,0,0
conda/conda,semi-annual,21,0.0064214587211608885,0.0015528993681073189,0,0,0,0,0,0,0
conda/conda,semi-annual,21,0.0064214587211608885,0.0015528993681073189,0,0,0,0,0,0,0
conda/conda,semi-annual,21,0.0064214587211608885,0.0015528993681073189,0,0,0,0,0,0,0
conda/conda,semi-annual,21,0.0064214587211608885,0.0015528993681073189,0,0,0,0,0,0,0
conda/conda,semi-annual,21,0.0064214587211608885,0.0015528993681073189,0,0,0,0,0,0,0
conda/conda,semi-annual,21,0.0064214587211608885,0.0015528993681073189,0,0,0,0,0,0,0
conda/conda,semi-annual,21,0.0064214587211608885,0.0015528993681073189,0,0,0,0,0,0,0
conda/conda,semi-annual,21,0.0064214587211608885,0.0015528993681073189,0,0,0,0,0,0,0
conda/conda,semi-annual,21,0.0064214587211608885,0.0015528993681073189,0,0,0,0,0,0,0
conda/conda,semi-annual,21,0.0064214587211608885,0.0015528993681073189,0,0,0,0,0,0,0
conda/conda,semi-annual,21,0.0064214587211608885,0.0015528993681073189,0,0,0,0,0,0,0
conda/conda,semi-annual,21,0.0064214587211608885,0.0015528993681073189,0,0,0,0,0,0,0
conda/conda,semi-annual,21,0.0064214587211608885,0.0015528993681073189,0,0,0,0,0,0,0
conda/conda,semi-annual,21,0.0064214587211608885,0.0015528993681073189,0,0,0,0,0,0,0
conda/conda,semi-annual,21,0.0064214587211608885,0.0015528993681073189,0,0,0,0,0,0,0
conda/conda,semi-annual,21,0.0064214587211608885,0.0015528993681073189,0,0,0,0,0,0,0
conda/conda,semi-annual,21,0.0064214587211608885,0.0015528993681073189,0,0,0,0,0,0,0
conda/conda,semi-annual,21,0.0064214587211608885,0.0015528993681073189,0,0,0,0,0,0,0
conda/conda,semi-annual,21,0.0064214587211608885,0.0015528993681073189,0,0,0,0,0,0,0
conda/conda,semi-annual,21,0.0064214587211608885,0.0015528993681073189,0,0,0,0,0,0,0
conda/conda,semi-annual,21,0.0064214587211608885,0.0015528993681073189,0,0,0,0,0,0,0
conda/conda,semi-annual,21,0.0064214587211608885,0.0015528993681073189,0,0,0,0,0,0,0
conda/conda,semi-annual,21,0.0064214587211608885,0.0015528993681073189,0,0,0,0,0,0,0
conda/conda,semi-annual,21,0.0064214587211608885,0.0015528993681073189,0,0,0,0,0,0,0
conda/conda,semi-annual,21,0.0064214587211608885,0.0015528993681073189,0,0,0,0,0,0,0
conda/conda,semi-annual,21,0.0064214587211608885,0.0015528993681073189,0,0,0,0,0,0,0
conda/conda,semi-annual,21,0.0064214587211608885,0.0015528993681073189,0,0,0,0,0,0,0
conda/conda,semi-annual,21,0.0064214587211608885,0.0015528993681073189,0,0,0,0,0,0,0
conda/conda,semi-annual,21,0.0064214587211608885,0.0015528993681073189,0,0,0,0,0,0,0
conda/conda,semi-annual,21,0.0064214587211608885,0.0015528993681073189,0,0,0,0,0,0,0
conda/conda,semi-annual,21,0.0064214587211608885,0.0015528993681073189,0,0,0,0,0,0,0
conda/conda,semi-annual,21,0.0064214587211608885,0.0015528993681073189,0,0,0,0,0,0,0
conda/conda,semi-annual,21,0.0064214587211608885,0.0015528993681073189,0,0,0,0,0,0,0
conda/conda,semi-annual,21,0.0064214587211608885,0.0015528993681073189,0,0,0,0,0,0,0
conda/conda,semi-annual,21,0.0064214587211608885,0.0015528993681073189,0,0,0,0,0,0,0
conda/conda,semi-annual,21,0.0064214587211608885,0.0015528993681073189,0,0,0,0,0,0,0
conda/conda,semi-annual,21,0.0064214587211608885,0.0015528993681073189,0,0,0,0,0,0,0
conda/conda,semi-annual,21,0.0064214587211608885,0.0015528993681073189,0,0,0,0,0,0,0
conda/conda,semi-annual,21,0.0064214587211608885,0.0015528993681073189,0,0,0,0,0,0,0
conda/conda,semi-annual,21,0.0064214587211608885,0.0015528993681073189,0,0,0,0,0,0,0
conda/conda,semi-annual,21,0.0064214587211608885,0.0015528993681073189,0,0,0,0,0,0,0
conda/conda,semi-annual,21,0.0064214587211608885,0.0015528993681073189,0,0,0,0,0,0,0
conda/conda,semi-annual,21,0.0064214587211608885,0.0015528993681073189,0,0,0,0,0,0,0
conda/conda,semi-annual,21,0.0064214587211608885,0.0015528993681073189,0,0,0,0,0,0,0
conda/conda,semi-annual,21,0.0064214587211608885,0.0015528993681073189,0,0,0,0,0,0,0
conda/conda,semi-annual,21,0.0064214587211608885,0.0015528993681073189,0,0,0,0,0,0,0
conda/conda,semi-annual,21,0.0064214587211608885,0.0015528993681073189,0,0,0,0,0,0,0
conda/conda,semi-annual,21,0.0064214587211608885,0.0015528993681073189,0,0,0,0,0,0,0
conda/conda,semi-annual,21,0.0064214587211608885,0.0015528993681073189,0,0,0,0,0,0,0
conda/conda,semi-annual,21,0.0064214587211608885,0.0015528993681073189,0,0,0,0,0,0,0
conda/conda,semi-annual,21,0.0064214587211608885,0.0015528993681073189,0,0,0,0,0,0,0
conda/conda,semi-annual,21,0.0064214587211608885,0.0015528993681073189,0,0,0,0,0,0,0
conda/conda,semi-annual,21,0.0064214587211608885,0.0015528993681073189,0,0,0,0,0,0,0
conda/conda,semi-annual,21,0.0064214587211608885,0.0015528993681073189,0,0,0,0,0,0,0
conda/conda,semi-annual,21,0.0064214587211608885,0.0015528993681073189,0,0,0,0,0,0,0
conda/conda,semi-annual,21,0.0064214587211608885,0.0015528993681073189,0,0,0,0,0,0,0
conda/conda,semi-annual,21,0.0064214587211608885,0.0015528993681073189,0,0,0,0,0,0,0
conda/conda,semi-annual,21,0.0064214587211608885,0.0015528993681073189,0,0,0,0,0,0,0
conda/conda,semi-annual,21,0.0064214587211608885,0.0015528993681073189,0,0,0,0,0,0,0
conda/conda,semi-annual,21,0.0064214587211608885,0.0015528993681073189,0,0,0,0,0,0,0
conda/conda,semi-annual,21,0.06302775939305623,0.029819735325872898,0,0,0,0,0,0,0
conda/conda,semi-annual,21,0.06302775939305623,0.029819735325872898,0,0,0,0,0,0,0
conda/conda,semi-annual,21,0.06302775939305623,0.029819735325872898,0,0,0,0,0,0,0
conda/conda,semi-annual,21,0.06302775939305623,0.029819735325872898,0,0,0,0,0,0,0
conda/conda,semi-annual,21,0.06302775939305623,0.029819735325872898,0,0,0,0,0,0,0
conda/conda,semi-annual,21,0.06302775939305623,0.029819735325872898,0,0,0,0,0,0,0
conda/conda,semi-annual,21,0.06302775939305623,0.029819735325872898,0,0,0,0,0,0,0
conda/conda,semi-annual,21,0.06302775939305623,0.029819735325872898,0,0,0,0,0,0,0
conda/conda,semi-annual,21,0.06302775939305623,0.029819735325872898,0,0,0,0,0,0,0
conda/conda,semi-annual,21,0.06302775939305623,0.029819735325872898,1,1,1,1,1,1,1
conda/conda,semi-annual,21,0.06302775939305623,0.029819735325872898,1,1,1,1,1,1,1
conda/conda,semi-annual,21,0.06302775939305623,0.029819735325872898,1,1,1,1,1,1,1
conda/conda,semi-annual,21,0.06302775939305623,0.029819735325872898,1,1,1,1,1,1,1
conda/conda,semi-annual,21,0.06302775939305623,0.029819735325872898,1,1,1,1,1,1,1
conda/conda,semi-annual,21,0.06302775939305623,0.029819735325872898,1,1,1,1,1,1,1
conda/conda,semi-annual,21,0.06302775939305623,0.029819735325872898,1,1,1,1,1,1,1
conda/conda,semi-annual,21,0.06302775939305623,0.029819735325872898,1,1,1,1,1,1,1
conda/conda,semi-annual,21,0.06302775939305623,0.029819735325872898,1,1,1,1,1,1,1
conda/conda,semi-annual,21,0.06302775939305623,0.029819735325872898,1,1,1,1,1,1,1
conda/conda,semi-annual,21,0.06302775939305623,0.029819735325872898,1,1,1,1,1,1,1
conda/conda,semi-annual,21,0.06302775939305623,0.029819735325872898,1,1,1,1,1,1,1
conda/conda,semi-annual,21,0.06302775939305623,0.029819735325872898,1,1,1,1,1,1,1
conda/conda,semi-annual,21,0.06302775939305623,0.029819735325872898,1,1,1,1,1,1,1
conda/conda,semi-annual,21,0.06302775939305623,0.029819735325872898,1,1,1,1,1,1,1
conda/conda,semi-annual,21,0.06302775939305623,0.029819735325872898,0,0,0,0,0,0,0
conda/conda,semi-annual,21,0.06302775939305623,0.029819735325872898,0,0,0,0,0,0,0
conda/conda,semi-annual,21,0.06302775939305623,0.029819735325872898,1,1,1,1,1,1,1
conda/conda,semi-annual,21,0.06302775939305623,0.029819735325872898,0,0,0,0,0,0,0
conda/conda,semi-annual,21,0.06302775939305623,0.029819735325872898,1,1,1,1,1,1,1
conda/conda,semi-annual,21,0.06302775939305623,0.029819735325872898,1,1,1,1,1,1,1
conda/conda,semi-annual,21,0.06302775939305623,0.029819735325872898,1,1,1,1,1,1,1
conda/conda,semi-annual,21,0.06302775939305623,0.029819735325872898,1,1,1,1,1,1,1
conda/conda,semi-annual,21,0.06302775939305623,0.029819735325872898,1,1,1,1,1,1,1
conda/conda,semi-annual,21,0.06302775939305623,0.029819735325872898,1,1,1,1,1,1,1
conda/conda,semi-annual,21,0.06302775939305623,0.029819735325872898,1,1,1,1,1,1,1
conda/conda,semi-annual,21,0.06302775939305623,0.029819735325872898,0,0,0,0,0,0,0
conda/conda,semi-annual,21,0.06264107624689738,0.029904013499617577,0,0,0,0,0,0,0
conda/conda,semi-annual,21,0.06264107624689738,0.029904013499617577,0,0,0,0,0,0,0
conda/conda,semi-annual,21,0.06264107624689738,0.029904013499617577,1,1,1,1,1,1,1
conda/conda,semi-annual,21,0.06264107624689738,0.029904013499617577,1,1,1,1,1,1,1
conda/conda,semi-annual,21,0.06264107624689738,0.029904013499617577,0,0,0,0,0,0,0
conda/conda,semi-annual,21,0.06264107624689738,0.029904013499617577,1,1,1,1,1,1,1
conda/conda,semi-annual,21,0.06264107624689738,0.029904013499617577,0,0,0,0,0,0,0
conda/conda,semi-annual,21,0.06264107624689738,0.029904013499617577,0,0,0,0,0,0,0
conda/conda,semi-annual,21,0.06264107624689738,0.029904013499617577,1,1,1,1,1,1,1
conda/conda,semi-annual,21,0.06264107624689738,0.029904013499617577,1,1,1,1,1,1,1
conda/conda,semi-annual,21,0.06264107624689738,0.029904013499617577,1,1,1,1,1,1,1
conda/conda,semi-annual,21,0.06264107624689738,0.029904013499617577,1,1,1,1,1,1,1
conda/conda,semi-annual,21,0.06264107624689738,0.029904013499617577,0,0,0,0,0,0,0
conda/conda,semi-annual,21,0.06264107624689738,0.029904013499617577,0,0,0,0,0,0,0
conda/conda,semi-annual,21,0.06264107624689738,0.029904013499617577,1,1,1,1,1,1,1
conda/conda,semi-annual,21,0.06264107624689738,0.029904013499617577,1,1,1,1,1,1,1
conda/conda,semi-annual,21,0.06264107624689738,0.029904013499617577,0,0,0,0,0,0,0
conda/conda,semi-annual,21,0.06264107624689738,0.029904013499617577,0,0,0,0,0,0,0
conda/conda,semi-annual,21,0.06264107624689738,0.029904013499617577,0,0,0,0,0,0,0
conda/conda,semi-annual,21,0.06264107624689738,0.029904013499617577,0,0,0,0,0,0,0
conda/conda,semi-annual,21,0.06264107624689738,0.029904013499617577,1,1,1,1,1,1,1
conda/conda,semi-annual,21,0.06264107624689738,0.029904013499617577,1,1,1,1,1,1,1
conda/conda,semi-annual,21,0.06264107624689738,0.029904013499617577,1,1,1,1,1,1,1
conda/conda,semi-annual,21,0.06264107624689738,0.029904013499617577,0,0,0,0,0,0,0
conda/conda,semi-annual,21,0.06264107624689738,0.029904013499617577,1,1,1,1,1,1,1
conda/conda,semi-annual,21,0.06264107624689738,0.029904013499617577,0,0,0,0,0,0,0
conda/conda,semi-annual,21,0.06264107624689738,0.029904013499617577,1,1,1,1,1,1,1
conda/conda,semi-annual,21,0.06264107624689738,0.029904013499617577,1,1,1,1,1,1,1
conda/conda,semi-annual,21,0.06264107624689738,0.029904013499617577,1,1,1,1,1,1,1
conda/conda,semi-annual,21,0.06264107624689738,0.029904013499617577,0,0,0,0,0,0,0
conda/conda,semi-annual,21,0.06264107624689738,0.029904013499617577,1,1,1,1,1,1,1
conda/conda,semi-annual,21,0.06264107624689738,0.029904013499617577,0,0,0,0,0,0,0
conda/conda,semi-annual,21,0.06161317030588786,0.029988246969878674,0,0,0,0,0,0,0
conda/conda,semi-annual,21,0.06161317030588786,0.029988246969878674,0,0,0,0,0,0,0
conda/conda,semi-annual,21,0.06161317030588786,0.029988246969878674,0,0,0,0,0,0,0
conda/conda,semi-annual,21,0.06161317030588786,0.029988246969878674,0,1,1,1,1,1,1
conda/conda,semi-annual,21,0.06161317030588786,0.029988246969878674,1,1,1,1,1,1,1
conda/conda,semi-annual,21,0.06161317030588786,0.029988246969878674,0,0,0,0,0,0,0
conda/conda,semi-annual,21,0.06161317030588786,0.029988246969878674,1,1,1,1,1,1,1
conda/conda,semi-annual,21,0.06161317030588786,0.029988246969878674,0,0,0,0,0,0,0
conda/conda,semi-annual,21,0.06161317030588786,0.029988246969878674,1,1,1,1,1,1,1
conda/conda,semi-annual,21,0.06161317030588786,0.029988246969878674,0,0,0,0,0,0,0
conda/conda,semi-annual,21,0.06161317030588786,0.029988246969878674,1,1,1,1,1,1,1
conda/conda,semi-annual,21,0.06161317030588786,0.029988246969878674,0,0,0,0,0,0,0
conda/conda,semi-annual,21,0.06161317030588786,0.029988246969878674,0,0,0,0,0,0,0
conda/conda,semi-annual,21,0.06161317030588786,0.029988246969878674,0,0,0,0,0,0,0
conda/conda,semi-annual,21,0.06161317030588786,0.029988246969878674,0,0,0,0,0,0,0
conda/conda,semi-annual,21,0.06161317030588786,0.029988246969878674,1,1,1,1,1,1,1
conda/conda,semi-annual,21,0.06161317030588786,0.029988246969878674,0,0,0,0,0,0,0
conda/conda,semi-annual,21,0.06161317030588786,0.029988246969878674,1,1,1,1,1,1,1
conda/conda,semi-annual,21,0.06161317030588786,0.029988246969878674,0,0,0,0,0,0,0
conda/conda,semi-annual,21,0.06310739119847615,0.02999777253717184,0,0,0,0,0,0,0
conda/conda,semi-annual,21,0.06310739119847615,0.02999777253717184,0,0,0,0,0,0,0
conda/conda,semi-annual,21,0.06310739119847615,0.02999777253717184,0,0,0,0,0,0,0
conda/conda,semi-annual,21,0.06166470448176066,0.030013439245522022,0,0,0,0,0,0,0
conda/conda,semi-annual,21,0.06166470448176066,0.030013439245522022,0,0,0,0,0,0,0
conda/conda,semi-annual,21,0.06166470448176066,0.030013439245522022,1,1,1,1,1,1,1
conda/conda,semi-annual,21,0.06166470448176066,0.030013439245522022,0,0,0,0,0,0,0
conda/conda,semi-annual,21,0.06166470448176066,0.030013439245522022,0,0,0,0,0,0,0
conda/conda,semi-annual,21,0.06166470448176066,0.030013439245522022,1,1,1,1,1,1,1
conda/conda,semi-annual,21,0.06166470448176066,0.030013439245522022,1,1,1,1,1,1,1
conda/conda,semi-annual,21,0.06166470448176066,0.030013439245522022,0,0,0,0,0,0,0
conda/conda,semi-annual,21,0.06166470448176066,0.030013439245522022,0,0,0,0,0,0,0
conda/conda,semi-annual,21,0.06166470448176066,0.030013439245522022,1,1,1,1,1,1,1
conda/conda,semi-annual,21,0.06166470448176066,0.030013439245522022,0,0,0,0,0,0,0
conda/conda,semi-annual,21,0.06166470448176066,0.030013439245522022,1,1,1,1,1,1,1
conda/conda,semi-annual,21,0.06166470448176066,0.030013439245522022,1,1,1,1,1,1,1
conda/conda,semi-annual,21,0.06166470448176066,0.030013439245522022,0,0,0,0,0,0,0
conda/conda,semi-annual,21,0.06362215677897136,0.030019369907677174,0,0,0,0,0,0,0
conda/conda,semi-annual,21,0.06362215677897136,0.030019369907677174,1,1,1,1,1,1,1
conda/conda,semi-annual,21,0.06362215677897136,0.030019369907677174,1,1,1,1,1,1,1
conda/conda,semi-annual,21,0.06362215677897136,0.030019369907677174,1,1,1,1,1,1,1
conda/conda,semi-annual,21,0.06362215677897136,0.030019369907677174,1,1,1,1,1,1,1
conda/conda,semi-annual,21,0.06362215677897136,0.030019369907677174,1,1,1,1,1,1,1
conda/conda,semi-annual,21,0.06362215677897136,0.030019369907677174,1,1,1,1,1,1,1
conda/conda,semi-annual,21,0.06362215677897136,0.030019369907677174,0,0,0,0,0,0,0
conda/conda,semi-annual,21,0.0617704709370931,0.03133449610322714,0,0,0,0,0,0,0
conda/conda,semi-annual,21,0.0617704709370931,0.03133449610322714,0,0,0,0,0,0,0
conda/conda,semi-annual,21,0.0617704709370931,0.03133449610322714,0,0,0,0,0,0,0
conda/conda,semi-annual,21,0.0617704709370931,0.03133449610322714,0,0,0,0,0,0,0
conda/conda,semi-annual,21,0.0617704709370931,0.03133449610322714,0,0,0,0,0,0,0
conda/conda,semi-annual,21,0.06179017225901286,0.03131737466901541,0,0,0,0,0,0,0
conda/conda,semi-annual,21,0.06179017225901286,0.03131737466901541,0,0,0,0,0,0,0
conda/conda,semi-annual,21,0.06179017225901286,0.03131737466901541,0,0,0,0,0,0,0
conda/conda,semi-annual,21,0.06179017225901286,0.03131737466901541,1,1,1,1,1,1,1
conda/conda,semi-annual,21,0.06179017225901286,0.03131737466901541,1,1,1,1,1,1,1
conda/conda,semi-annual,21,0.06179017225901286,0.03131737466901541,1,1,1,1,1,1,1
conda/conda,semi-annual,21,0.06179017225901286,0.03131737466901541,1,1,1,1,1,1,1
conda/conda,semi-annual,21,0.06179017225901286,0.03131737466901541,0,0,0,0,0,0,0
conda/conda,semi-annual,21,0.06179017225901286,0.03131737466901541,0,0,0,0,0,0,0
conda/conda,semi-annual,21,0.06179017225901286,0.03131737466901541,0,0,0,0,0,0,0
conda/conda,semi-annual,21,0.06179017225901286,0.03131737466901541,0,0,0,0,0,0,0
conda/conda,semi-annual,21,0.06179017225901286,0.03131737466901541,1,1,1,1,1,1,1
conda/conda,semi-annual,21,0.06179017225901286,0.03131737466901541,1,1,1,1,1,1,1
conda/conda,semi-annual,21,0.06179017225901286,0.03131737466901541,1,1,1,1,1,1,1
conda/conda,semi-annual,21,0.06179017225901286,0.03131737466901541,0,0,0,0,0,0,0
conda/conda,semi-annual,21,0.06319069862365723,0.03135652281343937,0,0,0,0,0,0,0
conda/conda,semi-annual,21,0.06319069862365723,0.03135652281343937,0,0,0,0,0,0,0
conda/conda,semi-annual,21,0.06319069862365723,0.03135652281343937,0,0,0,0,0,0,0
conda/conda,semi-annual,21,0.06319069862365723,0.03135652281343937,0,0,0,0,0,0,0
conda/conda,semi-annual,21,0.06319069862365723,0.03135652281343937,0,0,0,0,0,0,0
conda/conda,semi-annual,21,0.06319069862365723,0.03135652281343937,1,1,1,1,1,1,1
conda/conda,semi-annual,21,0.06319069862365723,0.03135652281343937,1,1,1,1,1,1,1
conda/conda,semi-annual,21,0.06319069862365723,0.03135652281343937,1,1,1,1,1,1,1
conda/conda,semi-annual,21,0.06319069862365723,0.03135652281343937,1,1,1,1,1,1,1
conda/conda,semi-annual,21,0.06319069862365723,0.03135652281343937,0,0,0,0,0,0,0
conda/conda,semi-annual,21,0.06319069862365723,0.03135652281343937,1,1,1,1,1,1,1
conda/conda,semi-annual,21,0.06319069862365723,0.03135652281343937,1,1,1,1,1,1,1
conda/conda,semi-annual,21,0.06319069862365723,0.03135652281343937,0,0,0,0,0,0,0
conda/conda,semi-annual,21,0.06319069862365723,0.03135652281343937,1,1,1,1,1,1,1
conda/conda,semi-annual,21,0.06319069862365723,0.03135652281343937,1,1,1,1,1,1,1
conda/conda,semi-annual,21,0.06590914726257324,0.03168979659676552,0,0,0,0,0,0,0
conda/conda,semi-annual,21,0.06590914726257324,0.03168979659676552,0,0,0,0,0,0,0
conda/conda,semi-annual,21,0.06590914726257324,0.03168979659676552,0,0,0,0,0,0,0
conda/conda,semi-annual,21,0.06590914726257324,0.03168979659676552,0,0,0,0,0,0,0
conda/conda,semi-annual,21,0.06590914726257324,0.03168979659676552,0,0,0,0,0,0,0
conda/conda,semi-annual,21,0.06590914726257324,0.03168979659676552,0,0,0,0,0,0,0
conda/conda,semi-annual,21,0.06590914726257324,0.03168979659676552,1,1,1,1,1,1,1
conda/conda,semi-annual,21,0.06590914726257324,0.03168979659676552,0,0,0,0,0,0,0
conda/conda,semi-annual,21,0.06590914726257324,0.03168979659676552,1,1,1,1,1,1,1
conda/conda,semi-annual,21,0.06590914726257324,0.03168979659676552,1,1,1,1,1,1,1
conda/conda,semi-annual,21,0.06590914726257324,0.03168979659676552,0,0,0,0,0,0,0
conda/conda,semi-annual,21,0.06590914726257324,0.03168979659676552,0,0,0,0,0,0,0
conda/conda,semi-annual,21,0.06590914726257324,0.03168979659676552,1,1,1,1,1,1,1
conda/conda,semi-annual,21,0.06590914726257324,0.03168979659676552,0,0,0,0,0,0,0
conda/conda,semi-annual,21,0.06590914726257324,0.03168979659676552,0,0,0,0,0,0,0
conda/conda,semi-annual,21,0.06590914726257324,0.03168979659676552,1,1,1,1,1,1,1
conda/conda,semi-annual,21,0.06590914726257324,0.03168979659676552,0,0,0,0,0,0,0
conda/conda,semi-annual,21,0.06590914726257324,0.03168979659676552,1,1,1,1,1,1,1
conda/conda,semi-annual,21,0.06590914726257324,0.03168979659676552,0,0,0,0,0,0,0
conda/conda,semi-annual,21,0.06590914726257324,0.03168979659676552,1,1,1,1,1,1,1
conda/conda,semi-annual,21,0.06590914726257324,0.03168979659676552,1,1,1,1,1,1,1
conda/conda,semi-annual,21,0.06590914726257324,0.03168979659676552,1,1,1,1,1,1,1
conda/conda,semi-annual,21,0.06590914726257324,0.03168979659676552,1,1,1,1,1,1,1
conda/conda,semi-annual,21,0.06590914726257324,0.03168979659676552,1,1,1,1,1,1,1
conda/conda,semi-annual,21,0.06590914726257324,0.03168979659676552,0,0,0,0,0,0,0
conda/conda,semi-annual,21,0.06590914726257324,0.03168979659676552,0,0,0,0,0,0,0
conda/conda,semi-annual,21,0.06590914726257324,0.03168979659676552,1,1,1,1,1,1,1
conda/conda,semi-annual,21,0.06590914726257324,0.03168979659676552,0,0,0,0,0,0,0
conda/conda,semi-annual,21,0.065664807955424,0.0029066922143101692,0,0,0,0,0,0,0
conda/conda,semi-annual,21,0.065664807955424,0.0029066922143101692,0,0,0,0,0,0,0
conda/conda,semi-annual,21,0.065664807955424,0.0029066922143101692,0,0,0,0,0,0,0
conda/conda,semi-annual,21,0.065664807955424,0.0029066922143101692,1,1,1,1,1,1,1
conda/conda,semi-annual,21,0.065664807955424,0.0029066922143101692,0,0,0,0,0,0,0
conda/conda,semi-annual,21,0.065664807955424,0.0029066922143101692,1,1,1,1,1,1,1
conda/conda,semi-annual,21,0.065664807955424,0.0029066922143101692,0,0,0,0,0,0,0
conda/conda,semi-annual,21,0.065664807955424,0.0029066922143101692,1,1,1,1,1,1,1
conda/conda,semi-annual,21,0.065664807955424,0.0029066922143101692,1,1,1,1,1,1,1
conda/conda,quarterly,38,0.0019116600354512532,0.00014859996736049652,0,0,0,0,0,0,0
conda/conda,quarterly,38,0.002922248840332031,0.0002313610166311264,0,0,0,0,0,0,0
conda/conda,quarterly,38,0.002866613864898682,0.00023839622735977173,0,0,0,0,0,0,0
conda/conda,quarterly,38,0.002866613864898682,0.00023839622735977173,0,0,0,0,0,0,0
conda/conda,quarterly,38,0.002866613864898682,0.00023839622735977173,0,0,0,0,0,0,0
conda/conda,quarterly,38,0.002866613864898682,0.00023839622735977173,0,0,0,0,0,0,0
conda/conda,quarterly,38,0.002866613864898682,0.00023839622735977173,0,0,0,0,0,0,0
conda/conda,quarterly,38,0.002866613864898682,0.00023839622735977173,0,0,0,0,0,0,0
conda/conda,quarterly,38,0.002500776449839274,0.00028343405574560165,0,0,0,0,0,0,0
conda/conda,quarterly,38,0.002500776449839274,0.00028343405574560165,0,0,0,0,0,0,0
conda/conda,quarterly,38,0.002500776449839274,0.00028343405574560165,0,0,0,0,0,0,0
conda/conda,quarterly,38,0.002500776449839274,0.00028343405574560165,0,0,0,0,0,0,0
conda/conda,quarterly,38,0.0019534985224405927,0.00027652736753225327,0,0,0,0,0,0,0
conda/conda,quarterly,38,0.0019534985224405927,0.00027652736753225327,0,0,0,0,0,0,0
conda/conda,quarterly,38,0.003321492671966553,0.0002767518162727356,0,0,0,0,0,0,0
conda/conda,quarterly,38,0.003321492671966553,0.0002767518162727356,0,0,0,0,0,0,0
conda/conda,quarterly,38,0.003126863638559977,0.00028367433696985245,0,0,0,0,0,0,0
conda/conda,quarterly,38,0.003126863638559977,0.00028367433696985245,0,0,0,0,0,0,0
conda/conda,quarterly,38,0.003126863638559977,0.00028367433696985245,0,0,0,0,0,0,0
conda/conda,quarterly,38,0.003126863638559977,0.00028367433696985245,0,0,0,0,0,0,0
conda/conda,quarterly,38,0.003126863638559977,0.00028367433696985245,0,0,0,0,0,0,0
conda/conda,quarterly,38,0.003126863638559977,0.00028367433696985245,0,0,0,0,0,0,0
conda/conda,quarterly,38,0.003126863638559977,0.00028367433696985245,0,0,0,0,0,0,0
conda/conda,quarterly,38,0.003126863638559977,0.00028367433696985245,0,0,0,0,0,0,0
conda/conda,quarterly,38,0.0027805010477701822,0.0003139590844511986,0,0,0,0,0,0,0
conda/conda,quarterly,38,0.0027805010477701822,0.0003139590844511986,0,0,0,0,0,0,0
conda/conda,quarterly,38,0.0027805010477701822,0.0003139590844511986,0,0,0,0,0,0,0
conda/conda,quarterly,38,0.0027909318606058756,0.00031440984457731247,0,0,0,0,0,0,0
conda/conda,quarterly,38,0.0027909318606058756,0.00031440984457731247,0,0,0,0,0,0,0
conda/conda,quarterly,38,0.0027909318606058756,0.00031440984457731247,0,0,0,0,0,0,0
conda/conda,quarterly,38,0.0027909318606058756,0.00031440984457731247,0,0,0,0,0,0,0
conda/conda,quarterly,38,0.005588821570078532,0.0007876558229327202,0,0,0,0,0,0,0
conda/conda,quarterly,38,0.005588821570078532,0.0007876558229327202,0,0,0,0,0,0,0
conda/conda,quarterly,38,0.005588821570078532,0.0007876558229327202,0,0,0,0,0,0,0
conda/conda,quarterly,38,0.005588821570078532,0.0007876558229327202,0,0,0,0,0,0,0
conda/conda,quarterly,38,0.005588821570078532,0.0007876558229327202,0,0,0,0,0,0,0
conda/conda,quarterly,38,0.005588821570078532,0.0007876558229327202,0,0,0,0,0,0,0
conda/conda,quarterly,38,0.005588821570078532,0.0007876558229327202,0,0,0,0,0,0,0
conda/conda,quarterly,38,0.005588821570078532,0.0007876558229327202,0,0,0,0,0,0,0
conda/conda,quarterly,38,0.005588821570078532,0.0007876558229327202,0,0,0,0,0,0,0
conda/conda,quarterly,38,0.005588821570078532,0.0007876558229327202,0,0,0,0,0,0,0
conda/conda,quarterly,38,0.005588821570078532,0.0007876558229327202,0,0,0,0,0,0,0
conda/conda,quarterly,38,0.005588821570078532,0.0007876558229327202,0,0,0,0,0,0,0
conda/conda,quarterly,38,0.005588821570078532,0.0007876558229327202,0,0,0,0,0,0,0
conda/conda,quarterly,38,0.005588821570078532,0.0007876558229327202,0,0,0,0,0,0,0
conda/conda,quarterly,38,0.005588821570078532,0.0007876558229327202,0,0,0,0,0,0,0
conda/conda,quarterly,38,0.005588821570078532,0.0007876558229327202,0,0,0,0,0,0,0
conda/conda,quarterly,38,0.005588821570078532,0.0007876558229327202,0,0,0,0,0,0,0
conda/conda,quarterly,38,0.005588821570078532,0.0007876558229327202,0,0,0,0,0,0,0
conda/conda,quarterly,38,0.005588821570078532,0.0007876558229327202,0,0,0,0,0,0,0
conda/conda,quarterly,38,0.005588821570078532,0.0007876558229327202,0,0,0,0,0,0,0
conda/conda,quarterly,38,0.005588821570078532,0.0007876558229327202,0,0,0,0,0,0,0
conda/conda,quarterly,38,0.005588821570078532,0.0007876558229327202,0,0,0,0,0,0,0
conda/conda,quarterly,38,0.005588821570078532,0.0007876558229327202,0,0,0,0,0,0,0
conda/conda,quarterly,38,0.005588821570078532,0.0007876558229327202,0,0,0,0,0,0,0
conda/conda,quarterly,38,0.005588821570078532,0.0007876558229327202,0,0,0,0,0,0,0
conda/conda,quarterly,38,0.005588821570078532,0.0007876558229327202,0,0,0,0,0,0,0
conda/conda,quarterly,38,0.005588821570078532,0.0007876558229327202,0,0,0,0,0,0,0
conda/conda,quarterly,38,0.005588821570078532,0.0007876558229327202,0,0,0,0,0,0,0
conda/conda,quarterly,38,0.005588821570078532,0.0007876558229327202,0,0,0,0,0,0,0
conda/conda,quarterly,38,0.005588821570078532,0.0007876558229327202,0,0,0,0,0,0,0
conda/conda,quarterly,38,0.005588821570078532,0.0007876558229327202,0,0,0,0,0,0,0
conda/conda,quarterly,38,0.005588821570078532,0.0007876558229327202,0,0,0,0,0,0,0
conda/conda,quarterly,38,0.005588821570078532,0.0007876558229327202,0,0,0,0,0,0,0
conda/conda,quarterly,38,0.005588821570078532,0.0007876558229327202,0,0,0,0,0,0,0
conda/conda,quarterly,38,0.005588821570078532,0.0007876558229327202,0,0,0,0,0,0,0
conda/conda,quarterly,38,0.005588821570078532,0.0007876558229327202,0,0,0,0,0,0,0
conda/conda,quarterly,38,0.004434903462727864,0.00048655830323696136,0,0,0,0,0,0,0
conda/conda,quarterly,38,0.004434903462727864,0.00048655830323696136,0,0,0,0,0,0,0
conda/conda,quarterly,38,0.004434903462727864,0.00048655830323696136,0,0,0,0,0,0,0
conda/conda,quarterly,38,0.004434903462727864,0.00048655830323696136,0,0,0,0,0,0,0
conda/conda,quarterly,38,0.004434903462727864,0.00048655830323696136,0,0,0,0,0,0,0
conda/conda,quarterly,38,0.004434903462727864,0.00048655830323696136,0,0,0,0,0,0,0
conda/conda,quarterly,38,0.004434903462727864,0.00048655830323696136,0,0,0,0,0,0,0
conda/conda,quarterly,38,0.004434903462727864,0.00048655830323696136,0,0,0,0,0,0,0
conda/conda,quarterly,38,0.004434903462727864,0.00048655830323696136,0,0,0,0,0,0,0
conda/conda,quarterly,38,0.004434903462727864,0.00048655830323696136,0,0,0,0,0,0,0
conda/conda,quarterly,38,0.004434903462727864,0.00048655830323696136,0,0,0,0,0,0,0
conda/conda,quarterly,38,0.004434903462727864,0.00048655830323696136,0,0,0,0,0,0,0
conda/conda,quarterly,38,0.004434903462727864,0.00048655830323696136,0,0,0,0,0,0,0
conda/conda,quarterly,38,0.004434903462727864,0.00048655830323696136,0,0,0,0,0,0,0
conda/conda,quarterly,38,0.004434903462727864,0.00048655830323696136,0,0,0,0,0,0,0
conda/conda,quarterly,38,0.004434903462727864,0.00048655830323696136,0,0,0,0,0,0,0
conda/conda,quarterly,38,0.004434903462727864,0.00048655830323696136,0,0,0,0,0,0,0
conda/conda,quarterly,38,0.004434903462727864,0.00048655830323696136,0,0,0,0,0,0,0
conda/conda,quarterly,38,0.004434903462727864,0.00048655830323696136,0,0,0,0,0,0,0
conda/conda,quarterly,38,0.004434903462727864,0.00048655830323696136,0,0,0,0,0,0,0
conda/conda,quarterly,38,0.004434903462727864,0.00048655830323696136,0,0,0,0,0,0,0
conda/conda,quarterly,38,0.004434903462727864,0.00048655830323696136,0,0,0,0,0,0,0
conda/conda,quarterly,38,0.004434903462727864,0.00048655830323696136,0,0,0,0,0,0,0
conda/conda,quarterly,38,0.004434903462727864,0.00048655830323696136,0,0,0,0,0,0,0
conda/conda,quarterly,38,0.004434903462727864,0.00048655830323696136,0,0,0,0,0,0,0
conda/conda,quarterly,38,0.004437943299611409,0.0006518298760056496,0,0,0,0,0,0,0
conda/conda,quarterly,38,0.004437943299611409,0.0006518298760056496,0,0,0,0,0,0,0
conda/conda,quarterly,38,0.004437943299611409,0.0006518298760056496,0,0,0,0,0,0,0
conda/conda,quarterly,38,0.004437943299611409,0.0006518298760056496,0,0,0,0,0,0,0
conda/conda,quarterly,38,0.004437943299611409,0.0006518298760056496,0,0,0,0,0,0,0
conda/conda,quarterly,38,0.004437943299611409,0.0006518298760056496,0,0,0,0,0,0,0
conda/conda,quarterly,38,0.004437943299611409,0.0006518298760056496,0,0,0,0,0,0,0
conda/conda,quarterly,38,0.004437943299611409,0.0006518298760056496,0,0,0,0,0,0,0
conda/conda,quarterly,38,0.004437943299611409,0.0006518298760056496,0,0,0,0,0,0,0
conda/conda,quarterly,38,0.004437943299611409,0.0006518298760056496,0,0,0,0,0,0,0
conda/conda,quarterly,38,0.004437943299611409,0.0006518298760056496,0,0,0,0,0,0,0
conda/conda,quarterly,38,0.004437943299611409,0.0006518298760056496,0,0,0,0,0,0,0
conda/conda,quarterly,38,0.004437943299611409,0.0006518298760056496,0,0,0,0,0,0,0
conda/conda,quarterly,38,0.004437943299611409,0.0006518298760056496,0,0,0,0,0,0,0
conda/conda,quarterly,38,0.004437943299611409,0.0006518298760056496,0,0,0,0,0,0,0
conda/conda,quarterly,38,0.004437943299611409,0.0006518298760056496,0,0,0,0,0,0,0
conda/conda,quarterly,38,0.004437943299611409,0.0006518298760056496,0,0,0,0,0,0,0
conda/conda,quarterly,38,0.004437943299611409,0.0006518298760056496,0,0,0,0,0,0,0
conda/conda,quarterly,38,0.004437943299611409,0.0006518298760056496,0,0,0,0,0,0,0
conda/conda,quarterly,38,0.004437943299611409,0.0006518298760056496,0,0,0,0,0,0,0
conda/conda,quarterly,38,0.004437943299611409,0.0006518298760056496,0,0,0,0,0,0,0
conda/conda,quarterly,38,0.004437943299611409,0.0006518298760056496,0,0,0,0,0,0,0
conda/conda,quarterly,38,0.003846546014149984,0.0006673438474535942,0,0,0,0,0,0,0
conda/conda,quarterly,38,0.003846546014149984,0.0006673438474535942,0,0,0,0,0,0,0
conda/conda,quarterly,38,0.003846546014149984,0.0006673438474535942,0,0,0,0,0,0,0
conda/conda,quarterly,38,0.003846546014149984,0.0006673438474535942,0,0,0,0,0,0,0
conda/conda,quarterly,38,0.003846546014149984,0.0006673438474535942,0,0,0,0,0,0,0
conda/conda,quarterly,38,0.003846546014149984,0.0006673438474535942,0,0,0,0,0,0,0
conda/conda,quarterly,38,0.003846546014149984,0.0006673438474535942,0,0,0,0,0,0,0
conda/conda,quarterly,38,0.003846546014149984,0.0006673438474535942,0,0,0,0,0,0,0
conda/conda,quarterly,38,0.003846546014149984,0.0006673438474535942,0,0,0,0,0,0,0
conda/conda,quarterly,38,0.003846546014149984,0.0006673438474535942,0,0,0,0,0,0,0
conda/conda,quarterly,38,0.003846546014149984,0.0006673438474535942,0,0,0,0,0,0,0
conda/conda,quarterly,38,0.003846546014149984,0.0006673438474535942,0,0,0,0,0,0,0
conda/conda,quarterly,38,0.003846546014149984,0.0006673438474535942,0,0,0,0,0,0,0
conda/conda,quarterly,38,0.003846546014149984,0.0006673438474535942,0,0,0,0,0,0,0
conda/conda,quarterly,38,0.003846546014149984,0.0006673438474535942,0,0,0,0,0,0,0
conda/conda,quarterly,38,0.003846546014149984,0.0006673438474535942,0,0,0,0,0,0,0
conda/conda,quarterly,38,0.003846546014149984,0.0006673438474535942,0,0,0,0,0,0,0
conda/conda,quarterly,38,0.003846546014149984,0.0006673438474535942,0,0,0,0,0,0,0
conda/conda,quarterly,38,0.003846546014149984,0.0006673438474535942,0,0,0,0,0,0,0
conda/conda,quarterly,38,0.003846546014149984,0.0006673438474535942,0,0,0,0,0,0,0
conda/conda,quarterly,38,0.003846546014149984,0.0006673438474535942,0,0,0,0,0,0,0
conda/conda,quarterly,38,0.003846546014149984,0.0006673438474535942,0,0,0,0,0,0,0
conda/conda,quarterly,38,0.003846546014149984,0.0006673438474535942,0,0,0,0,0,0,0
conda/conda,quarterly,38,0.003846546014149984,0.0006673438474535942,0,0,0,0,0,0,0
conda/conda,quarterly,38,0.003846546014149984,0.0006673438474535942,0,0,0,0,0,0,0
conda/conda,quarterly,38,0.003846546014149984,0.0006673438474535942,0,0,0,0,0,0,0
conda/conda,quarterly,38,0.003846546014149984,0.0006673438474535942,0,0,0,0,0,0,0
conda/conda,quarterly,38,0.003846546014149984,0.0006673438474535942,0,0,0,0,0,0,0
conda/conda,quarterly,38,0.003846546014149984,0.0006673438474535942,0,0,0,0,0,0,0
conda/conda,quarterly,38,0.003846546014149984,0.0006673438474535942,0,0,0,0,0,0,0
conda/conda,quarterly,38,0.003846546014149984,0.0006673438474535942,0,0,0,0,0,0,0
conda/conda,quarterly,38,0.003846546014149984,0.0006673438474535942,0,0,0,0,0,0,0
conda/conda,quarterly,38,0.003846546014149984,0.0006673438474535942,0,0,0,0,0,0,0
conda/conda,quarterly,38,0.004253411293029785,0.0006753457710146904,0,0,0,0,0,0,0
conda/conda,quarterly,38,0.004253411293029785,0.0006753457710146904,0,0,0,0,0,0,0
conda/conda,quarterly,38,0.004253411293029785,0.0006753457710146904,0,0,0,0,0,0,0
conda/conda,quarterly,38,0.004253411293029785,0.0006753457710146904,0,0,0,0,0,0,0
conda/conda,quarterly,38,0.004253411293029785,0.0006753457710146904,0,0,0,0,0,0,0
conda/conda,quarterly,38,0.004253411293029785,0.0006753457710146904,0,0,0,0,0,0,0
conda/conda,quarterly,38,0.004253411293029785,0.0006753457710146904,0,0,0,0,0,0,0
conda/conda,quarterly,38,0.004253411293029785,0.0006753457710146904,0,0,0,0,0,0,0
conda/conda,quarterly,38,0.004253411293029785,0.0006753457710146904,0,0,0,0,0,0,0
conda/conda,quarterly,38,0.004253411293029785,0.0006753457710146904,0,0,0,0,0,0,0
conda/conda,quarterly,38,0.004253411293029785,0.0006753457710146904,0,0,0,0,0,0,0
conda/conda,quarterly,38,0.004253411293029785,0.0006753457710146904,0,0,0,0,0,0,0
conda/conda,quarterly,38,0.004253411293029785,0.0006753457710146904,0,0,0,0,0,0,0
conda/conda,quarterly,38,0.004253411293029785,0.0006753457710146904,0,0,0,0,0,0,0
conda/conda,quarterly,38,0.004253411293029785,0.0006753457710146904,0,0,0,0,0,0,0
conda/conda,quarterly,38,0.004253411293029785,0.0006753457710146904,0,0,0,0,0,0,0
conda/conda,quarterly,38,0.004253411293029785,0.0006753457710146904,0,0,0,0,0,0,0
conda/conda,quarterly,38,0.004253411293029785,0.0006753457710146904,0,0,0,0,0,0,0
conda/conda,quarterly,38,0.004253411293029785,0.0006753457710146904,0,0,0,0,0,0,0
conda/conda,quarterly,38,0.004253411293029785,0.0006753457710146904,0,0,0,0,0,0,0
conda/conda,quarterly,38,0.004253411293029785,0.0006753457710146904,0,0,0,0,0,0,0
conda/conda,quarterly,38,0.004253411293029785,0.0006753457710146904,0,0,0,0,0,0,0
conda/conda,quarterly,38,0.004253411293029785,0.0006753457710146904,0,0,0,0,0,0,0
conda/conda,quarterly,38,0.004253411293029785,0.0006753457710146904,0,0,0,0,0,0,0
conda/conda,quarterly,38,0.004253411293029785,0.0006753457710146904,0,0,0,0,0,0,0
conda/conda,quarterly,38,0.004253411293029785,0.0006753457710146904,0,0,0,0,0,0,0
conda/conda,quarterly,38,0.004253411293029785,0.0006753457710146904,0,0,0,0,0,0,0
conda/conda,quarterly,38,0.004253411293029785,0.0006753457710146904,0,0,0,0,0,0,0
conda/conda,quarterly,38,0.004253411293029785,0.0006753457710146904,0,0,0,0,0,0,0
conda/conda,quarterly,38,0.004253411293029785,0.0006753457710146904,0,0,0,0,0,0,0
conda/conda,quarterly,38,0.004253411293029785,0.0006753457710146904,0,0,0,0,0,0,0
conda/conda,quarterly,38,0.004253411293029785,0.0006753457710146904,0,0,0,0,0,0,0
conda/conda,quarterly,38,0.004253411293029785,0.0006753457710146904,0,0,0,0,0,0,0
conda/conda,quarterly,38,0.004253411293029785,0.0006753457710146904,0,0,0,0,0,0,0
conda/conda,quarterly,38,0.004253411293029785,0.0006753457710146904,0,0,0,0,0,0,0
conda/conda,quarterly,38,0.004253411293029785,0.0006753457710146904,0,0,0,0,0,0,0
conda/conda,quarterly,38,0.004253411293029785,0.0006753457710146904,0,0,0,0,0,0,0
conda/conda,quarterly,38,0.004253411293029785,0.0006753457710146904,0,0,0,0,0,0,0
conda/conda,quarterly,38,0.004253411293029785,0.0006753457710146904,0,0,0,0,0,0,0
conda/conda,quarterly,38,0.004253411293029785,0.0006753457710146904,0,0,0,0,0,0,0
conda/conda,quarterly,38,0.004253411293029785,0.0006753457710146904,0,0,0,0,0,0,0
conda/conda,quarterly,38,0.004253411293029785,0.0006753457710146904,0,0,0,0,0,0,0
conda/conda,quarterly,38,0.004253411293029785,0.0006753457710146904,0,0,0,0,0,0,0
conda/conda,quarterly,38,0.004253411293029785,0.0006753457710146904,0,0,0,0,0,0,0
conda/conda,quarterly,38,0.004253411293029785,0.0006753457710146904,0,0,0,0,0,0,0
conda/conda,quarterly,38,0.004253411293029785,0.0006753457710146904,0,0,0,0,0,0,0
conda/conda,quarterly,38,0.004253411293029785,0.0006753457710146904,0,0,0,0,0,0,0
conda/conda,quarterly,38,0.004253411293029785,0.0006753457710146904,0,0,0,0,0,0,0
conda/conda,quarterly,38,0.004253411293029785,0.0006753457710146904,0,0,0,0,0,0,0
conda/conda,quarterly,38,0.004253411293029785,0.0006753457710146904,0,0,0,0,0,0,0
conda/conda,quarterly,38,0.004253411293029785,0.0006753457710146904,0,0,0,0,0,0,0
conda/conda,quarterly,38,0.004253411293029785,0.0006753457710146904,0,0,0,0,0,0,0
conda/conda,quarterly,38,0.004253411293029785,0.0006753457710146904,0,0,0,0,0,0,0
conda/conda,quarterly,38,0.004253411293029785,0.0006753457710146904,0,0,0,0,0,0,0
conda/conda,quarterly,38,0.004253411293029785,0.0006753457710146904,0,0,0,0,0,0,0
conda/conda,quarterly,38,0.004253411293029785,0.0006753457710146904,0,0,0,0,0,0,0
conda/conda,quarterly,38,0.004253411293029785,0.0006753457710146904,0,0,0,0,0,0,0
conda/conda,quarterly,38,0.004253411293029785,0.0006753457710146904,0,0,0,0,0,0,0
conda/conda,quarterly,38,0.004253411293029785,0.0006753457710146904,0,0,0,0,0,0,0
conda/conda,quarterly,38,0.004253411293029785,0.0006753457710146904,0,0,0,0,0,0,0
conda/conda,quarterly,38,0.004253411293029785,0.0006753457710146904,0,0,0,0,0,0,0
conda/conda,quarterly,38,0.004253411293029785,0.0006753457710146904,0,0,0,0,0,0,0
conda/conda,quarterly,38,0.004253411293029785,0.0006753457710146904,0,0,0,0,0,0,0
conda/conda,quarterly,38,0.004253411293029785,0.0006753457710146904,0,0,0,0,0,0,0
conda/conda,quarterly,38,0.004253411293029785,0.0006753457710146904,0,0,0,0,0,0,0
conda/conda,quarterly,38,0.004253411293029785,0.0006753457710146904,0,0,0,0,0,0,0
conda/conda,quarterly,38,0.004253411293029785,0.0006753457710146904,0,0,0,0,0,0,0
conda/conda,quarterly,38,0.004253411293029785,0.0006753457710146904,0,0,0,0,0,0,0
conda/conda,quarterly,38,0.004253411293029785,0.0006753457710146904,0,0,0,0,0,0,0
conda/conda,quarterly,38,0.004253411293029785,0.0006753457710146904,0,0,0,0,0,0,0
conda/conda,quarterly,38,0.004253411293029785,0.0006753457710146904,0,0,0,0,0,0,0
conda/conda,quarterly,38,0.004253411293029785,0.0006753457710146904,0,0,0,0,0,0,0
conda/conda,quarterly,38,0.004253411293029785,0.0006753457710146904,0,0,0,0,0,0,0
conda/conda,quarterly,38,0.004253411293029785,0.0006753457710146904,0,0,0,0,0,0,0
conda/conda,quarterly,38,0.004253411293029785,0.0006753457710146904,0,0,0,0,0,0,0
conda/conda,quarterly,38,0.004253411293029785,0.0006753457710146904,0,0,0,0,0,0,0
conda/conda,quarterly,38,0.004253411293029785,0.0006753457710146904,0,0,0,0,0,0,0
conda/conda,quarterly,38,0.004253411293029785,0.0006753457710146904,0,0,0,0,0,0,0
conda/conda,quarterly,38,0.004253411293029785,0.0006753457710146904,0,0,0,0,0,0,0
conda/conda,quarterly,38,0.004253411293029785,0.0006753457710146904,0,0,0,0,0,0,0
conda/conda,quarterly,38,0.004253411293029785,0.0006753457710146904,0,0,0,0,0,0,0
conda/conda,quarterly,38,0.004253411293029785,0.0006753457710146904,0,0,0,0,0,0,0
conda/conda,quarterly,38,0.004253411293029785,0.0006753457710146904,0,0,0,0,0,0,0
conda/conda,quarterly,38,0.004253411293029785,0.0006753457710146904,0,0,0,0,0,0,0
conda/conda,quarterly,38,0.004253411293029785,0.0006753457710146904,0,0,0,0,0,0,0
conda/conda,quarterly,38,0.004253411293029785,0.0006753457710146904,0,0,0,0,0,0,0
conda/conda,quarterly,38,0.004253411293029785,0.0006753457710146904,0,0,0,0,0,0,0
conda/conda,quarterly,38,0.004253411293029785,0.0006753457710146904,0,0,0,0,0,0,0
conda/conda,quarterly,38,0.004253411293029785,0.0006753457710146904,0,0,0,0,0,0,0
conda/conda,quarterly,38,0.004253411293029785,0.0006753457710146904,0,0,0,0,0,0,0
conda/conda,quarterly,38,0.004253411293029785,0.0006753457710146904,0,0,0,0,0,0,0
conda/conda,quarterly,38,0.004253411293029785,0.0006753457710146904,0,0,0,0,0,0,0
conda/conda,quarterly,38,0.004253411293029785,0.0006753457710146904,0,0,0,0,0,0,0
conda/conda,quarterly,38,0.004253411293029785,0.0006753457710146904,0,0,0,0,0,0,0
conda/conda,quarterly,38,0.004253411293029785,0.0006753457710146904,0,0,0,0,0,0,0
conda/conda,quarterly,38,0.004253411293029785,0.0006753457710146904,0,0,0,0,0,0,0
conda/conda,quarterly,38,0.004253411293029785,0.0006753457710146904,0,0,0,0,0,0,0
conda/conda,quarterly,38,0.004253411293029785,0.0006753457710146904,0,0,0,0,0,0,0
conda/conda,quarterly,38,0.004253411293029785,0.0006753457710146904,0,0,0,0,0,0,0
conda/conda,quarterly,38,0.0057722727457682295,0.0012090513482689857,0,0,0,0,0,0,0
conda/conda,quarterly,38,0.0057722727457682295,0.0012090513482689857,0,0,0,0,0,0,0
conda/conda,quarterly,38,0.0057722727457682295,0.0012090513482689857,0,0,0,0,0,0,0
conda/conda,quarterly,38,0.0057722727457682295,0.0012090513482689857,0,0,0,0,0,0,0
conda/conda,quarterly,38,0.0057722727457682295,0.0012090513482689857,0,0,0,0,0,0,0
conda/conda,quarterly,38,0.0057722727457682295,0.0012090513482689857,0,0,0,0,0,0,0
conda/conda,quarterly,38,0.0057722727457682295,0.0012090513482689857,0,0,0,0,0,0,0
conda/conda,quarterly,38,0.0057722727457682295,0.0012090513482689857,0,0,0,0,0,0,0
conda/conda,quarterly,38,0.0057722727457682295,0.0012090513482689857,0,0,0,0,0,0,0
conda/conda,quarterly,38,0.0057722727457682295,0.0012090513482689857,0,0,0,0,0,0,0
conda/conda,quarterly,38,0.0057722727457682295,0.0012090513482689857,0,0,0,0,0,0,0
conda/conda,quarterly,38,0.0057722727457682295,0.0012090513482689857,0,0,0,0,0,0,0
conda/conda,quarterly,38,0.0057722727457682295,0.0012090513482689857,0,0,0,0,0,0,0
conda/conda,quarterly,38,0.0057722727457682295,0.0012090513482689857,0,0,0,0,0,0,0
conda/conda,quarterly,38,0.0057722727457682295,0.0012090513482689857,0,0,0,0,0,0,0
conda/conda,quarterly,38,0.0057722727457682295,0.0012090513482689857,0,0,0,0,0,0,0
conda/conda,quarterly,38,0.0057722727457682295,0.0012090513482689857,0,0,0,0,0,0,0
conda/conda,quarterly,38,0.0057722727457682295,0.0012090513482689857,0,0,0,0,0,0,0
conda/conda,quarterly,38,0.0057722727457682295,0.0012090513482689857,0,0,0,0,0,0,0
conda/conda,quarterly,38,0.0057722727457682295,0.0012090513482689857,0,0,0,0,0,0,0
conda/conda,quarterly,38,0.005789053440093994,0.001292617991566658,0,0,0,0,0,0,0
conda/conda,quarterly,38,0.005789053440093994,0.001292617991566658,0,0,0,0,0,0,0
conda/conda,quarterly,38,0.005789053440093994,0.001292617991566658,0,0,0,0,0,0,0
conda/conda,quarterly,38,0.005789053440093994,0.001292617991566658,0,0,0,0,0,0,0
conda/conda,quarterly,38,0.005789053440093994,0.001292617991566658,0,0,0,0,0,0,0
conda/conda,quarterly,38,0.005789053440093994,0.001292617991566658,0,0,0,0,0,0,0
conda/conda,quarterly,38,0.005789053440093994,0.001292617991566658,0,0,0,0,0,0,0
conda/conda,quarterly,38,0.005789053440093994,0.001292617991566658,0,0,0,0,0,0,0
conda/conda,quarterly,38,0.005789053440093994,0.001292617991566658,0,0,0,0,0,0,0
conda/conda,quarterly,38,0.005789053440093994,0.001292617991566658,0,0,0,0,0,0,0
conda/conda,quarterly,38,0.005789053440093994,0.001292617991566658,0,0,0,0,0,0,0
conda/conda,quarterly,38,0.005789053440093994,0.001292617991566658,0,0,0,0,0,0,0
conda/conda,quarterly,38,0.005789053440093994,0.001292617991566658,0,0,0,0,0,0,0
conda/conda,quarterly,38,0.005789053440093994,0.001292617991566658,0,0,0,0,0,0,0
conda/conda,quarterly,38,0.005789053440093994,0.001292617991566658,0,0,0,0,0,0,0
conda/conda,quarterly,38,0.005789053440093994,0.001292617991566658,0,0,0,0,0,0,0
conda/conda,quarterly,38,0.005789053440093994,0.001292617991566658,0,0,0,0,0,0,0
conda/conda,quarterly,38,0.005789053440093994,0.001292617991566658,0,0,0,0,0,0,0
conda/conda,quarterly,38,0.005789053440093994,0.001292617991566658,0,0,0,0,0,0,0
conda/conda,quarterly,38,0.005789053440093994,0.001292617991566658,0,0,0,0,0,0,0
conda/conda,quarterly,38,0.005789053440093994,0.001292617991566658,0,0,0,0,0,0,0
conda/conda,quarterly,38,0.005789053440093994,0.001292617991566658,0,0,0,0,0,0,0
conda/conda,quarterly,38,0.005789053440093994,0.001292617991566658,0,0,0,0,0,0,0
conda/conda,quarterly,38,0.005789053440093994,0.001292617991566658,0,0,0,0,0,0,0
conda/conda,quarterly,38,0.005789053440093994,0.001292617991566658,0,0,0,0,0,0,0
conda/conda,quarterly,38,0.005789053440093994,0.001292617991566658,0,0,0,0,0,0,0
conda/conda,quarterly,38,0.005789053440093994,0.001292617991566658,0,0,0,0,0,0,0
conda/conda,quarterly,38,0.005789053440093994,0.001292617991566658,0,0,0,0,0,0,0
conda/conda,quarterly,38,0.005789053440093994,0.001292617991566658,0,0,0,0,0,0,0
conda/conda,quarterly,38,0.005789053440093994,0.001292617991566658,0,0,0,0,0,0,0
conda/conda,quarterly,38,0.005789053440093994,0.001292617991566658,0,0,0,0,0,0,0
conda/conda,quarterly,38,0.005789053440093994,0.001292617991566658,0,0,0,0,0,0,0
conda/conda,quarterly,38,0.005789053440093994,0.001292617991566658,0,0,0,0,0,0,0
conda/conda,quarterly,38,0.005789053440093994,0.001292617991566658,0,0,0,0,0,0,0
conda/conda,quarterly,38,0.005789053440093994,0.001292617991566658,0,0,0,0,0,0,0
conda/conda,quarterly,38,0.005789053440093994,0.001292617991566658,0,0,0,0,0,0,0
conda/conda,quarterly,38,0.005789053440093994,0.001292617991566658,0,0,0,0,0,0,0
conda/conda,quarterly,38,0.005789053440093994,0.001292617991566658,0,0,0,0,0,0,0
conda/conda,quarterly,38,0.005789053440093994,0.001292617991566658,0,0,0,0,0,0,0
conda/conda,quarterly,38,0.005789053440093994,0.001292617991566658,0,0,0,0,0,0,0
conda/conda,quarterly,38,0.005789053440093994,0.001292617991566658,0,0,0,0,0,0,0
conda/conda,quarterly,38,0.005789053440093994,0.001292617991566658,0,0,0,0,0,0,0
conda/conda,quarterly,38,0.005789053440093994,0.001292617991566658,0,0,0,0,0,0,0
conda/conda,quarterly,38,0.005789053440093994,0.001292617991566658,0,0,0,0,0,0,0
conda/conda,quarterly,38,0.005789053440093994,0.001292617991566658,0,0,0,0,0,0,0
conda/conda,quarterly,38,0.005789053440093994,0.001292617991566658,0,0,0,0,0,0,0
conda/conda,quarterly,38,0.005789053440093994,0.001292617991566658,0,0,0,0,0,0,0
conda/conda,quarterly,38,0.005789053440093994,0.001292617991566658,0,0,0,0,0,0,0
conda/conda,quarterly,38,0.005789053440093994,0.001292617991566658,0,0,0,0,0,0,0
conda/conda,quarterly,38,0.005789053440093994,0.001292617991566658,0,0,0,0,0,0,0
conda/conda,quarterly,38,0.005789053440093994,0.001292617991566658,0,0,0,0,0,0,0
conda/conda,quarterly,38,0.005789053440093994,0.001292617991566658,0,0,0,0,0,0,0
conda/conda,quarterly,38,0.005789053440093994,0.001292617991566658,0,0,0,0,0,0,0
conda/conda,quarterly,38,0.005789053440093994,0.001292617991566658,0,0,0,0,0,0,0
conda/conda,quarterly,38,0.005789053440093994,0.001292617991566658,0,0,0,0,0,0,0
conda/conda,quarterly,38,0.007635871569315593,0.001554585061967373,0,0,0,0,0,0,0
conda/conda,quarterly,38,0.007635871569315593,0.001554585061967373,0,0,0,0,0,0,0
conda/conda,quarterly,38,0.007635871569315593,0.001554585061967373,0,0,0,0,0,0,0
conda/conda,quarterly,38,0.007635871569315593,0.001554585061967373,0,0,0,0,0,0,0
conda/conda,quarterly,38,0.007635871569315593,0.001554585061967373,0,0,0,0,0,0,0
conda/conda,quarterly,38,0.007635871569315593,0.001554585061967373,0,0,0,0,0,0,0
conda/conda,quarterly,38,0.007635871569315593,0.001554585061967373,0,0,0,0,0,0,0
conda/conda,quarterly,38,0.007635871569315593,0.001554585061967373,0,0,0,0,0,0,0
conda/conda,quarterly,38,0.007635871569315593,0.001554585061967373,0,0,0,0,0,0,0
conda/conda,quarterly,38,0.007635871569315593,0.001554585061967373,0,0,0,0,0,0,0
conda/conda,quarterly,38,0.007635871569315593,0.001554585061967373,0,0,0,0,0,0,0
conda/conda,quarterly,38,0.007635871569315593,0.001554585061967373,0,0,0,0,0,0,0
conda/conda,quarterly,38,0.007635871569315593,0.001554585061967373,0,0,0,0,0,0,0
conda/conda,quarterly,38,0.007635871569315593,0.001554585061967373,0,0,0,0,0,0,0
conda/conda,quarterly,38,0.007635871569315593,0.001554585061967373,0,0,0,0,0,0,0
conda/conda,quarterly,38,0.007635871569315593,0.001554585061967373,0,0,0,0,0,0,0
conda/conda,quarterly,38,0.007635871569315593,0.001554585061967373,0,0,0,0,0,0,0
conda/conda,quarterly,38,0.007635871569315593,0.001554585061967373,0,0,0,0,0,0,0
conda/conda,quarterly,38,0.007635871569315593,0.001554585061967373,0,0,0,0,0,0,0
conda/conda,quarterly,38,0.007635871569315593,0.001554585061967373,0,0,0,0,0,0,0
conda/conda,quarterly,38,0.007635871569315593,0.001554585061967373,0,0,0,0,0,0,0
conda/conda,quarterly,38,0.007635871569315593,0.001554585061967373,0,0,0,0,0,0,0
conda/conda,quarterly,38,0.007635871569315593,0.001554585061967373,0,0,0,0,0,0,0
conda/conda,quarterly,38,0.007635871569315593,0.001554585061967373,0,0,0,0,0,0,0
conda/conda,quarterly,38,0.007635871569315593,0.001554585061967373,0,0,0,0,0,0,0
conda/conda,quarterly,38,0.007635871569315593,0.001554585061967373,0,0,0,0,0,0,0
conda/conda,quarterly,38,0.007635871569315593,0.001554585061967373,0,0,0,0,0,0,0
conda/conda,quarterly,38,0.007635871569315593,0.001554585061967373,0,0,0,0,0,0,0
conda/conda,quarterly,38,0.007635871569315593,0.001554585061967373,0,0,0,0,0,0,0
conda/conda,quarterly,38,0.007635871569315593,0.001554585061967373,0,0,0,0,0,0,0
conda/conda,quarterly,38,0.007635871569315593,0.001554585061967373,0,0,0,0,0,0,0
conda/conda,quarterly,38,0.007635871569315593,0.001554585061967373,0,0,0,0,0,0,0
conda/conda,quarterly,38,0.007635871569315593,0.001554585061967373,0,0,0,0,0,0,0
conda/conda,quarterly,38,0.007635871569315593,0.001554585061967373,0,0,0,0,0,0,0
conda/conda,quarterly,38,0.007635871569315593,0.001554585061967373,0,0,0,0,0,0,0
conda/conda,quarterly,38,0.007635871569315593,0.001554585061967373,0,0,0,0,0,0,0
conda/conda,quarterly,38,0.007635871569315593,0.001554585061967373,0,0,0,0,0,0,0
conda/conda,quarterly,38,0.007635871569315593,0.001554585061967373,0,0,0,0,0,0,0
conda/conda,quarterly,38,0.007635871569315593,0.001554585061967373,0,0,0,0,0,0,0
conda/conda,quarterly,38,0.007635871569315593,0.001554585061967373,0,0,0,0,0,0,0
conda/conda,quarterly,38,0.007635871569315593,0.001554585061967373,0,0,0,0,0,0,0
conda/conda,quarterly,38,0.007635871569315593,0.001554585061967373,0,0,0,0,0,0,0
conda/conda,quarterly,38,0.007635871569315593,0.001554585061967373,0,0,0,0,0,0,0
conda/conda,quarterly,38,0.007635871569315593,0.001554585061967373,0,0,0,0,0,0,0
conda/conda,quarterly,38,0.007635871569315593,0.001554585061967373,0,0,0,0,0,0,0
conda/conda,quarterly,38,0.007635871569315593,0.001554585061967373,0,0,0,0,0,0,0
conda/conda,quarterly,38,0.007635871569315593,0.001554585061967373,0,0,0,0,0,0,0
conda/conda,quarterly,38,0.007635871569315593,0.001554585061967373,0,0,0,0,0,0,0
conda/conda,quarterly,38,0.007635871569315593,0.001554585061967373,0,0,0,0,0,0,0
conda/conda,quarterly,38,0.007635871569315593,0.001554585061967373,0,0,0,0,0,0,0
conda/conda,quarterly,38,0.007635871569315593,0.001554585061967373,0,0,0,0,0,0,0
conda/conda,quarterly,38,0.007635871569315593,0.001554585061967373,0,0,0,0,0,0,0
conda/conda,quarterly,38,0.007635871569315593,0.001554585061967373,0,0,0,0,0,0,0
conda/conda,quarterly,38,0.007635871569315593,0.001554585061967373,0,0,0,0,0,0,0
conda/conda,quarterly,38,0.007635871569315593,0.001554585061967373,0,0,0,0,0,0,0
conda/conda,quarterly,38,0.007635871569315593,0.001554585061967373,0,0,0,0,0,0,0
conda/conda,quarterly,38,0.007635871569315593,0.001554585061967373,0,0,0,0,0,0,0
conda/conda,quarterly,38,0.007635871569315593,0.001554585061967373,0,0,0,0,0,0,0
conda/conda,quarterly,38,0.007635871569315593,0.001554585061967373,0,0,0,0,0,0,0
conda/conda,quarterly,38,0.007635871569315593,0.001554585061967373,0,0,0,0,0,0,0
conda/conda,quarterly,38,0.007635871569315593,0.001554585061967373,0,0,0,0,0,0,0
conda/conda,quarterly,38,0.007635871569315593,0.001554585061967373,0,0,0,0,0,0,0
conda/conda,quarterly,38,0.007635871569315593,0.001554585061967373,0,0,0,0,0,0,0
conda/conda,quarterly,38,0.007635871569315593,0.001554585061967373,0,0,0,0,0,0,0
conda/conda,quarterly,38,0.007635871569315593,0.001554585061967373,0,0,0,0,0,0,0
conda/conda,quarterly,38,0.007635871569315593,0.001554585061967373,0,0,0,0,0,0,0
conda/conda,quarterly,38,0.007635871569315593,0.001554585061967373,0,0,0,0,0,0,0
conda/conda,quarterly,38,0.007635871569315593,0.001554585061967373,0,0,0,0,0,0,0
conda/conda,quarterly,38,0.007635871569315593,0.001554585061967373,0,0,0,0,0,0,0
conda/conda,quarterly,38,0.007635871569315593,0.001554585061967373,0,0,0,0,0,0,0
conda/conda,quarterly,38,0.007635871569315593,0.001554585061967373,0,0,0,0,0,0,0
conda/conda,quarterly,38,0.007635871569315593,0.001554585061967373,0,0,0,0,0,0,0
conda/conda,quarterly,38,0.007635871569315593,0.001554585061967373,0,0,0,0,0,0,0
conda/conda,quarterly,38,0.007436136404673259,0.0015518441796302795,0,0,0,0,0,0,0
conda/conda,quarterly,38,0.007436136404673259,0.0015518441796302795,0,0,0,0,0,0,0
conda/conda,quarterly,38,0.007436136404673259,0.0015518441796302795,0,0,0,0,0,0,0
conda/conda,quarterly,38,0.007436136404673259,0.0015518441796302795,0,0,0,0,0,0,0
conda/conda,quarterly,38,0.007436136404673259,0.0015518441796302795,0,0,0,0,0,0,0
conda/conda,quarterly,38,0.007436136404673259,0.0015518441796302795,0,0,0,0,0,0,0
conda/conda,quarterly,38,0.007436136404673259,0.0015518441796302795,0,0,0,0,0,0,0
conda/conda,quarterly,38,0.007436136404673259,0.0015518441796302795,0,0,0,0,0,0,0
conda/conda,quarterly,38,0.007436136404673259,0.0015518441796302795,0,0,0,0,0,0,0
conda/conda,quarterly,38,0.007436136404673259,0.0015518441796302795,0,0,0,0,0,0,0
conda/conda,quarterly,38,0.007436136404673259,0.0015518441796302795,0,0,0,0,0,0,0
conda/conda,quarterly,38,0.007436136404673259,0.0015518441796302795,0,0,0,0,0,0,0
conda/conda,quarterly,38,0.007436136404673259,0.0015518441796302795,0,0,0,0,0,0,0
conda/conda,quarterly,38,0.007436136404673259,0.0015518441796302795,0,0,0,0,0,0,0
conda/conda,quarterly,38,0.007436136404673259,0.0015518441796302795,0,0,0,0,0,0,0
conda/conda,quarterly,38,0.007436136404673259,0.0015518441796302795,0,0,0,0,0,0,0
conda/conda,quarterly,38,0.007436136404673259,0.0015518441796302795,0,0,0,0,0,0,0
conda/conda,quarterly,38,0.007436136404673259,0.0015518441796302795,0,0,0,0,0,0,0
conda/conda,quarterly,38,0.007436136404673259,0.0015518441796302795,0,0,0,0,0,0,0
conda/conda,quarterly,38,0.007436136404673259,0.0015518441796302795,0,0,0,0,0,0,0
conda/conda,quarterly,38,0.007436136404673259,0.0015518441796302795,0,0,0,0,0,0,0
conda/conda,quarterly,38,0.007436136404673259,0.0015518441796302795,0,0,0,0,0,0,0
conda/conda,quarterly,38,0.007436136404673259,0.0015518441796302795,0,0,0,0,0,0,0
conda/conda,quarterly,38,0.007436136404673259,0.0015518441796302795,0,0,0,0,0,0,0
conda/conda,quarterly,38,0.007436136404673259,0.0015518441796302795,0,0,0,0,0,0,0
conda/conda,quarterly,38,0.007436136404673259,0.0015518441796302795,0,0,0,0,0,0,0
conda/conda,quarterly,38,0.007436136404673259,0.0015518441796302795,0,0,0,0,0,0,0
conda/conda,quarterly,38,0.007436136404673259,0.0015518441796302795,0,0,0,0,0,0,0
conda/conda,quarterly,38,0.007436136404673259,0.0015518441796302795,0,0,0,0,0,0,0
conda/conda,quarterly,38,0.007436136404673259,0.0015518441796302795,0,0,0,0,0,0,0
conda/conda,quarterly,38,0.06055932839711507,0.029761158861219883,0,0,0,0,0,0,0
conda/conda,quarterly,38,0.06055932839711507,0.029761158861219883,0,0,0,0,0,0,0
conda/conda,quarterly,38,0.06055932839711507,0.029761158861219883,0,0,0,0,0,0,0
conda/conda,quarterly,38,0.06055932839711507,0.029761158861219883,0,0,0,0,0,0,0
conda/conda,quarterly,38,0.06055932839711507,0.029761158861219883,0,0,0,0,0,0,0
conda/conda,quarterly,38,0.06055932839711507,0.029761158861219883,0,0,0,0,0,0,0
conda/conda,quarterly,38,0.06055932839711507,0.029761158861219883,0,0,0,0,0,0,0
conda/conda,quarterly,38,0.06055932839711507,0.029761158861219883,0,0,0,0,0,0,0
conda/conda,quarterly,38,0.06055932839711507,0.029761158861219883,1,1,1,1,1,1,1
conda/conda,quarterly,38,0.06055932839711507,0.029761158861219883,1,1,1,1,1,1,1
conda/conda,quarterly,38,0.06055932839711507,0.029761158861219883,1,1,1,1,1,1,1
conda/conda,quarterly,38,0.06055932839711507,0.029761158861219883,1,1,1,1,1,1,1
conda/conda,quarterly,38,0.06055932839711507,0.029761158861219883,1,1,1,1,1,1,1
conda/conda,quarterly,38,0.06055932839711507,0.029761158861219883,1,1,1,1,1,1,1
conda/conda,quarterly,38,0.06055932839711507,0.029761158861219883,1,1,1,1,1,1,1
conda/conda,quarterly,38,0.06055932839711507,0.029761158861219883,1,1,1,1,1,1,1
conda/conda,quarterly,38,0.06055932839711507,0.029761158861219883,1,1,1,1,1,1,1
conda/conda,quarterly,38,0.06055932839711507,0.029761158861219883,1,1,1,1,1,1,1
conda/conda,quarterly,38,0.06055932839711507,0.029761158861219883,1,1,1,1,1,1,1
conda/conda,quarterly,38,0.06055932839711507,0.029761158861219883,1,1,1,1,1,1,1
conda/conda,quarterly,38,0.06055932839711507,0.029761158861219883,1,1,1,1,1,1,1
conda/conda,quarterly,38,0.06055932839711507,0.029761158861219883,1,1,1,1,1,1,1
conda/conda,quarterly,38,0.06055932839711507,0.029761158861219883,1,1,1,1,1,1,1
conda/conda,quarterly,38,0.06055932839711507,0.029761158861219883,0,0,0,0,0,0,0
conda/conda,quarterly,38,0.06055932839711507,0.029761158861219883,0,0,0,0,0,0,0
conda/conda,quarterly,38,0.060724981625874835,0.030867064371705055,0,0,0,0,0,0,0
conda/conda,quarterly,38,0.060724981625874835,0.030867064371705055,0,0,0,0,0,0,0
conda/conda,quarterly,38,0.060724981625874835,0.030867064371705055,0,0,0,0,0,0,0
conda/conda,quarterly,38,0.060724981625874835,0.030867064371705055,1,1,1,1,1,1,1
conda/conda,quarterly,38,0.060724981625874835,0.030867064371705055,1,1,1,1,1,1,1
conda/conda,quarterly,38,0.060724981625874835,0.030867064371705055,1,1,1,1,1,1,1
conda/conda,quarterly,38,0.060724981625874835,0.030867064371705055,1,1,1,1,1,1,1
conda/conda,quarterly,38,0.060724981625874835,0.030867064371705055,1,1,1,1,1,1,1
conda/conda,quarterly,38,0.060724981625874835,0.030867064371705055,1,1,1,1,1,1,1
conda/conda,quarterly,38,0.060724981625874835,0.030867064371705055,1,1,1,1,1,1,1
conda/conda,quarterly,38,0.060724981625874835,0.030867064371705055,0,0,0,0,0,0,0
conda/conda,quarterly,38,0.06095568736394246,2.1141022443771362e-07,0,0,0,0,0,0,0
conda/conda,quarterly,38,0.06095568736394246,2.1141022443771362e-07,0,0,0,0,0,0,0
conda/conda,quarterly,38,0.06095568736394246,2.1141022443771362e-07,1,1,1,1,1,1,1
conda/conda,quarterly,38,0.06095568736394246,2.1141022443771362e-07,1,1,1,1,1,1,1
conda/conda,quarterly,38,0.06095568736394246,2.1141022443771362e-07,0,0,0,0,0,0,0
conda/conda,quarterly,38,0.06095568736394246,2.1141022443771362e-07,1,1,1,1,1,1,1
conda/conda,quarterly,38,0.06095568736394246,2.1141022443771362e-07,0,0,0,0,0,0,0
conda/conda,quarterly,38,0.06095568736394246,2.1141022443771362e-07,0,0,0,0,0,0,0
conda/conda,quarterly,38,0.06095568736394246,2.1141022443771362e-07,1,1,1,1,1,1,1
conda/conda,quarterly,38,0.06095568736394246,2.1141022443771362e-07,1,1,1,1,1,1,1
conda/conda,quarterly,38,0.06095568736394246,2.1141022443771362e-07,1,1,1,1,1,1,1
conda/conda,quarterly,38,0.06095568736394246,2.1141022443771362e-07,1,1,1,1,1,1,1
conda/conda,quarterly,38,0.06095568736394246,2.1141022443771362e-07,0,0,0,0,0,0,0
conda/conda,quarterly,38,0.06095568736394246,2.1141022443771362e-07,0,0,0,0,0,0,0
conda/conda,quarterly,38,0.06095568736394246,2.1141022443771362e-07,1,1,1,1,1,1,1
conda/conda,quarterly,38,0.06095568736394246,2.1141022443771362e-07,1,1,1,1,1,1,1
conda/conda,quarterly,38,0.06095568736394246,2.1141022443771362e-07,0,0,0,0,0,0,0
conda/conda,quarterly,38,0.06095568736394246,2.1141022443771362e-07,0,0,0,0,0,0,0
conda/conda,quarterly,38,0.06095568736394246,2.1141022443771362e-07,0,0,0,0,0,0,0
conda/conda,quarterly,38,0.06095568736394246,2.1141022443771362e-07,0,0,0,0,0,0,0
conda/conda,quarterly,38,0.06095568736394246,2.1141022443771362e-07,1,1,1,1,1,1,1
conda/conda,quarterly,38,0.05948309501012166,0.03096733335405588,0,0,0,0,0,0,0
conda/conda,quarterly,38,0.05948309501012166,0.03096733335405588,0,0,0,0,0,0,0
conda/conda,quarterly,38,0.05948309501012166,0.03096733335405588,0,0,0,0,0,0,0
conda/conda,quarterly,38,0.05948309501012166,0.03096733335405588,0,0,0,0,0,0,0
conda/conda,quarterly,38,0.05948309501012166,0.03096733335405588,0,0,0,0,0,0,0
conda/conda,quarterly,38,0.05948309501012166,0.03096733335405588,0,0,0,0,0,0,0
conda/conda,quarterly,38,0.05948309501012166,0.03096733335405588,1,1,1,1,1,1,1
conda/conda,quarterly,38,0.05948309501012166,0.03096733335405588,1,1,1,1,1,1,1
conda/conda,quarterly,38,0.05948309501012166,0.03096733335405588,0,0,0,0,0,0,0
conda/conda,quarterly,38,0.05948309501012166,0.03096733335405588,1,1,1,1,1,1,1
conda/conda,quarterly,38,0.05948309501012166,0.03096733335405588,0,0,0,0,0,0,0
conda/conda,quarterly,38,0.06332724491755168,0.03133317269384861,0,0,0,0,0,0,0
conda/conda,quarterly,38,0.06332724491755168,0.03133317269384861,1,1,1,1,1,1,1
conda/conda,quarterly,38,0.06332724491755168,0.03133317269384861,0,0,0,0,0,0,0
conda/conda,quarterly,38,0.06332724491755168,0.03133317269384861,0,1,1,1,1,1,1
conda/conda,quarterly,38,0.06332724491755168,0.03133317269384861,1,1,1,1,1,1,1
conda/conda,quarterly,38,0.06332724491755168,0.03133317269384861,0,0,0,0,0,0,0
conda/conda,quarterly,38,0.06332724491755168,0.03133317269384861,1,1,1,1,1,1,1
conda/conda,quarterly,38,0.06332724491755168,0.03133317269384861,0,0,0,0,0,0,0
conda/conda,quarterly,38,0.06332724491755168,0.03133317269384861,1,1,1,1,1,1,1
conda/conda,quarterly,38,0.06332724491755168,0.03133317269384861,0,0,0,0,0,0,0
conda/conda,quarterly,38,0.06332724491755168,0.03133317269384861,1,1,1,1,1,1,1
conda/conda,quarterly,38,0.06332724491755168,0.03133317269384861,0,0,0,0,0,0,0
conda/conda,quarterly,38,0.06332724491755168,0.03133317269384861,0,0,0,0,0,0,0
conda/conda,quarterly,38,0.06332724491755168,0.03133317269384861,0,0,0,0,0,0,0
conda/conda,quarterly,38,0.06332724491755168,0.03133317269384861,0,0,0,0,0,0,0
conda/conda,quarterly,38,0.06332724491755168,0.03133317269384861,1,1,1,1,1,1,1
conda/conda,quarterly,38,0.06003677050272624,0.02995752077549696,0,0,0,0,0,0,0
conda/conda,quarterly,38,0.06003677050272624,0.02995752077549696,0,0,0,0,0,0,0
conda/conda,quarterly,38,0.06003677050272624,0.02995752077549696,0,0,0,0,0,0,0
conda/conda,quarterly,38,0.06196227073669434,0.0037999777123332024,0,0,0,0,0,0,0
conda/conda,quarterly,38,0.06196227073669434,0.0037999777123332024,0,0,0,0,0,0,0
conda/conda,quarterly,38,0.06196227073669434,0.0037999777123332024,0,0,0,0,0,0,0
conda/conda,quarterly,38,0.060187931855519614,0.030171428807079792,0,0,0,0,0,0,0
conda/conda,quarterly,38,0.060187931855519614,0.030171428807079792,0,0,0,0,0,0,0
conda/conda,quarterly,38,0.060187931855519614,0.030171428807079792,0,0,0,0,0,0,0
conda/conda,quarterly,38,0.060187931855519614,0.030171428807079792,0,0,0,0,0,0,0
conda/conda,quarterly,38,0.060187931855519614,0.030171428807079792,0,0,0,0,0,0,0
conda/conda,quarterly,38,0.060187931855519614,0.030171428807079792,1,1,1,1,1,1,1
conda/conda,quarterly,38,0.060187931855519614,0.030171428807079792,1,1,1,1,1,1,1
conda/conda,quarterly,38,0.060187931855519614,0.030171428807079792,0,0,0,0,0,0,0
conda/conda,quarterly,38,0.060187931855519614,0.030171428807079792,0,0,0,0,0,0,0
conda/conda,quarterly,38,0.060187931855519614,0.030171428807079792,1,1,1,1,1,1,1
conda/conda,quarterly,38,0.060187931855519614,0.030171428807079792,1,1,1,1,1,1,1
conda/conda,quarterly,38,0.060187931855519614,0.030171428807079792,0,0,0,0,0,0,0
conda/conda,quarterly,38,0.06052053372065226,0.03018796443939209,0,0,0,0,0,0,0
conda/conda,quarterly,38,0.06052053372065226,0.03018796443939209,0,0,0,0,0,0,0
conda/conda,quarterly,38,0.062173835436503094,0.030019431374967098,0,0,0,0,0,0,0
conda/conda,quarterly,38,0.062173835436503094,0.030019431374967098,1,1,1,1,1,1,1
conda/conda,quarterly,38,0.062173835436503094,0.030019431374967098,0,0,0,0,0,0,0
conda/conda,quarterly,38,0.06049865484237671,0.029988711699843407,0,0,0,0,0,0,0
conda/conda,quarterly,38,0.06049865484237671,0.029988711699843407,0,0,0,0,0,0,0
conda/conda,quarterly,38,0.06049865484237671,0.029988711699843407,0,0,0,0,0,0,0
conda/conda,quarterly,38,0.06049865484237671,0.029988711699843407,1,1,1,1,1,1,1
conda/conda,quarterly,38,0.06049865484237671,0.029988711699843407,0,0,0,0,0,0,0
conda/conda,quarterly,38,0.06251918872197469,0.03127002064138651,0,0,0,0,0,0,0
conda/conda,quarterly,38,0.06156580448150635,0.016114776954054832,0,0,0,0,0,0,0
conda/conda,quarterly,38,0.06156580448150635,0.016114776954054832,0,0,0,0,0,0,0
conda/conda,quarterly,38,0.06156580448150635,0.016114776954054832,0,0,0,0,0,0,0
conda/conda,quarterly,38,0.06156580448150635,0.016114776954054832,0,0,0,0,0,0,0
conda/conda,quarterly,38,0.0629524270693461,0.03133325185626745,0,0,0,0,0,0,0
conda/conda,quarterly,38,0.0629524270693461,0.03133325185626745,0,0,0,0,0,0,0
conda/conda,quarterly,38,0.0629524270693461,0.03133325185626745,0,0,0,0,0,0,0
conda/conda,quarterly,38,0.0629524270693461,0.03133325185626745,1,1,1,1,1,1,1
conda/conda,quarterly,38,0.0629524270693461,0.03133325185626745,1,1,1,1,1,1,1
conda/conda,quarterly,38,0.0629524270693461,0.03133325185626745,1,1,1,1,1,1,1
conda/conda,quarterly,38,0.0629524270693461,0.03133325185626745,0,0,0,0,0,0,0
conda/conda,quarterly,38,0.0629524270693461,0.03133325185626745,0,0,0,0,0,0,0
conda/conda,quarterly,38,0.0629524270693461,0.03133325185626745,0,0,0,0,0,0,0
conda/conda,quarterly,38,0.06722782850265503,0.03131730202585459,0,0,0,0,0,0,0
conda/conda,quarterly,38,0.06722782850265503,0.03131730202585459,0,0,0,0,0,0,0
conda/conda,quarterly,38,0.06722782850265503,0.03131730202585459,1,1,1,1,1,1,1
conda/conda,quarterly,38,0.06722782850265503,0.03131730202585459,1,1,1,1,1,1,1
conda/conda,quarterly,38,0.06722782850265503,0.03131730202585459,1,1,1,1,1,1,1
conda/conda,quarterly,38,0.06722782850265503,0.03131730202585459,0,0,0,0,0,0,0
conda/conda,quarterly,38,0.06573678255081176,0.03134924080222845,0,0,0,0,0,0,0
conda/conda,quarterly,38,0.06573678255081176,0.03134924080222845,1,1,1,1,1,1,1
conda/conda,quarterly,38,0.06573678255081176,0.03134924080222845,1,1,1,1,1,1,1
conda/conda,quarterly,38,0.06573678255081176,0.03134924080222845,0,0,0,0,0,0,0
conda/conda,quarterly,38,0.06573678255081176,0.03134924080222845,0,0,0,0,0,0,0
conda/conda,quarterly,38,0.06436940828959146,0.031370801851153374,0,0,0,0,0,0,0
conda/conda,quarterly,38,0.06436940828959146,0.031370801851153374,1,1,1,1,1,1,1
conda/conda,quarterly,38,0.06436940828959146,0.031370801851153374,1,1,1,1,1,1,1
conda/conda,quarterly,38,0.06436940828959146,0.031370801851153374,1,1,1,1,1,1,1
conda/conda,quarterly,38,0.06436940828959146,0.031370801851153374,0,0,0,0,0,0,0
conda/conda,quarterly,38,0.06436940828959146,0.031370801851153374,1,1,1,1,1,1,1
conda/conda,quarterly,38,0.06436940828959146,0.031370801851153374,1,1,1,1,1,1,1
conda/conda,quarterly,38,0.06436940828959146,0.031370801851153374,0,0,0,0,0,0,0
conda/conda,quarterly,38,0.06436940828959146,0.031370801851153374,1,1,1,1,1,1,1
conda/conda,quarterly,38,0.06436940828959146,0.031370801851153374,1,1,1,1,1,1,1
conda/conda,quarterly,38,0.06391138633092244,0.031605242751538754,0,0,0,0,0,0,0
conda/conda,quarterly,38,0.06391138633092244,0.031605242751538754,0,0,0,0,0,0,0
conda/conda,quarterly,38,0.06391138633092244,0.031605242751538754,0,0,0,0,0,0,0
conda/conda,quarterly,38,0.06391138633092244,0.031605242751538754,0,0,0,0,0,0,0
conda/conda,quarterly,38,0.06391138633092244,0.031605242751538754,0,0,0,0,0,0,0
conda/conda,quarterly,38,0.06391138633092244,0.031605242751538754,0,0,0,0,0,0,0
conda/conda,quarterly,38,0.06391138633092244,0.031605242751538754,1,1,1,1,1,1,1
conda/conda,quarterly,38,0.06391138633092244,0.031605242751538754,0,0,0,0,0,0,0
conda/conda,quarterly,38,0.06391138633092244,0.031605242751538754,1,1,1,1,1,1,1
conda/conda,quarterly,38,0.06391138633092244,0.031605242751538754,1,1,1,1,1,1,1
conda/conda,quarterly,38,0.06391138633092244,0.031605242751538754,0,0,0,0,0,0,0
conda/conda,quarterly,38,0.06391138633092244,0.031605242751538754,0,0,0,0,0,0,0
conda/conda,quarterly,38,0.06391138633092244,0.031605242751538754,1,1,1,1,1,1,1
conda/conda,quarterly,38,0.06391138633092244,0.031605242751538754,0,0,0,0,0,0,0
conda/conda,quarterly,38,0.06391138633092244,0.031605242751538754,0,0,0,0,0,0,0
conda/conda,quarterly,38,0.06391138633092244,0.031605242751538754,0,0,0,0,0,0,0
conda/conda,quarterly,38,0.06391138633092244,0.031605242751538754,1,1,1,1,1,1,1
conda/conda,quarterly,38,0.06391138633092244,0.031605242751538754,0,0,0,0,0,0,0
conda/conda,quarterly,38,0.06391138633092244,0.031605242751538754,1,1,1,1,1,1,1
conda/conda,quarterly,38,0.0663735032081604,0.03169077355414629,0,0,0,0,0,0,0
conda/conda,quarterly,38,0.0663735032081604,0.03169077355414629,0,0,0,0,0,0,0
conda/conda,quarterly,38,0.0663735032081604,0.03169077355414629,0,0,0,0,0,0,0
conda/conda,quarterly,38,0.0663735032081604,0.03169077355414629,1,1,1,1,1,1,1
conda/conda,quarterly,38,0.0663735032081604,0.03169077355414629,1,1,1,1,1,1,1
conda/conda,quarterly,38,0.0663735032081604,0.03169077355414629,0,0,0,0,0,0,0
conda/conda,quarterly,38,0.0663735032081604,0.03169077355414629,0,0,0,0,0,0,0
conda/conda,quarterly,38,0.0663735032081604,0.03169077355414629,1,1,1,1,1,1,1
conda/conda,quarterly,38,0.0663735032081604,0.03169077355414629,0,0,0,0,0,0,0
conda/conda,quarterly,38,0.06658639907836914,0.03165365941822529,0,0,0,0,0,0,0
conda/conda,quarterly,38,0.06658639907836914,0.03165365941822529,0,0,0,0,0,0,0
conda/conda,quarterly,38,0.06658639907836914,0.03165365941822529,0,0,0,0,0,0,0
conda/conda,quarterly,38,0.06658639907836914,0.03165365941822529,1,1,1,1,1,1,1
conda/conda,quarterly,38,0.06658639907836914,0.03165365941822529,0,0,0,0,0,0,0
conda/conda,quarterly,38,0.06658639907836914,0.03165365941822529,1,1,1,1,1,1,1
conda/conda,quarterly,38,0.06658639907836914,0.03165365941822529,0,0,0,0,0,0,0
conda/conda,quarterly,38,0.06658639907836914,0.03165365941822529,1,1,1,1,1,1,1
conda/conda,quarterly,38,0.06658639907836914,0.03165365941822529,1,1,1,1,1,1,1
apache/commons-math,annual,11,0.00456314484278361,0.0005996674299240112,0,0,0,0,0,0,0
apache/commons-math,annual,11,0.00456314484278361,0.0005996674299240112,0,0,0,0,0,0,0
apache/commons-math,annual,11,0.00456314484278361,0.0005996674299240112,0,0,0,0,0,0,0
apache/commons-math,annual,11,0.00456314484278361,0.0005996674299240112,0,0,0,0,0,0,0
apache/commons-math,annual,11,0.00456314484278361,0.0005996674299240112,0,0,0,0,0,0,0
apache/commons-math,annual,11,0.006937623023986816,0.0010656798258423805,0,0,0,0,0,0,0
apache/commons-math,annual,11,0.006937623023986816,0.0010656798258423805,0,0,0,0,0,0,0
apache/commons-math,annual,11,0.006668551762898763,0.0012403763830661774,0,0,0,0,0,0,0
apache/commons-math,annual,11,0.006668551762898763,0.0012403763830661774,0,0,0,0,0,0,0
apache/commons-math,annual,11,0.006668551762898763,0.0012403763830661774,0,0,0,0,0,0,0
apache/commons-math,annual,11,0.006668551762898763,0.0012403763830661774,0,0,0,0,0,0,0
apache/commons-math,annual,11,0.006668551762898763,0.0012403763830661774,0,0,0,0,0,0,0
apache/commons-math,annual,11,0.006668551762898763,0.0012403763830661774,0,0,0,0,0,0,0
apache/commons-math,annual,11,0.006668551762898763,0.0012403763830661774,0,0,0,0,0,0,0
apache/commons-math,annual,11,0.006668551762898763,0.0012403763830661774,0,0,0,0,0,0,0
apache/commons-math,annual,11,0.006668551762898763,0.0012403763830661774,0,0,0,0,0,0,0
apache/commons-math,annual,11,0.006668551762898763,0.0012403763830661774,0,0,0,0,0,0,0
apache/commons-math,annual,11,0.006668551762898763,0.0012403763830661774,0,0,0,0,0,0,0
apache/commons-math,annual,11,0.006668551762898763,0.0012403763830661774,0,0,0,0,0,0,0
apache/commons-math,annual,11,0.006668551762898763,0.0012403763830661774,0,0,0,0,0,0,0
apache/commons-math,annual,11,0.006668551762898763,0.0012403763830661774,0,0,0,0,0,0,0
apache/commons-math,annual,11,0.006668551762898763,0.0012403763830661774,0,0,0,0,0,0,0
apache/commons-math,annual,11,0.006668551762898763,0.0012403763830661774,0,0,0,0,0,0,0
apache/commons-math,annual,11,0.006668551762898763,0.0012403763830661774,0,0,0,0,0,0,0
apache/commons-math,annual,11,0.006668551762898763,0.0012403763830661774,0,0,0,0,0,0,0
apache/commons-math,annual,11,0.00899431308110555,0.0020234836265444756,0,0,0,0,0,0,0
apache/commons-math,annual,11,0.00899431308110555,0.0020234836265444756,0,0,0,0,0,0,0
apache/commons-math,annual,11,0.00899431308110555,0.0020234836265444756,0,0,0,0,0,0,0
apache/commons-math,annual,11,0.00899431308110555,0.0020234836265444756,0,0,0,0,0,0,0
apache/commons-math,annual,11,0.00899431308110555,0.0020234836265444756,0,0,0,0,0,0,0
apache/commons-math,annual,11,0.00899431308110555,0.0020234836265444756,0,0,0,0,0,0,0
apache/commons-math,annual,11,0.00899431308110555,0.0020234836265444756,0,0,0,0,0,0,0
apache/commons-math,annual,11,0.00899431308110555,0.0020234836265444756,0,0,0,0,0,0,0
apache/commons-math,annual,11,0.00899431308110555,0.0020234836265444756,0,0,0,0,0,0,0
apache/commons-math,annual,11,0.00899431308110555,0.0020234836265444756,0,0,0,0,0,0,0
apache/commons-math,annual,11,0.00899431308110555,0.0020234836265444756,0,0,0,0,0,0,0
apache/commons-math,annual,11,0.00899431308110555,0.0020234836265444756,0,0,0,0,0,0,0
apache/commons-math,annual,11,0.00899431308110555,0.0020234836265444756,0,0,0,0,0,0,0
apache/commons-math,annual,11,0.00899431308110555,0.0020234836265444756,0,0,0,0,0,0,0
apache/commons-math,annual,11,0.00899431308110555,0.0020234836265444756,0,0,0,0,0,0,0
apache/commons-math,annual,11,0.00899431308110555,0.0020234836265444756,0,0,0,0,0,0,0
apache/commons-math,annual,11,0.00899431308110555,0.0020234836265444756,0,0,0,0,0,0,0
apache/commons-math,annual,11,0.00899431308110555,0.0020234836265444756,0,0,0,0,0,0,0
apache/commons-math,annual,11,0.00899431308110555,0.0020234836265444756,0,0,0,0,0,0,0
apache/commons-math,annual,11,0.00899431308110555,0.0020234836265444756,0,0,0,0,0,0,0
apache/commons-math,annual,11,0.00899431308110555,0.0020234836265444756,0,0,0,0,0,0,0
apache/commons-math,annual,11,0.00899431308110555,0.0020234836265444756,0,0,0,0,0,0,0
apache/commons-math,annual,11,0.00899431308110555,0.0020234836265444756,0,0,0,0,0,0,0
apache/commons-math,annual,11,0.00899431308110555,0.0020234836265444756,0,0,0,0,0,0,0
apache/commons-math,annual,11,0.00899431308110555,0.0020234836265444756,0,0,0,0,0,0,0
apache/commons-math,annual,11,0.00899431308110555,0.0020234836265444756,0,0,0,0,0,0,0
apache/commons-math,annual,11,0.00899431308110555,0.0020234836265444756,0,0,0,0,0,0,0
apache/commons-math,annual,11,0.00899431308110555,0.0020234836265444756,0,0,0,0,0,0,0
apache/commons-math,annual,11,0.00899431308110555,0.0020234836265444756,0,0,0,0,0,0,0
apache/commons-math,annual,11,0.00899431308110555,0.0020234836265444756,0,0,0,0,0,0,0
apache/commons-math,annual,11,0.008873875935872395,0.0022114962339401245,0,0,0,0,0,0,0
apache/commons-math,annual,11,0.008873875935872395,0.0022114962339401245,0,0,0,0,0,0,0
apache/commons-math,annual,11,0.008873875935872395,0.0022114962339401245,0,0,0,0,0,0,0
apache/commons-math,annual,11,0.008873875935872395,0.0022114962339401245,0,0,0,0,0,0,0
apache/commons-math,annual,11,0.008873875935872395,0.0022114962339401245,0,0,0,0,0,0,0
apache/commons-math,annual,11,0.008873875935872395,0.0022114962339401245,0,0,0,0,0,0,0
apache/commons-math,annual,11,0.008873875935872395,0.0022114962339401245,0,0,0,0,0,0,0
apache/commons-math,annual,11,0.008873875935872395,0.0022114962339401245,0,0,0,0,0,0,0
apache/commons-math,annual,11,0.008873875935872395,0.0022114962339401245,0,0,0,0,0,0,0
apache/commons-math,annual,11,0.008873875935872395,0.0022114962339401245,0,0,0,0,0,0,0
apache/commons-math,annual,11,0.008873875935872395,0.0022114962339401245,0,0,0,0,0,0,0
apache/commons-math,annual,11,0.008873875935872395,0.0022114962339401245,0,0,0,0,0,0,0
apache/commons-math,annual,11,0.008873875935872395,0.0022114962339401245,0,0,0,0,0,0,0
apache/commons-math,annual,11,0.008873875935872395,0.0022114962339401245,0,0,0,0,0,0,0
apache/commons-math,annual,11,0.008873875935872395,0.0022114962339401245,0,0,0,0,0,0,0
apache/commons-math,annual,11,0.008873875935872395,0.0022114962339401245,0,0,0,0,0,0,0
apache/commons-math,annual,11,0.008873875935872395,0.0022114962339401245,0,0,0,0,0,0,0
apache/commons-math,annual,11,0.008873875935872395,0.0022114962339401245,0,0,0,0,0,0,0
apache/commons-math,annual,11,0.008873875935872395,0.0022114962339401245,0,0,0,0,0,0,0
apache/commons-math,annual,11,0.008873875935872395,0.0022114962339401245,0,0,0,0,0,0,0
apache/commons-math,annual,11,0.008873875935872395,0.0022114962339401245,0,0,0,0,0,0,0
apache/commons-math,annual,11,0.008873875935872395,0.0022114962339401245,0,0,0,0,0,0,0
apache/commons-math,annual,11,0.008873875935872395,0.0022114962339401245,0,0,0,0,0,0,0
apache/commons-math,annual,11,0.008873875935872395,0.0022114962339401245,0,0,0,0,0,0,0
apache/commons-math,annual,11,0.008873875935872395,0.0022114962339401245,0,0,0,0,0,0,0
apache/commons-math,annual,11,0.008873875935872395,0.0022114962339401245,0,0,0,0,0,0,0
apache/commons-math,annual,11,0.008873875935872395,0.0022114962339401245,0,0,0,0,0,0,0
apache/commons-math,annual,11,0.008873875935872395,0.0022114962339401245,0,0,0,0,0,0,0
apache/commons-math,annual,11,0.008873875935872395,0.0022114962339401245,0,0,0,0,0,0,0
apache/commons-math,annual,11,0.008873875935872395,0.0022114962339401245,0,0,0,0,0,0,0
apache/commons-math,annual,11,0.008873875935872395,0.0022114962339401245,0,0,0,0,0,0,0
apache/commons-math,annual,11,0.008873875935872395,0.0022114962339401245,0,0,0,0,0,0,0
apache/commons-math,annual,11,0.008873875935872395,0.0022114962339401245,0,0,0,0,0,0,0
apache/commons-math,annual,11,0.010431039333343505,0.0027949055656790733,0,0,0,0,0,0,0
apache/commons-math,annual,11,0.010431039333343505,0.0027949055656790733,0,0,0,0,0,0,0
apache/commons-math,annual,11,0.010431039333343505,0.0027949055656790733,0,0,0,0,0,0,0
apache/commons-math,annual,11,0.010431039333343505,0.0027949055656790733,0,0,0,0,0,0,0
apache/commons-math,annual,11,0.010431039333343505,0.0027949055656790733,0,0,0,0,0,0,0
apache/commons-math,annual,11,0.010431039333343505,0.0027949055656790733,0,0,0,0,0,0,0
apache/commons-math,annual,11,0.010431039333343505,0.0027949055656790733,0,0,0,0,0,0,0
apache/commons-math,annual,11,0.010431039333343505,0.0027949055656790733,0,0,0,0,0,0,0
apache/commons-math,annual,11,0.010431039333343505,0.0027949055656790733,0,0,0,0,0,0,0
apache/commons-math,annual,11,0.010431039333343505,0.0027949055656790733,0,0,0,0,0,0,0
apache/commons-math,annual,11,0.010431039333343505,0.0027949055656790733,0,0,0,0,0,0,0
apache/commons-math,annual,11,0.010431039333343505,0.0027949055656790733,0,0,0,0,0,0,0
apache/commons-math,annual,11,0.010431039333343505,0.0027949055656790733,0,0,0,0,0,0,0
apache/commons-math,annual,11,0.010431039333343505,0.0027949055656790733,0,0,0,0,0,0,0
apache/commons-math,annual,11,0.010431039333343505,0.0027949055656790733,0,0,0,0,0,0,0
apache/commons-math,annual,11,0.010431039333343505,0.0027949055656790733,0,0,0,0,0,0,0
apache/commons-math,annual,11,0.010431039333343505,0.0027949055656790733,0,0,0,0,0,0,0
apache/commons-math,annual,11,0.010431039333343505,0.0027949055656790733,0,0,0,0,0,0,0
apache/commons-math,annual,11,0.010431039333343505,0.0027949055656790733,0,0,0,0,0,0,0
apache/commons-math,annual,11,0.010431039333343505,0.0027949055656790733,0,0,0,0,0,0,0
apache/commons-math,annual,11,0.010431039333343505,0.0027949055656790733,0,0,0,0,0,0,0
apache/commons-math,annual,11,0.010431039333343505,0.0027949055656790733,0,0,0,0,0,0,0
apache/commons-math,annual,11,0.010431039333343505,0.0027949055656790733,0,0,0,0,0,0,0
apache/commons-math,annual,11,0.010431039333343505,0.0027949055656790733,0,0,0,0,0,0,0
apache/commons-math,annual,11,0.010431039333343505,0.0027949055656790733,0,0,0,0,0,0,0
apache/commons-math,annual,11,0.010431039333343505,0.0027949055656790733,0,0,0,0,0,0,0
apache/commons-math,annual,11,0.010431039333343505,0.0027949055656790733,0,0,0,0,0,0,0
apache/commons-math,annual,11,0.010431039333343505,0.0027949055656790733,0,0,0,0,0,0,0
apache/commons-math,annual,11,0.010431039333343505,0.0027949055656790733,0,0,0,0,0,0,0
apache/commons-math,annual,11,0.010431039333343505,0.0027949055656790733,0,0,0,0,0,0,0
apache/commons-math,annual,11,0.010431039333343505,0.0027949055656790733,0,0,0,0,0,0,0
apache/commons-math,annual,11,0.010431039333343505,0.0027949055656790733,0,0,0,0,0,0,0
apache/commons-math,annual,11,0.010431039333343505,0.0027949055656790733,0,0,0,0,0,0,0
apache/commons-math,annual,11,0.010431039333343505,0.0027949055656790733,0,0,0,0,0,0,0
apache/commons-math,annual,11,0.010431039333343505,0.0027949055656790733,0,0,0,0,0,0,0
apache/commons-math,annual,11,0.010431039333343505,0.0027949055656790733,0,0,0,0,0,0,0
apache/commons-math,annual,11,0.010431039333343505,0.0027949055656790733,0,0,0,0,0,0,0
apache/commons-math,annual,11,0.010431039333343505,0.0027949055656790733,0,0,0,0,0,0,0
apache/commons-math,annual,11,0.010431039333343505,0.0027949055656790733,0,0,0,0,0,0,0
apache/commons-math,annual,11,0.010431039333343505,0.0027949055656790733,0,0,0,0,0,0,0
apache/commons-math,annual,11,0.010431039333343505,0.0027949055656790733,0,0,0,0,0,0,0
apache/commons-math,annual,11,0.010431039333343505,0.0027949055656790733,0,0,0,0,0,0,0
apache/commons-math,annual,11,0.010431039333343505,0.0027949055656790733,0,0,0,0,0,0,0
apache/commons-math,annual,11,0.010431039333343505,0.0027949055656790733,0,0,0,0,0,0,0
apache/commons-math,annual,11,0.010431039333343505,0.0027949055656790733,0,0,0,0,0,0,0
apache/commons-math,annual,11,0.010431039333343505,0.0027949055656790733,0,0,0,0,0,0,0
apache/commons-math,annual,11,0.01391985813776652,0.0035663414746522903,0,0,0,0,0,0,0
apache/commons-math,annual,11,0.01391985813776652,0.0035663414746522903,0,0,0,0,0,0,0
apache/commons-math,annual,11,0.01391985813776652,0.0035663414746522903,0,0,0,0,0,0,0
apache/commons-math,annual,11,0.01391985813776652,0.0035663414746522903,0,0,0,0,0,0,0
apache/commons-math,annual,11,0.01391985813776652,0.0035663414746522903,0,0,0,0,0,0,0
apache/commons-math,annual,11,0.01391985813776652,0.0035663414746522903,0,0,0,0,0,0,0
apache/commons-math,annual,11,0.01391985813776652,0.0035663414746522903,0,0,0,0,0,0,0
apache/commons-math,annual,11,0.01391985813776652,0.0035663414746522903,0,0,0,0,0,0,0
apache/commons-math,annual,11,0.01391985813776652,0.0035663414746522903,0,0,0,0,0,0,0
apache/commons-math,annual,11,0.01391985813776652,0.0035663414746522903,0,0,0,0,0,0,0
apache/commons-math,annual,11,0.01391985813776652,0.0035663414746522903,0,0,0,0,0,0,0
apache/commons-math,annual,11,0.01391985813776652,0.0035663414746522903,0,0,0,0,0,0,0
apache/commons-math,annual,11,0.01391985813776652,0.0035663414746522903,0,0,0,0,0,0,0
apache/commons-math,annual,11,0.01391985813776652,0.0035663414746522903,0,0,0,0,0,0,0
apache/commons-math,annual,11,0.01391985813776652,0.0035663414746522903,0,0,0,0,0,0,0
apache/commons-math,annual,11,0.01391985813776652,0.0035663414746522903,0,0,0,0,0,0,0
apache/commons-math,annual,11,0.01391985813776652,0.0035663414746522903,0,0,0,0,0,0,0
apache/commons-math,annual,11,0.01391985813776652,0.0035663414746522903,0,0,0,0,0,0,0
apache/commons-math,annual,11,0.01391985813776652,0.0035663414746522903,0,0,0,0,0,0,0
apache/commons-math,annual,11,0.01391985813776652,0.0035663414746522903,0,0,0,0,0,0,0
apache/commons-math,annual,11,0.01391985813776652,0.0035663414746522903,0,0,0,0,0,0,0
apache/commons-math,annual,11,0.01391985813776652,0.0035663414746522903,0,0,0,0,0,0,0
apache/commons-math,annual,11,0.01391985813776652,0.0035663414746522903,0,0,0,0,0,0,0
apache/commons-math,annual,11,0.01391985813776652,0.0035663414746522903,0,0,0,0,0,0,0
apache/commons-math,annual,11,0.01391985813776652,0.0035663414746522903,0,0,0,0,0,0,0
apache/commons-math,annual,11,0.01391985813776652,0.0035663414746522903,0,0,0,0,0,0,0
apache/commons-math,annual,11,0.01391985813776652,0.0035663414746522903,0,0,0,0,0,0,0
apache/commons-math,annual,11,0.01391985813776652,0.0035663414746522903,0,0,0,0,0,0,0
apache/commons-math,annual,11,0.01391985813776652,0.0035663414746522903,0,0,0,0,0,0,0
apache/commons-math,annual,11,0.01391985813776652,0.0035663414746522903,0,0,0,0,0,0,0
apache/commons-math,annual,11,0.01391985813776652,0.0035663414746522903,0,0,0,0,0,0,0
apache/commons-math,annual,11,0.01391985813776652,0.0035663414746522903,0,0,0,0,0,0,0
apache/commons-math,annual,11,0.01391985813776652,0.0035663414746522903,0,0,0,0,0,0,0
apache/commons-math,annual,11,0.01391985813776652,0.0035663414746522903,0,0,0,0,0,0,0
apache/commons-math,annual,11,0.01391985813776652,0.0035663414746522903,0,0,0,0,0,0,0
apache/commons-math,annual,11,0.01391985813776652,0.0035663414746522903,0,0,0,0,0,0,0
apache/commons-math,annual,11,0.01391985813776652,0.0035663414746522903,0,0,0,0,0,0,0
apache/commons-math,annual,11,0.01391985813776652,0.0035663414746522903,0,0,0,0,0,0,0
apache/commons-math,annual,11,0.01391985813776652,0.0035663414746522903,0,0,0,0,0,0,0
apache/commons-math,annual,11,0.01487425963083903,0.0040466636419296265,0,0,0,0,0,0,0
apache/commons-math,annual,11,0.01487425963083903,0.0040466636419296265,0,0,0,0,0,0,0
apache/commons-math,annual,11,0.01487425963083903,0.0040466636419296265,0,0,0,0,0,0,0
apache/commons-math,annual,11,0.01487425963083903,0.0040466636419296265,0,0,0,0,0,0,0
apache/commons-math,annual,11,0.01487425963083903,0.0040466636419296265,0,0,0,0,0,0,0
apache/commons-math,annual,11,0.01487425963083903,0.0040466636419296265,0,0,0,0,0,0,0
apache/commons-math,annual,11,0.01487425963083903,0.0040466636419296265,0,0,0,0,0,0,0
apache/commons-math,annual,11,0.01487425963083903,0.0040466636419296265,0,0,0,0,0,0,0
apache/commons-math,annual,11,0.01487425963083903,0.0040466636419296265,0,0,0,0,0,0,0
apache/commons-math,annual,11,0.01487425963083903,0.0040466636419296265,0,0,0,0,0,0,0
apache/commons-math,annual,11,0.01487425963083903,0.0040466636419296265,0,0,0,0,0,0,0
apache/commons-math,annual,11,0.01487425963083903,0.0040466636419296265,0,0,0,0,0,0,0
apache/commons-math,annual,11,0.01487425963083903,0.0040466636419296265,0,0,0,0,0,0,0
apache/commons-math,annual,11,0.01487425963083903,0.0040466636419296265,0,0,0,0,0,0,0
apache/commons-math,annual,11,0.01487425963083903,0.0040466636419296265,0,0,0,0,0,0,0
apache/commons-math,annual,11,0.01487425963083903,0.0040466636419296265,0,0,0,0,0,0,0
apache/commons-math,annual,11,0.01487425963083903,0.0040466636419296265,0,0,0,0,0,0,0
apache/commons-math,annual,11,0.01487425963083903,0.0040466636419296265,0,0,0,0,0,0,0
apache/commons-math,annual,11,0.01487425963083903,0.0040466636419296265,0,0,0,0,0,0,0
apache/commons-math,annual,11,0.01487425963083903,0.0040466636419296265,0,0,0,0,0,0,0
apache/commons-math,annual,11,0.01487425963083903,0.0040466636419296265,0,0,0,0,0,0,0
apache/commons-math,annual,11,0.01684378385543823,0.0044357990846037865,0,0,0,0,0,0,0
apache/commons-math,annual,11,0.01684378385543823,0.0044357990846037865,0,0,0,0,0,0,0
apache/commons-math,annual,11,0.01684378385543823,0.0044357990846037865,0,0,0,0,0,0,0
apache/commons-math,annual,11,0.01684378385543823,0.0044357990846037865,0,0,0,0,0,0,0
apache/commons-math,annual,11,0.01684378385543823,0.0044357990846037865,0,0,0,0,0,0,0
apache/commons-math,annual,11,0.01684378385543823,0.0044357990846037865,0,0,0,0,0,0,0
apache/commons-math,annual,11,0.01684378385543823,0.0044357990846037865,0,0,0,0,0,0,0
apache/commons-math,annual,11,0.01684378385543823,0.0044357990846037865,0,0,0,0,0,0,0
apache/commons-math,annual,11,0.01684378385543823,0.0044357990846037865,0,0,0,0,0,0,0
apache/commons-math,annual,11,0.01684378385543823,0.0044357990846037865,0,0,0,0,0,0,0
apache/commons-math,annual,11,0.01684378385543823,0.0044357990846037865,0,0,0,0,0,0,0
apache/commons-math,annual,11,0.01684378385543823,0.0044357990846037865,0,0,0,0,0,0,0
apache/commons-math,annual,11,0.01684378385543823,0.0044357990846037865,0,0,0,0,0,0,0
apache/commons-math,annual,11,0.01684378385543823,0.0044357990846037865,0,0,0,0,0,0,0
apache/commons-math,annual,11,0.01684378385543823,0.0044357990846037865,0,0,0,0,0,0,0
apache/commons-math,annual,11,0.01684378385543823,0.0044357990846037865,0,0,0,0,0,0,0
apache/commons-math,annual,11,0.01684378385543823,0.0044357990846037865,0,0,0,0,0,0,0
apache/commons-math,annual,11,0.01684378385543823,0.0044357990846037865,0,0,0,0,0,0,0
apache/commons-math,annual,11,0.01684378385543823,0.0044357990846037865,0,0,0,0,0,0,0
apache/commons-math,annual,11,0.01684378385543823,0.0044357990846037865,0,0,0,0,0,0,0
apache/commons-math,annual,11,0.01684378385543823,0.0044357990846037865,0,0,0,0,0,0,0
apache/commons-math,annual,11,0.015774210294087727,0.0040867263451218605,0,0,0,0,0,0,0
apache/commons-math,annual,11,0.015774210294087727,0.0040867263451218605,0,0,0,0,0,0,0
apache/commons-math,annual,11,0.015774210294087727,0.0040867263451218605,0,0,0,0,0,0,0
apache/commons-math,annual,11,0.015774210294087727,0.0040867263451218605,0,0,0,0,0,0,0
apache/commons-math,annual,11,0.015774210294087727,0.0040867263451218605,0,0,0,0,0,0,0
apache/commons-math,annual,11,0.015774210294087727,0.0040867263451218605,0,0,0,0,0,0,0
apache/commons-math,annual,11,0.015774210294087727,0.0040867263451218605,0,0,0,0,0,0,0
apache/commons-math,annual,11,0.015774210294087727,0.0040867263451218605,0,0,0,0,0,0,0
apache/commons-math,annual,11,0.015774210294087727,0.0040867263451218605,0,0,0,0,0,0,0
apache/commons-math,annual,11,0.015774210294087727,0.0040867263451218605,0,0,0,0,0,0,0
apache/commons-math,annual,11,0.015774210294087727,0.0040867263451218605,0,0,0,0,0,0,0
apache/commons-math,annual,11,0.015774210294087727,0.0040867263451218605,0,0,0,0,0,0,0
apache/commons-math,annual,11,0.015774210294087727,0.0040867263451218605,0,0,0,0,0,0,0
apache/commons-math,annual,11,0.015774210294087727,0.0040867263451218605,0,0,0,0,0,0,0
apache/commons-math,annual,11,0.015774210294087727,0.0040867263451218605,0,0,0,0,0,0,0
apache/commons-math,annual,11,0.015774210294087727,0.0040867263451218605,0,0,0,0,0,0,0
apache/commons-math,annual,11,0.015774210294087727,0.0040867263451218605,0,0,0,0,0,0,0
apache/commons-math,annual,11,0.015774210294087727,0.0040867263451218605,0,0,0,0,0,0,0
apache/commons-math,annual,11,0.015774210294087727,0.0040867263451218605,0,0,0,0,0,0,0
apache/commons-math,annual,11,0.015774210294087727,0.0040867263451218605,0,0,0,0,0,0,0
apache/commons-math,annual,11,0.015774210294087727,0.0040867263451218605,0,0,0,0,0,0,0
apache/commons-math,annual,11,0.015774210294087727,0.0040867263451218605,0,0,0,0,0,0,0
apache/commons-math,annual,11,0.015774210294087727,0.0040867263451218605,0,0,0,0,0,0,0
apache/commons-math,annual,11,0.015774210294087727,0.0040867263451218605,0,0,0,0,0,0,0
apache/commons-math,annual,11,0.015774210294087727,0.0040867263451218605,0,0,0,0,0,0,0
apache/commons-math,annual,11,0.015774210294087727,0.0040867263451218605,0,0,0,0,0,0,0
apache/commons-math,annual,11,0.015291082859039306,0.004181667231023312,0,0,0,0,0,0,0
apache/commons-math,annual,11,0.015291082859039306,0.004181667231023312,0,0,0,0,0,0,0
apache/commons-math,annual,11,0.015291082859039306,0.004181667231023312,0,0,0,0,0,0,0
apache/commons-math,annual,11,0.015291082859039306,0.004181667231023312,0,0,0,0,0,0,0
apache/commons-math,semi-annual,22,0.0052109281222025555,0.0005831848829984665,0,0,0,0,0,0,0
apache/commons-math,semi-annual,22,0.0052109281222025555,0.0005831848829984665,0,0,0,0,0,0,0
apache/commons-math,semi-annual,22,0.0052109281222025555,0.0005831848829984665,0,0,0,0,0,0,0
apache/commons-math,semi-annual,22,0.0052109281222025555,0.0005831848829984665,0,0,0,0,0,0,0
apache/commons-math,semi-annual,22,0.003871480623881022,0.000599653460085392,0,0,0,0,0,0,0
apache/commons-math,semi-annual,22,0.005651342868804932,0.0010341927409172058,0,0,0,0,0,0,0
apache/commons-math,semi-annual,22,0.00568002462387085,0.0010656537488102913,0,0,0,0,0,0,0
apache/commons-math,semi-annual,22,0.006195724010467529,0.0011180248111486435,0,0,0,0,0,0,0
apache/commons-math,semi-annual,22,0.006195724010467529,0.0011180248111486435,0,0,0,0,0,0,0
apache/commons-math,semi-annual,22,0.006195724010467529,0.0011180248111486435,0,0,0,0,0,0,0
apache/commons-math,semi-annual,22,0.006195724010467529,0.0011180248111486435,0,0,0,0,0,0,0
apache/commons-math,semi-annual,22,0.006195724010467529,0.0011180248111486435,0,0,0,0,0,0,0
apache/commons-math,semi-annual,22,0.006195724010467529,0.0011180248111486435,0,0,0,0,0,0,0
apache/commons-math,semi-annual,22,0.006195724010467529,0.0011180248111486435,0,0,0,0,0,0,0
apache/commons-math,semi-annual,22,0.006195724010467529,0.0011180248111486435,0,0,0,0,0,0,0
apache/commons-math,semi-annual,22,0.006195724010467529,0.0011180248111486435,0,0,0,0,0,0,0
apache/commons-math,semi-annual,22,0.006195724010467529,0.0011180248111486435,0,0,0,0,0,0,0
apache/commons-math,semi-annual,22,0.006195724010467529,0.0011180248111486435,0,0,0,0,0,0,0
apache/commons-math,semi-annual,22,0.006195724010467529,0.0011180248111486435,0,0,0,0,0,0,0
apache/commons-math,semi-annual,22,0.006195724010467529,0.0011180248111486435,0,0,0,0,0,0,0
apache/commons-math,semi-annual,22,0.006195724010467529,0.0011180248111486435,0,0,0,0,0,0,0
apache/commons-math,semi-annual,22,0.006406744321187337,0.001240384764969349,0,0,0,0,0,0,0
apache/commons-math,semi-annual,22,0.006406744321187337,0.001240384764969349,0,0,0,0,0,0,0
apache/commons-math,semi-annual,22,0.006406744321187337,0.001240384764969349,0,0,0,0,0,0,0
apache/commons-math,semi-annual,22,0.006406744321187337,0.001240384764969349,0,0,0,0,0,0,0
apache/commons-math,semi-annual,22,0.00920883814493815,0.001918356865644455,0,0,0,0,0,0,0
apache/commons-math,semi-annual,22,0.00920883814493815,0.001918356865644455,0,0,0,0,0,0,0
apache/commons-math,semi-annual,22,0.00920883814493815,0.001918356865644455,0,0,0,0,0,0,0
apache/commons-math,semi-annual,22,0.00920883814493815,0.001918356865644455,0,0,0,0,0,0,0
apache/commons-math,semi-annual,22,0.00920883814493815,0.001918356865644455,0,0,0,0,0,0,0
apache/commons-math,semi-annual,22,0.00920883814493815,0.001918356865644455,0,0,0,0,0,0,0
apache/commons-math,semi-annual,22,0.00920883814493815,0.001918356865644455,0,0,0,0,0,0,0
apache/commons-math,semi-annual,22,0.00920883814493815,0.001918356865644455,0,0,0,0,0,0,0
apache/commons-math,semi-annual,22,0.00920883814493815,0.001918356865644455,0,0,0,0,0,0,0
apache/commons-math,semi-annual,22,0.009428862730662029,0.002023516222834587,0,0,0,0,0,0,0
apache/commons-math,semi-annual,22,0.009428862730662029,0.002023516222834587,0,0,0,0,0,0,0
apache/commons-math,semi-annual,22,0.009428862730662029,0.002023516222834587,0,0,0,0,0,0,0
apache/commons-math,semi-annual,22,0.009428862730662029,0.002023516222834587,0,0,0,0,0,0,0
apache/commons-math,semi-annual,22,0.009428862730662029,0.002023516222834587,0,0,0,0,0,0,0
apache/commons-math,semi-annual,22,0.009428862730662029,0.002023516222834587,0,0,0,0,0,0,0
apache/commons-math,semi-annual,22,0.009428862730662029,0.002023516222834587,0,0,0,0,0,0,0
apache/commons-math,semi-annual,22,0.009428862730662029,0.002023516222834587,0,0,0,0,0,0,0
apache/commons-math,semi-annual,22,0.009428862730662029,0.002023516222834587,0,0,0,0,0,0,0
apache/commons-math,semi-annual,22,0.009428862730662029,0.002023516222834587,0,0,0,0,0,0,0
apache/commons-math,semi-annual,22,0.009428862730662029,0.002023516222834587,0,0,0,0,0,0,0
apache/commons-math,semi-annual,22,0.009428862730662029,0.002023516222834587,0,0,0,0,0,0,0
apache/commons-math,semi-annual,22,0.009428862730662029,0.002023516222834587,0,0,0,0,0,0,0
apache/commons-math,semi-annual,22,0.009428862730662029,0.002023516222834587,0,0,0,0,0,0,0
apache/commons-math,semi-annual,22,0.009428862730662029,0.002023516222834587,0,0,0,0,0,0,0
apache/commons-math,semi-annual,22,0.009428862730662029,0.002023516222834587,0,0,0,0,0,0,0
apache/commons-math,semi-annual,22,0.009428862730662029,0.002023516222834587,0,0,0,0,0,0,0
apache/commons-math,semi-annual,22,0.009428862730662029,0.002023516222834587,0,0,0,0,0,0,0
apache/commons-math,semi-annual,22,0.009428862730662029,0.002023516222834587,0,0,0,0,0,0,0
apache/commons-math,semi-annual,22,0.009428862730662029,0.002023516222834587,0,0,0,0,0,0,0
apache/commons-math,semi-annual,22,0.009428862730662029,0.002023516222834587,0,0,0,0,0,0,0
apache/commons-math,semi-annual,22,0.00858917236328125,0.00195928942412138,0,0,0,0,0,0,0
apache/commons-math,semi-annual,22,0.00858917236328125,0.00195928942412138,0,0,0,0,0,0,0
apache/commons-math,semi-annual,22,0.00858917236328125,0.00195928942412138,0,0,0,0,0,0,0
apache/commons-math,semi-annual,22,0.00858917236328125,0.00195928942412138,0,0,0,0,0,0,0
apache/commons-math,semi-annual,22,0.00858917236328125,0.00195928942412138,0,0,0,0,0,0,0
apache/commons-math,semi-annual,22,0.00858917236328125,0.00195928942412138,0,0,0,0,0,0,0
apache/commons-math,semi-annual,22,0.00858917236328125,0.00195928942412138,0,0,0,0,0,0,0
apache/commons-math,semi-annual,22,0.00858917236328125,0.00195928942412138,0,0,0,0,0,0,0
apache/commons-math,semi-annual,22,0.00858917236328125,0.00195928942412138,0,0,0,0,0,0,0
apache/commons-math,semi-annual,22,0.00858917236328125,0.00195928942412138,0,0,0,0,0,0,0
apache/commons-math,semi-annual,22,0.00858917236328125,0.00195928942412138,0,0,0,0,0,0,0
apache/commons-math,semi-annual,22,0.00858917236328125,0.00195928942412138,0,0,0,0,0,0,0
apache/commons-math,semi-annual,22,0.00858917236328125,0.00195928942412138,0,0,0,0,0,0,0
apache/commons-math,semi-annual,22,0.00858917236328125,0.00195928942412138,0,0,0,0,0,0,0
apache/commons-math,semi-annual,22,0.00858917236328125,0.00195928942412138,0,0,0,0,0,0,0
apache/commons-math,semi-annual,22,0.00858917236328125,0.00195928942412138,0,0,0,0,0,0,0
apache/commons-math,semi-annual,22,0.009722065925598145,0.002212315797805786,0,0,0,0,0,0,0
apache/commons-math,semi-annual,22,0.009722065925598145,0.002212315797805786,0,0,0,0,0,0,0
apache/commons-math,semi-annual,22,0.009722065925598145,0.002212315797805786,0,0,0,0,0,0,0
apache/commons-math,semi-annual,22,0.009722065925598145,0.002212315797805786,0,0,0,0,0,0,0
apache/commons-math,semi-annual,22,0.009722065925598145,0.002212315797805786,0,0,0,0,0,0,0
apache/commons-math,semi-annual,22,0.009722065925598145,0.002212315797805786,0,0,0,0,0,0,0
apache/commons-math,semi-annual,22,0.009722065925598145,0.002212315797805786,0,0,0,0,0,0,0
apache/commons-math,semi-annual,22,0.009722065925598145,0.002212315797805786,0,0,0,0,0,0,0
apache/commons-math,semi-annual,22,0.009722065925598145,0.002212315797805786,0,0,0,0,0,0,0
apache/commons-math,semi-annual,22,0.009722065925598145,0.002212315797805786,0,0,0,0,0,0,0
apache/commons-math,semi-annual,22,0.009722065925598145,0.002212315797805786,0,0,0,0,0,0,0
apache/commons-math,semi-annual,22,0.009722065925598145,0.002212315797805786,0,0,0,0,0,0,0
apache/commons-math,semi-annual,22,0.009722065925598145,0.002212315797805786,0,0,0,0,0,0,0
apache/commons-math,semi-annual,22,0.009722065925598145,0.002212315797805786,0,0,0,0,0,0,0
apache/commons-math,semi-annual,22,0.009722065925598145,0.002212315797805786,0,0,0,0,0,0,0
apache/commons-math,semi-annual,22,0.009722065925598145,0.002212315797805786,0,0,0,0,0,0,0
apache/commons-math,semi-annual,22,0.009722065925598145,0.002212315797805786,0,0,0,0,0,0,0
apache/commons-math,semi-annual,22,0.010048798720041911,0.001307448372244835,0,0,0,0,0,0,0
apache/commons-math,semi-annual,22,0.010048798720041911,0.001307448372244835,0,0,0,0,0,0,0
apache/commons-math,semi-annual,22,0.010048798720041911,0.001307448372244835,0,0,0,0,0,0,0
apache/commons-math,semi-annual,22,0.010048798720041911,0.001307448372244835,0,0,0,0,0,0,0
apache/commons-math,semi-annual,22,0.010048798720041911,0.001307448372244835,0,0,0,0,0,0,0
apache/commons-math,semi-annual,22,0.010048798720041911,0.001307448372244835,0,0,0,0,0,0,0
apache/commons-math,semi-annual,22,0.010048798720041911,0.001307448372244835,0,0,0,0,0,0,0
apache/commons-math,semi-annual,22,0.010048798720041911,0.001307448372244835,0,0,0,0,0,0,0
apache/commons-math,semi-annual,22,0.010048798720041911,0.001307448372244835,0,0,0,0,0,0,0
apache/commons-math,semi-annual,22,0.010048798720041911,0.001307448372244835,0,0,0,0,0,0,0
apache/commons-math,semi-annual,22,0.010048798720041911,0.001307448372244835,0,0,0,0,0,0,0
apache/commons-math,semi-annual,22,0.010048798720041911,0.001307448372244835,0,0,0,0,0,0,0
apache/commons-math,semi-annual,22,0.010048798720041911,0.001307448372244835,0,0,0,0,0,0,0
apache/commons-math,semi-annual,22,0.010048798720041911,0.001307448372244835,0,0,0,0,0,0,0
apache/commons-math,semi-annual,22,0.010048798720041911,0.001307448372244835,0,0,0,0,0,0,0
apache/commons-math,semi-annual,22,0.010048798720041911,0.001307448372244835,0,0,0,0,0,0,0
apache/commons-math,semi-annual,22,0.010048798720041911,0.001307448372244835,0,0,0,0,0,0,0
apache/commons-math,semi-annual,22,0.010048798720041911,0.001307448372244835,0,0,0,0,0,0,0
apache/commons-math,semi-annual,22,0.010048798720041911,0.001307448372244835,0,0,0,0,0,0,0
apache/commons-math,semi-annual,22,0.010048798720041911,0.001307448372244835,0,0,0,0,0,0,0
apache/commons-math,semi-annual,22,0.010048798720041911,0.001307448372244835,0,0,0,0,0,0,0
apache/commons-math,semi-annual,22,0.010048798720041911,0.001307448372244835,0,0,0,0,0,0,0
apache/commons-math,semi-annual,22,0.010048798720041911,0.001307448372244835,0,0,0,0,0,0,0
apache/commons-math,semi-annual,22,0.010048798720041911,0.001307448372244835,0,0,0,0,0,0,0
apache/commons-math,semi-annual,22,0.010048798720041911,0.001307448372244835,0,0,0,0,0,0,0
apache/commons-math,semi-annual,22,0.010048798720041911,0.001307448372244835,0,0,0,0,0,0,0
apache/commons-math,semi-annual,22,0.010048798720041911,0.001307448372244835,0,0,0,0,0,0,0
apache/commons-math,semi-annual,22,0.010048798720041911,0.001307448372244835,0,0,0,0,0,0,0
apache/commons-math,semi-annual,22,0.010048798720041911,0.001307448372244835,0,0,0,0,0,0,0
apache/commons-math,semi-annual,22,0.010048798720041911,0.001307448372244835,0,0,0,0,0,0,0
apache/commons-math,semi-annual,22,0.010048798720041911,0.001307448372244835,0,0,0,0,0,0,0
apache/commons-math,semi-annual,22,0.010048798720041911,0.001307448372244835,0,0,0,0,0,0,0
apache/commons-math,semi-annual,22,0.010530459880828857,0.002795020118355751,0,0,0,0,0,0,0
apache/commons-math,semi-annual,22,0.010530459880828857,0.002795020118355751,0,0,0,0,0,0,0
apache/commons-math,semi-annual,22,0.010530459880828857,0.002795020118355751,0,0,0,0,0,0,0
apache/commons-math,semi-annual,22,0.010530459880828857,0.002795020118355751,0,0,0,0,0,0,0
apache/commons-math,semi-annual,22,0.010530459880828857,0.002795020118355751,0,0,0,0,0,0,0
apache/commons-math,semi-annual,22,0.010530459880828857,0.002795020118355751,0,0,0,0,0,0,0
apache/commons-math,semi-annual,22,0.010530459880828857,0.002795020118355751,0,0,0,0,0,0,0
apache/commons-math,semi-annual,22,0.010530459880828857,0.002795020118355751,0,0,0,0,0,0,0
apache/commons-math,semi-annual,22,0.010530459880828857,0.002795020118355751,0,0,0,0,0,0,0
apache/commons-math,semi-annual,22,0.010530459880828857,0.002795020118355751,0,0,0,0,0,0,0
apache/commons-math,semi-annual,22,0.010530459880828857,0.002795020118355751,0,0,0,0,0,0,0
apache/commons-math,semi-annual,22,0.010530459880828857,0.002795020118355751,0,0,0,0,0,0,0
apache/commons-math,semi-annual,22,0.010530459880828857,0.002795020118355751,0,0,0,0,0,0,0
apache/commons-math,semi-annual,22,0.010530459880828857,0.002795020118355751,0,0,0,0,0,0,0
apache/commons-math,semi-annual,22,0.01209559440612793,0.002897959202528,0,0,0,0,0,0,0
apache/commons-math,semi-annual,22,0.01209559440612793,0.002897959202528,0,0,0,0,0,0,0
apache/commons-math,semi-annual,22,0.01209559440612793,0.002897959202528,0,0,0,0,0,0,0
apache/commons-math,semi-annual,22,0.01209559440612793,0.002897959202528,0,0,0,0,0,0,0
apache/commons-math,semi-annual,22,0.01209559440612793,0.002897959202528,0,0,0,0,0,0,0
apache/commons-math,semi-annual,22,0.01209559440612793,0.002897959202528,0,0,0,0,0,0,0
apache/commons-math,semi-annual,22,0.01209559440612793,0.002897959202528,0,0,0,0,0,0,0
apache/commons-math,semi-annual,22,0.01209559440612793,0.002897959202528,0,0,0,0,0,0,0
apache/commons-math,semi-annual,22,0.01209559440612793,0.002897959202528,0,0,0,0,0,0,0
apache/commons-math,semi-annual,22,0.01209559440612793,0.002897959202528,0,0,0,0,0,0,0
apache/commons-math,semi-annual,22,0.01209559440612793,0.002897959202528,0,0,0,0,0,0,0
apache/commons-math,semi-annual,22,0.01209559440612793,0.002897959202528,0,0,0,0,0,0,0
apache/commons-math,semi-annual,22,0.01209559440612793,0.002897959202528,0,0,0,0,0,0,0
apache/commons-math,semi-annual,22,0.01209559440612793,0.002897959202528,0,0,0,0,0,0,0
apache/commons-math,semi-annual,22,0.01209559440612793,0.002897959202528,0,0,0,0,0,0,0
apache/commons-math,semi-annual,22,0.01237424612045288,0.0035663144662976265,0,0,0,0,0,0,0
apache/commons-math,semi-annual,22,0.01237424612045288,0.0035663144662976265,0,0,0,0,0,0,0
apache/commons-math,semi-annual,22,0.01237424612045288,0.0035663144662976265,0,0,0,0,0,0,0
apache/commons-math,semi-annual,22,0.01237424612045288,0.0035663144662976265,0,0,0,0,0,0,0
apache/commons-math,semi-annual,22,0.01237424612045288,0.0035663144662976265,0,0,0,0,0,0,0
apache/commons-math,semi-annual,22,0.01237424612045288,0.0035663144662976265,0,0,0,0,0,0,0
apache/commons-math,semi-annual,22,0.01237424612045288,0.0035663144662976265,0,0,0,0,0,0,0
apache/commons-math,semi-annual,22,0.01237424612045288,0.0035663144662976265,0,0,0,0,0,0,0
apache/commons-math,semi-annual,22,0.01237424612045288,0.0035663144662976265,0,0,0,0,0,0,0
apache/commons-math,semi-annual,22,0.01237424612045288,0.0035663144662976265,0,0,0,0,0,0,0
apache/commons-math,semi-annual,22,0.01237424612045288,0.0035663144662976265,0,0,0,0,0,0,0
apache/commons-math,semi-annual,22,0.01237424612045288,0.0035663144662976265,0,0,0,0,0,0,0
apache/commons-math,semi-annual,22,0.01237424612045288,0.0035663144662976265,0,0,0,0,0,0,0
apache/commons-math,semi-annual,22,0.01237424612045288,0.0035663144662976265,0,0,0,0,0,0,0
apache/commons-math,semi-annual,22,0.01237424612045288,0.0035663144662976265,0,0,0,0,0,0,0
apache/commons-math,semi-annual,22,0.01237424612045288,0.0035663144662976265,0,0,0,0,0,0,0
apache/commons-math,semi-annual,22,0.01237424612045288,0.0035663144662976265,0,0,0,0,0,0,0
apache/commons-math,semi-annual,22,0.01237424612045288,0.0035663144662976265,0,0,0,0,0,0,0
apache/commons-math,semi-annual,22,0.01237424612045288,0.0035663144662976265,0,0,0,0,0,0,0
apache/commons-math,semi-annual,22,0.01237424612045288,0.0035663144662976265,0,0,0,0,0,0,0
apache/commons-math,semi-annual,22,0.01237424612045288,0.0035663144662976265,0,0,0,0,0,0,0
apache/commons-math,semi-annual,22,0.01237424612045288,0.0035663144662976265,0,0,0,0,0,0,0
apache/commons-math,semi-annual,22,0.01237424612045288,0.0035663144662976265,0,0,0,0,0,0,0
apache/commons-math,semi-annual,22,0.01237424612045288,0.0035663144662976265,0,0,0,0,0,0,0
apache/commons-math,semi-annual,22,0.015577570597330729,0.0038134390488266945,0,0,0,0,0,0,0
apache/commons-math,semi-annual,22,0.015577570597330729,0.0038134390488266945,0,0,0,0,0,0,0
apache/commons-math,semi-annual,22,0.015577570597330729,0.0038134390488266945,0,0,0,0,0,0,0
apache/commons-math,semi-annual,22,0.015577570597330729,0.0038134390488266945,0,0,0,0,0,0,0
apache/commons-math,semi-annual,22,0.015577570597330729,0.0038134390488266945,0,0,0,0,0,0,0
apache/commons-math,semi-annual,22,0.015577570597330729,0.0038134390488266945,0,0,0,0,0,0,0
apache/commons-math,semi-annual,22,0.015577570597330729,0.0038134390488266945,0,0,0,0,0,0,0
apache/commons-math,semi-annual,22,0.015577570597330729,0.0038134390488266945,0,0,0,0,0,0,0
apache/commons-math,semi-annual,22,0.015141061941782634,0.004045765846967697,0,0,0,0,0,0,0
apache/commons-math,semi-annual,22,0.015141061941782634,0.004045765846967697,0,0,0,0,0,0,0
apache/commons-math,semi-annual,22,0.015141061941782634,0.004045765846967697,0,0,0,0,0,0,0
apache/commons-math,semi-annual,22,0.015141061941782634,0.004045765846967697,0,0,0,0,0,0,0
apache/commons-math,semi-annual,22,0.015141061941782634,0.004045765846967697,0,0,0,0,0,0,0
apache/commons-math,semi-annual,22,0.015141061941782634,0.004045765846967697,0,0,0,0,0,0,0
apache/commons-math,semi-annual,22,0.015141061941782634,0.004045765846967697,0,0,0,0,0,0,0
apache/commons-math,semi-annual,22,0.015141061941782634,0.004045765846967697,0,0,0,0,0,0,0
apache/commons-math,semi-annual,22,0.015141061941782634,0.004045765846967697,0,0,0,0,0,0,0
apache/commons-math,semi-annual,22,0.015141061941782634,0.004045765846967697,0,0,0,0,0,0,0
apache/commons-math,semi-annual,22,0.015141061941782634,0.004045765846967697,0,0,0,0,0,0,0
apache/commons-math,semi-annual,22,0.015141061941782634,0.004045765846967697,0,0,0,0,0,0,0
apache/commons-math,semi-annual,22,0.015141061941782634,0.004045765846967697,0,0,0,0,0,0,0
apache/commons-math,semi-annual,22,0.015893646081288657,0.004393386654555798,0,0,0,0,0,0,0
apache/commons-math,semi-annual,22,0.015893646081288657,0.004393386654555798,0,0,0,0,0,0,0
apache/commons-math,semi-annual,22,0.015893646081288657,0.004393386654555798,0,0,0,0,0,0,0
apache/commons-math,semi-annual,22,0.015893646081288657,0.004393386654555798,0,0,0,0,0,0,0
apache/commons-math,semi-annual,22,0.015893646081288657,0.004393386654555798,0,0,0,0,0,0,0
apache/commons-math,semi-annual,22,0.015893646081288657,0.004393386654555798,0,0,0,0,0,0,0
apache/commons-math,semi-annual,22,0.015893646081288657,0.004393386654555798,0,0,0,0,0,0,0
apache/commons-math,semi-annual,22,0.015893646081288657,0.004393386654555798,0,0,0,0,0,0,0
apache/commons-math,semi-annual,22,0.015893646081288657,0.004393386654555798,0,0,0,0,0,0,0
apache/commons-math,semi-annual,22,0.015893646081288657,0.004393386654555798,0,0,0,0,0,0,0
apache/commons-math,semi-annual,22,0.016484415531158446,0.00443672388792038,0,0,0,0,0,0,0
apache/commons-math,semi-annual,22,0.016484415531158446,0.00443672388792038,0,0,0,0,0,0,0
apache/commons-math,semi-annual,22,0.016484415531158446,0.00443672388792038,0,0,0,0,0,0,0
apache/commons-math,semi-annual,22,0.016484415531158446,0.00443672388792038,0,0,0,0,0,0,0
apache/commons-math,semi-annual,22,0.016484415531158446,0.00443672388792038,0,0,0,0,0,0,0
apache/commons-math,semi-annual,22,0.016484415531158446,0.00443672388792038,0,0,0,0,0,0,0
apache/commons-math,semi-annual,22,0.016484415531158446,0.00443672388792038,0,0,0,0,0,0,0
apache/commons-math,semi-annual,22,0.016484415531158446,0.00443672388792038,0,0,0,0,0,0,0
apache/commons-math,semi-annual,22,0.016484415531158446,0.00443672388792038,0,0,0,0,0,0,0
apache/commons-math,semi-annual,22,0.016484415531158446,0.00443672388792038,0,0,0,0,0,0,0
apache/commons-math,semi-annual,22,0.016484415531158446,0.00443672388792038,0,0,0,0,0,0,0
apache/commons-math,semi-annual,22,0.014129106203715007,0.003977547399699688,0,0,0,0,0,0,0
apache/commons-math,semi-annual,22,0.014129106203715007,0.003977547399699688,0,0,0,0,0,0,0
apache/commons-math,semi-annual,22,0.014129106203715007,0.003977547399699688,0,0,0,0,0,0,0
apache/commons-math,semi-annual,22,0.014129106203715007,0.003977547399699688,0,0,0,0,0,0,0
apache/commons-math,semi-annual,22,0.014129106203715007,0.003977547399699688,0,0,0,0,0,0,0
apache/commons-math,semi-annual,22,0.014129106203715007,0.003977547399699688,0,0,0,0,0,0,0
apache/commons-math,semi-annual,22,0.014129106203715007,0.003977547399699688,0,0,0,0,0,0,0
apache/commons-math,semi-annual,22,0.014129106203715007,0.003977547399699688,0,0,0,0,0,0,0
apache/commons-math,semi-annual,22,0.014129106203715007,0.003977547399699688,0,0,0,0,0,0,0
apache/commons-math,semi-annual,22,0.014129106203715007,0.003977547399699688,0,0,0,0,0,0,0
apache/commons-math,semi-annual,22,0.014129106203715007,0.003977547399699688,0,0,0,0,0,0,0
apache/commons-math,semi-annual,22,0.014129106203715007,0.003977547399699688,0,0,0,0,0,0,0
apache/commons-math,semi-annual,22,0.014129106203715007,0.003977547399699688,0,0,0,0,0,0,0
apache/commons-math,semi-annual,22,0.014129106203715007,0.003977547399699688,0,0,0,0,0,0,0
apache/commons-math,semi-annual,22,0.014129106203715007,0.003977547399699688,0,0,0,0,0,0,0
apache/commons-math,semi-annual,22,0.014358564217885336,0.004080985672771931,0,0,0,0,0,0,0
apache/commons-math,semi-annual,22,0.014358564217885336,0.004080985672771931,0,0,0,0,0,0,0
apache/commons-math,semi-annual,22,0.014358564217885336,0.004080985672771931,0,0,0,0,0,0,0
apache/commons-math,semi-annual,22,0.014358564217885336,0.004080985672771931,0,0,0,0,0,0,0
apache/commons-math,semi-annual,22,0.014358564217885336,0.004080985672771931,0,0,0,0,0,0,0
apache/commons-math,semi-annual,22,0.014358564217885336,0.004080985672771931,0,0,0,0,0,0,0
apache/commons-math,semi-annual,22,0.014358564217885336,0.004080985672771931,0,0,0,0,0,0,0
apache/commons-math,semi-annual,22,0.014358564217885336,0.004080985672771931,0,0,0,0,0,0,0
apache/commons-math,semi-annual,22,0.014358564217885336,0.004080985672771931,0,0,0,0,0,0,0
apache/commons-math,semi-annual,22,0.014358564217885336,0.004080985672771931,0,0,0,0,0,0,0
apache/commons-math,semi-annual,22,0.014358564217885336,0.004080985672771931,0,0,0,0,0,0,0
apache/commons-math,semi-annual,22,0.015917646884918212,0.004351204261183739,0,0,0,0,0,0,0
apache/commons-math,semi-annual,22,0.015917646884918212,0.004351204261183739,0,0,0,0,0,0,0
apache/commons-math,semi-annual,22,0.015260100364685059,0.004176571033895016,0,0,0,0,0,0,0
apache/commons-math,semi-annual,22,0.015260100364685059,0.004176571033895016,0,0,0,0,0,0,0
apache/commons-math,quarterly,39,0.004622411727905273,0.000583072192966938,0,0,0,0,0,0,0
apache/commons-math,quarterly,39,0.004622411727905273,0.000583072192966938,0,0,0,0,0,0,0
apache/commons-math,quarterly,39,0.004622411727905273,0.000583072192966938,0,0,0,0,0,0,0
apache/commons-math,quarterly,39,0.004613327980041504,0.0005828738212585449,0,0,0,0,0,0,0
apache/commons-math,quarterly,39,0.004405864079793294,0.0005993572995066643,0,0,0,0,0,0,0
apache/commons-math,quarterly,39,0.005986658732096354,0.0010336712002754211,0,0,0,0,0,0,0
apache/commons-math,quarterly,39,0.006377200285593669,0.0010661697015166283,0,0,0,0,0,0,0
apache/commons-math,quarterly,39,0.006643839677174886,0.00114505086094141,0,0,0,0,0,0,0
apache/commons-math,quarterly,39,0.006643839677174886,0.00114505086094141,0,0,0,0,0,0,0
apache/commons-math,quarterly,39,0.006643839677174886,0.00114505086094141,0,0,0,0,0,0,0
apache/commons-math,quarterly,39,0.006643839677174886,0.00114505086094141,0,0,0,0,0,0,0
apache/commons-math,quarterly,39,0.006643839677174886,0.00114505086094141,0,0,0,0,0,0,0
apache/commons-math,quarterly,39,0.006643839677174886,0.00114505086094141,0,0,0,0,0,0,0
apache/commons-math,quarterly,39,0.006643839677174886,0.00114505086094141,0,0,0,0,0,0,0
apache/commons-math,quarterly,39,0.006643839677174886,0.00114505086094141,0,0,0,0,0,0,0
apache/commons-math,quarterly,39,0.006643839677174886,0.00114505086094141,0,0,0,0,0,0,0
apache/commons-math,quarterly,39,0.006643839677174886,0.00114505086094141,0,0,0,0,0,0,0
apache/commons-math,quarterly,39,0.007113428910573324,0.0011184290051460266,0,0,0,0,0,0,0
apache/commons-math,quarterly,39,0.007113428910573324,0.0011184290051460266,0,0,0,0,0,0,0
apache/commons-math,quarterly,39,0.007113428910573324,0.0011184290051460266,0,0,0,0,0,0,0
apache/commons-math,quarterly,39,0.007113428910573324,0.0011184290051460266,0,0,0,0,0,0,0
apache/commons-math,quarterly,39,0.0075228214263916016,0.001240740530192852,0,0,0,0,0,0,0
apache/commons-math,quarterly,39,0.0075228214263916016,0.001240740530192852,0,0,0,0,0,0,0
apache/commons-math,quarterly,39,0.0075228214263916016,0.001240740530192852,0,0,0,0,0,0,0
apache/commons-math,quarterly,39,0.0075228214263916016,0.001240740530192852,0,0,0,0,0,0,0
apache/commons-math,quarterly,39,0.008645280202229818,0.001673656515777111,0,0,0,0,0,0,0
apache/commons-math,quarterly,39,0.008645280202229818,0.001673656515777111,0,0,0,0,0,0,0
apache/commons-math,quarterly,39,0.008645280202229818,0.001673656515777111,0,0,0,0,0,0,0
apache/commons-math,quarterly,39,0.008645280202229818,0.001673656515777111,0,0,0,0,0,0,0
apache/commons-math,quarterly,39,0.009692859649658204,0.001918582245707512,0,0,0,0,0,0,0
apache/commons-math,quarterly,39,0.009692859649658204,0.001918582245707512,0,0,0,0,0,0,0
apache/commons-math,quarterly,39,0.009692859649658204,0.001918582245707512,0,0,0,0,0,0,0
apache/commons-math,quarterly,39,0.009692859649658204,0.001918582245707512,0,0,0,0,0,0,0
apache/commons-math,quarterly,39,0.009692859649658204,0.001918582245707512,0,0,0,0,0,0,0
apache/commons-math,quarterly,39,0.01001582940419515,0.0019865427166223526,0,0,0,0,0,0,0
apache/commons-math,quarterly,39,0.01001582940419515,0.0019865427166223526,0,0,0,0,0,0,0
apache/commons-math,quarterly,39,0.01001582940419515,0.0019865427166223526,0,0,0,0,0,0,0
apache/commons-math,quarterly,39,0.01001582940419515,0.0019865427166223526,0,0,0,0,0,0,0
apache/commons-math,quarterly,39,0.01001582940419515,0.0019865427166223526,0,0,0,0,0,0,0
apache/commons-math,quarterly,39,0.01001582940419515,0.0019865427166223526,0,0,0,0,0,0,0
apache/commons-math,quarterly,39,0.01001582940419515,0.0019865427166223526,0,0,0,0,0,0,0
apache/commons-math,quarterly,39,0.01001582940419515,0.0019865427166223526,0,0,0,0,0,0,0
apache/commons-math,quarterly,39,0.01001582940419515,0.0019865427166223526,0,0,0,0,0,0,0
apache/commons-math,quarterly,39,0.01001582940419515,0.0019865427166223526,0,0,0,0,0,0,0
apache/commons-math,quarterly,39,0.01001582940419515,0.0019865427166223526,0,0,0,0,0,0,0
apache/commons-math,quarterly,39,0.01001582940419515,0.0019865427166223526,0,0,0,0,0,0,0
apache/commons-math,quarterly,39,0.009760105609893798,0.002022705040872097,0,0,0,0,0,0,0
apache/commons-math,quarterly,39,0.009760105609893798,0.002022705040872097,0,0,0,0,0,0,0
apache/commons-math,quarterly,39,0.009760105609893798,0.002022705040872097,0,0,0,0,0,0,0
apache/commons-math,quarterly,39,0.009760105609893798,0.002022705040872097,0,0,0,0,0,0,0
apache/commons-math,quarterly,39,0.009760105609893798,0.002022705040872097,0,0,0,0,0,0,0
apache/commons-math,quarterly,39,0.009760105609893798,0.002022705040872097,0,0,0,0,0,0,0
apache/commons-math,quarterly,39,0.009760105609893798,0.002022705040872097,0,0,0,0,0,0,0
apache/commons-math,quarterly,39,0.009760105609893798,0.002022705040872097,0,0,0,0,0,0,0
apache/commons-math,quarterly,39,0.009760105609893798,0.002022705040872097,0,0,0,0,0,0,0
apache/commons-math,quarterly,39,0.00951536496480306,0.0020753061398863792,0,0,0,0,0,0,0
apache/commons-math,quarterly,39,0.00951536496480306,0.0020753061398863792,0,0,0,0,0,0,0
apache/commons-math,quarterly,39,0.00951536496480306,0.0020753061398863792,0,0,0,0,0,0,0
apache/commons-math,quarterly,39,0.00951536496480306,0.0020753061398863792,0,0,0,0,0,0,0
apache/commons-math,quarterly,39,0.00951536496480306,0.0020753061398863792,0,0,0,0,0,0,0
apache/commons-math,quarterly,39,0.00951536496480306,0.0020753061398863792,0,0,0,0,0,0,0
apache/commons-math,quarterly,39,0.00951536496480306,0.0020753061398863792,0,0,0,0,0,0,0
apache/commons-math,quarterly,39,0.008892313639322916,0.0019585732370615005,0,0,0,0,0,0,0
apache/commons-math,quarterly,39,0.008892313639322916,0.0019585732370615005,0,0,0,0,0,0,0
apache/commons-math,quarterly,39,0.008892313639322916,0.0019585732370615005,0,0,0,0,0,0,0
apache/commons-math,quarterly,39,0.008892313639322916,0.0019585732370615005,0,0,0,0,0,0,0
apache/commons-math,quarterly,39,0.008892313639322916,0.0019585732370615005,0,0,0,0,0,0,0
apache/commons-math,quarterly,39,0.008892313639322916,0.0019585732370615005,0,0,0,0,0,0,0
apache/commons-math,quarterly,39,0.008892313639322916,0.0019585732370615005,0,0,0,0,0,0,0
apache/commons-math,quarterly,39,0.008892313639322916,0.0019585732370615005,0,0,0,0,0,0,0
apache/commons-math,quarterly,39,0.008892313639322916,0.0019585732370615005,0,0,0,0,0,0,0
apache/commons-math,quarterly,39,0.009543387095133464,0.0022113658487796783,0,0,0,0,0,0,0
apache/commons-math,quarterly,39,0.009543387095133464,0.0022113658487796783,0,0,0,0,0,0,0
apache/commons-math,quarterly,39,0.009543387095133464,0.0022113658487796783,0,0,0,0,0,0,0
apache/commons-math,quarterly,39,0.009543387095133464,0.0022113658487796783,0,0,0,0,0,0,0
apache/commons-math,quarterly,39,0.009543387095133464,0.0022113658487796783,0,0,0,0,0,0,0
apache/commons-math,quarterly,39,0.009543387095133464,0.0022113658487796783,0,0,0,0,0,0,0
apache/commons-math,quarterly,39,0.009543387095133464,0.0022113658487796783,0,0,0,0,0,0,0
apache/commons-math,quarterly,39,0.009543387095133464,0.0022113658487796783,0,0,0,0,0,0,0
apache/commons-math,quarterly,39,0.009543387095133464,0.0022113658487796783,0,0,0,0,0,0,0
apache/commons-math,quarterly,39,0.009543387095133464,0.0022113658487796783,0,0,0,0,0,0,0
apache/commons-math,quarterly,39,0.009543387095133464,0.0022113658487796783,0,0,0,0,0,0,0
apache/commons-math,quarterly,39,0.009543387095133464,0.0022113658487796783,0,0,0,0,0,0,0
apache/commons-math,quarterly,39,0.009543387095133464,0.0022113658487796783,0,0,0,0,0,0,0
apache/commons-math,quarterly,39,0.009543387095133464,0.0022113658487796783,0,0,0,0,0,0,0
apache/commons-math,quarterly,39,0.009543387095133464,0.0022113658487796783,0,0,0,0,0,0,0
apache/commons-math,quarterly,39,0.009543387095133464,0.0022113658487796783,0,0,0,0,0,0,0
apache/commons-math,quarterly,39,0.009493557612101237,0.002211513929069042,0,0,0,0,0,0,0
apache/commons-math,quarterly,39,0.0102082888285319,0.002157113514840603,0,0,0,0,0,0,0
apache/commons-math,quarterly,39,0.0102082888285319,0.002157113514840603,0,0,0,0,0,0,0
apache/commons-math,quarterly,39,0.0102082888285319,0.002157113514840603,0,0,0,0,0,0,0
apache/commons-math,quarterly,39,0.0102082888285319,0.002157113514840603,0,0,0,0,0,0,0
apache/commons-math,quarterly,39,0.0102082888285319,0.002157113514840603,0,0,0,0,0,0,0
apache/commons-math,quarterly,39,0.0102082888285319,0.002157113514840603,0,0,0,0,0,0,0
apache/commons-math,quarterly,39,0.0102082888285319,0.002157113514840603,0,0,0,0,0,0,0
apache/commons-math,quarterly,39,0.0102082888285319,0.002157113514840603,0,0,0,0,0,0,0
apache/commons-math,quarterly,39,0.0102082888285319,0.002157113514840603,0,0,0,0,0,0,0
apache/commons-math,quarterly,39,0.0102082888285319,0.002157113514840603,0,0,0,0,0,0,0
apache/commons-math,quarterly,39,0.0102082888285319,0.002157113514840603,0,0,0,0,0,0,0
apache/commons-math,quarterly,39,0.0102082888285319,0.002157113514840603,0,0,0,0,0,0,0
apache/commons-math,quarterly,39,0.0102082888285319,0.002157113514840603,0,0,0,0,0,0,0
apache/commons-math,quarterly,39,0.0102082888285319,0.002157113514840603,0,0,0,0,0,0,0
apache/commons-math,quarterly,39,0.0102082888285319,0.002157113514840603,0,0,0,0,0,0,0
apache/commons-math,quarterly,39,0.0102082888285319,0.002157113514840603,0,0,0,0,0,0,0
apache/commons-math,quarterly,39,0.0102082888285319,0.002157113514840603,0,0,0,0,0,0,0
apache/commons-math,quarterly,39,0.0102082888285319,0.002157113514840603,0,0,0,0,0,0,0
apache/commons-math,quarterly,39,0.0102082888285319,0.002157113514840603,0,0,0,0,0,0,0
apache/commons-math,quarterly,39,0.0102082888285319,0.002157113514840603,0,0,0,0,0,0,0
apache/commons-math,quarterly,39,0.0102082888285319,0.002157113514840603,0,0,0,0,0,0,0
apache/commons-math,quarterly,39,0.0102082888285319,0.002157113514840603,0,0,0,0,0,0,0
apache/commons-math,quarterly,39,0.0102082888285319,0.002157113514840603,0,0,0,0,0,0,0
apache/commons-math,quarterly,39,0.010533384482065837,0.002354714088141918,0,0,0,0,0,0,0
apache/commons-math,quarterly,39,0.010533384482065837,0.002354714088141918,0,0,0,0,0,0,0
apache/commons-math,quarterly,39,0.010533384482065837,0.002354714088141918,0,0,0,0,0,0,0
apache/commons-math,quarterly,39,0.010533384482065837,0.002354714088141918,0,0,0,0,0,0,0
apache/commons-math,quarterly,39,0.010533384482065837,0.002354714088141918,0,0,0,0,0,0,0
apache/commons-math,quarterly,39,0.010533384482065837,0.002354714088141918,0,0,0,0,0,0,0
apache/commons-math,quarterly,39,0.010533384482065837,0.002354714088141918,0,0,0,0,0,0,0
apache/commons-math,quarterly,39,0.010533384482065837,0.002354714088141918,0,0,0,0,0,0,0
apache/commons-math,quarterly,39,0.010533384482065837,0.002354714088141918,0,0,0,0,0,0,0
apache/commons-math,quarterly,39,0.010842625300089519,0.0026296600699424744,0,0,0,0,0,0,0
apache/commons-math,quarterly,39,0.010842625300089519,0.0026296600699424744,0,0,0,0,0,0,0
apache/commons-math,quarterly,39,0.010842625300089519,0.0026296600699424744,0,0,0,0,0,0,0
apache/commons-math,quarterly,39,0.010842625300089519,0.0026296600699424744,0,0,0,0,0,0,0
apache/commons-math,quarterly,39,0.010842625300089519,0.0026296600699424744,0,0,0,0,0,0,0
apache/commons-math,quarterly,39,0.010842625300089519,0.0026296600699424744,0,0,0,0,0,0,0
apache/commons-math,quarterly,39,0.011259837945302328,0.0027969004586338997,0,0,0,0,0,0,0
apache/commons-math,quarterly,39,0.011259837945302328,0.0027969004586338997,0,0,0,0,0,0,0
apache/commons-math,quarterly,39,0.011259837945302328,0.0027969004586338997,0,0,0,0,0,0,0
apache/commons-math,quarterly,39,0.011259837945302328,0.0027969004586338997,0,0,0,0,0,0,0
apache/commons-math,quarterly,39,0.011259837945302328,0.0027969004586338997,0,0,0,0,0,0,0
apache/commons-math,quarterly,39,0.011259837945302328,0.0027969004586338997,0,0,0,0,0,0,0
apache/commons-math,quarterly,39,0.011259837945302328,0.0027969004586338997,0,0,0,0,0,0,0
apache/commons-math,quarterly,39,0.011259837945302328,0.0027969004586338997,0,0,0,0,0,0,0
apache/commons-math,quarterly,39,0.010809671878814698,0.002797218970954418,0,0,0,0,0,0,0
apache/commons-math,quarterly,39,0.010809671878814698,0.002797218970954418,0,0,0,0,0,0,0
apache/commons-math,quarterly,39,0.010809671878814698,0.002797218970954418,0,0,0,0,0,0,0
apache/commons-math,quarterly,39,0.011105231444040934,0.00289793498814106,0,0,0,0,0,0,0
apache/commons-math,quarterly,39,0.011105231444040934,0.00289793498814106,0,0,0,0,0,0,0
apache/commons-math,quarterly,39,0.011105231444040934,0.00289793498814106,0,0,0,0,0,0,0
apache/commons-math,quarterly,39,0.011105231444040934,0.00289793498814106,0,0,0,0,0,0,0
apache/commons-math,quarterly,39,0.011105231444040934,0.00289793498814106,0,0,0,0,0,0,0
apache/commons-math,quarterly,39,0.011105231444040934,0.00289793498814106,0,0,0,0,0,0,0
apache/commons-math,quarterly,39,0.011105231444040934,0.00289793498814106,0,0,0,0,0,0,0
apache/commons-math,quarterly,39,0.011105231444040934,0.00289793498814106,0,0,0,0,0,0,0
apache/commons-math,quarterly,39,0.011105231444040934,0.00289793498814106,0,0,0,0,0,0,0
apache/commons-math,quarterly,39,0.011105231444040934,0.00289793498814106,0,0,0,0,0,0,0
apache/commons-math,quarterly,39,0.011105231444040934,0.00289793498814106,0,0,0,0,0,0,0
apache/commons-math,quarterly,39,0.011105231444040934,0.00289793498814106,0,0,0,0,0,0,0
apache/commons-math,quarterly,39,0.013062934080759684,0.003098484128713608,0,0,0,0,0,0,0
apache/commons-math,quarterly,39,0.013062934080759684,0.003098484128713608,0,0,0,0,0,0,0
apache/commons-math,quarterly,39,0.013062934080759684,0.003098484128713608,0,0,0,0,0,0,0
apache/commons-math,quarterly,39,0.013062934080759684,0.003098484128713608,0,0,0,0,0,0,0
apache/commons-math,quarterly,39,0.013062934080759684,0.003098484128713608,0,0,0,0,0,0,0
apache/commons-math,quarterly,39,0.013062934080759684,0.003098484128713608,0,0,0,0,0,0,0
apache/commons-math,quarterly,39,0.013062934080759684,0.003098484128713608,0,0,0,0,0,0,0
apache/commons-math,quarterly,39,0.013062934080759684,0.003098484128713608,0,0,0,0,0,0,0
apache/commons-math,quarterly,39,0.013062934080759684,0.003098484128713608,0,0,0,0,0,0,0
apache/commons-math,quarterly,39,0.013062934080759684,0.003098484128713608,0,0,0,0,0,0,0
apache/commons-math,quarterly,39,0.013062934080759684,0.003098484128713608,0,0,0,0,0,0,0
apache/commons-math,quarterly,39,0.013062934080759684,0.003098484128713608,0,0,0,0,0,0,0
apache/commons-math,quarterly,39,0.013062934080759684,0.003098484128713608,0,0,0,0,0,0,0
apache/commons-math,quarterly,39,0.013062934080759684,0.003098484128713608,0,0,0,0,0,0,0
apache/commons-math,quarterly,39,0.013062934080759684,0.003098484128713608,0,0,0,0,0,0,0
apache/commons-math,quarterly,39,0.013859311739603678,0.003567114472389221,0,0,0,0,0,0,0
apache/commons-math,quarterly,39,0.013859311739603678,0.003567114472389221,0,0,0,0,0,0,0
apache/commons-math,quarterly,39,0.013859311739603678,0.003567114472389221,0,0,0,0,0,0,0
apache/commons-math,quarterly,39,0.013859311739603678,0.003567114472389221,0,0,0,0,0,0,0
apache/commons-math,quarterly,39,0.013859311739603678,0.003567114472389221,0,0,0,0,0,0,0
apache/commons-math,quarterly,39,0.013859311739603678,0.003567114472389221,0,0,0,0,0,0,0
apache/commons-math,quarterly,39,0.013859311739603678,0.003567114472389221,0,0,0,0,0,0,0
apache/commons-math,quarterly,39,0.013859311739603678,0.003567114472389221,0,0,0,0,0,0,0
apache/commons-math,quarterly,39,0.013859311739603678,0.003567114472389221,0,0,0,0,0,0,0
apache/commons-math,quarterly,39,0.013491527239481608,0.002609962597489357,0,0,0,0,0,0,0
apache/commons-math,quarterly,39,0.013491527239481608,0.002609962597489357,0,0,0,0,0,0,0
apache/commons-math,quarterly,39,0.013491527239481608,0.002609962597489357,0,0,0,0,0,0,0
apache/commons-math,quarterly,39,0.013491527239481608,0.002609962597489357,0,0,0,0,0,0,0
apache/commons-math,quarterly,39,0.014444756507873534,0.003815002739429474,0,0,0,0,0,0,0
apache/commons-math,quarterly,39,0.014444756507873534,0.003815002739429474,0,0,0,0,0,0,0
apache/commons-math,quarterly,39,0.014444756507873534,0.003815002739429474,0,0,0,0,0,0,0
apache/commons-math,quarterly,39,0.014444756507873534,0.003815002739429474,0,0,0,0,0,0,0
apache/commons-math,quarterly,39,0.014116811752319335,0.00396327581256628,0,0,0,0,0,0,0
apache/commons-math,quarterly,39,0.014116811752319335,0.00396327581256628,0,0,0,0,0,0,0
apache/commons-math,quarterly,39,0.014116811752319335,0.00396327581256628,0,0,0,0,0,0,0
apache/commons-math,quarterly,39,0.014116811752319335,0.00396327581256628,0,0,0,0,0,0,0
apache/commons-math,quarterly,39,0.014710950851440429,0.004046390764415264,0,0,0,0,0,0,0
apache/commons-math,quarterly,39,0.014710950851440429,0.004046390764415264,0,0,0,0,0,0,0
apache/commons-math,quarterly,39,0.014710950851440429,0.004046390764415264,0,0,0,0,0,0,0
apache/commons-math,quarterly,39,0.014710950851440429,0.004046390764415264,0,0,0,0,0,0,0
apache/commons-math,quarterly,39,0.014710950851440429,0.004046390764415264,0,0,0,0,0,0,0
apache/commons-math,quarterly,39,0.014710950851440429,0.004046390764415264,0,0,0,0,0,0,0
apache/commons-math,quarterly,39,0.014710950851440429,0.004046390764415264,0,0,0,0,0,0,0
apache/commons-math,quarterly,39,0.014710950851440429,0.004046390764415264,0,0,0,0,0,0,0
apache/commons-math,quarterly,39,0.014710950851440429,0.004046390764415264,0,0,0,0,0,0,0
apache/commons-math,quarterly,39,0.014792700608571371,0.004314562305808067,0,0,0,0,0,0,0
apache/commons-math,quarterly,39,0.014792700608571371,0.004314562305808067,0,0,0,0,0,0,0
apache/commons-math,quarterly,39,0.014792700608571371,0.004314562305808067,0,0,0,0,0,0,0
apache/commons-math,quarterly,39,0.014792700608571371,0.004314562305808067,0,0,0,0,0,0,0
apache/commons-math,quarterly,39,0.014792700608571371,0.004314562305808067,0,0,0,0,0,0,0
apache/commons-math,quarterly,39,0.014792700608571371,0.004314562305808067,0,0,0,0,0,0,0
apache/commons-math,quarterly,39,0.014792700608571371,0.004314562305808067,0,0,0,0,0,0,0
apache/commons-math,quarterly,39,0.01509315570195516,0.004387258552014828,0,0,0,0,0,0,0
apache/commons-math,quarterly,39,0.01509315570195516,0.004387258552014828,0,0,0,0,0,0,0
apache/commons-math,quarterly,39,0.01509315570195516,0.004387258552014828,0,0,0,0,0,0,0
apache/commons-math,quarterly,39,0.01523122787475586,0.004392887465655804,0,0,0,0,0,0,0
apache/commons-math,quarterly,39,0.01523122787475586,0.004392887465655804,0,0,0,0,0,0,0
apache/commons-math,quarterly,39,0.01523122787475586,0.004392887465655804,0,0,0,0,0,0,0
apache/commons-math,quarterly,39,0.01523122787475586,0.004392887465655804,0,0,0,0,0,0,0
apache/commons-math,quarterly,39,0.01523122787475586,0.004392887465655804,0,0,0,0,0,0,0
apache/commons-math,quarterly,39,0.01523122787475586,0.004392887465655804,0,0,0,0,0,0,0
apache/commons-math,quarterly,39,0.01523122787475586,0.004392887465655804,0,0,0,0,0,0,0
apache/commons-math,quarterly,39,0.016122909386952718,0.004436153918504715,0,0,0,0,0,0,0
apache/commons-math,quarterly,39,0.016122909386952718,0.004436153918504715,0,0,0,0,0,0,0
apache/commons-math,quarterly,39,0.016122909386952718,0.004436153918504715,0,0,0,0,0,0,0
apache/commons-math,quarterly,39,0.016122909386952718,0.004436153918504715,0,0,0,0,0,0,0
apache/commons-math,quarterly,39,0.015134811401367188,0.004050184041261673,0,0,0,0,0,0,0
apache/commons-math,quarterly,39,0.015134811401367188,0.004050184041261673,0,0,0,0,0,0,0
apache/commons-math,quarterly,39,0.015134811401367188,0.004050184041261673,0,0,0,0,0,0,0
apache/commons-math,quarterly,39,0.015134811401367188,0.004050184041261673,0,0,0,0,0,0,0
apache/commons-math,quarterly,39,0.015134811401367188,0.004050184041261673,0,0,0,0,0,0,0
apache/commons-math,quarterly,39,0.015134811401367188,0.004050184041261673,0,0,0,0,0,0,0
apache/commons-math,quarterly,39,0.015134811401367188,0.004050184041261673,0,0,0,0,0,0,0
apache/commons-math,quarterly,39,0.015134811401367188,0.004050184041261673,0,0,0,0,0,0,0
apache/commons-math,quarterly,39,0.0147398312886556,0.003976440988481045,0,0,0,0,0,0,0
apache/commons-math,quarterly,39,0.0147398312886556,0.003976440988481045,0,0,0,0,0,0,0
apache/commons-math,quarterly,39,0.0147398312886556,0.003976440988481045,0,0,0,0,0,0,0
apache/commons-math,quarterly,39,0.0147398312886556,0.003976440988481045,0,0,0,0,0,0,0
apache/commons-math,quarterly,39,0.0147398312886556,0.003976440988481045,0,0,0,0,0,0,0
apache/commons-math,quarterly,39,0.0147398312886556,0.003976440988481045,0,0,0,0,0,0,0
apache/commons-math,quarterly,39,0.0147398312886556,0.003976440988481045,0,0,0,0,0,0,0
apache/commons-math,quarterly,39,0.0148477037747701,0.004022506065666676,0,0,0,0,0,0,0
apache/commons-math,quarterly,39,0.0148477037747701,0.004022506065666676,0,0,0,0,0,0,0
apache/commons-math,quarterly,39,0.0148477037747701,0.004022506065666676,0,0,0,0,0,0,0
apache/commons-math,quarterly,39,0.0148477037747701,0.004022506065666676,0,0,0,0,0,0,0
apache/commons-math,quarterly,39,0.0148477037747701,0.004022506065666676,0,0,0,0,0,0,0
apache/commons-math,quarterly,39,0.014322900772094726,0.004079732112586498,0,0,0,0,0,0,0
apache/commons-math,quarterly,39,0.014322900772094726,0.004079732112586498,0,0,0,0,0,0,0
apache/commons-math,quarterly,39,0.014322900772094726,0.004079732112586498,0,0,0,0,0,0,0
apache/commons-math,quarterly,39,0.014322900772094726,0.004079732112586498,0,0,0,0,0,0,0
apache/commons-math,quarterly,39,0.014322900772094726,0.004079732112586498,0,0,0,0,0,0,0
apache/commons-math,quarterly,39,0.014322900772094726,0.004079732112586498,0,0,0,0,0,0,0
apache/commons-math,quarterly,39,0.016947674751281738,0.0043508131057024,0,0,0,0,0,0,0
apache/commons-math,quarterly,39,0.016947674751281738,0.0043508131057024,0,0,0,0,0,0,0
apache/commons-math,quarterly,39,0.015984773635864258,0.004173094406723976,0,0,0,0,0,0,0
apache/commons-math,quarterly,39,0.014523915449778239,0.004176621325314045,0,0,0,0,0,0,0
langchain-ai/langchain,annual,1,0.021436556180318197,0.007630966603755951,0,0,0,0,0,0,0
langchain-ai/langchain,annual,1,0.021436556180318197,0.007630966603755951,0,0,0,0,0,0,0
langchain-ai/langchain,annual,1,0.021436556180318197,0.007630966603755951,0,0,0,0,0,0,0
langchain-ai/langchain,annual,1,0.021436556180318197,0.007630966603755951,0,0,0,0,0,0,0
langchain-ai/langchain,annual,1,0.021436556180318197,0.007630966603755951,0,0,0,0,0,0,0
langchain-ai/langchain,annual,1,0.021436556180318197,0.007630966603755951,0,0,0,0,0,0,0
langchain-ai/langchain,annual,1,0.021436556180318197,0.007630966603755951,1,1,1,1,1,1,1
langchain-ai/langchain,annual,1,0.021436556180318197,0.007630966603755951,0,0,0,0,0,0,0
langchain-ai/langchain,annual,1,0.021436556180318197,0.007630966603755951,0,0,0,0,0,0,0
langchain-ai/langchain,annual,1,0.021436556180318197,0.007630966603755951,0,0,0,0,0,0,0
langchain-ai/langchain,annual,1,0.021436556180318197,0.007630966603755951,1,1,1,1,1,1,1
langchain-ai/langchain,annual,1,0.021436556180318197,0.007630966603755951,0,0,0,0,0,0,0
langchain-ai/langchain,annual,1,0.021436556180318197,0.007630966603755951,0,0,0,0,0,0,0
langchain-ai/langchain,annual,1,0.021436556180318197,0.007630966603755951,0,0,0,0,0,0,0
langchain-ai/langchain,annual,1,0.021436556180318197,0.007630966603755951,1,1,1,1,1,1,1
langchain-ai/langchain,annual,1,0.021436556180318197,0.007630966603755951,0,0,0,0,0,0,0
langchain-ai/langchain,annual,1,0.021436556180318197,0.007630966603755951,0,0,0,0,0,0,0
langchain-ai/langchain,annual,1,0.021436556180318197,0.007630966603755951,1,1,1,1,1,1,1
langchain-ai/langchain,annual,1,0.021436556180318197,0.007630966603755951,1,1,1,1,1,1,1
langchain-ai/langchain,annual,1,0.021436556180318197,0.007630966603755951,0,0,0,0,0,0,0
langchain-ai/langchain,annual,1,0.021436556180318197,0.007630966603755951,0,0,0,0,0,0,0
langchain-ai/langchain,annual,1,0.021436556180318197,0.007630966603755951,0,0,0,0,0,0,0
langchain-ai/langchain,annual,1,0.021436556180318197,0.007630966603755951,0,0,0,0,0,0,0
langchain-ai/langchain,annual,1,0.021436556180318197,0.007630966603755951,0,0,0,0,0,0,0
langchain-ai/langchain,annual,1,0.021436556180318197,0.007630966603755951,0,0,0,0,0,0,0
langchain-ai/langchain,annual,1,0.021436556180318197,0.007630966603755951,0,0,0,0,0,0,0
langchain-ai/langchain,annual,1,0.021436556180318197,0.007630966603755951,0,0,0,0,0,0,0
langchain-ai/langchain,annual,1,0.021436556180318197,0.007630966603755951,0,0,0,0,0,0,0
langchain-ai/langchain,annual,1,0.021436556180318197,0.007630966603755951,0,0,0,0,0,0,0
langchain-ai/langchain,annual,1,0.021436556180318197,0.007630966603755951,0,0,0,0,0,0,0
langchain-ai/langchain,annual,1,0.021436556180318197,0.007630966603755951,0,0,0,0,0,0,0
langchain-ai/langchain,annual,1,0.021436556180318197,0.007630966603755951,0,0,0,0,0,0,0
langchain-ai/langchain,annual,1,0.021436556180318197,0.007630966603755951,1,1,1,1,1,1,1
langchain-ai/langchain,annual,1,0.021436556180318197,0.007630966603755951,1,1,1,1,1,1,1
langchain-ai/langchain,annual,1,0.021436556180318197,0.007630966603755951,0,0,0,0,0,0,0
langchain-ai/langchain,annual,1,0.021436556180318197,0.007630966603755951,0,0,0,0,0,0,0
langchain-ai/langchain,annual,1,0.021436556180318197,0.007630966603755951,0,0,0,0,0,0,0
langchain-ai/langchain,annual,1,0.021436556180318197,0.007630966603755951,0,0,0,0,0,0,0
langchain-ai/langchain,annual,1,0.021436556180318197,0.007630966603755951,0,0,0,0,0,0,0
langchain-ai/langchain,annual,1,0.021436556180318197,0.007630966603755951,0,0,0,0,0,0,0
langchain-ai/langchain,annual,1,0.021436556180318197,0.007630966603755951,0,0,0,0,0,0,0
langchain-ai/langchain,annual,1,0.021436556180318197,0.007630966603755951,0,0,0,0,0,0,0
langchain-ai/langchain,annual,1,0.021436556180318197,0.007630966603755951,0,0,0,0,0,0,0
langchain-ai/langchain,annual,1,0.021436556180318197,0.007630966603755951,0,0,0,0,0,0,0
langchain-ai/langchain,annual,1,0.021436556180318197,0.007630966603755951,0,0,0,0,0,0,0
langchain-ai/langchain,annual,1,0.021436556180318197,0.007630966603755951,0,0,0,0,0,0,0
langchain-ai/langchain,annual,1,0.021436556180318197,0.007630966603755951,0,0,0,0,0,0,0
langchain-ai/langchain,annual,1,0.021436556180318197,0.007630966603755951,0,0,0,0,0,0,0
langchain-ai/langchain,annual,1,0.021436556180318197,0.007630966603755951,0,0,0,0,0,0,0
langchain-ai/langchain,annual,1,0.021436556180318197,0.007630966603755951,0,0,0,0,0,0,0
langchain-ai/langchain,annual,1,0.021436556180318197,0.007630966603755951,0,0,0,0,0,0,0
langchain-ai/langchain,annual,1,0.021436556180318197,0.007630966603755951,0,0,0,0,0,0,0
langchain-ai/langchain,annual,1,0.021436556180318197,0.007630966603755951,0,0,0,0,0,0,0
langchain-ai/langchain,annual,1,0.021436556180318197,0.007630966603755951,0,0,0,0,0,0,0
langchain-ai/langchain,annual,1,0.021436556180318197,0.007630966603755951,0,0,0,0,0,0,0
langchain-ai/langchain,annual,1,0.021436556180318197,0.007630966603755951,0,0,0,0,0,0,0
langchain-ai/langchain,annual,1,0.021436556180318197,0.007630966603755951,0,0,0,0,0,0,0
langchain-ai/langchain,annual,1,0.021436556180318197,0.007630966603755951,0,0,0,0,0,0,0
langchain-ai/langchain,annual,1,0.021436556180318197,0.007630966603755951,0,0,0,0,0,0,0
langchain-ai/langchain,annual,1,0.021436556180318197,0.007630966603755951,0,0,0,0,0,0,0
langchain-ai/langchain,annual,1,0.021436556180318197,0.007630966603755951,0,0,0,0,0,0,0
langchain-ai/langchain,annual,1,0.021436556180318197,0.007630966603755951,0,0,0,0,0,0,0
langchain-ai/langchain,annual,1,0.021436556180318197,0.007630966603755951,0,0,0,0,0,0,0
langchain-ai/langchain,annual,1,0.021436556180318197,0.007630966603755951,0,0,0,0,0,0,0
langchain-ai/langchain,annual,1,0.021436556180318197,0.007630966603755951,0,0,0,0,0,0,0
langchain-ai/langchain,annual,1,0.021436556180318197,0.007630966603755951,0,0,0,0,0,0,0
langchain-ai/langchain,annual,1,0.021436556180318197,0.007630966603755951,0,0,0,0,0,0,0
langchain-ai/langchain,annual,1,0.021436556180318197,0.007630966603755951,0,0,0,0,0,0,0
langchain-ai/langchain,annual,1,0.021436556180318197,0.007630966603755951,0,0,0,0,0,0,0
langchain-ai/langchain,annual,1,0.021436556180318197,0.007630966603755951,0,0,0,0,0,0,0
langchain-ai/langchain,annual,1,0.021436556180318197,0.007630966603755951,0,0,0,0,0,0,0
langchain-ai/langchain,annual,1,0.021436556180318197,0.007630966603755951,0,0,0,0,0,0,0
langchain-ai/langchain,annual,1,0.021436556180318197,0.007630966603755951,0,0,0,0,0,0,0
langchain-ai/langchain,annual,1,0.021436556180318197,0.007630966603755951,0,0,0,0,0,0,0
langchain-ai/langchain,annual,1,0.021436556180318197,0.007630966603755951,0,0,0,0,0,0,0
langchain-ai/langchain,annual,1,0.021436556180318197,0.007630966603755951,0,0,0,0,0,0,0
langchain-ai/langchain,annual,1,0.021436556180318197,0.007630966603755951,0,0,0,0,0,0,0
langchain-ai/langchain,annual,1,0.021436556180318197,0.007630966603755951,0,0,0,0,0,0,0
langchain-ai/langchain,annual,1,0.021436556180318197,0.007630966603755951,0,0,0,0,0,0,0
langchain-ai/langchain,annual,1,0.021436556180318197,0.007630966603755951,0,0,0,0,0,0,0
langchain-ai/langchain,annual,1,0.021436556180318197,0.007630966603755951,0,0,0,0,0,0,0
langchain-ai/langchain,annual,1,0.021436556180318197,0.007630966603755951,0,0,0,0,0,0,0
langchain-ai/langchain,annual,1,0.021436556180318197,0.007630966603755951,0,0,0,0,0,0,0
langchain-ai/langchain,annual,1,0.021436556180318197,0.007630966603755951,0,0,0,0,0,0,0
langchain-ai/langchain,annual,1,0.021436556180318197,0.007630966603755951,0,0,0,0,0,0,0
langchain-ai/langchain,annual,1,0.021436556180318197,0.007630966603755951,0,0,0,0,0,0,0
langchain-ai/langchain,annual,1,0.021436556180318197,0.007630966603755951,0,0,0,0,0,0,0
langchain-ai/langchain,annual,1,0.021436556180318197,0.007630966603755951,0,0,0,0,0,0,0
langchain-ai/langchain,annual,1,0.021436556180318197,0.007630966603755951,0,0,0,0,0,0,0
langchain-ai/langchain,annual,1,0.021436556180318197,0.007630966603755951,0,0,0,0,0,0,0
langchain-ai/langchain,annual,1,0.021436556180318197,0.007630966603755951,0,0,0,0,0,0,0
langchain-ai/langchain,annual,1,0.021436556180318197,0.007630966603755951,0,0,0,0,0,0,0
langchain-ai/langchain,annual,1,0.021436556180318197,0.007630966603755951,0,0,0,0,0,0,0
langchain-ai/langchain,annual,1,0.021436556180318197,0.007630966603755951,0,0,0,0,0,0,0
langchain-ai/langchain,annual,1,0.021436556180318197,0.007630966603755951,0,0,0,0,0,0,0
langchain-ai/langchain,annual,1,0.021436556180318197,0.007630966603755951,0,0,0,0,0,0,0
langchain-ai/langchain,annual,1,0.021436556180318197,0.007630966603755951,0,0,0,0,0,0,0
langchain-ai/langchain,annual,1,0.021436556180318197,0.007630966603755951,0,0,0,0,0,0,0
langchain-ai/langchain,annual,1,0.021436556180318197,0.007630966603755951,0,0,0,0,0,0,0
langchain-ai/langchain,annual,1,0.021436556180318197,0.007630966603755951,0,0,0,0,0,0,0
langchain-ai/langchain,annual,1,0.021436556180318197,0.007630966603755951,0,0,0,0,0,0,0
langchain-ai/langchain,annual,1,0.021436556180318197,0.007630966603755951,0,1,1,1,1,1,1
langchain-ai/langchain,annual,1,0.021436556180318197,0.007630966603755951,0,0,0,0,0,0,0
langchain-ai/langchain,annual,1,0.021436556180318197,0.007630966603755951,0,0,0,0,0,0,0
langchain-ai/langchain,annual,1,0.021436556180318197,0.007630966603755951,0,0,0,0,0,0,0
langchain-ai/langchain,annual,1,0.021436556180318197,0.007630966603755951,0,0,0,0,0,0,0
langchain-ai/langchain,annual,1,0.021436556180318197,0.007630966603755951,0,0,0,0,0,0,0
langchain-ai/langchain,annual,1,0.021436556180318197,0.007630966603755951,1,1,1,1,1,1,1
langchain-ai/langchain,annual,1,0.021436556180318197,0.007630966603755951,0,0,0,0,0,0,0
langchain-ai/langchain,annual,1,0.021436556180318197,0.007630966603755951,0,0,0,0,0,0,0
langchain-ai/langchain,annual,1,0.021436556180318197,0.007630966603755951,0,0,0,0,0,0,0
langchain-ai/langchain,annual,1,0.021436556180318197,0.007630966603755951,0,0,0,0,0,0,0
langchain-ai/langchain,annual,1,0.021436556180318197,0.007630966603755951,0,0,0,0,0,0,0
langchain-ai/langchain,annual,1,0.021436556180318197,0.007630966603755951,0,0,0,0,0,0,0
langchain-ai/langchain,annual,1,0.021436556180318197,0.007630966603755951,0,0,0,0,0,0,0
langchain-ai/langchain,annual,1,0.021436556180318197,0.007630966603755951,0,0,0,0,0,0,0
langchain-ai/langchain,annual,1,0.021436556180318197,0.007630966603755951,0,0,0,0,0,0,0
langchain-ai/langchain,annual,1,0.021436556180318197,0.007630966603755951,0,0,0,0,0,0,0
langchain-ai/langchain,annual,1,0.021436556180318197,0.007630966603755951,0,0,0,0,0,0,0
langchain-ai/langchain,annual,1,0.021436556180318197,0.007630966603755951,0,0,0,0,0,0,0
langchain-ai/langchain,annual,1,0.021436556180318197,0.007630966603755951,0,0,0,0,0,0,0
langchain-ai/langchain,annual,1,0.021436556180318197,0.007630966603755951,0,0,0,0,0,0,0
langchain-ai/langchain,annual,1,0.021436556180318197,0.007630966603755951,0,0,0,0,0,0,0
langchain-ai/langchain,annual,1,0.021436556180318197,0.007630966603755951,0,0,0,0,0,0,0
langchain-ai/langchain,annual,1,0.021436556180318197,0.007630966603755951,0,0,0,0,0,0,0
langchain-ai/langchain,annual,1,0.021436556180318197,0.007630966603755951,0,0,0,0,0,0,0
langchain-ai/langchain,annual,1,0.021436556180318197,0.007630966603755951,0,0,0,0,0,0,0
langchain-ai/langchain,annual,1,0.021436556180318197,0.007630966603755951,0,0,0,0,0,0,0
langchain-ai/langchain,annual,1,0.021436556180318197,0.007630966603755951,0,0,0,0,0,0,0
langchain-ai/langchain,annual,1,0.021436556180318197,0.007630966603755951,0,0,0,0,0,0,0
langchain-ai/langchain,semi-annual,2,0.013025561968485514,0.0033893072977662086,0,0,0,0,0,0,0
langchain-ai/langchain,semi-annual,2,0.013025561968485514,0.0033893072977662086,0,0,0,0,0,0,0
langchain-ai/langchain,semi-annual,2,0.013025561968485514,0.0033893072977662086,0,0,0,0,0,0,0
langchain-ai/langchain,semi-annual,2,0.013025561968485514,0.0033893072977662086,0,0,0,0,0,0,0
langchain-ai/langchain,semi-annual,2,0.013025561968485514,0.0033893072977662086,0,0,0,0,0,0,0
langchain-ai/langchain,semi-annual,2,0.013025561968485514,0.0033893072977662086,0,0,0,0,0,0,0
langchain-ai/langchain,semi-annual,2,0.013025561968485514,0.0033893072977662086,0,0,0,0,0,0,0
langchain-ai/langchain,semi-annual,2,0.013025561968485514,0.0033893072977662086,0,0,0,0,0,0,0
langchain-ai/langchain,semi-annual,2,0.013025561968485514,0.0033893072977662086,0,0,0,0,0,0,0
langchain-ai/langchain,semi-annual,2,0.013025561968485514,0.0033893072977662086,0,0,0,0,0,0,0
langchain-ai/langchain,semi-annual,2,0.013025561968485514,0.0033893072977662086,0,0,0,0,0,0,0
langchain-ai/langchain,semi-annual,2,0.013025561968485514,0.0033893072977662086,0,0,0,0,0,0,0
langchain-ai/langchain,semi-annual,2,0.013025561968485514,0.0033893072977662086,0,0,0,0,0,0,0
langchain-ai/langchain,semi-annual,2,0.013025561968485514,0.0033893072977662086,0,0,0,0,0,0,0
langchain-ai/langchain,semi-annual,2,0.013025561968485514,0.0033893072977662086,0,0,0,0,0,0,0
langchain-ai/langchain,semi-annual,2,0.013025561968485514,0.0033893072977662086,0,0,0,0,0,0,0
langchain-ai/langchain,semi-annual,2,0.013025561968485514,0.0033893072977662086,0,0,0,0,0,0,0
langchain-ai/langchain,semi-annual,2,0.013025561968485514,0.0033893072977662086,0,0,0,0,0,0,0
langchain-ai/langchain,semi-annual,2,0.013025561968485514,0.0033893072977662086,0,0,0,0,0,0,0
langchain-ai/langchain,semi-annual,2,0.013025561968485514,0.0033893072977662086,0,0,0,0,0,0,0
langchain-ai/langchain,semi-annual,2,0.013025561968485514,0.0033893072977662086,0,0,0,0,0,0,0
langchain-ai/langchain,semi-annual,2,0.013025561968485514,0.0033893072977662086,0,0,0,0,0,0,0
langchain-ai/langchain,semi-annual,2,0.013025561968485514,0.0033893072977662086,0,0,0,0,0,0,0
langchain-ai/langchain,semi-annual,2,0.013025561968485514,0.0033893072977662086,0,0,0,0,0,0,0
langchain-ai/langchain,semi-annual,2,0.013025561968485514,0.0033893072977662086,0,0,0,0,0,0,0
langchain-ai/langchain,semi-annual,2,0.013025561968485514,0.0033893072977662086,0,0,0,0,0,0,0
langchain-ai/langchain,semi-annual,2,0.013025561968485514,0.0033893072977662086,0,0,0,0,0,0,0
langchain-ai/langchain,semi-annual,2,0.013025561968485514,0.0033893072977662086,0,0,0,0,0,0,0
langchain-ai/langchain,semi-annual,2,0.013025561968485514,0.0033893072977662086,0,0,0,0,0,0,0
langchain-ai/langchain,semi-annual,2,0.013025561968485514,0.0033893072977662086,0,0,0,0,0,0,0
langchain-ai/langchain,semi-annual,2,0.013025561968485514,0.0033893072977662086,0,0,0,0,0,0,0
langchain-ai/langchain,semi-annual,2,0.013025561968485514,0.0033893072977662086,0,0,0,0,0,0,0
langchain-ai/langchain,semi-annual,2,0.013025561968485514,0.0033893072977662086,0,0,0,0,0,0,0
langchain-ai/langchain,semi-annual,2,0.013025561968485514,0.0033893072977662086,0,0,0,0,0,0,0
langchain-ai/langchain,semi-annual,2,0.013025561968485514,0.0033893072977662086,0,0,0,0,0,0,0
langchain-ai/langchain,semi-annual,2,0.013025561968485514,0.0033893072977662086,0,0,0,0,0,0,0
langchain-ai/langchain,semi-annual,2,0.013025561968485514,0.0033893072977662086,0,0,0,0,0,0,0
langchain-ai/langchain,semi-annual,2,0.013025561968485514,0.0033893072977662086,0,0,0,0,0,0,0
langchain-ai/langchain,semi-annual,2,0.013025561968485514,0.0033893072977662086,0,0,0,0,0,0,0
langchain-ai/langchain,semi-annual,2,0.013025561968485514,0.0033893072977662086,0,0,0,0,0,0,0
langchain-ai/langchain,semi-annual,2,0.013025561968485514,0.0033893072977662086,0,0,0,0,0,0,0
langchain-ai/langchain,semi-annual,2,0.013025561968485514,0.0033893072977662086,0,0,0,0,0,0,0
langchain-ai/langchain,semi-annual,2,0.013025561968485514,0.0033893072977662086,0,0,0,0,0,0,0
langchain-ai/langchain,semi-annual,2,0.013025561968485514,0.0033893072977662086,0,0,0,0,0,0,0
langchain-ai/langchain,semi-annual,2,0.013025561968485514,0.0033893072977662086,0,0,0,0,0,0,0
langchain-ai/langchain,semi-annual,2,0.013025561968485514,0.0033893072977662086,0,0,0,0,0,0,0
langchain-ai/langchain,semi-annual,2,0.013025561968485514,0.0033893072977662086,0,0,0,0,0,0,0
langchain-ai/langchain,semi-annual,2,0.013025561968485514,0.0033893072977662086,0,0,0,0,0,0,0
langchain-ai/langchain,semi-annual,2,0.013025561968485514,0.0033893072977662086,0,0,0,0,0,0,0
langchain-ai/langchain,semi-annual,2,0.013025561968485514,0.0033893072977662086,0,0,0,0,0,0,0
langchain-ai/langchain,semi-annual,2,0.013025561968485514,0.0033893072977662086,0,0,0,0,0,0,0
langchain-ai/langchain,semi-annual,2,0.013025561968485514,0.0033893072977662086,0,0,0,0,0,0,0
langchain-ai/langchain,semi-annual,2,0.013025561968485514,0.0033893072977662086,0,0,0,0,0,0,0
langchain-ai/langchain,semi-annual,2,0.013025561968485514,0.0033893072977662086,0,0,0,0,0,0,0
langchain-ai/langchain,semi-annual,2,0.013025561968485514,0.0033893072977662086,0,0,0,0,0,0,0
langchain-ai/langchain,semi-annual,2,0.013025561968485514,0.0033893072977662086,0,0,0,0,0,0,0
langchain-ai/langchain,semi-annual,2,0.013025561968485514,0.0033893072977662086,0,0,0,0,0,0,0
langchain-ai/langchain,semi-annual,2,0.013025561968485514,0.0033893072977662086,0,0,0,0,0,0,0
langchain-ai/langchain,semi-annual,2,0.013025561968485514,0.0033893072977662086,0,0,0,0,0,0,0
langchain-ai/langchain,semi-annual,2,0.013025561968485514,0.0033893072977662086,0,0,0,0,0,0,0
langchain-ai/langchain,semi-annual,2,0.013025561968485514,0.0033893072977662086,0,0,0,0,0,0,0
langchain-ai/langchain,semi-annual,2,0.013025561968485514,0.0033893072977662086,0,0,0,0,0,0,0
langchain-ai/langchain,semi-annual,2,0.013025561968485514,0.0033893072977662086,0,0,0,0,0,0,0
langchain-ai/langchain,semi-annual,2,0.013025561968485514,0.0033893072977662086,0,0,0,0,0,0,0
langchain-ai/langchain,semi-annual,2,0.013025561968485514,0.0033893072977662086,0,0,0,0,0,0,0
langchain-ai/langchain,semi-annual,2,0.013025561968485514,0.0033893072977662086,0,0,0,0,0,0,0
langchain-ai/langchain,semi-annual,2,0.013025561968485514,0.0033893072977662086,0,0,0,0,0,0,0
langchain-ai/langchain,semi-annual,2,0.013025561968485514,0.0033893072977662086,0,0,0,0,0,0,0
langchain-ai/langchain,semi-annual,2,0.013025561968485514,0.0033893072977662086,0,0,0,0,0,0,0
langchain-ai/langchain,semi-annual,2,0.013025561968485514,0.0033893072977662086,0,0,0,0,0,0,0
langchain-ai/langchain,semi-annual,2,0.013025561968485514,0.0033893072977662086,0,0,0,0,0,0,0
langchain-ai/langchain,semi-annual,2,0.013025561968485514,0.0033893072977662086,0,0,0,0,0,0,0
langchain-ai/langchain,semi-annual,2,0.013025561968485514,0.0033893072977662086,0,0,0,0,0,0,0
langchain-ai/langchain,semi-annual,2,0.013025561968485514,0.0033893072977662086,0,0,0,0,0,0,0
langchain-ai/langchain,semi-annual,2,0.013025561968485514,0.0033893072977662086,0,0,0,0,0,0,0
langchain-ai/langchain,semi-annual,2,0.013025561968485514,0.0033893072977662086,0,0,0,0,0,0,0
langchain-ai/langchain,semi-annual,2,0.013025561968485514,0.0033893072977662086,0,0,0,0,0,0,0
langchain-ai/langchain,semi-annual,2,0.013025561968485514,0.0033893072977662086,0,0,0,0,0,0,0
langchain-ai/langchain,semi-annual,2,0.013025561968485514,0.0033893072977662086,0,0,0,0,0,0,0
langchain-ai/langchain,semi-annual,2,0.013025561968485514,0.0033893072977662086,0,0,0,0,0,0,0
langchain-ai/langchain,semi-annual,2,0.013025561968485514,0.0033893072977662086,0,0,0,0,0,0,0
langchain-ai/langchain,semi-annual,2,0.018978647391001382,0.006117159500718117,0,0,0,0,0,0,0
langchain-ai/langchain,semi-annual,2,0.018978647391001382,0.006117159500718117,0,0,0,0,0,0,0
langchain-ai/langchain,semi-annual,2,0.018978647391001382,0.006117159500718117,0,0,0,0,0,0,0
langchain-ai/langchain,semi-annual,2,0.018978647391001382,0.006117159500718117,0,0,0,0,0,0,0
langchain-ai/langchain,semi-annual,2,0.018978647391001382,0.006117159500718117,0,0,0,0,0,0,0
langchain-ai/langchain,semi-annual,2,0.018978647391001382,0.006117159500718117,0,0,0,0,0,0,0
langchain-ai/langchain,semi-annual,2,0.018978647391001382,0.006117159500718117,0,0,0,0,0,0,0
langchain-ai/langchain,semi-annual,2,0.018978647391001382,0.006117159500718117,0,0,0,0,0,0,0
langchain-ai/langchain,semi-annual,2,0.018978647391001382,0.006117159500718117,0,0,0,0,0,0,0
langchain-ai/langchain,semi-annual,2,0.018978647391001382,0.006117159500718117,0,0,0,0,0,0,0
langchain-ai/langchain,semi-annual,2,0.018978647391001382,0.006117159500718117,0,0,0,0,0,0,0
langchain-ai/langchain,semi-annual,2,0.018978647391001382,0.006117159500718117,0,0,0,0,0,0,0
langchain-ai/langchain,semi-annual,2,0.018978647391001382,0.006117159500718117,0,0,0,0,0,0,0
langchain-ai/langchain,semi-annual,2,0.018978647391001382,0.006117159500718117,0,0,0,0,0,0,0
langchain-ai/langchain,semi-annual,2,0.018978647391001382,0.006117159500718117,0,0,0,0,0,0,0
langchain-ai/langchain,semi-annual,2,0.018978647391001382,0.006117159500718117,0,0,0,0,0,0,0
langchain-ai/langchain,semi-annual,2,0.018978647391001382,0.006117159500718117,0,0,0,0,0,0,0
langchain-ai/langchain,semi-annual,2,0.018978647391001382,0.006117159500718117,0,0,0,0,0,0,0
langchain-ai/langchain,semi-annual,2,0.018978647391001382,0.006117159500718117,0,0,0,0,0,0,0
langchain-ai/langchain,semi-annual,2,0.018978647391001382,0.006117159500718117,0,0,0,0,0,0,0
langchain-ai/langchain,semi-annual,2,0.018978647391001382,0.006117159500718117,0,0,0,0,0,0,0
langchain-ai/langchain,semi-annual,2,0.018978647391001382,0.006117159500718117,0,0,0,0,0,0,0
langchain-ai/langchain,semi-annual,2,0.018978647391001382,0.006117159500718117,0,0,0,0,0,0,0
langchain-ai/langchain,semi-annual,2,0.018978647391001382,0.006117159500718117,0,0,0,0,0,0,0
langchain-ai/langchain,semi-annual,2,0.018978647391001382,0.006117159500718117,0,0,0,0,0,0,0
langchain-ai/langchain,semi-annual,2,0.018978647391001382,0.006117159500718117,0,0,0,0,0,0,0
langchain-ai/langchain,semi-annual,2,0.018978647391001382,0.006117159500718117,0,0,0,0,0,0,0
langchain-ai/langchain,semi-annual,2,0.018978647391001382,0.006117159500718117,0,0,0,0,0,0,0
langchain-ai/langchain,semi-annual,2,0.018978647391001382,0.006117159500718117,1,1,1,1,1,1,1
langchain-ai/langchain,semi-annual,2,0.018978647391001382,0.006117159500718117,0,0,0,0,0,0,0
langchain-ai/langchain,semi-annual,2,0.018978647391001382,0.006117159500718117,0,0,0,0,0,0,0
langchain-ai/langchain,semi-annual,2,0.018978647391001382,0.006117159500718117,0,0,0,0,0,0,0
langchain-ai/langchain,semi-annual,2,0.018978647391001382,0.006117159500718117,1,1,1,1,1,1,1
langchain-ai/langchain,semi-annual,2,0.018978647391001382,0.006117159500718117,1,1,1,1,1,1,1
langchain-ai/langchain,semi-annual,2,0.018978647391001382,0.006117159500718117,0,0,0,0,0,0,0
langchain-ai/langchain,semi-annual,2,0.018978647391001382,0.006117159500718117,0,0,0,0,0,0,0
langchain-ai/langchain,semi-annual,2,0.018978647391001382,0.006117159500718117,0,0,0,0,0,0,0
langchain-ai/langchain,semi-annual,2,0.018978647391001382,0.006117159500718117,0,0,0,0,0,0,0
langchain-ai/langchain,semi-annual,2,0.018978647391001382,0.006117159500718117,0,0,0,0,0,0,0
langchain-ai/langchain,semi-annual,2,0.018978647391001382,0.006117159500718117,0,0,0,0,0,0,0
langchain-ai/langchain,semi-annual,2,0.018978647391001382,0.006117159500718117,0,0,0,0,0,0,0
langchain-ai/langchain,semi-annual,2,0.018978647391001382,0.006117159500718117,0,0,0,0,0,0,0
langchain-ai/langchain,semi-annual,2,0.018978647391001382,0.006117159500718117,0,0,0,0,0,0,0
langchain-ai/langchain,semi-annual,2,0.018978647391001382,0.006117159500718117,0,0,0,0,0,0,0
langchain-ai/langchain,semi-annual,2,0.018978647391001382,0.006117159500718117,0,0,0,0,0,0,0
langchain-ai/langchain,semi-annual,2,0.018978647391001382,0.006117159500718117,0,0,0,0,0,0,0
langchain-ai/langchain,semi-annual,2,0.018978647391001382,0.006117159500718117,0,0,0,0,0,0,0
langchain-ai/langchain,semi-annual,2,0.018978647391001382,0.006117159500718117,0,1,1,1,1,1,1
langchain-ai/langchain,semi-annual,2,0.018978647391001382,0.006117159500718117,1,1,1,1,1,1,1
langchain-ai/langchain,quarterly,4,0.004259578386942546,0.0006438810378313065,0,0,0,0,0,0,0
langchain-ai/langchain,quarterly,4,0.004259578386942546,0.0006438810378313065,0,0,0,0,0,0,0
langchain-ai/langchain,quarterly,4,0.004259578386942546,0.0006438810378313065,0,0,0,0,0,0,0
langchain-ai/langchain,quarterly,4,0.004259578386942546,0.0006438810378313065,0,0,0,0,0,0,0
langchain-ai/langchain,quarterly,4,0.004259578386942546,0.0006438810378313065,0,0,0,0,0,0,0
langchain-ai/langchain,quarterly,4,0.004259578386942546,0.0006438810378313065,0,0,0,0,0,0,0
langchain-ai/langchain,quarterly,4,0.004259578386942546,0.0006438810378313065,0,0,0,0,0,0,0
langchain-ai/langchain,quarterly,4,0.004259578386942546,0.0006438810378313065,0,0,0,0,0,0,0
langchain-ai/langchain,quarterly,4,0.004259578386942546,0.0006438810378313065,0,0,0,0,0,0,0
langchain-ai/langchain,quarterly,4,0.004259578386942546,0.0006438810378313065,0,0,0,0,0,0,0
langchain-ai/langchain,quarterly,4,0.004259578386942546,0.0006438810378313065,0,0,0,0,0,0,0
langchain-ai/langchain,quarterly,4,0.004259578386942546,0.0006438810378313065,0,0,0,0,0,0,0
langchain-ai/langchain,quarterly,4,0.010919193426767984,0.0033893734216690063,0,0,0,0,0,0,0
langchain-ai/langchain,quarterly,4,0.010919193426767984,0.0033893734216690063,0,0,0,0,0,0,0
langchain-ai/langchain,quarterly,4,0.010919193426767984,0.0033893734216690063,0,0,0,0,0,0,0
langchain-ai/langchain,quarterly,4,0.010919193426767984,0.0033893734216690063,0,0,0,0,0,0,0
langchain-ai/langchain,quarterly,4,0.010919193426767984,0.0033893734216690063,0,0,0,0,0,0,0
langchain-ai/langchain,quarterly,4,0.010919193426767984,0.0033893734216690063,0,0,0,0,0,0,0
langchain-ai/langchain,quarterly,4,0.010919193426767984,0.0033893734216690063,0,0,0,0,0,0,0
langchain-ai/langchain,quarterly,4,0.010919193426767984,0.0033893734216690063,0,0,0,0,0,0,0
langchain-ai/langchain,quarterly,4,0.010919193426767984,0.0033893734216690063,0,0,0,0,0,0,0
langchain-ai/langchain,quarterly,4,0.010919193426767984,0.0033893734216690063,0,0,0,0,0,0,0
langchain-ai/langchain,quarterly,4,0.010919193426767984,0.0033893734216690063,0,0,0,0,0,0,0
langchain-ai/langchain,quarterly,4,0.010919193426767984,0.0033893734216690063,0,0,0,0,0,0,0
langchain-ai/langchain,quarterly,4,0.010919193426767984,0.0033893734216690063,0,0,0,0,0,0,0
langchain-ai/langchain,quarterly,4,0.010919193426767984,0.0033893734216690063,0,0,0,0,0,0,0
langchain-ai/langchain,quarterly,4,0.010919193426767984,0.0033893734216690063,0,0,0,0,0,0,0
langchain-ai/langchain,quarterly,4,0.010919193426767984,0.0033893734216690063,0,0,0,0,0,0,0
langchain-ai/langchain,quarterly,4,0.010919193426767984,0.0033893734216690063,0,0,0,0,0,0,0
langchain-ai/langchain,quarterly,4,0.010919193426767984,0.0033893734216690063,0,0,0,0,0,0,0
langchain-ai/langchain,quarterly,4,0.010919193426767984,0.0033893734216690063,0,0,0,0,0,0,0
langchain-ai/langchain,quarterly,4,0.010919193426767984,0.0033893734216690063,0,0,0,0,0,0,0
langchain-ai/langchain,quarterly,4,0.010919193426767984,0.0033893734216690063,0,0,0,0,0,0,0
langchain-ai/langchain,quarterly,4,0.010919193426767984,0.0033893734216690063,0,0,0,0,0,0,0
langchain-ai/langchain,quarterly,4,0.010919193426767984,0.0033893734216690063,0,0,0,0,0,0,0
langchain-ai/langchain,quarterly,4,0.010919193426767984,0.0033893734216690063,0,0,0,0,0,0,0
langchain-ai/langchain,quarterly,4,0.010919193426767984,0.0033893734216690063,0,0,0,0,0,0,0
langchain-ai/langchain,quarterly,4,0.010919193426767984,0.0033893734216690063,0,0,0,0,0,0,0
langchain-ai/langchain,quarterly,4,0.010919193426767984,0.0033893734216690063,0,0,0,0,0,0,0
langchain-ai/langchain,quarterly,4,0.010919193426767984,0.0033893734216690063,0,0,0,0,0,0,0
langchain-ai/langchain,quarterly,4,0.010919193426767984,0.0033893734216690063,0,0,0,0,0,0,0
langchain-ai/langchain,quarterly,4,0.010919193426767984,0.0033893734216690063,0,0,0,0,0,0,0
langchain-ai/langchain,quarterly,4,0.010919193426767984,0.0033893734216690063,0,0,0,0,0,0,0
langchain-ai/langchain,quarterly,4,0.010919193426767984,0.0033893734216690063,0,0,0,0,0,0,0
langchain-ai/langchain,quarterly,4,0.010919193426767984,0.0033893734216690063,0,0,0,0,0,0,0
langchain-ai/langchain,quarterly,4,0.010919193426767984,0.0033893734216690063,0,0,0,0,0,0,0
langchain-ai/langchain,quarterly,4,0.010919193426767984,0.0033893734216690063,0,0,0,0,0,0,0
langchain-ai/langchain,quarterly,4,0.010919193426767984,0.0033893734216690063,0,0,0,0,0,0,0
langchain-ai/langchain,quarterly,4,0.010919193426767984,0.0033893734216690063,0,0,0,0,0,0,0
langchain-ai/langchain,quarterly,4,0.010919193426767984,0.0033893734216690063,0,0,0,0,0,0,0
langchain-ai/langchain,quarterly,4,0.010919193426767984,0.0033893734216690063,0,0,0,0,0,0,0
langchain-ai/langchain,quarterly,4,0.010919193426767984,0.0033893734216690063,0,0,0,0,0,0,0
langchain-ai/langchain,quarterly,4,0.010919193426767984,0.0033893734216690063,0,0,0,0,0,0,0
langchain-ai/langchain,quarterly,4,0.010919193426767984,0.0033893734216690063,0,0,0,0,0,0,0
langchain-ai/langchain,quarterly,4,0.010919193426767984,0.0033893734216690063,0,0,0,0,0,0,0
langchain-ai/langchain,quarterly,4,0.010919193426767984,0.0033893734216690063,0,0,0,0,0,0,0
langchain-ai/langchain,quarterly,4,0.010919193426767984,0.0033893734216690063,0,0,0,0,0,0,0
langchain-ai/langchain,quarterly,4,0.010919193426767984,0.0033893734216690063,0,0,0,0,0,0,0
langchain-ai/langchain,quarterly,4,0.010919193426767984,0.0033893734216690063,0,0,0,0,0,0,0
langchain-ai/langchain,quarterly,4,0.010919193426767984,0.0033893734216690063,0,0,0,0,0,0,0
langchain-ai/langchain,quarterly,4,0.010919193426767984,0.0033893734216690063,0,0,0,0,0,0,0
langchain-ai/langchain,quarterly,4,0.010919193426767984,0.0033893734216690063,0,0,0,0,0,0,0
langchain-ai/langchain,quarterly,4,0.010919193426767984,0.0033893734216690063,0,0,0,0,0,0,0
langchain-ai/langchain,quarterly,4,0.010919193426767984,0.0033893734216690063,0,0,0,0,0,0,0
langchain-ai/langchain,quarterly,4,0.010919193426767984,0.0033893734216690063,0,0,0,0,0,0,0
langchain-ai/langchain,quarterly,4,0.010919193426767984,0.0033893734216690063,0,0,0,0,0,0,0
langchain-ai/langchain,quarterly,4,0.010919193426767984,0.0033893734216690063,0,0,0,0,0,0,0
langchain-ai/langchain,quarterly,4,0.010919193426767984,0.0033893734216690063,0,0,0,0,0,0,0
langchain-ai/langchain,quarterly,4,0.010919193426767984,0.0033893734216690063,0,0,0,0,0,0,0
langchain-ai/langchain,quarterly,4,0.010919193426767984,0.0033893734216690063,0,0,0,0,0,0,0
langchain-ai/langchain,quarterly,4,0.010919193426767984,0.0033893734216690063,0,0,0,0,0,0,0
langchain-ai/langchain,quarterly,4,0.010919193426767984,0.0033893734216690063,0,0,0,0,0,0,0
langchain-ai/langchain,quarterly,4,0.010919193426767984,0.0033893734216690063,0,0,0,0,0,0,0
langchain-ai/langchain,quarterly,4,0.010919193426767984,0.0033893734216690063,0,0,0,0,0,0,0
langchain-ai/langchain,quarterly,4,0.010919193426767984,0.0033893734216690063,0,0,0,0,0,0,0
langchain-ai/langchain,quarterly,4,0.010919193426767984,0.0033893734216690063,0,0,0,0,0,0,0
langchain-ai/langchain,quarterly,4,0.010919193426767984,0.0033893734216690063,0,0,0,0,0,0,0
langchain-ai/langchain,quarterly,4,0.010919193426767984,0.0033893734216690063,0,0,0,0,0,0,0
langchain-ai/langchain,quarterly,4,0.010919193426767984,0.0033893734216690063,0,0,0,0,0,0,0
langchain-ai/langchain,quarterly,4,0.010919193426767984,0.0033893734216690063,0,0,0,0,0,0,0
langchain-ai/langchain,quarterly,4,0.010919193426767984,0.0033893734216690063,0,0,0,0,0,0,0
langchain-ai/langchain,quarterly,4,0.013912121454874674,0.0039139073342084885,0,0,0,0,0,0,0
langchain-ai/langchain,quarterly,4,0.013912121454874674,0.0039139073342084885,0,0,0,0,0,0,0
langchain-ai/langchain,quarterly,4,0.013912121454874674,0.0039139073342084885,0,0,0,0,0,0,0
langchain-ai/langchain,quarterly,4,0.013912121454874674,0.0039139073342084885,0,0,0,0,0,0,0
langchain-ai/langchain,quarterly,4,0.013912121454874674,0.0039139073342084885,0,0,0,0,0,0,0
langchain-ai/langchain,quarterly,4,0.013912121454874674,0.0039139073342084885,0,0,0,0,0,0,0
langchain-ai/langchain,quarterly,4,0.013912121454874674,0.0039139073342084885,0,0,0,0,0,0,0
langchain-ai/langchain,quarterly,4,0.013912121454874674,0.0039139073342084885,0,0,0,0,0,0,0
langchain-ai/langchain,quarterly,4,0.013912121454874674,0.0039139073342084885,0,0,0,0,0,0,0
langchain-ai/langchain,quarterly,4,0.013912121454874674,0.0039139073342084885,0,0,0,0,0,0,0
langchain-ai/langchain,quarterly,4,0.013912121454874674,0.0039139073342084885,0,0,0,0,0,0,0
langchain-ai/langchain,quarterly,4,0.013912121454874674,0.0039139073342084885,0,0,0,0,0,0,0
langchain-ai/langchain,quarterly,4,0.013912121454874674,0.0039139073342084885,0,0,0,0,0,0,0
langchain-ai/langchain,quarterly,4,0.013912121454874674,0.0039139073342084885,0,0,0,0,0,0,0
langchain-ai/langchain,quarterly,4,0.013912121454874674,0.0039139073342084885,0,0,0,0,0,0,0
langchain-ai/langchain,quarterly,4,0.013912121454874674,0.0039139073342084885,0,0,0,0,0,0,0
langchain-ai/langchain,quarterly,4,0.013912121454874674,0.0039139073342084885,0,0,0,0,0,0,0
langchain-ai/langchain,quarterly,4,0.013912121454874674,0.0039139073342084885,0,0,0,0,0,0,0
langchain-ai/langchain,quarterly,4,0.013912121454874674,0.0039139073342084885,0,0,0,0,0,0,0
langchain-ai/langchain,quarterly,4,0.013912121454874674,0.0039139073342084885,0,0,0,0,0,0,0
langchain-ai/langchain,quarterly,4,0.013912121454874674,0.0039139073342084885,0,0,0,0,0,0,0
langchain-ai/langchain,quarterly,4,0.013912121454874674,0.0039139073342084885,0,0,0,0,0,0,0
langchain-ai/langchain,quarterly,4,0.013912121454874674,0.0039139073342084885,0,0,0,0,0,0,0
langchain-ai/langchain,quarterly,4,0.013912121454874674,0.0039139073342084885,0,0,0,0,0,0,0
langchain-ai/langchain,quarterly,4,0.013912121454874674,0.0039139073342084885,0,0,0,0,0,0,0
langchain-ai/langchain,quarterly,4,0.013912121454874674,0.0039139073342084885,0,0,0,0,0,0,0
langchain-ai/langchain,quarterly,4,0.013912121454874674,0.0039139073342084885,0,0,0,0,0,0,0
langchain-ai/langchain,quarterly,4,0.013912121454874674,0.0039139073342084885,0,0,0,0,0,0,0
langchain-ai/langchain,quarterly,4,0.013912121454874674,0.0039139073342084885,0,0,0,0,0,0,0
langchain-ai/langchain,quarterly,4,0.013912121454874674,0.0039139073342084885,0,0,0,0,0,0,0
langchain-ai/langchain,quarterly,4,0.013912121454874674,0.0039139073342084885,0,0,0,0,0,0,0
langchain-ai/langchain,quarterly,4,0.013912121454874674,0.0039139073342084885,0,0,0,0,0,0,0
langchain-ai/langchain,quarterly,4,0.017640244960784913,0.005092187784612179,0,0,0,0,0,0,0
langchain-ai/langchain,quarterly,4,0.017640244960784913,0.005092187784612179,0,0,0,0,0,0,0
langchain-ai/langchain,quarterly,4,0.017640244960784913,0.005092187784612179,0,0,0,0,0,0,0
langchain-ai/langchain,quarterly,4,0.017640244960784913,0.005092187784612179,0,0,0,0,0,0,0
langchain-ai/langchain,quarterly,4,0.017640244960784913,0.005092187784612179,0,0,0,0,0,0,0
langchain-ai/langchain,quarterly,4,0.017640244960784913,0.005092187784612179,0,0,0,0,0,0,0
langchain-ai/langchain,quarterly,4,0.017640244960784913,0.005092187784612179,0,0,0,0,0,0,0
langchain-ai/langchain,quarterly,4,0.017640244960784913,0.005092187784612179,0,0,0,0,0,0,0
langchain-ai/langchain,quarterly,4,0.017640244960784913,0.005092187784612179,0,0,0,0,0,0,0
langchain-ai/langchain,quarterly,4,0.017640244960784913,0.005092187784612179,0,0,0,0,0,0,0
langchain-ai/langchain,quarterly,4,0.017640244960784913,0.005092187784612179,0,0,0,0,0,0,0
langchain-ai/langchain,quarterly,4,0.017640244960784913,0.005092187784612179,0,0,0,0,0,0,0
langchain-ai/langchain,quarterly,4,0.017640244960784913,0.005092187784612179,0,0,0,0,0,0,0
langchain-ai/langchain,quarterly,4,0.017640244960784913,0.005092187784612179,0,0,0,0,0,0,0
langchain-ai/langchain,quarterly,4,0.017640244960784913,0.005092187784612179,0,0,0,0,0,0,0
langchain-ai/langchain,quarterly,4,0.017640244960784913,0.005092187784612179,0,0,0,0,0,0,0
langchain-ai/langchain,quarterly,4,0.017640244960784913,0.005092187784612179,0,0,0,0,0,0,0
spring-projects/spring-data-rest,annual,5,0.002409978707631429,0.00011242460459470749,0,0,0,0,0,0,0
spring-projects/spring-data-rest,annual,5,0.002409978707631429,0.00011242460459470749,0,0,0,0,0,0,0
spring-projects/spring-data-rest,annual,5,0.002409978707631429,0.00011242460459470749,0,0,0,0,0,0,0
spring-projects/spring-data-rest,annual,5,0.002409978707631429,0.00011242460459470749,0,0,0,0,0,0,0
spring-projects/spring-data-rest,annual,5,0.002409978707631429,0.00011242460459470749,0,0,0,0,0,0,0
spring-projects/spring-data-rest,annual,5,0.002409978707631429,0.00011242460459470749,0,0,0,0,0,0,0
spring-projects/spring-data-rest,annual,5,0.002409978707631429,0.00011242460459470749,0,0,0,0,0,0,0
spring-projects/spring-data-rest,annual,5,0.002409978707631429,0.00011242460459470749,0,0,0,0,0,0,0
spring-projects/spring-data-rest,annual,5,0.002409978707631429,0.00011242460459470749,0,0,0,0,0,0,0
spring-projects/spring-data-rest,annual,5,0.0030016342798868815,0.00019329506903886795,0,0,0,0,0,0,0
spring-projects/spring-data-rest,annual,5,0.0030016342798868815,0.00019329506903886795,0,0,0,0,0,0,0
spring-projects/spring-data-rest,annual,5,0.0030016342798868815,0.00019329506903886795,0,0,0,0,0,0,0
spring-projects/spring-data-rest,annual,5,0.0030016342798868815,0.00019329506903886795,0,0,0,0,0,0,0
spring-projects/spring-data-rest,annual,5,0.0030016342798868815,0.00019329506903886795,0,0,0,0,0,0,0
spring-projects/spring-data-rest,annual,5,0.0030016342798868815,0.00019329506903886795,0,0,0,0,0,0,0
spring-projects/spring-data-rest,annual,5,0.0030016342798868815,0.00019329506903886795,0,0,0,0,0,0,0
spring-projects/spring-data-rest,annual,5,0.0030016342798868815,0.00019329506903886795,0,0,0,0,0,0,0
spring-projects/spring-data-rest,annual,5,0.0030016342798868815,0.00019329506903886795,0,0,0,0,0,0,0
spring-projects/spring-data-rest,annual,5,0.0030016342798868815,0.00019329506903886795,0,0,0,0,0,0,0
spring-projects/spring-data-rest,annual,5,0.0030016342798868815,0.00019329506903886795,0,0,0,0,0,0,0
spring-projects/spring-data-rest,annual,5,0.0030016342798868815,0.00019329506903886795,0,0,0,0,0,0,0
spring-projects/spring-data-rest,annual,5,0.0029478112856547037,0.00030780863016843796,0,0,0,0,0,0,0
spring-projects/spring-data-rest,annual,5,0.0029478112856547037,0.00030780863016843796,0,0,0,0,0,0,0
spring-projects/spring-data-rest,annual,5,0.0029478112856547037,0.00030780863016843796,0,0,0,0,0,0,0
spring-projects/spring-data-rest,annual,5,0.0029478112856547037,0.00030780863016843796,0,0,0,0,0,0,0
spring-projects/spring-data-rest,annual,5,0.0029478112856547037,0.00030780863016843796,0,0,0,0,0,0,0
spring-projects/spring-data-rest,annual,5,0.0029478112856547037,0.00030780863016843796,0,0,0,0,0,0,0
spring-projects/spring-data-rest,annual,5,0.0029478112856547037,0.00030780863016843796,0,0,0,0,0,0,0
spring-projects/spring-data-rest,annual,5,0.0029478112856547037,0.00030780863016843796,0,0,0,0,0,0,0
spring-projects/spring-data-rest,annual,5,0.0029478112856547037,0.00030780863016843796,0,0,0,0,0,0,0
spring-projects/spring-data-rest,annual,5,0.0029478112856547037,0.00030780863016843796,0,0,0,0,0,0,0
spring-projects/spring-data-rest,annual,5,0.0029478112856547037,0.00030780863016843796,0,0,0,0,0,0,0
spring-projects/spring-data-rest,annual,5,0.0029478112856547037,0.00030780863016843796,0,0,0,0,0,0,0
spring-projects/spring-data-rest,annual,5,0.0029478112856547037,0.00030780863016843796,0,0,0,0,0,0,0
spring-projects/spring-data-rest,annual,5,0.0029478112856547037,0.00030780863016843796,0,0,0,0,0,0,0
spring-projects/spring-data-rest,annual,5,0.0029478112856547037,0.00030780863016843796,0,0,0,0,0,0,0
spring-projects/spring-data-rest,annual,5,0.0029478112856547037,0.00030780863016843796,0,0,0,0,0,0,0
spring-projects/spring-data-rest,annual,5,0.0029478112856547037,0.00030780863016843796,0,0,0,0,0,0,0
spring-projects/spring-data-rest,annual,5,0.0029478112856547037,0.00030780863016843796,0,0,0,0,0,0,0
spring-projects/spring-data-rest,annual,5,0.0029478112856547037,0.00030780863016843796,0,0,0,0,0,0,0
spring-projects/spring-data-rest,annual,5,0.0029478112856547037,0.00030780863016843796,0,0,0,0,0,0,0
spring-projects/spring-data-rest,annual,5,0.0029478112856547037,0.00030780863016843796,0,0,0,0,0,0,0
spring-projects/spring-data-rest,annual,5,0.0029478112856547037,0.00030780863016843796,0,0,0,0,0,0,0
spring-projects/spring-data-rest,annual,5,0.0029478112856547037,0.00030780863016843796,0,0,0,0,0,0,0
spring-projects/spring-data-rest,annual,5,0.0029478112856547037,0.00030780863016843796,0,0,0,0,0,0,0
spring-projects/spring-data-rest,annual,5,0.0029478112856547037,0.00030780863016843796,0,0,0,0,0,0,0
spring-projects/spring-data-rest,annual,5,0.0029478112856547037,0.00030780863016843796,0,0,0,0,0,0,0
spring-projects/spring-data-rest,annual,5,0.0029478112856547037,0.00030780863016843796,0,0,0,0,0,0,0
spring-projects/spring-data-rest,annual,5,0.0029478112856547037,0.00030780863016843796,0,0,0,0,0,0,0
spring-projects/spring-data-rest,annual,5,0.0029478112856547037,0.00030780863016843796,0,0,0,0,0,0,0
spring-projects/spring-data-rest,annual,5,0.0029478112856547037,0.00030780863016843796,0,0,0,0,0,0,0
spring-projects/spring-data-rest,annual,5,0.0029478112856547037,0.00030780863016843796,0,0,0,0,0,0,0
spring-projects/spring-data-rest,annual,5,0.0029478112856547037,0.00030780863016843796,0,0,0,0,0,0,0
spring-projects/spring-data-rest,annual,5,0.0029478112856547037,0.00030780863016843796,0,0,0,0,0,0,0
spring-projects/spring-data-rest,annual,5,0.0029478112856547037,0.00030780863016843796,0,0,0,0,0,0,0
spring-projects/spring-data-rest,annual,5,0.0029478112856547037,0.00030780863016843796,0,0,0,0,0,0,0
spring-projects/spring-data-rest,annual,5,0.0029478112856547037,0.00030780863016843796,0,0,0,0,0,0,0
spring-projects/spring-data-rest,annual,5,0.0029478112856547037,0.00030780863016843796,0,0,0,0,0,0,0
spring-projects/spring-data-rest,annual,5,0.0029478112856547037,0.00030780863016843796,0,0,0,0,0,0,0
spring-projects/spring-data-rest,annual,5,0.0030557831128438314,0.0004082927480340004,0,0,0,0,0,0,0
spring-projects/spring-data-rest,annual,5,0.0030557831128438314,0.0004082927480340004,0,0,0,0,0,0,0
spring-projects/spring-data-rest,annual,5,0.0030557831128438314,0.0004082927480340004,0,0,0,0,0,0,0
spring-projects/spring-data-rest,annual,5,0.0030557831128438314,0.0004082927480340004,0,0,0,0,0,0,0
spring-projects/spring-data-rest,annual,5,0.0030557831128438314,0.0004082927480340004,0,0,0,0,0,0,0
spring-projects/spring-data-rest,annual,5,0.0030557831128438314,0.0004082927480340004,0,0,0,0,0,0,0
spring-projects/spring-data-rest,annual,5,0.0030557831128438314,0.0004082927480340004,0,0,0,0,0,0,0
spring-projects/spring-data-rest,annual,5,0.0030557831128438314,0.0004082927480340004,0,0,0,0,0,0,0
spring-projects/spring-data-rest,annual,5,0.0030557831128438314,0.0004082927480340004,0,0,0,0,0,0,0
spring-projects/spring-data-rest,annual,5,0.0030557831128438314,0.0004082927480340004,0,0,0,0,0,0,0
spring-projects/spring-data-rest,annual,5,0.0030557831128438314,0.0004082927480340004,0,0,0,0,0,0,0
spring-projects/spring-data-rest,annual,5,0.0030557831128438314,0.0004082927480340004,0,0,0,0,0,0,0
spring-projects/spring-data-rest,annual,5,0.0030557831128438314,0.0004082927480340004,0,0,0,0,0,0,0
spring-projects/spring-data-rest,annual,5,0.0030557831128438314,0.0004082927480340004,0,0,0,0,0,0,0
spring-projects/spring-data-rest,annual,5,0.0030557831128438314,0.0004082927480340004,0,0,0,0,0,0,0
spring-projects/spring-data-rest,annual,5,0.0030557831128438314,0.0004082927480340004,0,0,0,0,0,0,0
spring-projects/spring-data-rest,annual,5,0.0030557831128438314,0.0004082927480340004,0,0,0,0,0,0,0
spring-projects/spring-data-rest,annual,5,0.0030557831128438314,0.0004082927480340004,0,0,0,0,0,0,0
spring-projects/spring-data-rest,annual,5,0.0030557831128438314,0.0004082927480340004,0,0,0,0,0,0,0
spring-projects/spring-data-rest,annual,5,0.0030557831128438314,0.0004082927480340004,0,0,0,0,0,0,0
spring-projects/spring-data-rest,annual,5,0.0030557831128438314,0.0004082927480340004,0,0,0,0,0,0,0
spring-projects/spring-data-rest,annual,5,0.0030557831128438314,0.0004082927480340004,0,0,0,0,0,0,0
spring-projects/spring-data-rest,annual,5,0.0030557831128438314,0.0004082927480340004,0,0,0,0,0,0,0
spring-projects/spring-data-rest,annual,5,0.0030557831128438314,0.0004082927480340004,0,0,0,0,0,0,0
spring-projects/spring-data-rest,annual,5,0.0030557831128438314,0.0004082927480340004,0,0,0,0,0,0,0
spring-projects/spring-data-rest,annual,5,0.0030557831128438314,0.0004082927480340004,0,0,0,0,0,0,0
spring-projects/spring-data-rest,annual,5,0.0030557831128438314,0.0004082927480340004,0,0,0,0,0,0,0
spring-projects/spring-data-rest,annual,5,0.0030557831128438314,0.0004082927480340004,0,0,0,0,0,0,0
spring-projects/spring-data-rest,annual,5,0.0030557831128438314,0.0004082927480340004,0,0,0,0,0,0,0
spring-projects/spring-data-rest,annual,5,0.0030557831128438314,0.0004082927480340004,0,0,0,0,0,0,0
spring-projects/spring-data-rest,annual,5,0.0030557831128438314,0.0004082927480340004,0,0,0,0,0,0,0
spring-projects/spring-data-rest,annual,5,0.0030557831128438314,0.0004082927480340004,0,0,0,0,0,0,0
spring-projects/spring-data-rest,annual,5,0.0030557831128438314,0.0004082927480340004,0,0,0,0,0,0,0
spring-projects/spring-data-rest,annual,5,0.0030557831128438314,0.0004082927480340004,0,0,0,0,0,0,0
spring-projects/spring-data-rest,annual,5,0.0030557831128438314,0.0004082927480340004,0,0,0,0,0,0,0
spring-projects/spring-data-rest,annual,5,0.0030557831128438314,0.0004082927480340004,0,0,0,0,0,0,0
spring-projects/spring-data-rest,annual,5,0.0030557831128438314,0.0004082927480340004,0,0,0,0,0,0,0
spring-projects/spring-data-rest,annual,5,0.0030557831128438314,0.0004082927480340004,0,0,0,0,0,0,0
spring-projects/spring-data-rest,annual,5,0.0030557831128438314,0.0004082927480340004,0,0,0,0,0,0,0
spring-projects/spring-data-rest,annual,5,0.0030557831128438314,0.0004082927480340004,0,0,0,0,0,0,0
spring-projects/spring-data-rest,annual,5,0.0030557831128438314,0.0004082927480340004,0,0,0,0,0,0,0
spring-projects/spring-data-rest,annual,5,0.0030557831128438314,0.0004082927480340004,0,0,0,0,0,0,0
spring-projects/spring-data-rest,annual,5,0.0030557831128438314,0.0004082927480340004,0,0,0,0,0,0,0
spring-projects/spring-data-rest,annual,5,0.0030557831128438314,0.0004082927480340004,0,0,0,0,0,0,0
spring-projects/spring-data-rest,annual,5,0.003393828868865967,0.0004863496869802475,0,0,0,0,0,0,0
spring-projects/spring-data-rest,annual,5,0.003393828868865967,0.0004863496869802475,0,0,0,0,0,0,0
spring-projects/spring-data-rest,annual,5,0.003393828868865967,0.0004863496869802475,0,0,0,0,0,0,0
spring-projects/spring-data-rest,annual,5,0.003393828868865967,0.0004863496869802475,0,0,0,0,0,0,0
spring-projects/spring-data-rest,annual,5,0.003393828868865967,0.0004863496869802475,0,0,0,0,0,0,0
spring-projects/spring-data-rest,annual,5,0.003393828868865967,0.0004863496869802475,0,0,0,0,0,0,0
spring-projects/spring-data-rest,annual,5,0.003393828868865967,0.0004863496869802475,0,0,0,0,0,0,0
spring-projects/spring-data-rest,annual,5,0.003393828868865967,0.0004863496869802475,0,0,0,0,0,0,0
spring-projects/spring-data-rest,annual,5,0.003393828868865967,0.0004863496869802475,0,0,0,0,0,0,0
spring-projects/spring-data-rest,annual,5,0.003393828868865967,0.0004863496869802475,0,0,0,0,0,0,0
spring-projects/spring-data-rest,annual,5,0.003393828868865967,0.0004863496869802475,0,0,0,0,0,0,0
spring-projects/spring-data-rest,annual,5,0.003393828868865967,0.0004863496869802475,0,0,0,0,0,0,0
spring-projects/spring-data-rest,annual,5,0.003393828868865967,0.0004863496869802475,0,0,0,0,0,0,0
spring-projects/spring-data-rest,annual,5,0.003393828868865967,0.0004863496869802475,0,0,0,0,0,0,0
spring-projects/spring-data-rest,annual,5,0.003393828868865967,0.0004863496869802475,0,0,0,0,0,0,0
spring-projects/spring-data-rest,annual,5,0.003393828868865967,0.0004863496869802475,0,0,0,0,0,0,0
spring-projects/spring-data-rest,annual,5,0.003393828868865967,0.0004863496869802475,0,0,0,0,0,0,0
spring-projects/spring-data-rest,annual,5,0.003393828868865967,0.0004863496869802475,0,0,0,0,0,0,0
spring-projects/spring-data-rest,annual,5,0.003393828868865967,0.0004863496869802475,0,0,0,0,0,0,0
spring-projects/spring-data-rest,annual,5,0.003393828868865967,0.0004863496869802475,0,0,0,0,0,0,0
spring-projects/spring-data-rest,annual,5,0.003393828868865967,0.0004863496869802475,0,0,0,0,0,0,0
spring-projects/spring-data-rest,annual,5,0.003393828868865967,0.0004863496869802475,0,0,0,0,0,0,0
spring-projects/spring-data-rest,annual,5,0.003393828868865967,0.0004863496869802475,0,0,0,0,0,0,0
spring-projects/spring-data-rest,annual,5,0.003393828868865967,0.0004863496869802475,0,0,0,0,0,0,0
spring-projects/spring-data-rest,annual,5,0.003393828868865967,0.0004863496869802475,0,0,0,0,0,0,0
spring-projects/spring-data-rest,annual,5,0.003393828868865967,0.0004863496869802475,0,0,0,0,0,0,0
spring-projects/spring-data-rest,annual,5,0.003393828868865967,0.0004863496869802475,0,0,0,0,0,0,0
spring-projects/spring-data-rest,annual,5,0.003393828868865967,0.0004863496869802475,0,0,0,0,0,0,0
spring-projects/spring-data-rest,annual,5,0.003393828868865967,0.0004863496869802475,0,0,0,0,0,0,0
spring-projects/spring-data-rest,semi-annual,10,0.0016170501708984374,5.978718400001526e-05,0,0,0,0,0,0,0
spring-projects/spring-data-rest,semi-annual,10,0.0021358569463094073,0.00011242926120758057,0,0,0,0,0,0,0
spring-projects/spring-data-rest,semi-annual,10,0.0021358569463094073,0.00011242926120758057,0,0,0,0,0,0,0
spring-projects/spring-data-rest,semi-annual,10,0.0021358569463094073,0.00011242926120758057,0,0,0,0,0,0,0
spring-projects/spring-data-rest,semi-annual,10,0.0021358569463094073,0.00011242926120758057,0,0,0,0,0,0,0
spring-projects/spring-data-rest,semi-annual,10,0.0021358569463094073,0.00011242926120758057,0,0,0,0,0,0,0
spring-projects/spring-data-rest,semi-annual,10,0.0021358569463094073,0.00011242926120758057,0,0,0,0,0,0,0
spring-projects/spring-data-rest,semi-annual,10,0.0021358569463094073,0.00011242926120758057,0,0,0,0,0,0,0
spring-projects/spring-data-rest,semi-annual,10,0.0021358569463094073,0.00011242926120758057,0,0,0,0,0,0,0
spring-projects/spring-data-rest,semi-annual,10,0.0025706807772318523,0.00016523245722055435,0,0,0,0,0,0,0
spring-projects/spring-data-rest,semi-annual,10,0.0023155768712361654,0.00019331742078065872,0,0,0,0,0,0,0
spring-projects/spring-data-rest,semi-annual,10,0.0023155768712361654,0.00019331742078065872,0,0,0,0,0,0,0
spring-projects/spring-data-rest,semi-annual,10,0.0023155768712361654,0.00019331742078065872,0,0,0,0,0,0,0
spring-projects/spring-data-rest,semi-annual,10,0.0023155768712361654,0.00019331742078065872,0,0,0,0,0,0,0
spring-projects/spring-data-rest,semi-annual,10,0.0023155768712361654,0.00019331742078065872,0,0,0,0,0,0,0
spring-projects/spring-data-rest,semi-annual,10,0.0023155768712361654,0.00019331742078065872,0,0,0,0,0,0,0
spring-projects/spring-data-rest,semi-annual,10,0.0023155768712361654,0.00019331742078065872,0,0,0,0,0,0,0
spring-projects/spring-data-rest,semi-annual,10,0.0023155768712361654,0.00019331742078065872,0,0,0,0,0,0,0
spring-projects/spring-data-rest,semi-annual,10,0.0023155768712361654,0.00019331742078065872,0,0,0,0,0,0,0
spring-projects/spring-data-rest,semi-annual,10,0.0023155768712361654,0.00019331742078065872,0,0,0,0,0,0,0
spring-projects/spring-data-rest,semi-annual,10,0.0023155768712361654,0.00019331742078065872,0,0,0,0,0,0,0
spring-projects/spring-data-rest,semi-annual,10,0.002666020393371582,0.00028295163065195084,0,0,0,0,0,0,0
spring-projects/spring-data-rest,semi-annual,10,0.002666020393371582,0.00028295163065195084,0,0,0,0,0,0,0
spring-projects/spring-data-rest,semi-annual,10,0.002666020393371582,0.00028295163065195084,0,0,0,0,0,0,0
spring-projects/spring-data-rest,semi-annual,10,0.002666020393371582,0.00028295163065195084,0,0,0,0,0,0,0
spring-projects/spring-data-rest,semi-annual,10,0.002666020393371582,0.00028295163065195084,0,0,0,0,0,0,0
spring-projects/spring-data-rest,semi-annual,10,0.002666020393371582,0.00028295163065195084,0,0,0,0,0,0,0
spring-projects/spring-data-rest,semi-annual,10,0.002666020393371582,0.00028295163065195084,0,0,0,0,0,0,0
spring-projects/spring-data-rest,semi-annual,10,0.002666020393371582,0.00028295163065195084,0,0,0,0,0,0,0
spring-projects/spring-data-rest,semi-annual,10,0.002666020393371582,0.00028295163065195084,0,0,0,0,0,0,0
spring-projects/spring-data-rest,semi-annual,10,0.002666020393371582,0.00028295163065195084,0,0,0,0,0,0,0
spring-projects/spring-data-rest,semi-annual,10,0.002666020393371582,0.00028295163065195084,0,0,0,0,0,0,0
spring-projects/spring-data-rest,semi-annual,10,0.002666020393371582,0.00028295163065195084,0,0,0,0,0,0,0
spring-projects/spring-data-rest,semi-annual,10,0.002666020393371582,0.00028295163065195084,0,0,0,0,0,0,0
spring-projects/spring-data-rest,semi-annual,10,0.002666020393371582,0.00028295163065195084,0,0,0,0,0,0,0
spring-projects/spring-data-rest,semi-annual,10,0.002666020393371582,0.00028295163065195084,0,0,0,0,0,0,0
spring-projects/spring-data-rest,semi-annual,10,0.002666020393371582,0.00028295163065195084,0,0,0,0,0,0,0
spring-projects/spring-data-rest,semi-annual,10,0.002666020393371582,0.00028295163065195084,0,0,0,0,0,0,0
spring-projects/spring-data-rest,semi-annual,10,0.002666020393371582,0.00028295163065195084,0,0,0,0,0,0,0
spring-projects/spring-data-rest,semi-annual,10,0.002666020393371582,0.00028295163065195084,0,0,0,0,0,0,0
spring-projects/spring-data-rest,semi-annual,10,0.002666020393371582,0.00028295163065195084,0,0,0,0,0,0,0
spring-projects/spring-data-rest,semi-annual,10,0.002666020393371582,0.00028295163065195084,0,0,0,0,0,0,0
spring-projects/spring-data-rest,semi-annual,10,0.002666020393371582,0.00028295163065195084,0,0,0,0,0,0,0
spring-projects/spring-data-rest,semi-annual,10,0.002666020393371582,0.00028295163065195084,0,0,0,0,0,0,0
spring-projects/spring-data-rest,semi-annual,10,0.002666020393371582,0.00028295163065195084,0,0,0,0,0,0,0
spring-projects/spring-data-rest,semi-annual,10,0.002666020393371582,0.00028295163065195084,0,0,0,0,0,0,0
spring-projects/spring-data-rest,semi-annual,10,0.0037476221720377603,0.0003078160807490349,0,0,0,0,0,0,0
spring-projects/spring-data-rest,semi-annual,10,0.0037476221720377603,0.0003078160807490349,0,0,0,0,0,0,0
spring-projects/spring-data-rest,semi-annual,10,0.0037476221720377603,0.0003078160807490349,0,0,0,0,0,0,0
spring-projects/spring-data-rest,semi-annual,10,0.0037476221720377603,0.0003078160807490349,0,0,0,0,0,0,0
spring-projects/spring-data-rest,semi-annual,10,0.0037476221720377603,0.0003078160807490349,0,0,0,0,0,0,0
spring-projects/spring-data-rest,semi-annual,10,0.0037476221720377603,0.0003078160807490349,0,0,0,0,0,0,0
spring-projects/spring-data-rest,semi-annual,10,0.0037476221720377603,0.0003078160807490349,0,0,0,0,0,0,0
spring-projects/spring-data-rest,semi-annual,10,0.0037476221720377603,0.0003078160807490349,0,0,0,0,0,0,0
spring-projects/spring-data-rest,semi-annual,10,0.0037476221720377603,0.0003078160807490349,0,0,0,0,0,0,0
spring-projects/spring-data-rest,semi-annual,10,0.0037476221720377603,0.0003078160807490349,0,0,0,0,0,0,0
spring-projects/spring-data-rest,semi-annual,10,0.0037476221720377603,0.0003078160807490349,0,0,0,0,0,0,0
spring-projects/spring-data-rest,semi-annual,10,0.0037476221720377603,0.0003078160807490349,0,0,0,0,0,0,0
spring-projects/spring-data-rest,semi-annual,10,0.0037476221720377603,0.0003078160807490349,0,0,0,0,0,0,0
spring-projects/spring-data-rest,semi-annual,10,0.0033250292142232257,0.000366835854947567,0,0,0,0,0,0,0
spring-projects/spring-data-rest,semi-annual,10,0.0033250292142232257,0.000366835854947567,0,0,0,0,0,0,0
spring-projects/spring-data-rest,semi-annual,10,0.0033250292142232257,0.000366835854947567,0,0,0,0,0,0,0
spring-projects/spring-data-rest,semi-annual,10,0.0033250292142232257,0.000366835854947567,0,0,0,0,0,0,0
spring-projects/spring-data-rest,semi-annual,10,0.0033250292142232257,0.000366835854947567,0,0,0,0,0,0,0
spring-projects/spring-data-rest,semi-annual,10,0.0033250292142232257,0.000366835854947567,0,0,0,0,0,0,0
spring-projects/spring-data-rest,semi-annual,10,0.0033250292142232257,0.000366835854947567,0,0,0,0,0,0,0
spring-projects/spring-data-rest,semi-annual,10,0.0033250292142232257,0.000366835854947567,0,0,0,0,0,0,0
spring-projects/spring-data-rest,semi-annual,10,0.0033250292142232257,0.000366835854947567,0,0,0,0,0,0,0
spring-projects/spring-data-rest,semi-annual,10,0.0033250292142232257,0.000366835854947567,0,0,0,0,0,0,0
spring-projects/spring-data-rest,semi-annual,10,0.0033250292142232257,0.000366835854947567,0,0,0,0,0,0,0
spring-projects/spring-data-rest,semi-annual,10,0.0033250292142232257,0.000366835854947567,0,0,0,0,0,0,0
spring-projects/spring-data-rest,semi-annual,10,0.0033250292142232257,0.000366835854947567,0,0,0,0,0,0,0
spring-projects/spring-data-rest,semi-annual,10,0.0033250292142232257,0.000366835854947567,0,0,0,0,0,0,0
spring-projects/spring-data-rest,semi-annual,10,0.0033250292142232257,0.000366835854947567,0,0,0,0,0,0,0
spring-projects/spring-data-rest,semi-annual,10,0.0033250292142232257,0.000366835854947567,0,0,0,0,0,0,0
spring-projects/spring-data-rest,semi-annual,10,0.0033250292142232257,0.000366835854947567,0,0,0,0,0,0,0
spring-projects/spring-data-rest,semi-annual,10,0.0033250292142232257,0.000366835854947567,0,0,0,0,0,0,0
spring-projects/spring-data-rest,semi-annual,10,0.0033250292142232257,0.000366835854947567,0,0,0,0,0,0,0
spring-projects/spring-data-rest,semi-annual,10,0.0033250292142232257,0.000366835854947567,0,0,0,0,0,0,0
spring-projects/spring-data-rest,semi-annual,10,0.0033250292142232257,0.000366835854947567,0,0,0,0,0,0,0
spring-projects/spring-data-rest,semi-annual,10,0.0033250292142232257,0.000366835854947567,0,0,0,0,0,0,0
spring-projects/spring-data-rest,semi-annual,10,0.0033250292142232257,0.000366835854947567,0,0,0,0,0,0,0
spring-projects/spring-data-rest,semi-annual,10,0.0033250292142232257,0.000366835854947567,0,0,0,0,0,0,0
spring-projects/spring-data-rest,semi-annual,10,0.0033250292142232257,0.000366835854947567,0,0,0,0,0,0,0
spring-projects/spring-data-rest,semi-annual,10,0.0033250292142232257,0.000366835854947567,0,0,0,0,0,0,0
spring-projects/spring-data-rest,semi-annual,10,0.0033250292142232257,0.000366835854947567,0,0,0,0,0,0,0
spring-projects/spring-data-rest,semi-annual,10,0.0033250292142232257,0.000366835854947567,0,0,0,0,0,0,0
spring-projects/spring-data-rest,semi-annual,10,0.003506926695505778,0.00040927063673734665,0,0,0,0,0,0,0
spring-projects/spring-data-rest,semi-annual,10,0.003506926695505778,0.00040927063673734665,0,0,0,0,0,0,0
spring-projects/spring-data-rest,semi-annual,10,0.003506926695505778,0.00040927063673734665,0,0,0,0,0,0,0
spring-projects/spring-data-rest,semi-annual,10,0.003506926695505778,0.00040927063673734665,0,0,0,0,0,0,0
spring-projects/spring-data-rest,semi-annual,10,0.003506926695505778,0.00040927063673734665,0,0,0,0,0,0,0
spring-projects/spring-data-rest,semi-annual,10,0.003506926695505778,0.00040927063673734665,0,0,0,0,0,0,0
spring-projects/spring-data-rest,semi-annual,10,0.003506926695505778,0.00040927063673734665,0,0,0,0,0,0,0
spring-projects/spring-data-rest,semi-annual,10,0.003506926695505778,0.00040927063673734665,0,0,0,0,0,0,0
spring-projects/spring-data-rest,semi-annual,10,0.003506926695505778,0.00040927063673734665,0,0,0,0,0,0,0
spring-projects/spring-data-rest,semi-annual,10,0.003506926695505778,0.00040927063673734665,0,0,0,0,0,0,0
spring-projects/spring-data-rest,semi-annual,10,0.003506926695505778,0.00040927063673734665,0,0,0,0,0,0,0
spring-projects/spring-data-rest,semi-annual,10,0.003506926695505778,0.00040927063673734665,0,0,0,0,0,0,0
spring-projects/spring-data-rest,semi-annual,10,0.003506926695505778,0.00040927063673734665,0,0,0,0,0,0,0
spring-projects/spring-data-rest,semi-annual,10,0.003506926695505778,0.00040927063673734665,0,0,0,0,0,0,0
spring-projects/spring-data-rest,semi-annual,10,0.003506926695505778,0.00040927063673734665,0,0,0,0,0,0,0
spring-projects/spring-data-rest,semi-annual,10,0.003506926695505778,0.00040927063673734665,0,0,0,0,0,0,0
spring-projects/spring-data-rest,semi-annual,10,0.0036308725674947103,0.00044248439371585846,0,0,0,0,0,0,0
spring-projects/spring-data-rest,semi-annual,10,0.0036308725674947103,0.00044248439371585846,0,0,0,0,0,0,0
spring-projects/spring-data-rest,semi-annual,10,0.0036308725674947103,0.00044248439371585846,0,0,0,0,0,0,0
spring-projects/spring-data-rest,semi-annual,10,0.0036308725674947103,0.00044248439371585846,0,0,0,0,0,0,0
spring-projects/spring-data-rest,semi-annual,10,0.0036308725674947103,0.00044248439371585846,0,0,0,0,0,0,0
spring-projects/spring-data-rest,semi-annual,10,0.0036308725674947103,0.00044248439371585846,0,0,0,0,0,0,0
spring-projects/spring-data-rest,semi-annual,10,0.0036308725674947103,0.00044248439371585846,0,0,0,0,0,0,0
spring-projects/spring-data-rest,semi-annual,10,0.0036308725674947103,0.00044248439371585846,0,0,0,0,0,0,0
spring-projects/spring-data-rest,semi-annual,10,0.0036308725674947103,0.00044248439371585846,0,0,0,0,0,0,0
spring-projects/spring-data-rest,semi-annual,10,0.004452725251515706,0.00048635248094797134,0,0,0,0,0,0,0
spring-projects/spring-data-rest,semi-annual,10,0.004452725251515706,0.00048635248094797134,0,0,0,0,0,0,0
spring-projects/spring-data-rest,semi-annual,10,0.004452725251515706,0.00048635248094797134,0,0,0,0,0,0,0
spring-projects/spring-data-rest,semi-annual,10,0.004452725251515706,0.00048635248094797134,0,0,0,0,0,0,0
spring-projects/spring-data-rest,semi-annual,10,0.004452725251515706,0.00048635248094797134,0,0,0,0,0,0,0
spring-projects/spring-data-rest,semi-annual,10,0.004452725251515706,0.00048635248094797134,0,0,0,0,0,0,0
spring-projects/spring-data-rest,semi-annual,10,0.004452725251515706,0.00048635248094797134,0,0,0,0,0,0,0
spring-projects/spring-data-rest,semi-annual,10,0.004452725251515706,0.00048635248094797134,0,0,0,0,0,0,0
spring-projects/spring-data-rest,semi-annual,10,0.004452725251515706,0.00048635248094797134,0,0,0,0,0,0,0
spring-projects/spring-data-rest,semi-annual,10,0.004452725251515706,0.00048635248094797134,0,0,0,0,0,0,0
spring-projects/spring-data-rest,semi-annual,10,0.004452725251515706,0.00048635248094797134,0,0,0,0,0,0,0
spring-projects/spring-data-rest,semi-annual,10,0.004452725251515706,0.00048635248094797134,0,0,0,0,0,0,0
spring-projects/spring-data-rest,semi-annual,10,0.004452725251515706,0.00048635248094797134,0,0,0,0,0,0,0
spring-projects/spring-data-rest,semi-annual,10,0.004452725251515706,0.00048635248094797134,0,0,0,0,0,0,0
spring-projects/spring-data-rest,semi-annual,10,0.004452725251515706,0.00048635248094797134,0,0,0,0,0,0,0
spring-projects/spring-data-rest,semi-annual,10,0.004452725251515706,0.00048635248094797134,0,0,0,0,0,0,0
spring-projects/spring-data-rest,semi-annual,10,0.004452725251515706,0.00048635248094797134,0,0,0,0,0,0,0
spring-projects/spring-data-rest,semi-annual,10,0.004452725251515706,0.00048635248094797134,0,0,0,0,0,0,0
spring-projects/spring-data-rest,semi-annual,10,0.004452725251515706,0.00048635248094797134,0,0,0,0,0,0,0
spring-projects/spring-data-rest,semi-annual,10,0.004452725251515706,0.00048635248094797134,0,0,0,0,0,0,0
spring-projects/spring-data-rest,quarterly,17,0.0016459147135416666,5.979929119348526e-05,0,0,0,0,0,0,0
spring-projects/spring-data-rest,quarterly,17,0.001841870943705241,0.00011242739856243134,0,0,0,0,0,0,0
spring-projects/spring-data-rest,quarterly,17,0.001841870943705241,0.00011242739856243134,0,0,0,0,0,0,0
spring-projects/spring-data-rest,quarterly,17,0.001841870943705241,0.00011242739856243134,0,0,0,0,0,0,0
spring-projects/spring-data-rest,quarterly,17,0.001841870943705241,0.00011242739856243134,0,0,0,0,0,0,0
spring-projects/spring-data-rest,quarterly,17,0.001841870943705241,0.00011242739856243134,0,0,0,0,0,0,0
spring-projects/spring-data-rest,quarterly,17,0.001841870943705241,0.00011242739856243134,0,0,0,0,0,0,0
spring-projects/spring-data-rest,quarterly,17,0.001841870943705241,0.00011242739856243134,0,0,0,0,0,0,0
spring-projects/spring-data-rest,quarterly,17,0.001841870943705241,0.00011242739856243134,0,0,0,0,0,0,0
spring-projects/spring-data-rest,quarterly,17,0.002129503091176351,0.00016525015234947205,0,0,0,0,0,0,0
spring-projects/spring-data-rest,quarterly,17,0.0022794167200724286,0.0002028355374932289,0,0,0,0,0,0,0
spring-projects/spring-data-rest,quarterly,17,0.0022794167200724286,0.0002028355374932289,0,0,0,0,0,0,0
spring-projects/spring-data-rest,quarterly,17,0.0022794167200724286,0.0002028355374932289,0,0,0,0,0,0,0
spring-projects/spring-data-rest,quarterly,17,0.0028816024462382,0.0001933220773935318,0,0,0,0,0,0,0
spring-projects/spring-data-rest,quarterly,17,0.0028816024462382,0.0001933220773935318,0,0,0,0,0,0,0
spring-projects/spring-data-rest,quarterly,17,0.0028816024462382,0.0001933220773935318,0,0,0,0,0,0,0
spring-projects/spring-data-rest,quarterly,17,0.0028816024462382,0.0001933220773935318,0,0,0,0,0,0,0
spring-projects/spring-data-rest,quarterly,17,0.0028816024462382,0.0001933220773935318,0,0,0,0,0,0,0
spring-projects/spring-data-rest,quarterly,17,0.0028816024462382,0.0001933220773935318,0,0,0,0,0,0,0
spring-projects/spring-data-rest,quarterly,17,0.0028816024462382,0.0001933220773935318,0,0,0,0,0,0,0
spring-projects/spring-data-rest,quarterly,17,0.0028816024462382,0.0001933220773935318,0,0,0,0,0,0,0
spring-projects/spring-data-rest,quarterly,17,0.0027994632720947264,0.00023983977735042572,0,0,0,0,0,0,0
spring-projects/spring-data-rest,quarterly,17,0.0027994632720947264,0.00023983977735042572,0,0,0,0,0,0,0
spring-projects/spring-data-rest,quarterly,17,0.0027994632720947264,0.00023983977735042572,0,0,0,0,0,0,0
spring-projects/spring-data-rest,quarterly,17,0.0027994632720947264,0.00023983977735042572,0,0,0,0,0,0,0
spring-projects/spring-data-rest,quarterly,17,0.0027994632720947264,0.00023983977735042572,0,0,0,0,0,0,0
spring-projects/spring-data-rest,quarterly,17,0.0027994632720947264,0.00023983977735042572,0,0,0,0,0,0,0
spring-projects/spring-data-rest,quarterly,17,0.0027994632720947264,0.00023983977735042572,0,0,0,0,0,0,0
spring-projects/spring-data-rest,quarterly,17,0.0027994632720947264,0.00023983977735042572,0,0,0,0,0,0,0
spring-projects/spring-data-rest,quarterly,17,0.0027994632720947264,0.00023983977735042572,0,0,0,0,0,0,0
spring-projects/spring-data-rest,quarterly,17,0.0027994632720947264,0.00023983977735042572,0,0,0,0,0,0,0
spring-projects/spring-data-rest,quarterly,17,0.0027994632720947264,0.00023983977735042572,0,0,0,0,0,0,0
spring-projects/spring-data-rest,quarterly,17,0.003284931182861328,0.0002829302102327347,0,0,0,0,0,0,0
spring-projects/spring-data-rest,quarterly,17,0.003284931182861328,0.0002829302102327347,0,0,0,0,0,0,0
spring-projects/spring-data-rest,quarterly,17,0.003284931182861328,0.0002829302102327347,0,0,0,0,0,0,0
spring-projects/spring-data-rest,quarterly,17,0.003284931182861328,0.0002829302102327347,0,0,0,0,0,0,0
spring-projects/spring-data-rest,quarterly,17,0.003284931182861328,0.0002829302102327347,0,0,0,0,0,0,0
spring-projects/spring-data-rest,quarterly,17,0.003284931182861328,0.0002829302102327347,0,0,0,0,0,0,0
spring-projects/spring-data-rest,quarterly,17,0.003284931182861328,0.0002829302102327347,0,0,0,0,0,0,0
spring-projects/spring-data-rest,quarterly,17,0.003284931182861328,0.0002829302102327347,0,0,0,0,0,0,0
spring-projects/spring-data-rest,quarterly,17,0.003284931182861328,0.0002829302102327347,0,0,0,0,0,0,0
spring-projects/spring-data-rest,quarterly,17,0.003284931182861328,0.0002829302102327347,0,0,0,0,0,0,0
spring-projects/spring-data-rest,quarterly,17,0.003284931182861328,0.0002829302102327347,0,0,0,0,0,0,0
spring-projects/spring-data-rest,quarterly,17,0.003284931182861328,0.0002829302102327347,0,0,0,0,0,0,0
spring-projects/spring-data-rest,quarterly,17,0.003284931182861328,0.0002829302102327347,0,0,0,0,0,0,0
spring-projects/spring-data-rest,quarterly,17,0.003284931182861328,0.0002829302102327347,0,0,0,0,0,0,0
spring-projects/spring-data-rest,quarterly,17,0.00294186274210612,0.00028287433087825775,0,0,0,0,0,0,0
spring-projects/spring-data-rest,quarterly,17,0.00294186274210612,0.00028287433087825775,0,0,0,0,0,0,0
spring-projects/spring-data-rest,quarterly,17,0.00294186274210612,0.00028287433087825775,0,0,0,0,0,0,0
spring-projects/spring-data-rest,quarterly,17,0.00294186274210612,0.00028287433087825775,0,0,0,0,0,0,0
spring-projects/spring-data-rest,quarterly,17,0.00294186274210612,0.00028287433087825775,0,0,0,0,0,0,0
spring-projects/spring-data-rest,quarterly,17,0.00294186274210612,0.00028287433087825775,0,0,0,0,0,0,0
spring-projects/spring-data-rest,quarterly,17,0.00294186274210612,0.00028287433087825775,0,0,0,0,0,0,0
spring-projects/spring-data-rest,quarterly,17,0.00294186274210612,0.00028287433087825775,0,0,0,0,0,0,0
spring-projects/spring-data-rest,quarterly,17,0.0033120314280192056,0.0003078226000070572,0,0,0,0,0,0,0
spring-projects/spring-data-rest,quarterly,17,0.0033120314280192056,0.0003078226000070572,0,0,0,0,0,0,0
spring-projects/spring-data-rest,quarterly,17,0.0033120314280192056,0.0003078226000070572,0,0,0,0,0,0,0
spring-projects/spring-data-rest,quarterly,17,0.0033120314280192056,0.0003078226000070572,0,0,0,0,0,0,0
spring-projects/spring-data-rest,quarterly,17,0.0033120314280192056,0.0003078226000070572,0,0,0,0,0,0,0
spring-projects/spring-data-rest,quarterly,17,0.002754398187001546,0.00033747777342796326,0,0,0,0,0,0,0
spring-projects/spring-data-rest,quarterly,17,0.002754398187001546,0.00033747777342796326,0,0,0,0,0,0,0
spring-projects/spring-data-rest,quarterly,17,0.002754398187001546,0.00033747777342796326,0,0,0,0,0,0,0
spring-projects/spring-data-rest,quarterly,17,0.002754398187001546,0.00033747777342796326,0,0,0,0,0,0,0
spring-projects/spring-data-rest,quarterly,17,0.002754398187001546,0.00033747777342796326,0,0,0,0,0,0,0
spring-projects/spring-data-rest,quarterly,17,0.002754398187001546,0.00033747777342796326,0,0,0,0,0,0,0
spring-projects/spring-data-rest,quarterly,17,0.002754398187001546,0.00033747777342796326,0,0,0,0,0,0,0
spring-projects/spring-data-rest,quarterly,17,0.002754398187001546,0.00033747777342796326,0,0,0,0,0,0,0
spring-projects/spring-data-rest,quarterly,17,0.002754398187001546,0.00033747777342796326,0,0,0,0,0,0,0
spring-projects/spring-data-rest,quarterly,17,0.002754398187001546,0.00033747777342796326,0,0,0,0,0,0,0
spring-projects/spring-data-rest,quarterly,17,0.002754398187001546,0.00033747777342796326,0,0,0,0,0,0,0
spring-projects/spring-data-rest,quarterly,17,0.002754398187001546,0.00033747777342796326,0,0,0,0,0,0,0
spring-projects/spring-data-rest,quarterly,17,0.002754398187001546,0.00033747777342796326,0,0,0,0,0,0,0
spring-projects/spring-data-rest,quarterly,17,0.002754398187001546,0.00033747777342796326,0,0,0,0,0,0,0
spring-projects/spring-data-rest,quarterly,17,0.0032297253608703615,0.0003667585551738739,0,0,0,0,0,0,0
spring-projects/spring-data-rest,quarterly,17,0.0032297253608703615,0.0003667585551738739,0,0,0,0,0,0,0
spring-projects/spring-data-rest,quarterly,17,0.0032297253608703615,0.0003667585551738739,0,0,0,0,0,0,0
spring-projects/spring-data-rest,quarterly,17,0.0032297253608703615,0.0003667585551738739,0,0,0,0,0,0,0
spring-projects/spring-data-rest,quarterly,17,0.0032297253608703615,0.0003667585551738739,0,0,0,0,0,0,0
spring-projects/spring-data-rest,quarterly,17,0.0032297253608703615,0.0003667585551738739,0,0,0,0,0,0,0
spring-projects/spring-data-rest,quarterly,17,0.0032297253608703615,0.0003667585551738739,0,0,0,0,0,0,0
spring-projects/spring-data-rest,quarterly,17,0.0032297253608703615,0.0003667585551738739,0,0,0,0,0,0,0
spring-projects/spring-data-rest,quarterly,17,0.0032297253608703615,0.0003667585551738739,0,0,0,0,0,0,0
spring-projects/spring-data-rest,quarterly,17,0.0032297253608703615,0.0003667585551738739,0,0,0,0,0,0,0
spring-projects/spring-data-rest,quarterly,17,0.0032297253608703615,0.0003667585551738739,0,0,0,0,0,0,0
spring-projects/spring-data-rest,quarterly,17,0.0032297253608703615,0.0003667585551738739,0,0,0,0,0,0,0
spring-projects/spring-data-rest,quarterly,17,0.0032297253608703615,0.0003667585551738739,0,0,0,0,0,0,0
spring-projects/spring-data-rest,quarterly,17,0.0032297253608703615,0.0003667585551738739,0,0,0,0,0,0,0
spring-projects/spring-data-rest,quarterly,17,0.0032196680704752604,0.00041140057146549225,0,0,0,0,0,0,0
spring-projects/spring-data-rest,quarterly,17,0.0032196680704752604,0.00041140057146549225,0,0,0,0,0,0,0
spring-projects/spring-data-rest,quarterly,17,0.0032196680704752604,0.00041140057146549225,0,0,0,0,0,0,0
spring-projects/spring-data-rest,quarterly,17,0.0032196680704752604,0.00041140057146549225,0,0,0,0,0,0,0
spring-projects/spring-data-rest,quarterly,17,0.0032196680704752604,0.00041140057146549225,0,0,0,0,0,0,0
spring-projects/spring-data-rest,quarterly,17,0.0032196680704752604,0.00041140057146549225,0,0,0,0,0,0,0
spring-projects/spring-data-rest,quarterly,17,0.0032196680704752604,0.00041140057146549225,0,0,0,0,0,0,0
spring-projects/spring-data-rest,quarterly,17,0.0032196680704752604,0.00041140057146549225,0,0,0,0,0,0,0
spring-projects/spring-data-rest,quarterly,17,0.0037055770556132,0.0004092445597052574,0,0,0,0,0,0,0
spring-projects/spring-data-rest,quarterly,17,0.0037055770556132,0.0004092445597052574,0,0,0,0,0,0,0
spring-projects/spring-data-rest,quarterly,17,0.0037055770556132,0.0004092445597052574,0,0,0,0,0,0,0
spring-projects/spring-data-rest,quarterly,17,0.0037055770556132,0.0004092445597052574,0,0,0,0,0,0,0
spring-projects/spring-data-rest,quarterly,17,0.0037055770556132,0.0004092445597052574,0,0,0,0,0,0,0
spring-projects/spring-data-rest,quarterly,17,0.0037055770556132,0.0004092445597052574,0,0,0,0,0,0,0
spring-projects/spring-data-rest,quarterly,17,0.0037055770556132,0.0004092445597052574,0,0,0,0,0,0,0
spring-projects/spring-data-rest,quarterly,17,0.0037055770556132,0.0004092445597052574,0,0,0,0,0,0,0
spring-projects/spring-data-rest,quarterly,17,0.0034366965293884276,0.00045063067227602005,0,0,0,0,0,0,0
spring-projects/spring-data-rest,quarterly,17,0.0034366965293884276,0.00045063067227602005,0,0,0,0,0,0,0
spring-projects/spring-data-rest,quarterly,17,0.0034366965293884276,0.00045063067227602005,0,0,0,0,0,0,0
spring-projects/spring-data-rest,quarterly,17,0.0034366965293884276,0.00045063067227602005,0,0,0,0,0,0,0
spring-projects/spring-data-rest,quarterly,17,0.0034366965293884276,0.00045063067227602005,0,0,0,0,0,0,0
spring-projects/spring-data-rest,quarterly,17,0.0033475597699483234,0.00044248439371585846,0,0,0,0,0,0,0
spring-projects/spring-data-rest,quarterly,17,0.0033475597699483234,0.00044248439371585846,0,0,0,0,0,0,0
spring-projects/spring-data-rest,quarterly,17,0.0033475597699483234,0.00044248439371585846,0,0,0,0,0,0,0
spring-projects/spring-data-rest,quarterly,17,0.0033475597699483234,0.00044248439371585846,0,0,0,0,0,0,0
spring-projects/spring-data-rest,quarterly,17,0.0034520904223124186,0.00046508293598890305,0,0,0,0,0,0,0
spring-projects/spring-data-rest,quarterly,17,0.0034520904223124186,0.00046508293598890305,0,0,0,0,0,0,0
spring-projects/spring-data-rest,quarterly,17,0.0034520904223124186,0.00046508293598890305,0,0,0,0,0,0,0
spring-projects/spring-data-rest,quarterly,17,0.0034520904223124186,0.00046508293598890305,0,0,0,0,0,0,0
spring-projects/spring-data-rest,quarterly,17,0.0034520904223124186,0.00046508293598890305,0,0,0,0,0,0,0
spring-projects/spring-data-rest,quarterly,17,0.0034520904223124186,0.00046508293598890305,0,0,0,0,0,0,0
spring-projects/spring-data-rest,quarterly,17,0.0034520904223124186,0.00046508293598890305,0,0,0,0,0,0,0
spring-projects/spring-data-rest,quarterly,17,0.0034520904223124186,0.00046508293598890305,0,0,0,0,0,0,0
spring-projects/spring-data-rest,quarterly,17,0.0034520904223124186,0.00046508293598890305,0,0,0,0,0,0,0
spring-projects/spring-data-rest,quarterly,17,0.0034520904223124186,0.00046508293598890305,0,0,0,0,0,0,0
spring-projects/spring-data-rest,quarterly,17,0.0034520904223124186,0.00046508293598890305,0,0,0,0,0,0,0
spring-projects/spring-data-rest,quarterly,17,0.0034520904223124186,0.00046508293598890305,0,0,0,0,0,0,0
spring-projects/spring-data-rest,quarterly,17,0.0034520904223124186,0.00046508293598890305,0,0,0,0,0,0,0
spring-projects/spring-data-rest,quarterly,17,0.0034520904223124186,0.00046508293598890305,0,0,0,0,0,0,0
spring-projects/spring-data-rest,quarterly,17,0.004765534400939941,0.0004863198846578598,0,0,0,0,0,0,0
spring-projects/spring-data-rest,quarterly,17,0.004765534400939941,0.0004863198846578598,0,0,0,0,0,0,0
spring-projects/spring-data-rest,quarterly,17,0.004765534400939941,0.0004863198846578598,0,0,0,0,0,0,0
spring-projects/spring-data-rest,quarterly,17,0.004765534400939941,0.0004863198846578598,0,0,0,0,0,0,0
spring-projects/spring-data-rest,quarterly,17,0.004765534400939941,0.0004863198846578598,0,0,0,0,0,0,0
spring-projects/spring-data-rest,quarterly,17,0.004765534400939941,0.0004863198846578598,0,0,0,0,0,0,0
square/kotlinpoet,annual,6,0.002306056022644043,0.00015717465430498123,0,0,0,0,0,0,0
square/kotlinpoet,annual,6,0.002306056022644043,0.00015717465430498123,0,0,0,0,0,0,0
square/kotlinpoet,annual,6,0.002306056022644043,0.00015717465430498123,0,0,0,0,0,0,0
square/kotlinpoet,annual,6,0.002306056022644043,0.00015717465430498123,0,0,0,0,0,0,0
square/kotlinpoet,annual,6,0.002306056022644043,0.00015717465430498123,0,0,0,0,0,0,0
square/kotlinpoet,annual,6,0.002306056022644043,0.00015717465430498123,0,0,0,0,0,0,0
square/kotlinpoet,annual,6,0.00491933027903239,0.0002847909927368164,0,0,0,0,0,0,0
square/kotlinpoet,annual,6,0.00491933027903239,0.0002847909927368164,0,0,0,0,0,0,0
square/kotlinpoet,annual,6,0.00491933027903239,0.0002847909927368164,0,0,0,0,0,0,0
square/kotlinpoet,annual,6,0.00491933027903239,0.0002847909927368164,0,0,0,0,0,0,0
square/kotlinpoet,annual,6,0.00491933027903239,0.0002847909927368164,0,0,0,0,0,0,0
square/kotlinpoet,annual,6,0.00491933027903239,0.0002847909927368164,0,0,0,0,0,0,0
square/kotlinpoet,annual,6,0.00491933027903239,0.0002847909927368164,0,0,0,0,0,0,0
square/kotlinpoet,annual,6,0.0024465719858805337,0.00030018575489521027,0,0,0,0,0,0,0
square/kotlinpoet,annual,6,0.0024465719858805337,0.00030018575489521027,0,0,0,0,0,0,0
square/kotlinpoet,annual,6,0.0024465719858805337,0.00030018575489521027,0,0,0,0,0,0,0
square/kotlinpoet,annual,6,0.002849388122558594,0.00031998660415410995,0,0,0,0,0,0,0
square/kotlinpoet,annual,6,0.002849388122558594,0.00031998660415410995,0,0,0,0,0,0,0
square/kotlinpoet,annual,6,0.002849388122558594,0.00031998660415410995,0,0,0,0,0,0,0
square/kotlinpoet,annual,6,0.0026222944259643556,0.0003357604146003723,0,0,0,0,0,0,0
square/kotlinpoet,annual,6,0.0026222944259643556,0.0003357604146003723,0,0,0,0,0,0,0
square/kotlinpoet,annual,6,0.0028325398763020832,0.0003526909276843071,0,0,0,0,0,0,0
square/kotlinpoet,annual,6,0.0028325398763020832,0.0003526909276843071,0,0,0,0,0,0,0
square/kotlinpoet,annual,6,0.0028325398763020832,0.0003526909276843071,0,0,0,0,0,0,0
square/kotlinpoet,semi-annual,10,0.0021410187085469565,0.00015719421207904816,0,0,0,0,0,0,0
square/kotlinpoet,semi-annual,10,0.0021410187085469565,0.00015719421207904816,0,0,0,0,0,0,0
square/kotlinpoet,semi-annual,10,0.0021410187085469565,0.00015719421207904816,0,0,0,0,0,0,0
square/kotlinpoet,semi-annual,10,0.0021410187085469565,0.00015719421207904816,0,0,0,0,0,0,0
square/kotlinpoet,semi-annual,10,0.0021410187085469565,0.00015719421207904816,0,0,0,0,0,0,0
square/kotlinpoet,semi-annual,10,0.0021410187085469565,0.00015719421207904816,0,0,0,0,0,0,0
square/kotlinpoet,semi-annual,10,0.002006268501281738,0.00017081387341022491,0,0,0,0,0,0,0
square/kotlinpoet,semi-annual,10,0.002006268501281738,0.00017081387341022491,0,0,0,0,0,0,0
square/kotlinpoet,semi-annual,10,0.002006268501281738,0.00017081387341022491,0,0,0,0,0,0,0
square/kotlinpoet,semi-annual,10,0.002006268501281738,0.00017081387341022491,0,0,0,0,0,0,0
square/kotlinpoet,semi-annual,10,0.0034747997919718425,0.0002847472205758095,0,0,0,0,0,0,0
square/kotlinpoet,semi-annual,10,0.0034747997919718425,0.0002847472205758095,0,0,0,0,0,0,0
square/kotlinpoet,semi-annual,10,0.0034747997919718425,0.0002847472205758095,0,0,0,0,0,0,0
square/kotlinpoet,semi-annual,10,0.0024851282437642415,0.0002999156713485718,0,0,0,0,0,0,0
square/kotlinpoet,semi-annual,10,0.002978642781575521,0.0003001531586050987,0,0,0,0,0,0,0
square/kotlinpoet,semi-annual,10,0.002978642781575521,0.0003001531586050987,0,0,0,0,0,0,0
square/kotlinpoet,semi-annual,10,0.002528969446818034,0.00031514279544353485,0,0,0,0,0,0,0
square/kotlinpoet,semi-annual,10,0.0031883438428243,0.00031996890902519226,0,0,0,0,0,0,0
square/kotlinpoet,semi-annual,10,0.0031883438428243,0.00031996890902519226,0,0,0,0,0,0,0
square/kotlinpoet,semi-annual,10,0.0028290073076883953,0.00032945629209280014,0,0,0,0,0,0,0
square/kotlinpoet,semi-annual,10,0.0033412496248881023,0.00033575762063264847,0,0,0,0,0,0,0
square/kotlinpoet,semi-annual,10,0.0030654788017272947,0.00035272445529699326,0,0,0,0,0,0,0
square/kotlinpoet,semi-annual,10,0.0030654788017272947,0.00035272445529699326,0,0,0,0,0,0,0
square/kotlinpoet,semi-annual,10,0.0030654788017272947,0.00035272445529699326,0,0,0,0,0,0,0
square/kotlinpoet,quarterly,14,0.0018429915110270182,0.00014268606901168823,0,0,0,0,0,0,0
square/kotlinpoet,quarterly,14,0.0022728443145751953,0.00015718769282102585,0,0,0,0,0,0,0
square/kotlinpoet,quarterly,14,0.0022728443145751953,0.00015718769282102585,0,0,0,0,0,0,0
square/kotlinpoet,quarterly,14,0.0022728443145751953,0.00015718769282102585,0,0,0,0,0,0,0
square/kotlinpoet,quarterly,14,0.0022728443145751953,0.00015718769282102585,0,0,0,0,0,0,0
square/kotlinpoet,quarterly,14,0.0022728443145751953,0.00015718769282102585,0,0,0,0,0,0,0
square/kotlinpoet,quarterly,14,0.0019414504369099936,0.00016448833048343658,0,0,0,0,0,0,0
square/kotlinpoet,quarterly,14,0.0019414504369099936,0.00016448833048343658,0,0,0,0,0,0,0
square/kotlinpoet,quarterly,14,0.0019414504369099936,0.00016448833048343658,0,0,0,0,0,0,0
square/kotlinpoet,quarterly,14,0.0020605961481730143,0.00017081480473279953,0,0,0,0,0,0,0
square/kotlinpoet,quarterly,14,0.002459923426310221,0.0002768002450466156,0,0,0,0,0,0,0
square/kotlinpoet,quarterly,14,0.003660929203033447,0.00028477422893047333,0,0,0,0,0,0,0
square/kotlinpoet,quarterly,14,0.003660929203033447,0.00028477422893047333,0,0,0,0,0,0,0
square/kotlinpoet,quarterly,14,0.0038583079973856607,0.0002999063581228256,0,0,0,0,0,0,0
square/kotlinpoet,quarterly,14,0.003035016854604085,0.0003001764416694641,0,0,0,0,0,0,0
square/kotlinpoet,quarterly,14,0.003035016854604085,0.0003001764416694641,0,0,0,0,0,0,0
square/kotlinpoet,quarterly,14,0.002582697073618571,0.0003151204437017441,0,0,0,0,0,0,0
square/kotlinpoet,quarterly,14,0.0028659343719482423,0.0003202846273779869,0,0,0,0,0,0,0
square/kotlinpoet,quarterly,14,0.002706178029378255,0.0003199819475412369,0,0,0,0,0,0,0
square/kotlinpoet,quarterly,14,0.002712059020996094,0.0003294413909316063,0,0,0,0,0,0,0
square/kotlinpoet,quarterly,14,0.0026190757751464845,0.00033580418676137924,0,0,0,0,0,0,0
square/kotlinpoet,quarterly,14,0.0027863065401713054,0.00035269372165203094,0,0,0,0,0,0,0
square/kotlinpoet,quarterly,14,0.0027863065401713054,0.00035269372165203094,0,0,0,0,0,0,0
square/kotlinpoet,quarterly,14,0.0027863065401713054,0.00035269372165203094,0,0,0,0,0,0,0
