model_name,source_project,target_project,scenario,top-1,top-5,top-10,MAP,MRR
BLAZE,jupyterlab/jupyterlab,lightning-ai/lightning,WP-small,0.32,0.6755666666666666,0.7911,0.3756,0.4795
BLAZE,jupyterlab/jupyterlab,lightning-ai/lightning,WP-large,0.5067,0.7333,0.7867,0.478,0.6027
BLAZE,jupyterlab/jupyterlab,lightning-ai/lightning,CP-cold-start,0.16,0.44,0.5333,0.1992,0.2841
BLAZE,jupyterlab/jupyterlab,lightning-ai/lightning,CP-transfer,0.3733,0.5733,0.6933,0.3573,0.4741
BLAZE,lightning-ai/lightning,jupyterlab/jupyterlab,WP-small,0.016666666666666666,0.05833333333333334,0.08333333333333333,0.04153333333333333,0.04246666666666667
BLAZE,lightning-ai/lightning,jupyterlab/jupyterlab,WP-large,0.175,0.25,0.25,0.1818,0.2086
BLAZE,lightning-ai/lightning,jupyterlab/jupyterlab,CP-cold-start,0.025,0.1,0.175,0.0578,0.0739
BLAZE,lightning-ai/lightning,jupyterlab/jupyterlab,CP-transfer,0.125,0.175,0.2,0.1202,0.1497
BLAZE,jupyterlab/jupyterlab,prefecthq/prefect,WP-small,0.22356666666666666,0.4186666666666667,0.4918666666666667,0.2598666666666667,0.3133666666666666
BLAZE,jupyterlab/jupyterlab,prefecthq/prefect,WP-large,0.3293,0.5244,0.5732,0.3517,0.4122
BLAZE,jupyterlab/jupyterlab,prefecthq/prefect,CP-cold-start,0.0732,0.2927,0.378,0.1485,0.172
BLAZE,jupyterlab/jupyterlab,prefecthq/prefect,CP-transfer,0.1585,0.439,0.5122,0.2318,0.2811
BLAZE,prefecthq/prefect,jupyterlab/jupyterlab,WP-small,0.016666666666666666,0.05833333333333334,0.08333333333333333,0.04153333333333333,0.04246666666666667
BLAZE,prefecthq/prefect,jupyterlab/jupyterlab,WP-large,0.125,0.2,0.225,0.1453,0.1641
BLAZE,prefecthq/prefect,jupyterlab/jupyterlab,CP-cold-start,0.1,0.2,0.225,0.1087,0.1349
BLAZE,prefecthq/prefect,jupyterlab/jupyterlab,CP-transfer,0.175,0.25,0.25,0.1779,0.2033
BLAZE,jupyterlab/jupyterlab,pydata/xarray,WP-small,0.14666666666666667,0.4266666666666667,0.5866666666666668,0.25289999999999996,0.2977666666666667
BLAZE,jupyterlab/jupyterlab,pydata/xarray,WP-large,0.28,0.72,0.8,0.435,0.4789
BLAZE,jupyterlab/jupyterlab,pydata/xarray,CP-cold-start,0.12,0.24,0.48,0.1606,0.2064
BLAZE,jupyterlab/jupyterlab,pydata/xarray,CP-transfer,0.12,0.52,0.68,0.2798,0.3281
BLAZE,pydata/xarray,jupyterlab/jupyterlab,WP-small,0.016666666666666666,0.05833333333333334,0.08333333333333333,0.04153333333333333,0.04246666666666667
BLAZE,pydata/xarray,jupyterlab/jupyterlab,WP-large,0.125,0.175,0.25,0.139,0.156
BLAZE,pydata/xarray,jupyterlab/jupyterlab,CP-cold-start,0.1,0.275,0.275,0.1427,0.1647
BLAZE,pydata/xarray,jupyterlab/jupyterlab,CP-transfer,0.1,0.175,0.175,0.1123,0.1275
BLAZE,jupyterlab/jupyterlab,numpy/numpy,WP-small,0.2671,0.47203333333333336,0.5693666666666667,0.3444,0.3691
BLAZE,jupyterlab/jupyterlab,numpy/numpy,WP-large,0.3168,0.5404,0.6211,0.3956,0.4254
BLAZE,jupyterlab/jupyterlab,numpy/numpy,CP-cold-start,0.2112,0.4224,0.5093,0.3005,0.3199
BLAZE,jupyterlab/jupyterlab,numpy/numpy,CP-transfer,0.2671,0.4658,0.5528,0.3378,0.3645
BLAZE,numpy/numpy,jupyterlab/jupyterlab,WP-small,0.016666666666666666,0.05833333333333334,0.08333333333333333,0.04153333333333333,0.04246666666666667
BLAZE,numpy/numpy,jupyterlab/jupyterlab,WP-large,0.175,0.225,0.25,0.1809,0.2045
BLAZE,numpy/numpy,jupyterlab/jupyterlab,CP-cold-start,0.05,0.175,0.225,0.1059,0.1142
BLAZE,numpy/numpy,jupyterlab/jupyterlab,CP-transfer,0.175,0.225,0.225,0.1738,0.1978
BLAZE,jupyterlab/jupyterlab,scikit-learn/scikit-learn,WP-small,0.23913333333333334,0.3840666666666666,0.4347666666666667,0.2964333333333333,0.30593333333333333
BLAZE,jupyterlab/jupyterlab,scikit-learn/scikit-learn,WP-large,0.2609,0.5217,0.5652,0.3635,0.3725
BLAZE,jupyterlab/jupyterlab,scikit-learn/scikit-learn,CP-cold-start,0.0435,0.1522,0.2391,0.1022,0.1034
BLAZE,jupyterlab/jupyterlab,scikit-learn/scikit-learn,CP-transfer,0.2174,0.413,0.4565,0.291,0.2982
BLAZE,scikit-learn/scikit-learn,jupyterlab/jupyterlab,WP-small,0.016666666666666666,0.05833333333333334,0.08333333333333333,0.04153333333333333,0.04246666666666667
BLAZE,scikit-learn/scikit-learn,jupyterlab/jupyterlab,WP-large,0.125,0.2,0.225,0.1465,0.1676
BLAZE,scikit-learn/scikit-learn,jupyterlab/jupyterlab,CP-cold-start,0.1,0.175,0.2,0.1124,0.135
BLAZE,scikit-learn/scikit-learn,jupyterlab/jupyterlab,CP-transfer,0.1,0.225,0.25,0.121,0.1495
BLAZE,lightning-ai/lightning,prefecthq/prefect,WP-small,0.22356666666666666,0.4186666666666667,0.4918666666666667,0.2598666666666667,0.3133666666666666
BLAZE,lightning-ai/lightning,prefecthq/prefect,WP-large,0.2805,0.4634,0.5854,0.3113,0.3745
BLAZE,lightning-ai/lightning,prefecthq/prefect,CP-cold-start,0.1341,0.3171,0.4146,0.1908,0.2131
BLAZE,lightning-ai/lightning,prefecthq/prefect,CP-transfer,0.2073,0.3902,0.4878,0.2497,0.2957
BLAZE,prefecthq/prefect,lightning-ai/lightning,WP-small,0.32,0.6755666666666666,0.7911,0.3756,0.4795
BLAZE,prefecthq/prefect,lightning-ai/lightning,WP-large,0.3467,0.6667,0.76,0.4013,0.481
BLAZE,prefecthq/prefect,lightning-ai/lightning,CP-cold-start,0.2,0.6933,0.76,0.3105,0.4029
BLAZE,prefecthq/prefect,lightning-ai/lightning,CP-transfer,0.4,0.7467,0.84,0.4071,0.5359
BLAZE,lightning-ai/lightning,pydata/xarray,WP-small,0.14666666666666667,0.4266666666666667,0.5866666666666668,0.25289999999999996,0.2977666666666667
BLAZE,lightning-ai/lightning,pydata/xarray,WP-large,0.44,0.68,0.76,0.4786,0.5513
BLAZE,lightning-ai/lightning,pydata/xarray,CP-cold-start,0.24,0.52,0.64,0.3166,0.3844
BLAZE,lightning-ai/lightning,pydata/xarray,CP-transfer,0.4,0.72,0.76,0.4436,0.5453
BLAZE,pydata/xarray,lightning-ai/lightning,WP-small,0.32,0.6755666666666666,0.7911,0.3756,0.4795
BLAZE,pydata/xarray,lightning-ai/lightning,WP-large,0.3733,0.64,0.7733,0.3926,0.4989
BLAZE,pydata/xarray,lightning-ai/lightning,CP-cold-start,0.28,0.4933,0.6,0.305,0.4028
BLAZE,pydata/xarray,lightning-ai/lightning,CP-transfer,0.3867,0.7067,0.7867,0.4154,0.5288
BLAZE,lightning-ai/lightning,numpy/numpy,WP-small,0.2671,0.47203333333333336,0.5693666666666667,0.3444,0.3691
BLAZE,lightning-ai/lightning,numpy/numpy,WP-large,0.3043,0.5404,0.6087,0.3896,0.42
BLAZE,lightning-ai/lightning,numpy/numpy,CP-cold-start,0.2671,0.4658,0.559,0.3296,0.353
BLAZE,lightning-ai/lightning,numpy/numpy,CP-transfer,0.2422,0.4783,0.5404,0.3282,0.3466
BLAZE,numpy/numpy,lightning-ai/lightning,WP-small,0.32,0.6755666666666666,0.7911,0.3756,0.4795
BLAZE,numpy/numpy,lightning-ai/lightning,WP-large,0.44,0.72,0.7867,0.445,0.5683
BLAZE,numpy/numpy,lightning-ai/lightning,CP-cold-start,0.2533,0.4933,0.6267,0.2756,0.3734
BLAZE,numpy/numpy,lightning-ai/lightning,CP-transfer,0.36,0.64,0.7867,0.3799,0.4896
BLAZE,lightning-ai/lightning,scikit-learn/scikit-learn,WP-small,0.23913333333333334,0.3840666666666666,0.4347666666666667,0.2964333333333333,0.30593333333333333
BLAZE,lightning-ai/lightning,scikit-learn/scikit-learn,WP-large,0.3043,0.5217,0.5652,0.3877,0.3961
BLAZE,lightning-ai/lightning,scikit-learn/scikit-learn,CP-cold-start,0.1304,0.3261,0.4565,0.2243,0.2386
BLAZE,lightning-ai/lightning,scikit-learn/scikit-learn,CP-transfer,0.2609,0.5,0.5217,0.3446,0.3558
BLAZE,scikit-learn/scikit-learn,lightning-ai/lightning,WP-small,0.32,0.6755666666666666,0.7911,0.3756,0.4795
BLAZE,scikit-learn/scikit-learn,lightning-ai/lightning,WP-large,0.4,0.68,0.7733,0.4302,0.5293
BLAZE,scikit-learn/scikit-learn,lightning-ai/lightning,CP-cold-start,0.1733,0.5333,0.6933,0.2767,0.3337
BLAZE,scikit-learn/scikit-learn,lightning-ai/lightning,CP-transfer,0.3867,0.64,0.7867,0.3903,0.5084
BLAZE,prefecthq/prefect,pydata/xarray,WP-small,0.14666666666666667,0.4266666666666667,0.5866666666666668,0.25289999999999996,0.2977666666666667
BLAZE,prefecthq/prefect,pydata/xarray,WP-large,0.32,0.68,0.76,0.4063,0.473
BLAZE,prefecthq/prefect,pydata/xarray,CP-cold-start,0.2,0.48,0.56,0.3173,0.3424
BLAZE,prefecthq/prefect,pydata/xarray,CP-transfer,0.28,0.56,0.76,0.3551,0.4218
BLAZE,pydata/xarray,prefecthq/prefect,WP-small,0.22356666666666666,0.4186666666666667,0.4918666666666667,0.2598666666666667,0.3133666666666666
BLAZE,pydata/xarray,prefecthq/prefect,WP-large,0.3293,0.5244,0.561,0.3346,0.4058
BLAZE,pydata/xarray,prefecthq/prefect,CP-cold-start,0.0976,0.2805,0.3902,0.1709,0.1878
BLAZE,pydata/xarray,prefecthq/prefect,CP-transfer,0.1951,0.4268,0.5366,0.2601,0.3099
BLAZE,prefecthq/prefect,numpy/numpy,WP-small,0.2671,0.47203333333333336,0.5693666666666667,0.3444,0.3691
BLAZE,prefecthq/prefect,numpy/numpy,WP-large,0.3168,0.5528,0.6211,0.3853,0.4209
BLAZE,prefecthq/prefect,numpy/numpy,CP-cold-start,0.1739,0.3665,0.4596,0.2506,0.273
BLAZE,prefecthq/prefect,numpy/numpy,CP-transfer,0.2857,0.4783,0.5714,0.3563,0.3823
BLAZE,numpy/numpy,prefecthq/prefect,WP-small,0.22356666666666666,0.4186666666666667,0.4918666666666667,0.2598666666666667,0.3133666666666666
BLAZE,numpy/numpy,prefecthq/prefect,WP-large,0.2683,0.5244,0.5732,0.3234,0.3762
BLAZE,numpy/numpy,prefecthq/prefect,CP-cold-start,0.0488,0.2195,0.2805,0.1326,0.1366
BLAZE,numpy/numpy,prefecthq/prefect,CP-transfer,0.1707,0.3902,0.4756,0.2324,0.2704
BLAZE,prefecthq/prefect,scikit-learn/scikit-learn,WP-small,0.23913333333333334,0.3840666666666666,0.4347666666666667,0.2964333333333333,0.30593333333333333
BLAZE,prefecthq/prefect,scikit-learn/scikit-learn,WP-large,0.3261,0.4565,0.5435,0.3603,0.3855
BLAZE,prefecthq/prefect,scikit-learn/scikit-learn,CP-cold-start,0.1522,0.3261,0.4565,0.2339,0.2367
BLAZE,prefecthq/prefect,scikit-learn/scikit-learn,CP-transfer,0.1739,0.4565,0.5217,0.2857,0.2895
BLAZE,scikit-learn/scikit-learn,prefecthq/prefect,WP-small,0.22356666666666666,0.4186666666666667,0.4918666666666667,0.2598666666666667,0.3133666666666666
BLAZE,scikit-learn/scikit-learn,prefecthq/prefect,WP-large,0.3049,0.5,0.561,0.3258,0.3848
BLAZE,scikit-learn/scikit-learn,prefecthq/prefect,CP-cold-start,0.1341,0.4146,0.4878,0.2288,0.258
BLAZE,scikit-learn/scikit-learn,prefecthq/prefect,CP-transfer,0.2805,0.4512,0.5122,0.3032,0.3565
BLAZE,pydata/xarray,numpy/numpy,WP-small,0.2671,0.47203333333333336,0.5693666666666667,0.3444,0.3691
BLAZE,pydata/xarray,numpy/numpy,WP-large,0.3354,0.5652,0.6211,0.4,0.4355
BLAZE,pydata/xarray,numpy/numpy,CP-cold-start,0.1739,0.3354,0.4658,0.2474,0.2634
BLAZE,pydata/xarray,numpy/numpy,CP-transfer,0.3106,0.4907,0.5776,0.3622,0.3975
BLAZE,numpy/numpy,pydata/xarray,WP-small,0.14666666666666667,0.4266666666666667,0.5866666666666668,0.25289999999999996,0.2977666666666667
BLAZE,numpy/numpy,pydata/xarray,WP-large,0.28,0.72,0.72,0.3967,0.4588
BLAZE,numpy/numpy,pydata/xarray,CP-cold-start,0.2,0.6,0.68,0.3089,0.396
BLAZE,numpy/numpy,pydata/xarray,CP-transfer,0.36,0.6,0.88,0.4105,0.5034
BLAZE,pydata/xarray,scikit-learn/scikit-learn,WP-small,0.23913333333333334,0.3840666666666666,0.4347666666666667,0.2964333333333333,0.30593333333333333
BLAZE,pydata/xarray,scikit-learn/scikit-learn,WP-large,0.2391,0.4783,0.5652,0.3265,0.3338
BLAZE,pydata/xarray,scikit-learn/scikit-learn,CP-cold-start,0.1739,0.3261,0.3913,0.2346,0.2425
BLAZE,pydata/xarray,scikit-learn/scikit-learn,CP-transfer,0.2609,0.4348,0.4348,0.3283,0.3359
BLAZE,scikit-learn/scikit-learn,pydata/xarray,WP-small,0.14666666666666667,0.4266666666666667,0.5866666666666668,0.25289999999999996,0.2977666666666667
BLAZE,scikit-learn/scikit-learn,pydata/xarray,WP-large,0.36,0.64,0.76,0.4205,0.4908
BLAZE,scikit-learn/scikit-learn,pydata/xarray,CP-cold-start,0.12,0.4,0.56,0.236,0.2803
BLAZE,scikit-learn/scikit-learn,pydata/xarray,CP-transfer,0.2,0.52,0.76,0.2928,0.3448
BLAZE,numpy/numpy,scikit-learn/scikit-learn,WP-small,0.23913333333333334,0.3840666666666666,0.4347666666666667,0.2964333333333333,0.30593333333333333
BLAZE,numpy/numpy,scikit-learn/scikit-learn,WP-large,0.3043,0.5,0.5435,0.372,0.3851
BLAZE,numpy/numpy,scikit-learn/scikit-learn,CP-cold-start,0.2174,0.413,0.5,0.3073,0.3111
BLAZE,numpy/numpy,scikit-learn/scikit-learn,CP-transfer,0.2391,0.5,0.5217,0.3342,0.341
BLAZE,scikit-learn/scikit-learn,numpy/numpy,WP-small,0.2671,0.47203333333333336,0.5693666666666667,0.3444,0.3691
BLAZE,scikit-learn/scikit-learn,numpy/numpy,WP-large,0.323,0.5155,0.6398,0.3878,0.4231
BLAZE,scikit-learn/scikit-learn,numpy/numpy,CP-cold-start,0.2795,0.441,0.5031,0.3328,0.3543
BLAZE,scikit-learn/scikit-learn,numpy/numpy,CP-transfer,0.3043,0.4845,0.5776,0.3681,0.3945
COOBA,jupyterlab/jupyterlab,lightning-ai/lightning,WP-small,0.19999999999999996,0.5422222222222223,0.6622222222222223,0.28278238550061413,0.3591738171263959
COOBA,jupyterlab/jupyterlab,pydata/xarray,WP-small,0.06666666666666667,0.22666666666666666,0.49333333333333335,0.14320848000971853,0.17274182132871985
COOBA,jupyterlab/jupyterlab,prefecthq/prefect,WP-small,0.1341463414634146,0.2764227642276423,0.3333333333333333,0.15469199151525256,0.19362915328655506
COOBA,jupyterlab/jupyterlab,pydata/xarray,WP-large,0.24,0.44,0.52,0.2685392936233051,0.3249549573007334
COOBA,jupyterlab/jupyterlab,lightning-ai/lightning,WP-large,0.28,0.5866666666666667,0.68,0.3106121590173865,0.4045835387635129
COOBA,jupyterlab/jupyterlab,prefecthq/prefect,WP-large,0.0853658536585365,0.2804878048780488,0.3536585365853658,0.1355200327600764,0.1778109220406566
COOBA,jupyterlab/jupyterlab,pydata/xarray,CP-cold-start,0.0,0.0,0.0,0.0096397008620318,0.0079975991137437
COOBA,jupyterlab/jupyterlab,lightning-ai/lightning,CP-cold-start,0.0,0.04,0.0533333333333333,0.034342699199512,0.0398024968734024
COOBA,jupyterlab/jupyterlab,prefecthq/prefect,CP-cold-start,0.0,0.024390243902439,0.0365853658536585,0.0122179623883231,0.0150234305604444
COOBA,jupyterlab/jupyterlab,pydata/xarray,CP-transfer,0.04,0.08,0.36,0.0900602912986325,0.1197033186016329
COOBA,pydata/xarray,jupyterlab/jupyterlab,WP-small,0.08333333333333333,0.3,0.47500000000000003,0.1710188191438191,0.1779202741702742
COOBA,jupyterlab/jupyterlab,lightning-ai/lightning,CP-transfer,0.32,0.56,0.6933333333333334,0.3238253995917057,0.4418417721123726
COOBA,lightning-ai/lightning,jupyterlab/jupyterlab,WP-small,0.08333333333333333,0.3,0.47500000000000003,0.1710188191438191,0.1779202741702742
COOBA,pydata/xarray,jupyterlab/jupyterlab,WP-large,0.025,0.4,0.5,0.1719047619047619,0.1729464285714285
COOBA,jupyterlab/jupyterlab,prefecthq/prefect,CP-transfer,0.0853658536585365,0.2073170731707317,0.2926829268292683,0.1283468054008599,0.1478420168099539
COOBA,prefecthq/prefect,jupyterlab/jupyterlab,WP-small,0.08333333333333333,0.3,0.47500000000000003,0.1710188191438191,0.1779202741702742
COOBA,lightning-ai/lightning,jupyterlab/jupyterlab,WP-large,0.175,0.375,0.5,0.2449016955266955,0.2530456349206348
COOBA,pydata/xarray,jupyterlab/jupyterlab,CP-cold-start,0.0,0.0,0.025,0.0111771802929024,0.0109632938997707
COOBA,prefecthq/prefect,jupyterlab/jupyterlab,WP-large,0.125,0.475,0.475,0.2566666666666667,0.2570833333333334
COOBA,lightning-ai/lightning,jupyterlab/jupyterlab,CP-cold-start,0.0,0.0,0.0,0.0138321851463799,0.0131479277773399
COOBA,pydata/xarray,jupyterlab/jupyterlab,CP-transfer,0.05,0.45,0.5,0.1835416666666666,0.1952083333333333
COOBA,jupyterlab/jupyterlab,ipython/ipython,WP-small,0.011834319526627201,0.06508875739644963,0.1597633136094674,0.05077319225685567,0.058132621127766036
COOBA,prefecthq/prefect,jupyterlab/jupyterlab,CP-cold-start,0.0,0.0,0.0,0.0041757473844751,0.0050829724886816
COOBA,lightning-ai/lightning,jupyterlab/jupyterlab,CP-transfer,0.175,0.475,0.5,0.2802380952380952,0.2975
COOBA,jupyterlab/jupyterlab,numpy/numpy,WP-small,0.0331262939958592,0.06004140786749481,0.1180124223602484,0.05857666236712253,0.06423036759307167
COOBA,prefecthq/prefect,jupyterlab/jupyterlab,CP-transfer,0.125,0.375,0.5,0.2507738095238095,0.2533630952380952
COOBA,jupyterlab/jupyterlab,ipython/ipython,WP-large,0.0414201183431952,0.1301775147928994,0.2485207100591716,0.0799496315736179,0.0993871973039238
COOBA,jupyterlab/jupyterlab,scikit-learn/scikit-learn,WP-small,0.0,0.021739130434782605,0.0579710144927536,0.024839116005263298,0.023575116612790534
COOBA,jupyterlab/jupyterlab,ipython/ipython,CP-cold-start,0.0,0.0059171597633136,0.0059171597633136,0.0053263196809791,0.0049131777833159
COOBA,jupyterlab/jupyterlab,scikit-learn/scikit-learn,WP-large,0.0,0.0652173913043478,0.1739130434782608,0.0346512072341591,0.0359189310562308
COOBA,jupyterlab/jupyterlab,scikit-learn/scikit-learn,CP-cold-start,0.0,0.0,0.0,0.0052818746832279,0.0048708456211318
COOBA,jupyterlab/jupyterlab,numpy/numpy,WP-large,0.0559006211180124,0.1677018633540372,0.1987577639751552,0.0969011005790215,0.1083478690910707
COOBA,jupyterlab/jupyterlab,ipython/ipython,CP-transfer,0.0059171597633136,0.029585798816568,0.0769230769230769,0.0349228137528207,0.0356458900528151
COOBA,ipython/ipython,jupyterlab/jupyterlab,WP-small,0.08333333333333333,0.3,0.47500000000000003,0.1710188191438191,0.1779202741702742
COOBA,ipython/ipython,jupyterlab/jupyterlab,WP-large,0.175,0.4,0.5,0.2571825396825397,0.2653075396825397
COOBA,jupyterlab/jupyterlab,numpy/numpy,CP-cold-start,0.0,0.0062111801242236,0.0062111801242236,0.0093128401245537,0.0087790889369789
COOBA,jupyterlab/jupyterlab,scikit-learn/scikit-learn,CP-transfer,0.0,0.0652173913043478,0.0652173913043478,0.0312647947657079,0.0307236471540407
COOBA,scikit-learn/scikit-learn,jupyterlab/jupyterlab,WP-small,0.08333333333333333,0.3,0.47500000000000003,0.1710188191438191,0.1779202741702742
COOBA,scikit-learn/scikit-learn,jupyterlab/jupyterlab,WP-large,0.1,0.35,0.5,0.207332251082251,0.2146428571428571
COOBA,jupyterlab/jupyterlab,numpy/numpy,CP-transfer,0.0186335403726708,0.0559006211180124,0.1180124223602484,0.0468160649079794,0.051482763136757
COOBA,numpy/numpy,jupyterlab/jupyterlab,WP-small,0.08333333333333333,0.3,0.47500000000000003,0.1710188191438191,0.1779202741702742
COOBA,scikit-learn/scikit-learn,jupyterlab/jupyterlab,CP-cold-start,0.05,0.05,0.05,0.0473087700008096,0.0582773785980946
COOBA,numpy/numpy,jupyterlab/jupyterlab,WP-large,0.125,0.425,0.5,0.2339186507936507,0.2459027777777777
COOBA,ipython/ipython,jupyterlab/jupyterlab,CP-cold-start,0.0,0.05,0.05,0.0184339993685037,0.0164699112336758
COOBA,scikit-learn/scikit-learn,jupyterlab/jupyterlab,CP-transfer,0.05,0.25,0.425,0.1389922332569391,0.1471361726508785
COOBA,jupyterlab/jupyterlab,ansible/ansible,WP-small,0.0043290043290042666,0.0129870129870129,0.015151515151515067,0.009769147627795101,0.009862149817828066
COOBA,numpy/numpy,jupyterlab/jupyterlab,CP-cold-start,0.025,0.1,0.2,0.0654492049857762,0.0661905292932769
COOBA,jupyterlab/jupyterlab,ansible/ansible,WP-large,0.0,0.0129870129870129,0.0194805194805194,0.0077127812189404,0.0076576252710713
COOBA,jupyterlab/jupyterlab,ansible/ansible,CP-cold-start,0.0,0.0064935064935064,0.0064935064935064,0.0018930692779716,0.0026760407285987
COOBA,ipython/ipython,jupyterlab/jupyterlab,CP-transfer,0.125,0.45,0.5,0.2333838383838384,0.2448611111111111
COOBA,jupyterlab/jupyterlab,docker/compose,WP-small,0.2279202279202279,0.7065527065527065,0.8319088319088319,0.3686510065334531,0.4244059394407773
COOBA,jupyterlab/jupyterlab,ansible/ansible,CP-transfer,0.0,0.0129870129870129,0.0194805194805194,0.0073413900087654,0.0074124201986057
COOBA,ansible/ansible,jupyterlab/jupyterlab,WP-small,0.08333333333333333,0.3,0.47500000000000003,0.1710188191438191,0.1779202741702742
COOBA,jupyterlab/jupyterlab,docker/compose,WP-large,0.282051282051282,0.7264957264957265,0.8717948717948718,0.4137708368976752,0.4679870151678916
COOBA,ansible/ansible,jupyterlab/jupyterlab,WP-large,0.05,0.4,0.5,0.1741071428571428,0.1844047619047619
COOBA,jupyterlab/jupyterlab,docker/compose,CP-cold-start,0.0085470085470085,0.0256410256410256,0.0256410256410256,0.016988628290103,0.0211485988439098
COOBA,jupyterlab/jupyterlab,docker/compose,CP-transfer,0.2649572649572649,0.7350427350427351,0.8205128205128205,0.3956535926268443,0.4569226939255518
COOBA,numpy/numpy,jupyterlab/jupyterlab,CP-transfer,0.025,0.275,0.5,0.1344742063492063,0.1350892857142857
COOBA,docker/compose,jupyterlab/jupyterlab,WP-small,0.08333333333333333,0.3,0.47500000000000003,0.1710188191438191,0.1779202741702742
COOBA,jupyterlab/jupyterlab,mesonbuild/meson,WP-small,0.028218694885361533,0.11463844797178126,0.16931216931216928,0.06635616435884757,0.07003426472684
COOBA,docker/compose,jupyterlab/jupyterlab,WP-large,0.15,0.475,0.475,0.2465457459207459,0.2546707459207459
COOBA,ansible/ansible,jupyterlab/jupyterlab,CP-cold-start,0.025,0.1,0.15,0.0440082816564832,0.057274643730835
COOBA,docker/compose,jupyterlab/jupyterlab,CP-cold-start,0.0,0.0,0.0,0.0049842922103478,0.0065605317772479
COOBA,jupyterlab/jupyterlab,mesonbuild/meson,WP-large,0.0423280423280423,0.1322751322751322,0.2063492063492063,0.0844114246732753,0.0894901397269549
COOBA,jupyterlab/jupyterlab,mesonbuild/meson,CP-cold-start,0.0,0.0,0.0,0.0012834470579104,0.0010007080131026
COOBA,docker/compose,jupyterlab/jupyterlab,CP-transfer,0.05,0.4,0.5,0.175515873015873,0.1921825396825396
COOBA,jupyterlab/jupyterlab,mesonbuild/meson,CP-transfer,0.0264550264550264,0.1164021164021164,0.1904761904761904,0.0680059379729935,0.0702570201109014
COOBA,jupyterlab/jupyterlab,qiskit/qiskit,WP-small,0.04166666666666663,0.1580882352941176,0.22058823529411764,0.08046694034506843,0.10172626193562061
COOBA,mesonbuild/meson,jupyterlab/jupyterlab,WP-small,0.08333333333333333,0.3,0.47500000000000003,0.1710188191438191,0.1779202741702742
COOBA,mesonbuild/meson,jupyterlab/jupyterlab,WP-large,0.075,0.2,0.425,0.1308264998889999,0.1429594363969363
COOBA,ansible/ansible,jupyterlab/jupyterlab,CP-transfer,0.025,0.075,0.3,0.0816791990689049,0.0892675829072887
COOBA,jupyterlab/jupyterlab,wagtail/wagtail,WP-small,0.0121951219512195,0.0691056910569105,0.08536585365853654,0.027354638254916835,0.03547544148370927
COOBA,jupyterlab/jupyterlab,wagtail/wagtail,WP-large,0.0609756097560975,0.0975609756097561,0.1097560975609756,0.0640682374540014,0.0770727423316387
COOBA,jupyterlab/jupyterlab,wagtail/wagtail,CP-cold-start,0.0,0.0,0.0365853658536585,0.0066271480262484,0.007538610543775
COOBA,jupyterlab/jupyterlab,wagtail/wagtail,CP-transfer,0.0,0.073170731707317,0.0975609756097561,0.0264139143709815,0.0322384593726057
COOBA,mesonbuild/meson,jupyterlab/jupyterlab,CP-cold-start,0.0,0.0,0.025,0.0108945678541622,0.0108795994670365
COOBA,wagtail/wagtail,jupyterlab/jupyterlab,WP-small,0.08333333333333333,0.3,0.47500000000000003,0.1710188191438191,0.1779202741702742
COOBA,wagtail/wagtail,jupyterlab/jupyterlab,WP-large,0.15,0.4,0.475,0.2404274891774891,0.2514691558441558
COOBA,jupyterlab/jupyterlab,qiskit/qiskit,WP-large,0.088235294117647,0.2095588235294117,0.25,0.1102693000202124,0.1408368488930799
COOBA,wagtail/wagtail,jupyterlab/jupyterlab,CP-cold-start,0.05,0.225,0.45,0.1237692168942169,0.1341858835608835
COOBA,jupyterlab/jupyterlab,qiskit/qiskit,CP-cold-start,0.0073529411764705,0.0183823529411764,0.0588235294117647,0.0218604463503698,0.023842497104876
COOBA,wagtail/wagtail,jupyterlab/jupyterlab,CP-transfer,0.2,0.4,0.475,0.2997603785103785,0.299065934065934
COOBA,lightning-ai/lightning,pydata/xarray,WP-small,0.06666666666666667,0.22666666666666666,0.49333333333333335,0.14320848000971853,0.17274182132871985
COOBA,lightning-ai/lightning,pydata/xarray,WP-large,0.08,0.2,0.44,0.1648109266020483,0.1817592938107644
COOBA,jupyterlab/jupyterlab,qiskit/qiskit,CP-transfer,0.0404411764705882,0.1544117647058823,0.213235294117647,0.0764709842883288,0.0937722743818388
COOBA,qiskit/qiskit,jupyterlab/jupyterlab,WP-small,0.08333333333333333,0.3,0.47500000000000003,0.1710188191438191,0.1779202741702742
COOBA,qiskit/qiskit,jupyterlab/jupyterlab,WP-large,0.225,0.45,0.5,0.2856944444444444,0.3077777777777778
COOBA,mesonbuild/meson,jupyterlab/jupyterlab,CP-transfer,0.0,0.2,0.425,0.0935351800976801,0.0907722832722832
COOBA,jupyterlab/jupyterlab,localstack/localstack,WP-small,0.0947368421052631,0.24912280701754383,0.32982456140350874,0.1277979649072837,0.17360978257608936
COOBA,lightning-ai/lightning,pydata/xarray,CP-cold-start,0.0,0.08,0.08,0.0240832993539797,0.0279416016725523
COOBA,jupyterlab/jupyterlab,localstack/localstack,WP-large,0.1052631578947368,0.2210526315789473,0.3263157894736842,0.1379858771624574,0.1787632126468112
COOBA,jupyterlab/jupyterlab,localstack/localstack,CP-cold-start,0.0,0.0105263157894736,0.0421052631578947,0.0259443642498088,0.0289924572176641
COOBA,jupyterlab/jupyterlab,localstack/localstack,CP-transfer,0.0947368421052631,0.231578947368421,0.3157894736842105,0.1296123887640469,0.169465818917244
COOBA,localstack/localstack,jupyterlab/jupyterlab,WP-small,0.08333333333333333,0.3,0.47500000000000003,0.1710188191438191,0.1779202741702742
COOBA,lightning-ai/lightning,pydata/xarray,CP-transfer,0.0,0.2,0.44,0.1015690009050989,0.1029619813482551
COOBA,pydata/xarray,lightning-ai/lightning,WP-small,0.19999999999999996,0.5422222222222223,0.6622222222222223,0.28278238550061413,0.3591738171263959
COOBA,localstack/localstack,jupyterlab/jupyterlab,WP-large,0.15,0.475,0.5,0.2625,0.27625
COOBA,pydata/xarray,lightning-ai/lightning,WP-large,0.2666666666666666,0.4933333333333333,0.6933333333333334,0.3273235827874108,0.4053220463249657
COOBA,pydata/xarray,lightning-ai/lightning,CP-cold-start,0.0,0.0133333333333333,0.0933333333333333,0.0318131059260884,0.0379189195653747
COOBA,localstack/localstack,jupyterlab/jupyterlab,CP-cold-start,0.025,0.075,0.075,0.0393755026409026,0.0415463471816803
COOBA,qiskit/qiskit,jupyterlab/jupyterlab,CP-cold-start,0.0,0.0,0.0,0.002109134790859,0.0019825113411594
COOBA,pydata/xarray,lightning-ai/lightning,CP-transfer,0.0933333333333333,0.56,0.6666666666666666,0.2699322006891098,0.3124646861744327
COOBA,lightning-ai/lightning,ipython/ipython,WP-small,0.011834319526627201,0.06508875739644963,0.1597633136094674,0.05077319225685567,0.058132621127766036
COOBA,localstack/localstack,jupyterlab/jupyterlab,CP-transfer,0.15,0.275,0.475,0.2207747113997114,0.2204969336219336
COOBA,lightning-ai/lightning,prefecthq/prefect,WP-small,0.1341463414634146,0.2764227642276423,0.3333333333333333,0.15469199151525256,0.19362915328655506
COOBA,lightning-ai/lightning,ipython/ipython,WP-large,0.0414201183431952,0.1538461538461538,0.1952662721893491,0.0802889268129152,0.0959362218588929
COOBA,lightning-ai/lightning,prefecthq/prefect,WP-large,0.1097560975609756,0.2682926829268293,0.3536585365853658,0.1531474216790978,0.1828843254394002
COOBA,lightning-ai/lightning,ipython/ipython,CP-cold-start,0.0,0.0,0.0,0.0041268644890799,0.0038962106420015
COOBA,lightning-ai/lightning,prefecthq/prefect,CP-cold-start,0.0,0.0,0.0,0.0084009548261514,0.00528972844566
COOBA,lightning-ai/lightning,prefecthq/prefect,CP-transfer,0.1097560975609756,0.2560975609756097,0.3536585365853658,0.1492590211025167,0.1861734732964174
COOBA,prefecthq/prefect,lightning-ai/lightning,WP-small,0.19999999999999996,0.5422222222222223,0.6622222222222223,0.28278238550061413,0.3591738171263959
COOBA,lightning-ai/lightning,ipython/ipython,CP-transfer,0.0236686390532544,0.1242603550295858,0.2011834319526627,0.0677599277527532,0.0749727240518479
COOBA,ipython/ipython,lightning-ai/lightning,WP-small,0.19999999999999996,0.5422222222222223,0.6622222222222223,0.28278238550061413,0.3591738171263959
COOBA,prefecthq/prefect,lightning-ai/lightning,WP-large,0.2933333333333333,0.5333333333333333,0.6533333333333333,0.3309058451098416,0.4159567913175994
COOBA,ipython/ipython,lightning-ai/lightning,WP-large,0.1733333333333333,0.5866666666666667,0.72,0.2853705449148654,0.3640068960390739
COOBA,prefecthq/prefect,lightning-ai/lightning,CP-cold-start,0.0,0.0533333333333333,0.0933333333333333,0.0388901216452521,0.0459014792484654
COOBA,qiskit/qiskit,jupyterlab/jupyterlab,CP-transfer,0.0,0.175,0.5,0.095500992063492,0.0930357142857142
COOBA,lightning-ai/lightning,numpy/numpy,WP-small,0.0331262939958592,0.06004140786749481,0.1180124223602484,0.05857666236712253,0.06423036759307167
COOBA,ipython/ipython,lightning-ai/lightning,CP-cold-start,0.0,0.0133333333333333,0.12,0.0419651997958055,0.0448508697725734
COOBA,prefecthq/prefect,lightning-ai/lightning,CP-transfer,0.24,0.5333333333333333,0.64,0.2608009944567441,0.3638553035988105
COOBA,lightning-ai/lightning,scikit-learn/scikit-learn,WP-small,0.0,0.021739130434782605,0.0579710144927536,0.024839116005263298,0.023575116612790534
COOBA,lightning-ai/lightning,scikit-learn/scikit-learn,WP-large,0.0217391304347826,0.0434782608695652,0.0652173913043478,0.0438524022335736,0.04353271408898
COOBA,lightning-ai/lightning,scikit-learn/scikit-learn,CP-cold-start,0.0434782608695652,0.0652173913043478,0.108695652173913,0.0509891656557024,0.060817064206427
COOBA,lightning-ai/lightning,numpy/numpy,WP-large,0.0496894409937888,0.1366459627329192,0.217391304347826,0.0900366803123352,0.101524306452817
COOBA,lightning-ai/lightning,numpy/numpy,CP-cold-start,0.0,0.0,0.0,0.0026519554705554,0.0019910796381845
COOBA,lightning-ai/lightning,scikit-learn/scikit-learn,CP-transfer,0.0217391304347826,0.0434782608695652,0.108695652173913,0.0480145165991101,0.0478716479779806
COOBA,scikit-learn/scikit-learn,lightning-ai/lightning,WP-small,0.19999999999999996,0.5422222222222223,0.6622222222222223,0.28278238550061413,0.3591738171263959
COOBA,scikit-learn/scikit-learn,lightning-ai/lightning,WP-large,0.2266666666666666,0.5066666666666667,0.68,0.2784405502237795,0.3587735359345952
COOBA,scikit-learn/scikit-learn,lightning-ai/lightning,CP-cold-start,0.0133333333333333,0.0133333333333333,0.0133333333333333,0.0179957926573653,0.0223967229160686
COOBA,ipython/ipython,lightning-ai/lightning,CP-transfer,0.16,0.52,0.72,0.2671016377426917,0.3290734588529369
COOBA,lightning-ai/lightning,docker/compose,WP-small,0.2279202279202279,0.7065527065527065,0.8319088319088319,0.3686510065334531,0.4244059394407773
COOBA,lightning-ai/lightning,numpy/numpy,CP-transfer,0.0124223602484472,0.0993788819875776,0.1304347826086956,0.0637748962977751,0.065703701474047
COOBA,numpy/numpy,lightning-ai/lightning,WP-small,0.19999999999999996,0.5422222222222223,0.6622222222222223,0.28278238550061413,0.3591738171263959
COOBA,numpy/numpy,lightning-ai/lightning,WP-large,0.2933333333333333,0.5866666666666667,0.7333333333333333,0.3431935190571171,0.4335510322215756
COOBA,lightning-ai/lightning,docker/compose,WP-large,0.188034188034188,0.6495726495726496,0.7948717948717948,0.3267942236999488,0.3727988023001877
COOBA,scikit-learn/scikit-learn,lightning-ai/lightning,CP-transfer,0.32,0.52,0.6666666666666666,0.3262092748383352,0.4366976411422189
COOBA,lightning-ai/lightning,ansible/ansible,WP-small,0.0043290043290042666,0.0129870129870129,0.015151515151515067,0.009769147627795101,0.009862149817828066
COOBA,lightning-ai/lightning,docker/compose,CP-cold-start,0.0085470085470085,0.1111111111111111,0.188034188034188,0.0772537860242209,0.08614157273066
COOBA,lightning-ai/lightning,ansible/ansible,WP-large,0.0,0.0194805194805194,0.0194805194805194,0.0053948469033412,0.0055286952669908
COOBA,lightning-ai/lightning,docker/compose,CP-transfer,0.2991452991452991,0.7264957264957265,0.8376068376068376,0.4103829250143134,0.4662411786425571
COOBA,numpy/numpy,lightning-ai/lightning,CP-cold-start,0.0266666666666666,0.1066666666666666,0.1066666666666666,0.0747419178710484,0.0770772748968921
COOBA,docker/compose,lightning-ai/lightning,WP-small,0.19999999999999996,0.5422222222222223,0.6622222222222223,0.28278238550061413,0.3591738171263959
BLAZE,jupyterlab/jupyterlab,ipython/ipython,WP-small,0.2268,0.43393333333333334,0.5029666666666667,0.2921666666666667,0.3236
COOBA,lightning-ai/lightning,ansible/ansible,CP-cold-start,0.0,0.0,0.0064935064935064,0.0023907147511016,0.0023954475139233
COOBA,docker/compose,lightning-ai/lightning,WP-large,0.2933333333333333,0.5733333333333334,0.6666666666666666,0.3316711375638044,0.4237669098453043
COOBA,docker/compose,lightning-ai/lightning,CP-cold-start,0.04,0.04,0.12,0.0223461461172559,0.0576146714741302
COOBA,lightning-ai/lightning,ansible/ansible,CP-transfer,0.0,0.0129870129870129,0.0129870129870129,0.0083727355577562,0.0084002445837592
COOBA,ansible/ansible,lightning-ai/lightning,WP-small,0.19999999999999996,0.5422222222222223,0.6622222222222223,0.28278238550061413,0.3591738171263959
COOBA,ansible/ansible,lightning-ai/lightning,WP-large,0.28,0.52,0.6933333333333334,0.3266353667118947,0.40060261615883
COOBA,docker/compose,lightning-ai/lightning,CP-transfer,0.3333333333333333,0.5333333333333333,0.6933333333333334,0.3196259609437879,0.4465226770250067
COOBA,ansible/ansible,lightning-ai/lightning,CP-cold-start,0.0133333333333333,0.0666666666666666,0.1466666666666666,0.0463140118161065,0.0516143731771099
COOBA,lightning-ai/lightning,qiskit/qiskit,WP-small,0.04166666666666663,0.1580882352941176,0.22058823529411764,0.08046694034506843,0.10172626193562061
COOBA,numpy/numpy,lightning-ai/lightning,CP-transfer,0.0533333333333333,0.44,0.6533333333333333,0.2085365831570826,0.2520085696708128
COOBA,lightning-ai/lightning,mesonbuild/meson,WP-small,0.028218694885361533,0.11463844797178126,0.16931216931216928,0.06635616435884757,0.07003426472684
COOBA,lightning-ai/lightning,mesonbuild/meson,WP-large,0.0264550264550264,0.1587301587301587,0.1957671957671957,0.0726839257933322,0.0785547553902264
COOBA,ansible/ansible,lightning-ai/lightning,CP-transfer,0.2933333333333333,0.52,0.6133333333333333,0.3255592587150862,0.4223429996776618
COOBA,lightning-ai/lightning,wagtail/wagtail,WP-small,0.0121951219512195,0.0691056910569105,0.08536585365853654,0.027354638254916835,0.03547544148370927
COOBA,lightning-ai/lightning,qiskit/qiskit,WP-large,0.0661764705882353,0.2316176470588235,0.2720588235294117,0.1043149854213503,0.1417584905255813
COOBA,lightning-ai/lightning,mesonbuild/meson,CP-cold-start,0.0,0.0,0.0,0.0012295638211819,0.0009642155395221
COOBA,lightning-ai/lightning,wagtail/wagtail,WP-large,0.0609756097560975,0.1097560975609756,0.1341463414634146,0.0674028146607191,0.0794315929195811
COOBA,lightning-ai/lightning,qiskit/qiskit,CP-cold-start,0.0073529411764705,0.0183823529411764,0.0294117647058823,0.0094748813687569,0.0167756490522259
COOBA,lightning-ai/lightning,wagtail/wagtail,CP-cold-start,0.0,0.024390243902439,0.024390243902439,0.0069197102652059,0.0092724802992355
COOBA,lightning-ai/lightning,wagtail/wagtail,CP-transfer,0.0,0.0365853658536585,0.1097560975609756,0.0211513818261556,0.0232594084527653
COOBA,lightning-ai/lightning,mesonbuild/meson,CP-transfer,0.0317460317460317,0.1322751322751322,0.1957671957671957,0.0718509859745664,0.0768936351544071
COOBA,mesonbuild/meson,lightning-ai/lightning,WP-small,0.19999999999999996,0.5422222222222223,0.6622222222222223,0.28278238550061413,0.3591738171263959
COOBA,mesonbuild/meson,lightning-ai/lightning,WP-large,0.28,0.5333333333333333,0.6666666666666666,0.330684372974857,0.4143068908223998
COOBA,lightning-ai/lightning,qiskit/qiskit,CP-transfer,0.0698529411764705,0.1691176470588235,0.2426470588235294,0.0987314910828771,0.1181403635975718
COOBA,qiskit/qiskit,lightning-ai/lightning,WP-small,0.19999999999999996,0.5422222222222223,0.6622222222222223,0.28278238550061413,0.3591738171263959
COOBA,qiskit/qiskit,lightning-ai/lightning,WP-large,0.28,0.52,0.7066666666666667,0.3168172093436623,0.3910784253155044
COOBA,mesonbuild/meson,lightning-ai/lightning,CP-cold-start,0.0133333333333333,0.0266666666666666,0.0666666666666666,0.0429085850515766,0.050641883137644
COOBA,qiskit/qiskit,lightning-ai/lightning,CP-cold-start,0.0133333333333333,0.0133333333333333,0.0133333333333333,0.0126090074354774,0.020573584834055
COOBA,mesonbuild/meson,lightning-ai/lightning,CP-transfer,0.1466666666666666,0.5066666666666667,0.6933333333333334,0.2405703189060539,0.313904622979844
COOBA,lightning-ai/lightning,localstack/localstack,WP-small,0.0947368421052631,0.24912280701754383,0.32982456140350874,0.1277979649072837,0.17360978257608936
COOBA,lightning-ai/lightning,localstack/localstack,WP-large,0.0736842105263157,0.2210526315789473,0.3263157894736842,0.1224966303291166,0.1606701035291202
COOBA,lightning-ai/lightning,localstack/localstack,CP-cold-start,0.0105263157894736,0.0421052631578947,0.0842105263157894,0.0233772850105983,0.0362721324442976
COOBA,lightning-ai/lightning,localstack/localstack,CP-transfer,0.0736842105263157,0.2631578947368421,0.3368421052631579,0.1193175984454234,0.1580892177551091
COOBA,localstack/localstack,lightning-ai/lightning,WP-small,0.19999999999999996,0.5422222222222223,0.6622222222222223,0.28278238550061413,0.3591738171263959
COOBA,localstack/localstack,lightning-ai/lightning,WP-large,0.28,0.56,0.7333333333333333,0.3384838155298188,0.4247479292357156
COOBA,localstack/localstack,lightning-ai/lightning,CP-cold-start,0.0266666666666666,0.3066666666666666,0.4266666666666667,0.1004514570189656,0.1484707115246822
BLAZE,jupyterlab/jupyterlab,ipython/ipython,WP-large,0.2781,0.503,0.5858,0.345,0.383
BLAZE,jupyterlab/jupyterlab,ipython/ipython,CP-cold-start,0.1479,0.2781,0.3077,0.1891,0.207
BLAZE,jupyterlab/jupyterlab,ipython/ipython,CP-transfer,0.1657,0.4083,0.4734,0.2511,0.2782
BLAZE,ipython/ipython,jupyterlab/jupyterlab,WP-small,0.016666666666666666,0.05833333333333334,0.08333333333333333,0.04153333333333333,0.04246666666666667
BLAZE,ipython/ipython,jupyterlab/jupyterlab,WP-large,0.175,0.25,0.25,0.1839,0.2087
COOBA,qiskit/qiskit,lightning-ai/lightning,CP-transfer,0.1066666666666666,0.4533333333333333,0.64,0.2438794934043945,0.2741331813316011
COOBA,prefecthq/prefect,scikit-learn/scikit-learn,WP-small,0.0,0.021739130434782605,0.0579710144927536,0.024839116005263298,0.023575116612790534
COOBA,localstack/localstack,lightning-ai/lightning,CP-transfer,0.28,0.52,0.6666666666666666,0.3237678552464799,0.4165016612273669
BLAZE,ipython/ipython,jupyterlab/jupyterlab,CP-cold-start,0.15,0.225,0.25,0.1561,0.1915
COOBA,prefecthq/prefect,pydata/xarray,WP-small,0.06666666666666667,0.22666666666666666,0.49333333333333335,0.14320848000971853,0.17274182132871985
COOBA,prefecthq/prefect,scikit-learn/scikit-learn,WP-large,0.0,0.0217391304347826,0.0652173913043478,0.0235515869467276,0.023172014828025
COOBA,prefecthq/prefect,pydata/xarray,WP-large,0.16,0.32,0.36,0.2202156590829032,0.2700765845761575
BLAZE,ipython/ipython,jupyterlab/jupyterlab,CP-transfer,0.15,0.225,0.225,0.1556,0.1811
BLAZE,jupyterlab/jupyterlab,mesonbuild/meson,WP-small,0.1605,0.2769,0.32983333333333337,0.19696666666666665,0.21319999999999997
BLAZE,jupyterlab/jupyterlab,mesonbuild/meson,WP-large,0.1905,0.3016,0.3757,0.2327,0.2466
COOBA,prefecthq/prefect,scikit-learn/scikit-learn,CP-cold-start,0.0,0.0,0.0,0.0012279219009845,0.0011343804912337
COOBA,prefecthq/prefect,pydata/xarray,CP-cold-start,0.0,0.0,0.0,0.0078521202445344,0.0063884632714202
BLAZE,jupyterlab/jupyterlab,mesonbuild/meson,CP-cold-start,0.1111,0.2434,0.3016,0.1514,0.1674
COOBA,prefecthq/prefect,scikit-learn/scikit-learn,CP-transfer,0.0,0.0217391304347826,0.108695652173913,0.0287156611211833,0.0284088787092219
COOBA,scikit-learn/scikit-learn,prefecthq/prefect,WP-small,0.1341463414634146,0.2764227642276423,0.3333333333333333,0.15469199151525256,0.19362915328655506
COOBA,scikit-learn/scikit-learn,prefecthq/prefect,WP-large,0.1463414634146341,0.2682926829268293,0.3536585365853658,0.1688447166220605,0.2070365699150985
COOBA,prefecthq/prefect,pydata/xarray,CP-transfer,0.12,0.32,0.52,0.2109011414872423,0.2467085313718357
COOBA,pydata/xarray,prefecthq/prefect,WP-small,0.1341463414634146,0.2764227642276423,0.3333333333333333,0.15469199151525256,0.19362915328655506
COOBA,scikit-learn/scikit-learn,prefecthq/prefect,CP-cold-start,0.0,0.0,0.0,0.0071420943043403,0.0045390397678019
COOBA,pydata/xarray,prefecthq/prefect,WP-large,0.1219512195121951,0.2439024390243902,0.2804878048780488,0.1406267369366244,0.1767060949059888
COOBA,pydata/xarray,prefecthq/prefect,CP-cold-start,0.0,0.048780487804878,0.048780487804878,0.0146352240034146,0.0216814973686852
COOBA,scikit-learn/scikit-learn,prefecthq/prefect,CP-transfer,0.1341463414634146,0.2560975609756097,0.3170731707317073,0.1533115860983855,0.1928372203198283
COOBA,prefecthq/prefect,ansible/ansible,WP-small,0.0043290043290042666,0.0129870129870129,0.015151515151515067,0.009769147627795101,0.009862149817828066
COOBA,pydata/xarray,prefecthq/prefect,CP-transfer,0.0609756097560975,0.2317073170731707,0.3048780487804878,0.117660603590643,0.1421719598066178
COOBA,prefecthq/prefect,ipython/ipython,WP-small,0.011834319526627201,0.06508875739644963,0.1597633136094674,0.05077319225685567,0.058132621127766036
COOBA,prefecthq/prefect,ansible/ansible,WP-large,0.0064935064935064,0.0129870129870129,0.0129870129870129,0.010813378985772,0.0107540532761847
COOBA,prefecthq/prefect,ipython/ipython,WP-large,0.0414201183431952,0.1420118343195266,0.2426035502958579,0.0858882437794617,0.1050752555383973
COOBA,prefecthq/prefect,ansible/ansible,CP-cold-start,0.0,0.0,0.0,0.0013033375324435,0.0014859938881294
COOBA,prefecthq/prefect,ipython/ipython,CP-cold-start,0.0,0.0,0.0059171597633136,0.0046804077078683,0.0045286467115663
COOBA,prefecthq/prefect,ansible/ansible,CP-transfer,0.0,0.0129870129870129,0.0129870129870129,0.0088463157454,0.0088026094516937
COOBA,ansible/ansible,prefecthq/prefect,WP-small,0.1341463414634146,0.2764227642276423,0.3333333333333333,0.15469199151525256,0.19362915328655506
COOBA,ansible/ansible,prefecthq/prefect,WP-large,0.1463414634146341,0.2682926829268293,0.3536585365853658,0.1621796255219228,0.2128733296102377
COOBA,prefecthq/prefect,ipython/ipython,CP-transfer,0.0236686390532544,0.1301775147928994,0.2130177514792899,0.0631294206062941,0.0767827997091381
COOBA,ipython/ipython,prefecthq/prefect,WP-small,0.1341463414634146,0.2764227642276423,0.3333333333333333,0.15469199151525256,0.19362915328655506
COOBA,ipython/ipython,prefecthq/prefect,WP-large,0.048780487804878,0.0853658536585365,0.2073170731707317,0.0630149577363044,0.0906827401855191
COOBA,ansible/ansible,prefecthq/prefect,CP-cold-start,0.0121951219512195,0.048780487804878,0.073170731707317,0.0294744062171368,0.0391108403205656
COOBA,ipython/ipython,prefecthq/prefect,CP-cold-start,0.0121951219512195,0.0121951219512195,0.0121951219512195,0.0086579185188312,0.0164229141891618
COOBA,ansible/ansible,prefecthq/prefect,CP-transfer,0.1463414634146341,0.2682926829268293,0.3414634146341463,0.1677417807797693,0.2128662750365818
COOBA,prefecthq/prefect,wagtail/wagtail,WP-small,0.0121951219512195,0.0691056910569105,0.08536585365853654,0.027354638254916835,0.03547544148370927
COOBA,prefecthq/prefect,wagtail/wagtail,WP-large,0.0609756097560975,0.0975609756097561,0.1341463414634146,0.0669326956014579,0.0795155195340773
COOBA,prefecthq/prefect,wagtail/wagtail,CP-cold-start,0.0121951219512195,0.0121951219512195,0.0121951219512195,0.005513190311268,0.013411229293125
COOBA,ipython/ipython,prefecthq/prefect,CP-transfer,0.0609756097560975,0.1829268292682926,0.3048780487804878,0.1145394934323141,0.1326737563178513
COOBA,prefecthq/prefect,docker/compose,WP-small,0.2279202279202279,0.7065527065527065,0.8319088319088319,0.3686510065334531,0.4244059394407773
COOBA,prefecthq/prefect,docker/compose,WP-large,0.2051282051282051,0.7264957264957265,0.8974358974358975,0.3619425833403784,0.3996186391037508
COOBA,prefecthq/prefect,wagtail/wagtail,CP-transfer,0.024390243902439,0.0975609756097561,0.1219512195121951,0.0479784954697865,0.0494480656013456
COOBA,wagtail/wagtail,prefecthq/prefect,WP-small,0.1341463414634146,0.2764227642276423,0.3333333333333333,0.15469199151525256,0.19362915328655506
COOBA,prefecthq/prefect,docker/compose,CP-cold-start,0.0854700854700854,0.1709401709401709,0.1965811965811965,0.0803126301711692,0.1258881066387118
COOBA,wagtail/wagtail,prefecthq/prefect,WP-large,0.0853658536585365,0.2682926829268293,0.3170731707317073,0.1346261495395584,0.1615494503074262
COOBA,wagtail/wagtail,prefecthq/prefect,CP-cold-start,0.0,0.0121951219512195,0.048780487804878,0.0120586702706779,0.013815804582304
COOBA,prefecthq/prefect,docker/compose,CP-transfer,0.188034188034188,0.7264957264957265,0.8205128205128205,0.3285469795293591,0.3737066262572336
COOBA,docker/compose,prefecthq/prefect,WP-small,0.1341463414634146,0.2764227642276423,0.3333333333333333,0.15469199151525256,0.19362915328655506
COOBA,wagtail/wagtail,prefecthq/prefect,CP-transfer,0.0853658536585365,0.2804878048780488,0.3902439024390244,0.1492810901086414,0.182134048175156
COOBA,docker/compose,prefecthq/prefect,WP-large,0.1341463414634146,0.2804878048780488,0.3536585365853658,0.1627544202716598,0.2111685555502059
COOBA,pydata/xarray,scikit-learn/scikit-learn,WP-small,0.0,0.021739130434782605,0.0579710144927536,0.024839116005263298,0.023575116612790534
COOBA,pydata/xarray,scikit-learn/scikit-learn,WP-large,0.0,0.0217391304347826,0.0434782608695652,0.0234275295379472,0.0232672731276908
COOBA,pydata/xarray,scikit-learn/scikit-learn,CP-cold-start,0.0,0.0,0.0434782608695652,0.0079409703381985,0.0078762783237329
COOBA,docker/compose,prefecthq/prefect,CP-cold-start,0.0121951219512195,0.0121951219512195,0.0121951219512195,0.0101377679854529,0.0167516714527041
COOBA,pydata/xarray,scikit-learn/scikit-learn,CP-transfer,0.0,0.0,0.0217391304347826,0.0167705467150602,0.015655838111915
COOBA,scikit-learn/scikit-learn,pydata/xarray,WP-small,0.06666666666666667,0.22666666666666666,0.49333333333333335,0.14320848000971853,0.17274182132871985
COOBA,scikit-learn/scikit-learn,pydata/xarray,WP-large,0.16,0.36,0.68,0.2537085888437624,0.3020033004820239
COOBA,scikit-learn/scikit-learn,pydata/xarray,CP-cold-start,0.0,0.0,0.0,0.0078502904078962,0.0064187900117038
COOBA,docker/compose,prefecthq/prefect,CP-transfer,0.0365853658536585,0.2560975609756097,0.2926829268292683,0.1165841715431474,0.1268945982656416
COOBA,prefecthq/prefect,qiskit/qiskit,WP-small,0.04166666666666663,0.1580882352941176,0.22058823529411764,0.08046694034506843,0.10172626193562061
COOBA,scikit-learn/scikit-learn,pydata/xarray,CP-transfer,0.08,0.36,0.52,0.1739918978438475,0.2056555152521685
COOBA,pydata/xarray,ansible/ansible,WP-small,0.0043290043290042666,0.0129870129870129,0.015151515151515067,0.009769147627795101,0.009862149817828066
COOBA,pydata/xarray,ansible/ansible,WP-large,0.0,0.0129870129870129,0.0194805194805194,0.0089241870431345,0.0089183114231574
COOBA,pydata/xarray,ansible/ansible,CP-cold-start,0.0,0.0,0.0,0.001243540474507,0.0012154893066202
COOBA,prefecthq/prefect,qiskit/qiskit,WP-large,0.0808823529411764,0.2279411764705882,0.2794117647058823,0.1147370769973941,0.1465302998371857
COOBA,pydata/xarray,ansible/ansible,CP-transfer,0.0,0.0064935064935064,0.0129870129870129,0.0057558599004187,0.0058163857274444
COOBA,ansible/ansible,pydata/xarray,WP-small,0.06666666666666667,0.22666666666666666,0.49333333333333335,0.14320848000971853,0.17274182132871985
COOBA,ansible/ansible,pydata/xarray,WP-large,0.08,0.4,0.52,0.208834596240588,0.2382955705146857
COOBA,prefecthq/prefect,qiskit/qiskit,CP-cold-start,0.0,0.0220588235294117,0.0477941176470588,0.0167977782589924,0.0194329511225411
COOBA,ansible/ansible,pydata/xarray,CP-cold-start,0.0,0.0,0.0,0.0086547841467179,0.0070947034279968
COOBA,ansible/ansible,pydata/xarray,CP-transfer,0.12,0.44,0.56,0.2175007228152664,0.2647412493452665
COOBA,pydata/xarray,wagtail/wagtail,WP-small,0.0121951219512195,0.0691056910569105,0.08536585365853654,0.027354638254916835,0.03547544148370927
COOBA,pydata/xarray,wagtail/wagtail,WP-large,0.0365853658536585,0.0975609756097561,0.1341463414634146,0.0605810646934095,0.0635600988362824
COOBA,prefecthq/prefect,qiskit/qiskit,CP-transfer,0.0661764705882353,0.1691176470588235,0.2463235294117647,0.1035135855346938,0.1241804430399751
COOBA,qiskit/qiskit,prefecthq/prefect,WP-small,0.1341463414634146,0.2764227642276423,0.3333333333333333,0.15469199151525256,0.19362915328655506
COOBA,pydata/xarray,wagtail/wagtail,CP-cold-start,0.0,0.0,0.0,0.0008219276378393,0.0006309331246398
COOBA,qiskit/qiskit,prefecthq/prefect,WP-large,0.0975609756097561,0.2560975609756097,0.3658536585365853,0.1562027820808946,0.1865667239899812
COOBA,pydata/xarray,wagtail/wagtail,CP-transfer,0.0,0.0609756097560975,0.0853658536585365,0.0192969423676552,0.02308621095642
COOBA,wagtail/wagtail,pydata/xarray,WP-small,0.06666666666666667,0.22666666666666666,0.49333333333333335,0.14320848000971853,0.17274182132871985
COOBA,wagtail/wagtail,pydata/xarray,WP-large,0.12,0.28,0.52,0.1953762598777091,0.2496712022991221
BLAZE,jupyterlab/jupyterlab,mesonbuild/meson,CP-transfer,0.1958,0.3175,0.3598,0.2341,0.2534
BLAZE,mesonbuild/meson,jupyterlab/jupyterlab,WP-small,0.016666666666666666,0.05833333333333334,0.08333333333333333,0.04153333333333333,0.04246666666666667
BLAZE,mesonbuild/meson,jupyterlab/jupyterlab,WP-large,0.15,0.25,0.25,0.177,0.1961
COOBA,wagtail/wagtail,pydata/xarray,CP-cold-start,0.0,0.08,0.12,0.0407347849456527,0.0457399134498799
BLAZE,mesonbuild/meson,jupyterlab/jupyterlab,CP-cold-start,0.075,0.2,0.225,0.1272,0.1424
BLAZE,mesonbuild/meson,jupyterlab/jupyterlab,CP-transfer,0.125,0.2,0.25,0.1243,0.1569
BLAZE,jupyterlab/jupyterlab,ansible/ansible,WP-small,0.11256666666666666,0.17096666666666668,0.1883,0.12666666666666668,0.1396
BLAZE,jupyterlab/jupyterlab,ansible/ansible,WP-large,0.0974,0.1753,0.2013,0.1248,0.1321
BLAZE,jupyterlab/jupyterlab,ansible/ansible,CP-cold-start,0.0714,0.1169,0.1429,0.0879,0.0983
COOBA,qiskit/qiskit,prefecthq/prefect,CP-cold-start,0.0365853658536585,0.1341463414634146,0.1829268292682926,0.0796827118099904,0.0958084776197979
COOBA,wagtail/wagtail,pydata/xarray,CP-transfer,0.04,0.28,0.56,0.1549300674634351,0.1620809389823238
COOBA,numpy/numpy,ipython/ipython,WP-small,0.011834319526627201,0.06508875739644963,0.1597633136094674,0.05077319225685567,0.058132621127766036
BLAZE,jupyterlab/jupyterlab,ansible/ansible,CP-transfer,0.1169,0.1494,0.1883,0.1271,0.1379
BLAZE,ansible/ansible,jupyterlab/jupyterlab,WP-small,0.016666666666666666,0.05833333333333334,0.08333333333333333,0.04153333333333333,0.04246666666666667
BLAZE,ansible/ansible,jupyterlab/jupyterlab,WP-large,0.15,0.25,0.25,0.173,0.2003
BLAZE,ansible/ansible,jupyterlab/jupyterlab,CP-cold-start,0.175,0.2,0.225,0.1741,0.1922
COOBA,numpy/numpy,ipython/ipython,WP-large,0.0473372781065088,0.1479289940828402,0.2426035502958579,0.0905829746236259,0.1099847694438767
BLAZE,ansible/ansible,jupyterlab/jupyterlab,CP-transfer,0.15,0.2,0.2,0.1628,0.1777
BLAZE,jupyterlab/jupyterlab,docker/compose,WP-small,0.28773333333333334,0.5555666666666667,0.6751999999999999,0.34026666666666666,0.41323333333333334
BLAZE,jupyterlab/jupyterlab,docker/compose,WP-large,0.4188,0.6581,0.7521,0.4464,0.5363
BLAZE,jupyterlab/jupyterlab,docker/compose,CP-cold-start,0.1026,0.265,0.3675,0.1517,0.1855
BLAZE,jupyterlab/jupyterlab,docker/compose,CP-transfer,0.3248,0.5641,0.7009,0.3594,0.4317
BLAZE,docker/compose,jupyterlab/jupyterlab,WP-small,0.016666666666666666,0.05833333333333334,0.08333333333333333,0.04153333333333333,0.04246666666666667
BLAZE,docker/compose,jupyterlab/jupyterlab,WP-large,0.175,0.25,0.25,0.1901,0.2128
BLAZE,docker/compose,jupyterlab/jupyterlab,CP-cold-start,0.125,0.175,0.2,0.1309,0.1559
BLAZE,docker/compose,jupyterlab/jupyterlab,CP-transfer,0.125,0.175,0.175,0.135,0.1533
COOBA,numpy/numpy,ipython/ipython,CP-cold-start,0.0,0.0118343195266272,0.0532544378698224,0.0149154854651907,0.0166211633283789
BLAZE,jupyterlab/jupyterlab,localstack/localstack,WP-small,0.14733333333333334,0.3017666666666667,0.38243333333333335,0.17479999999999998,0.22846666666666668
COOBA,numpy/numpy,ipython/ipython,CP-transfer,0.0,0.0946745562130177,0.2130177514792899,0.0568757804823583,0.0646740354303317
COOBA,ipython/ipython,numpy/numpy,WP-small,0.0331262939958592,0.06004140786749481,0.1180124223602484,0.05857666236712253,0.06423036759307167
COOBA,qiskit/qiskit,prefecthq/prefect,CP-transfer,0.1585365853658536,0.2682926829268293,0.3170731707317073,0.1667512007150292,0.2125651366357056
COOBA,pydata/xarray,ipython/ipython,WP-small,0.011834319526627201,0.06508875739644963,0.1597633136094674,0.05077319225685567,0.058132621127766036
COOBA,ipython/ipython,numpy/numpy,WP-large,0.0683229813664596,0.1490683229813664,0.1987577639751552,0.1016277115954268,0.1160036838448555
COOBA,pydata/xarray,ipython/ipython,WP-large,0.029585798816568,0.1538461538461538,0.2485207100591716,0.0778667013601055,0.093282253193821
COOBA,pydata/xarray,ipython/ipython,CP-cold-start,0.0,0.0,0.0059171597633136,0.0094914038810556,0.0086237612041261
COOBA,ipython/ipython,numpy/numpy,CP-cold-start,0.0,0.0124223602484472,0.0248447204968944,0.0105849288169531,0.0101290778333084
COOBA,pydata/xarray,ipython/ipython,CP-transfer,0.0118343195266272,0.1301775147928994,0.2366863905325443,0.0675004762369299,0.078091098914945
COOBA,ipython/ipython,pydata/xarray,WP-small,0.06666666666666667,0.22666666666666666,0.49333333333333335,0.14320848000971853,0.17274182132871985
COOBA,ipython/ipython,pydata/xarray,WP-large,0.16,0.32,0.52,0.2081744720887184,0.2621213847212299
COOBA,ipython/ipython,pydata/xarray,CP-cold-start,0.04,0.08,0.08,0.0423039670171279,0.0616576020663164
COOBA,ipython/ipython,numpy/numpy,CP-transfer,0.0372670807453416,0.1118012422360248,0.1987577639751552,0.0733650246488705,0.0795901812845429
COOBA,numpy/numpy,docker/compose,WP-small,0.2279202279202279,0.7065527065527065,0.8319088319088319,0.3686510065334531,0.4244059394407773
COOBA,numpy/numpy,docker/compose,WP-large,0.1709401709401709,0.5299145299145299,0.8034188034188035,0.3078586426536173,0.3449743621225337
COOBA,numpy/numpy,docker/compose,CP-cold-start,0.0,0.0512820512820512,0.2478632478632478,0.0589161120511581,0.0689911200612165
COOBA,ipython/ipython,pydata/xarray,CP-transfer,0.0,0.0,0.12,0.0565809500204578,0.0586303201455801
COOBA,pydata/xarray,docker/compose,WP-small,0.2279202279202279,0.7065527065527065,0.8319088319088319,0.3686510065334531,0.4244059394407773
COOBA,pydata/xarray,docker/compose,WP-large,0.2222222222222222,0.7264957264957265,0.8461538461538461,0.3821527241150305,0.4409939401350221
COOBA,pydata/xarray,docker/compose,CP-cold-start,0.0,0.2136752136752136,0.4017094017094017,0.100373221228811,0.1073650151659005
COOBA,pydata/xarray,docker/compose,CP-transfer,0.1709401709401709,0.7264957264957265,0.8290598290598291,0.3370362485862928,0.3781298203896838
COOBA,docker/compose,pydata/xarray,WP-small,0.06666666666666667,0.22666666666666666,0.49333333333333335,0.14320848000971853,0.17274182132871985
COOBA,docker/compose,pydata/xarray,WP-large,0.12,0.36,0.52,0.2095366752533335,0.2512885494503059
COOBA,docker/compose,pydata/xarray,CP-cold-start,0.0,0.0,0.08,0.0253525277703127,0.0247579209182743
COOBA,numpy/numpy,docker/compose,CP-transfer,0.2307692307692307,0.7435897435897436,0.8376068376068376,0.3789337197444386,0.4337289116449498
COOBA,docker/compose,numpy/numpy,WP-small,0.0331262939958592,0.06004140786749481,0.1180124223602484,0.05857666236712253,0.06423036759307167
COOBA,docker/compose,numpy/numpy,WP-large,0.0248447204968944,0.0993788819875776,0.1739130434782608,0.0783922615929041,0.0759366544922051
COOBA,docker/compose,pydata/xarray,CP-transfer,0.04,0.32,0.56,0.1682095511024778,0.2062827736493586
COOBA,docker/compose,numpy/numpy,CP-cold-start,0.0,0.0,0.0,0.0030533068919398,0.0024486867389761
COOBA,pydata/xarray,qiskit/qiskit,WP-small,0.04166666666666663,0.1580882352941176,0.22058823529411764,0.08046694034506843,0.10172626193562061
COOBA,docker/compose,numpy/numpy,CP-transfer,0.0124223602484472,0.0434782608695652,0.0993788819875776,0.0453976758390073,0.0460651541438845
COOBA,numpy/numpy,qiskit/qiskit,WP-small,0.04166666666666663,0.1580882352941176,0.22058823529411764,0.08046694034506843,0.10172626193562061
COOBA,pydata/xarray,qiskit/qiskit,WP-large,0.0551470588235294,0.2169117647058823,0.2683823529411764,0.1004957954700152,0.1322401512460561
COOBA,pydata/xarray,qiskit/qiskit,CP-cold-start,0.0036764705882352,0.0110294117647058,0.0588235294117647,0.0129062958193888,0.016054543970168
COOBA,pydata/xarray,qiskit/qiskit,CP-transfer,0.0220588235294117,0.1397058823529411,0.2022058823529411,0.0627970363068014,0.0777876854255016
COOBA,qiskit/qiskit,pydata/xarray,WP-small,0.06666666666666667,0.22666666666666666,0.49333333333333335,0.14320848000971853,0.17274182132871985
COOBA,qiskit/qiskit,pydata/xarray,WP-large,0.04,0.32,0.48,0.166720422011404,0.1889533812687436
COOBA,numpy/numpy,qiskit/qiskit,WP-large,0.0992647058823529,0.2242647058823529,0.2794117647058823,0.1205096794028823,0.1609854986917605
COOBA,numpy/numpy,qiskit/qiskit,CP-cold-start,0.0036764705882352,0.0110294117647058,0.0294117647058823,0.0129104019681301,0.0159255381449337
COOBA,qiskit/qiskit,pydata/xarray,CP-cold-start,0.08,0.24,0.28,0.1255614873930922,0.1579482036850849
COOBA,numpy/numpy,qiskit/qiskit,CP-transfer,0.0441176470588235,0.1580882352941176,0.25,0.0837457964422536,0.1062136058369676
COOBA,qiskit/qiskit,numpy/numpy,WP-small,0.0331262939958592,0.06004140786749481,0.1180124223602484,0.05857666236712253,0.06423036759307167
COOBA,qiskit/qiskit,numpy/numpy,WP-large,0.0434782608695652,0.1304347826086956,0.1987577639751552,0.0861290308317347,0.0933520216301408
BLAZE,jupyterlab/jupyterlab,localstack/localstack,WP-large,0.1789,0.4,0.4737,0.217,0.2744
BLAZE,jupyterlab/jupyterlab,localstack/localstack,CP-cold-start,0.0737,0.1895,0.2421,0.1017,0.136
BLAZE,jupyterlab/jupyterlab,localstack/localstack,CP-transfer,0.1158,0.2632,0.3579,0.1623,0.2005
BLAZE,localstack/localstack,jupyterlab/jupyterlab,WP-small,0.016666666666666666,0.05833333333333334,0.08333333333333333,0.04153333333333333,0.04246666666666667
BLAZE,localstack/localstack,jupyterlab/jupyterlab,WP-large,0.175,0.25,0.25,0.1894,0.2128
COOBA,qiskit/qiskit,numpy/numpy,CP-cold-start,0.0062111801242236,0.0062111801242236,0.0062111801242236,0.0045007988499477,0.0089334297901734
BLAZE,localstack/localstack,jupyterlab/jupyterlab,CP-cold-start,0.05,0.075,0.1,0.0517,0.0677
COOBA,qiskit/qiskit,pydata/xarray,CP-transfer,0.0,0.12,0.48,0.0987025376000345,0.1120638313265209
COOBA,numpy/numpy,mesonbuild/meson,WP-small,0.028218694885361533,0.11463844797178126,0.16931216931216928,0.06635616435884757,0.07003426472684
COOBA,numpy/numpy,mesonbuild/meson,WP-large,0.0423280423280423,0.1587301587301587,0.201058201058201,0.0832961871042677,0.0915922748002948
COOBA,numpy/numpy,mesonbuild/meson,CP-cold-start,0.0052910052910052,0.0211640211640211,0.0582010582010582,0.0219664625604772,0.0241480332046649
COOBA,numpy/numpy,mesonbuild/meson,CP-transfer,0.0582010582010582,0.1481481481481481,0.1957671957671957,0.0929184313777091,0.1023676399104348
COOBA,mesonbuild/meson,numpy/numpy,WP-small,0.0331262939958592,0.06004140786749481,0.1180124223602484,0.05857666236712253,0.06423036759307167
COOBA,qiskit/qiskit,numpy/numpy,CP-transfer,0.0496894409937888,0.1180124223602484,0.217391304347826,0.0958459971305327,0.0999577116339942
COOBA,scikit-learn/scikit-learn,ansible/ansible,WP-small,0.0043290043290042666,0.0129870129870129,0.015151515151515067,0.009769147627795101,0.009862149817828066
COOBA,mesonbuild/meson,numpy/numpy,WP-large,0.0372670807453416,0.124223602484472,0.2049689440993788,0.0831935864490703,0.0884153028146561
COOBA,scikit-learn/scikit-learn,ansible/ansible,WP-large,0.0,0.0129870129870129,0.0194805194805194,0.0074959690207379,0.0075769729864021
COOBA,scikit-learn/scikit-learn,ansible/ansible,CP-cold-start,0.0,0.0,0.0,0.0009604636337893,0.0010381294004233
COOBA,scikit-learn/scikit-learn,ansible/ansible,CP-transfer,0.0064935064935064,0.0129870129870129,0.0194805194805194,0.0117249040329257,0.0116385238297162
COOBA,ansible/ansible,scikit-learn/scikit-learn,WP-small,0.0,0.021739130434782605,0.0579710144927536,0.024839116005263298,0.023575116612790534
COOBA,mesonbuild/meson,numpy/numpy,CP-cold-start,0.0,0.0,0.0,0.0025008606766224,0.0018710725080804
COOBA,ansible/ansible,scikit-learn/scikit-learn,WP-large,0.0,0.0217391304347826,0.0869565217391304,0.0272461296824115,0.0261763723532839
COOBA,ansible/ansible,scikit-learn/scikit-learn,CP-cold-start,0.0,0.0,0.0,0.0029909181801699,0.0029232267964789
COOBA,ansible/ansible,scikit-learn/scikit-learn,CP-transfer,0.0,0.0,0.0434782608695652,0.020639403228749,0.0188062424281969
COOBA,scikit-learn/scikit-learn,wagtail/wagtail,WP-small,0.0121951219512195,0.0691056910569105,0.08536585365853654,0.027354638254916835,0.03547544148370927
COOBA,scikit-learn/scikit-learn,wagtail/wagtail,WP-large,0.0365853658536585,0.073170731707317,0.1219512195121951,0.0523628768862242,0.0534906186382438
COOBA,scikit-learn/scikit-learn,wagtail/wagtail,CP-cold-start,0.0,0.024390243902439,0.024390243902439,0.009585293799025,0.0098994633727405
COOBA,scikit-learn/scikit-learn,wagtail/wagtail,CP-transfer,0.0121951219512195,0.0609756097560975,0.0975609756097561,0.0339817945534288,0.0401086788176779
COOBA,wagtail/wagtail,scikit-learn/scikit-learn,WP-small,0.0,0.021739130434782605,0.0579710144927536,0.024839116005263298,0.023575116612790534
COOBA,mesonbuild/meson,numpy/numpy,CP-transfer,0.0683229813664596,0.1490683229813664,0.1987577639751552,0.1060595854528516,0.1227844486200512
COOBA,numpy/numpy,localstack/localstack,WP-small,0.0947368421052631,0.24912280701754383,0.32982456140350874,0.1277979649072837,0.17360978257608936
COOBA,wagtail/wagtail,scikit-learn/scikit-learn,WP-large,0.0,0.0217391304347826,0.108695652173913,0.0256882017351124,0.0243544533904945
COOBA,wagtail/wagtail,scikit-learn/scikit-learn,CP-cold-start,0.0,0.0869565217391304,0.0869565217391304,0.0323873481680938,0.0325012198037046
COOBA,numpy/numpy,localstack/localstack,WP-large,0.0947368421052631,0.2210526315789473,0.3157894736842105,0.1354938816341489,0.1768192719161686
BLAZE,localstack/localstack,jupyterlab/jupyterlab,CP-transfer,0.1,0.175,0.225,0.1145,0.1338
COOBA,wagtail/wagtail,scikit-learn/scikit-learn,CP-transfer,0.0,0.0652173913043478,0.108695652173913,0.0417959544717856,0.0409386595927516
COOBA,numpy/numpy,localstack/localstack,CP-cold-start,0.0105263157894736,0.0421052631578947,0.0526315789473684,0.0160378682146335,0.0284804021551212
COOBA,ipython/ipython,ansible/ansible,WP-small,0.0043290043290042666,0.0129870129870129,0.015151515151515067,0.009769147627795101,0.009862149817828066
BLAZE,jupyterlab/jupyterlab,wagtail/wagtail,WP-small,0.10166666666666667,0.17883333333333332,0.22356666666666666,0.1218,0.1373
COOBA,ipython/ipython,ansible/ansible,WP-large,0.0,0.0194805194805194,0.0194805194805194,0.00939967535584,0.009397860743183
BLAZE,jupyterlab/jupyterlab,wagtail/wagtail,WP-large,0.1341,0.2195,0.2805,0.1608,0.1793
BLAZE,jupyterlab/jupyterlab,wagtail/wagtail,CP-cold-start,0.0244,0.122,0.1585,0.0702,0.0737
COOBA,ipython/ipython,ansible/ansible,CP-cold-start,0.0,0.0,0.0064935064935064,0.0015446298135753,0.0020595907050798
BLAZE,jupyterlab/jupyterlab,wagtail/wagtail,CP-transfer,0.1098,0.1829,0.2195,0.1291,0.1508
COOBA,ipython/ipython,ansible/ansible,CP-transfer,0.0,0.0259740259740259,0.0259740259740259,0.0078967142727881,0.0079370996276192
COOBA,ansible/ansible,ipython/ipython,WP-small,0.011834319526627201,0.06508875739644963,0.1597633136094674,0.05077319225685567,0.058132621127766036
COOBA,numpy/numpy,localstack/localstack,CP-transfer,0.0631578947368421,0.2105263157894736,0.3684210526315789,0.1307882012417255,0.157650823104764
COOBA,localstack/localstack,numpy/numpy,WP-small,0.0331262939958592,0.06004140786749481,0.1180124223602484,0.05857666236712253,0.06423036759307167
BLAZE,wagtail/wagtail,jupyterlab/jupyterlab,WP-small,0.016666666666666666,0.05833333333333334,0.08333333333333333,0.04153333333333333,0.04246666666666667
BLAZE,wagtail/wagtail,jupyterlab/jupyterlab,WP-large,0.1,0.25,0.25,0.1558,0.1691
COOBA,ansible/ansible,ipython/ipython,WP-large,0.0473372781065088,0.1775147928994082,0.2307692307692307,0.0912101233202197,0.1104168901696892
BLAZE,wagtail/wagtail,jupyterlab/jupyterlab,CP-cold-start,0.1,0.15,0.15,0.1096,0.129
BLAZE,wagtail/wagtail,jupyterlab/jupyterlab,CP-transfer,0.125,0.225,0.225,0.1361,0.1615
BLAZE,jupyterlab/jupyterlab,qiskit/qiskit,WP-small,0.21933333333333335,0.3639333333333333,0.4240333333333333,0.2514,0.28763333333333335
COOBA,localstack/localstack,numpy/numpy,WP-large,0.0496894409937888,0.15527950310559,0.2049689440993788,0.094236116483454,0.1047452128585934
BLAZE,jupyterlab/jupyterlab,qiskit/qiskit,WP-large,0.2243,0.3971,0.4522,0.2643,0.2985
COOBA,ansible/ansible,ipython/ipython,CP-cold-start,0.0,0.0118343195266272,0.0177514792899408,0.0088222132621336,0.0105116560030889
BLAZE,jupyterlab/jupyterlab,qiskit/qiskit,CP-cold-start,0.0993,0.2353,0.3309,0.1418,0.1671
COOBA,localstack/localstack,numpy/numpy,CP-cold-start,0.0,0.0124223602484472,0.0186335403726708,0.0115631030257352,0.0136889929162251
COOBA,localstack/localstack,numpy/numpy,CP-transfer,0.0186335403726708,0.0869565217391304,0.0993788819875776,0.0510635041366562,0.0567120102410517
COOBA,scikit-learn/scikit-learn,ipython/ipython,WP-small,0.011834319526627201,0.06508875739644963,0.1597633136094674,0.05077319225685567,0.058132621127766036
COOBA,ansible/ansible,ipython/ipython,CP-transfer,0.0118343195266272,0.0769230769230769,0.2307692307692307,0.0554516076402395,0.0618079108760382
COOBA,ipython/ipython,wagtail/wagtail,WP-small,0.0121951219512195,0.0691056910569105,0.08536585365853654,0.027354638254916835,0.03547544148370927
COOBA,scikit-learn/scikit-learn,ipython/ipython,WP-large,0.0414201183431952,0.1715976331360946,0.2662721893491124,0.0877093862956681,0.1058443116871394
COOBA,ipython/ipython,wagtail/wagtail,WP-large,0.0365853658536585,0.0609756097560975,0.1219512195121951,0.0513333811151526,0.0521356050881083
COOBA,scikit-learn/scikit-learn,ipython/ipython,CP-cold-start,0.0,0.0177514792899408,0.0532544378698224,0.016168020221573,0.0202863288868915
COOBA,ipython/ipython,wagtail/wagtail,CP-cold-start,0.0,0.0,0.0,0.000857112498896,0.0006519585557023
COOBA,scikit-learn/scikit-learn,ipython/ipython,CP-transfer,0.0118343195266272,0.0946745562130177,0.1775147928994082,0.057842509755352,0.062458078141946
COOBA,ipython/ipython,scikit-learn/scikit-learn,WP-small,0.0,0.021739130434782605,0.0579710144927536,0.024839116005263298,0.023575116612790534
COOBA,ipython/ipython,scikit-learn/scikit-learn,WP-large,0.0,0.0217391304347826,0.0652173913043478,0.0253251853265314,0.0262124427212258
COOBA,wagtail/wagtail,lightning-ai/lightning,WP-small,0.19999999999999996,0.5422222222222223,0.6622222222222223,0.28278238550061413,0.3591738171263959
COOBA,wagtail/wagtail,lightning-ai/lightning,WP-large,0.2533333333333333,0.56,0.6933333333333334,0.3159775827081322,0.407144072935539
COOBA,wagtail/wagtail,lightning-ai/lightning,CP-cold-start,0.0266666666666666,0.12,0.2133333333333333,0.0765338156046412,0.1037712980315107
COOBA,ipython/ipython,scikit-learn/scikit-learn,CP-cold-start,0.0,0.0,0.0,0.008251995912444,0.0079633772782673
COOBA,ipython/ipython,wagtail/wagtail,CP-transfer,0.0,0.0609756097560975,0.0853658536585365,0.0191962789835864,0.0216722816136215
COOBA,wagtail/wagtail,ipython/ipython,WP-small,0.011834319526627201,0.06508875739644963,0.1597633136094674,0.05077319225685567,0.058132621127766036
COOBA,wagtail/wagtail,lightning-ai/lightning,CP-transfer,0.1733333333333333,0.56,0.7466666666666667,0.2920116599505586,0.3595230264558534
COOBA,prefecthq/prefect,numpy/numpy,WP-small,0.0331262939958592,0.06004140786749481,0.1180124223602484,0.05857666236712253,0.06423036759307167
COOBA,wagtail/wagtail,ipython/ipython,WP-large,0.029585798816568,0.1242603550295858,0.2426035502958579,0.0783604605686438,0.0896343436648693
COOBA,prefecthq/prefect,numpy/numpy,WP-large,0.0434782608695652,0.1490683229813664,0.2360248447204969,0.0927992272544211,0.1031706698114082
COOBA,wagtail/wagtail,ipython/ipython,CP-cold-start,0.0,0.0118343195266272,0.0236686390532544,0.0124229606005804,0.0137875583031606
COOBA,prefecthq/prefect,numpy/numpy,CP-cold-start,0.0124223602484472,0.0807453416149068,0.1304347826086956,0.0441663895295417,0.0540164641565956
COOBA,wagtail/wagtail,ipython/ipython,CP-transfer,0.0118343195266272,0.0710059171597633,0.1597633136094674,0.0463056640289104,0.0540043072620526
COOBA,prefecthq/prefect,numpy/numpy,CP-transfer,0.0248447204968944,0.0496894409937888,0.062111801242236,0.0443942176178606,0.0479400594402927
COOBA,mesonbuild/meson,docker/compose,WP-small,0.2279202279202279,0.7065527065527065,0.8319088319088319,0.3686510065334531,0.4244059394407773
COOBA,numpy/numpy,prefecthq/prefect,WP-small,0.1341463414634146,0.2764227642276423,0.3333333333333333,0.15469199151525256,0.19362915328655506
COOBA,numpy/numpy,prefecthq/prefect,WP-large,0.1585365853658536,0.2560975609756097,0.3536585365853658,0.1628215677370059,0.2101547802311128
COOBA,mesonbuild/meson,docker/compose,WP-large,0.2222222222222222,0.6410256410256411,0.8205128205128205,0.3504625656667418,0.408675071480369
COOBA,ipython/ipython,scikit-learn/scikit-learn,CP-transfer,0.0,0.0,0.0652173913043478,0.020770807590527,0.0200319166342447
COOBA,scikit-learn/scikit-learn,docker/compose,WP-small,0.2279202279202279,0.7065527065527065,0.8319088319088319,0.3686510065334531,0.4244059394407773
COOBA,scikit-learn/scikit-learn,docker/compose,WP-large,0.2478632478632478,0.7264957264957265,0.8547008547008547,0.388692567728236,0.4511833769279707
COOBA,scikit-learn/scikit-learn,docker/compose,CP-cold-start,0.0,0.0683760683760683,0.094017094017094,0.0418636240848857,0.0466105495485129
COOBA,numpy/numpy,prefecthq/prefect,CP-cold-start,0.0121951219512195,0.073170731707317,0.1097560975609756,0.0353834945738491,0.044610039932511
COOBA,mesonbuild/meson,docker/compose,CP-cold-start,0.0,0.0341880341880341,0.0854700854700854,0.0514778607824248,0.0469859763336909
COOBA,scikit-learn/scikit-learn,docker/compose,CP-transfer,0.2393162393162393,0.7350427350427351,0.8290598290598291,0.3865090414013838,0.4456490424405404
COOBA,docker/compose,scikit-learn/scikit-learn,WP-small,0.0,0.021739130434782605,0.0579710144927536,0.024839116005263298,0.023575116612790534
COOBA,docker/compose,scikit-learn/scikit-learn,WP-large,0.0,0.0217391304347826,0.0652173913043478,0.0226667306470952,0.0229624515254754
COOBA,docker/compose,scikit-learn/scikit-learn,CP-cold-start,0.0,0.0,0.0,0.0015613679182445,0.0014199690691971
COOBA,mesonbuild/meson,docker/compose,CP-transfer,0.1538461538461538,0.7094017094017094,0.8376068376068376,0.3226663959904949,0.3775944615688206
COOBA,numpy/numpy,prefecthq/prefect,CP-transfer,0.0975609756097561,0.2926829268292683,0.3780487804878049,0.1320077870126391,0.1853474422668484
COOBA,docker/compose,mesonbuild/meson,WP-small,0.028218694885361533,0.11463844797178126,0.16931216931216928,0.06635616435884757,0.07003426472684
COOBA,prefecthq/prefect,mesonbuild/meson,WP-small,0.028218694885361533,0.11463844797178126,0.16931216931216928,0.06635616435884757,0.07003426472684
COOBA,docker/compose,scikit-learn/scikit-learn,CP-transfer,0.0,0.0217391304347826,0.1521739130434782,0.0326449190579625,0.0319971368884412
COOBA,scikit-learn/scikit-learn,qiskit/qiskit,WP-small,0.04166666666666663,0.1580882352941176,0.22058823529411764,0.08046694034506843,0.10172626193562061
COOBA,docker/compose,mesonbuild/meson,WP-large,0.0,0.0423280423280423,0.1216931216931216,0.0288427482983503,0.0281408203776304
COOBA,prefecthq/prefect,mesonbuild/meson,WP-large,0.0529100529100529,0.1375661375661375,0.2063492063492063,0.0878457610643717,0.0955924675929344
COOBA,prefecthq/prefect,mesonbuild/meson,CP-cold-start,0.0,0.0,0.0317460317460317,0.013982810676958,0.0129314454350387
COOBA,docker/compose,mesonbuild/meson,CP-cold-start,0.0,0.0052910052910052,0.0158730158730158,0.0043584790391172,0.0055997972888384
COOBA,prefecthq/prefect,mesonbuild/meson,CP-transfer,0.037037037037037,0.1269841269841269,0.1693121693121693,0.0726643891872624,0.0800617798003048
COOBA,mesonbuild/meson,prefecthq/prefect,WP-small,0.1341463414634146,0.2764227642276423,0.3333333333333333,0.15469199151525256,0.19362915328655506
COOBA,docker/compose,mesonbuild/meson,CP-transfer,0.0423280423280423,0.1693121693121693,0.201058201058201,0.0918110430464688,0.0942366548321325
COOBA,mesonbuild/meson,prefecthq/prefect,WP-large,0.0,0.0853658536585365,0.1707317073170731,0.0628392601681634,0.0611009910687293
COOBA,mesonbuild/meson,qiskit/qiskit,WP-small,0.04166666666666663,0.1580882352941176,0.22058823529411764,0.08046694034506843,0.10172626193562061
COOBA,scikit-learn/scikit-learn,qiskit/qiskit,WP-large,0.0661764705882353,0.2242647058823529,0.2794117647058823,0.1058265518810802,0.1415674769876428
COOBA,scikit-learn/scikit-learn,qiskit/qiskit,CP-cold-start,0.0073529411764705,0.0147058823529411,0.0294117647058823,0.0133713079131093,0.0184882388927572
COOBA,mesonbuild/meson,prefecthq/prefect,CP-cold-start,0.0,0.0365853658536585,0.0609756097560975,0.0261983213031876,0.0274302973822529
COOBA,mesonbuild/meson,prefecthq/prefect,CP-transfer,0.073170731707317,0.1951219512195122,0.3048780487804878,0.1074195341533771,0.1426472050385296
COOBA,prefecthq/prefect,localstack/localstack,WP-small,0.0947368421052631,0.24912280701754383,0.32982456140350874,0.1277979649072837,0.17360978257608936
COOBA,scikit-learn/scikit-learn,qiskit/qiskit,CP-transfer,0.0441176470588235,0.1764705882352941,0.2389705882352941,0.0882390080259342,0.1048690151537462
COOBA,qiskit/qiskit,scikit-learn/scikit-learn,WP-small,0.0,0.021739130434782605,0.0579710144927536,0.024839116005263298,0.023575116612790534
COOBA,mesonbuild/meson,qiskit/qiskit,WP-large,0.0992647058823529,0.2058823529411764,0.2904411764705882,0.1238252185607744,0.1587353756917592
COOBA,qiskit/qiskit,scikit-learn/scikit-learn,WP-large,0.0,0.0434782608695652,0.0869565217391304,0.0304045470378422,0.0299602460214588
COOBA,prefecthq/prefect,localstack/localstack,WP-large,0.0947368421052631,0.2210526315789473,0.3368421052631579,0.1256091889113421,0.164943861266687
COOBA,prefecthq/prefect,localstack/localstack,CP-cold-start,0.0,0.0526315789473684,0.0736842105263157,0.0199717538546735,0.0312584162681204
COOBA,mesonbuild/meson,qiskit/qiskit,CP-cold-start,0.0073529411764705,0.0183823529411764,0.0441176470588235,0.0216045877462582,0.0241467180512885
COOBA,prefecthq/prefect,localstack/localstack,CP-transfer,0.0947368421052631,0.1894736842105263,0.3157894736842105,0.1377095780982629,0.1588438049839526
COOBA,localstack/localstack,prefecthq/prefect,WP-small,0.1341463414634146,0.2764227642276423,0.3333333333333333,0.15469199151525256,0.19362915328655506
COOBA,localstack/localstack,prefecthq/prefect,WP-large,0.1097560975609756,0.2439024390243902,0.3536585365853658,0.1409395730445914,0.1770543396648811
COOBA,mesonbuild/meson,qiskit/qiskit,CP-transfer,0.0477941176470588,0.1948529411764706,0.2426470588235294,0.0934362486261252,0.1134121643036694
COOBA,qiskit/qiskit,mesonbuild/meson,WP-small,0.028218694885361533,0.11463844797178126,0.16931216931216928,0.06635616435884757,0.07003426472684
COOBA,qiskit/qiskit,scikit-learn/scikit-learn,CP-cold-start,0.0,0.0,0.0,0.0062793027646354,0.0063980358581614
COOBA,qiskit/qiskit,mesonbuild/meson,WP-large,0.074074074074074,0.1587301587301587,0.2063492063492063,0.1050401796975376,0.1132798513517467
COOBA,localstack/localstack,prefecthq/prefect,CP-cold-start,0.024390243902439,0.0853658536585365,0.1341463414634146,0.0328381703681979,0.0534032924522922
COOBA,localstack/localstack,prefecthq/prefect,CP-transfer,0.1097560975609756,0.2926829268292683,0.3780487804878049,0.155568119805324,0.1842100235705117
COOBA,pydata/xarray,numpy/numpy,WP-small,0.0331262939958592,0.06004140786749481,0.1180124223602484,0.05857666236712253,0.06423036759307167
COOBA,pydata/xarray,numpy/numpy,WP-large,0.0124223602484472,0.1055900621118012,0.1925465838509316,0.0667102927068271,0.0676818520118198
COOBA,pydata/xarray,numpy/numpy,CP-cold-start,0.0186335403726708,0.0372670807453416,0.0496894409937888,0.0229794511033575,0.0310733787773615
COOBA,qiskit/qiskit,mesonbuild/meson,CP-cold-start,0.0,0.0,0.0211640211640211,0.0126356786398442,0.0116342747764833
COOBA,pydata/xarray,numpy/numpy,CP-transfer,0.031055900621118,0.0683229813664596,0.1180124223602484,0.0584785522223242,0.0629288211265952
COOBA,numpy/numpy,pydata/xarray,WP-small,0.06666666666666667,0.22666666666666666,0.49333333333333335,0.14320848000971853,0.17274182132871985
COOBA,numpy/numpy,pydata/xarray,WP-large,0.08,0.24,0.56,0.1776029689984663,0.2076472394707688
COOBA,numpy/numpy,pydata/xarray,CP-cold-start,0.0,0.0,0.04,0.0197298629139455,0.0199669234162244
COOBA,qiskit/qiskit,scikit-learn/scikit-learn,CP-transfer,0.0,0.0,0.0,0.0033618577276086,0.0031500379471228
COOBA,ipython/ipython,docker/compose,WP-small,0.2279202279202279,0.7065527065527065,0.8319088319088319,0.3686510065334531,0.4244059394407773
COOBA,ipython/ipython,docker/compose,WP-large,0.2478632478632478,0.717948717948718,0.8547008547008547,0.3912934637143033,0.4569429469445347
COOBA,ipython/ipython,docker/compose,CP-cold-start,0.0256410256410256,0.0769230769230769,0.094017094017094,0.0221797521367862,0.0565344055867428
COOBA,qiskit/qiskit,mesonbuild/meson,CP-transfer,0.0423280423280423,0.1693121693121693,0.1904761904761904,0.094200607627632,0.0990448838370493
COOBA,ansible/ansible,wagtail/wagtail,WP-small,0.0121951219512195,0.0691056910569105,0.08536585365853654,0.027354638254916835,0.03547544148370927
COOBA,ansible/ansible,wagtail/wagtail,WP-large,0.0365853658536585,0.0975609756097561,0.1341463414634146,0.0593362177446327,0.0623526125612133
COOBA,ansible/ansible,wagtail/wagtail,CP-cold-start,0.0,0.0121951219512195,0.024390243902439,0.0025548864842157,0.0045217933356743
COOBA,numpy/numpy,pydata/xarray,CP-transfer,0.08,0.36,0.68,0.205418166619637,0.2354799019454192
COOBA,ipython/ipython,docker/compose,CP-transfer,0.1794871794871795,0.6581196581196581,0.811965811965812,0.3109743008141516,0.3592563292085003
COOBA,pydata/xarray,mesonbuild/meson,WP-small,0.028218694885361533,0.11463844797178126,0.16931216931216928,0.06635616435884757,0.07003426472684
COOBA,docker/compose,ipython/ipython,WP-small,0.011834319526627201,0.06508875739644963,0.1597633136094674,0.05077319225685567,0.058132621127766036
COOBA,docker/compose,ipython/ipython,WP-large,0.0473372781065088,0.1479289940828402,0.2189349112426035,0.0910294957843592,0.1103206499779037
COOBA,pydata/xarray,mesonbuild/meson,WP-large,0.0317460317460317,0.1587301587301587,0.1904761904761904,0.0780107821003784,0.082427569001643
COOBA,ansible/ansible,wagtail/wagtail,CP-transfer,0.0365853658536585,0.0853658536585365,0.1219512195121951,0.0567502556264207,0.0607825953527456
COOBA,pydata/xarray,mesonbuild/meson,CP-cold-start,0.0,0.0,0.0052910052910052,0.0067846462325934,0.0068690281538588
COOBA,wagtail/wagtail,ansible/ansible,WP-small,0.0043290043290042666,0.0129870129870129,0.015151515151515067,0.009769147627795101,0.009862149817828066
COOBA,docker/compose,ipython/ipython,CP-cold-start,0.0,0.0118343195266272,0.0118343195266272,0.0054341401107096,0.0067746324800558
COOBA,pydata/xarray,mesonbuild/meson,CP-transfer,0.0529100529100529,0.164021164021164,0.201058201058201,0.0829608905827313,0.0979158458498801
COOBA,mesonbuild/meson,pydata/xarray,WP-small,0.06666666666666667,0.22666666666666666,0.49333333333333335,0.14320848000971853,0.17274182132871985
COOBA,wagtail/wagtail,ansible/ansible,WP-large,0.0064935064935064,0.0129870129870129,0.0129870129870129,0.0107012336172859,0.0107347075589236
COOBA,mesonbuild/meson,pydata/xarray,WP-large,0.04,0.32,0.6,0.1708677999960716,0.2094847719061274
COOBA,wagtail/wagtail,ansible/ansible,CP-cold-start,0.0,0.0,0.0,0.0022480016979242,0.002312269948209
COOBA,docker/compose,ipython/ipython,CP-transfer,0.0059171597633136,0.059171597633136,0.1420118343195266,0.0421672197871176,0.0497208115852097
COOBA,ipython/ipython,qiskit/qiskit,WP-small,0.04166666666666663,0.1580882352941176,0.22058823529411764,0.08046694034506843,0.10172626193562061
COOBA,wagtail/wagtail,ansible/ansible,CP-transfer,0.0,0.0194805194805194,0.0259740259740259,0.0085069126989656,0.0084352002966617
COOBA,mesonbuild/meson,pydata/xarray,CP-cold-start,0.0,0.04,0.08,0.0345854895190902,0.0329226804284189
COOBA,docker/compose,wagtail/wagtail,WP-small,0.0121951219512195,0.0691056910569105,0.08536585365853654,0.027354638254916835,0.03547544148370927
COOBA,docker/compose,wagtail/wagtail,WP-large,0.024390243902439,0.073170731707317,0.1341463414634146,0.0455654443448126,0.0482646187074941
COOBA,docker/compose,wagtail/wagtail,CP-cold-start,0.0121951219512195,0.024390243902439,0.024390243902439,0.0177711477947041,0.0188260893826879
COOBA,ipython/ipython,qiskit/qiskit,WP-large,0.0588235294117647,0.2095588235294117,0.2757352941176471,0.0996006509754796,0.1326760407717387
COOBA,docker/compose,wagtail/wagtail,CP-transfer,0.024390243902439,0.0853658536585365,0.1341463414634146,0.0480031600086362,0.0528840393667094
COOBA,wagtail/wagtail,docker/compose,WP-small,0.2279202279202279,0.7065527065527065,0.8319088319088319,0.3686510065334531,0.4244059394407773
COOBA,wagtail/wagtail,docker/compose,WP-large,0.2564102564102564,0.7521367521367521,0.8632478632478633,0.3881817842521189,0.4503980399205863
COOBA,ipython/ipython,qiskit/qiskit,CP-cold-start,0.0183823529411764,0.0661764705882353,0.0955882352941176,0.0353785351239178,0.04682301505189
COOBA,wagtail/wagtail,docker/compose,CP-cold-start,0.0085470085470085,0.1025641025641025,0.2991452991452991,0.0794795200544545,0.0843291748018046
COOBA,wagtail/wagtail,docker/compose,CP-transfer,0.0256410256410256,0.4786324786324786,0.7350427350427351,0.2002098559944082,0.2050056299478199
COOBA,localstack/localstack,qiskit/qiskit,WP-small,0.04166666666666663,0.1580882352941176,0.22058823529411764,0.08046694034506843,0.10172626193562061
COOBA,mesonbuild/meson,pydata/xarray,CP-transfer,0.08,0.32,0.36,0.1682076297514228,0.1928932937794018
COOBA,pydata/xarray,localstack/localstack,WP-small,0.0947368421052631,0.24912280701754383,0.32982456140350874,0.1277979649072837,0.17360978257608936
COOBA,ipython/ipython,qiskit/qiskit,CP-transfer,0.0551470588235294,0.1948529411764706,0.2683823529411764,0.0894739366040291,0.1159179136497397
COOBA,qiskit/qiskit,ipython/ipython,WP-small,0.011834319526627201,0.06508875739644963,0.1597633136094674,0.05077319225685567,0.058132621127766036
COOBA,pydata/xarray,localstack/localstack,WP-large,0.0736842105263157,0.231578947368421,0.3368421052631579,0.1226309675208551,0.163639420849296
COOBA,pydata/xarray,localstack/localstack,CP-cold-start,0.0,0.0,0.031578947368421,0.0194849826042017,0.0190422854866706
COOBA,qiskit/qiskit,ipython/ipython,WP-large,0.0059171597633136,0.1005917159763313,0.2485207100591716,0.0609278131283686,0.0678580692867095
COOBA,localstack/localstack,qiskit/qiskit,WP-large,0.0808823529411764,0.1985294117647058,0.2463235294117647,0.1063467801358287,0.1398965593398807
COOBA,pydata/xarray,localstack/localstack,CP-transfer,0.0736842105263157,0.2210526315789473,0.3263157894736842,0.1131717354794561,0.1449376857246777
COOBA,localstack/localstack,pydata/xarray,WP-small,0.06666666666666667,0.22666666666666666,0.49333333333333335,0.14320848000971853,0.17274182132871985
COOBA,localstack/localstack,pydata/xarray,WP-large,0.16,0.32,0.52,0.2339836405098461,0.2847149475911086
COOBA,localstack/localstack,qiskit/qiskit,CP-cold-start,0.0036764705882352,0.0220588235294117,0.0514705882352941,0.0121127270438054,0.0158919967762519
COOBA,localstack/localstack,pydata/xarray,CP-cold-start,0.0,0.04,0.04,0.027363238218079,0.0372248447300132
COOBA,localstack/localstack,pydata/xarray,CP-transfer,0.0,0.12,0.2,0.0733991480531591,0.0842819030440387
COOBA,numpy/numpy,scikit-learn/scikit-learn,WP-small,0.0,0.021739130434782605,0.0579710144927536,0.024839116005263298,0.023575116612790534
COOBA,numpy/numpy,scikit-learn/scikit-learn,WP-large,0.0,0.0217391304347826,0.0434782608695652,0.0224304733542343,0.0211370124803891
COOBA,localstack/localstack,qiskit/qiskit,CP-transfer,0.0441176470588235,0.150735294117647,0.2242647058823529,0.0813909123671607,0.0970862960780818
COOBA,qiskit/qiskit,ipython/ipython,CP-cold-start,0.0,0.0059171597633136,0.0059171597633136,0.0051634367584438,0.0048252924792967
COOBA,qiskit/qiskit,localstack/localstack,WP-small,0.0947368421052631,0.24912280701754383,0.32982456140350874,0.1277979649072837,0.17360978257608936
COOBA,numpy/numpy,scikit-learn/scikit-learn,CP-cold-start,0.0217391304347826,0.0217391304347826,0.0434782608695652,0.0282496360526798,0.0294244502596445
COOBA,qiskit/qiskit,localstack/localstack,WP-large,0.0736842105263157,0.2631578947368421,0.3368421052631579,0.1230568102310641,0.1677872004462574
COOBA,numpy/numpy,scikit-learn/scikit-learn,CP-transfer,0.0,0.0,0.0,0.0080908244441707,0.0072960815777268
COOBA,scikit-learn/scikit-learn,numpy/numpy,WP-small,0.0331262939958592,0.06004140786749481,0.1180124223602484,0.05857666236712253,0.06423036759307167
BLAZE,lightning-ai/lightning,ipython/ipython,WP-small,0.2268,0.43393333333333334,0.5029666666666667,0.2921666666666667,0.3236
BLAZE,jupyterlab/jupyterlab,qiskit/qiskit,CP-transfer,0.1949,0.3493,0.4228,0.2423,0.269
BLAZE,lightning-ai/lightning,ipython/ipython,WP-large,0.2899,0.5089,0.574,0.3524,0.3835
BLAZE,qiskit/qiskit,jupyterlab/jupyterlab,WP-small,0.016666666666666666,0.05833333333333334,0.08333333333333333,0.04153333333333333,0.04246666666666667
BLAZE,lightning-ai/lightning,ipython/ipython,CP-cold-start,0.1302,0.2485,0.3491,0.1797,0.1945
BLAZE,qiskit/qiskit,jupyterlab/jupyterlab,WP-large,0.1,0.2,0.2,0.1259,0.1458
BLAZE,lightning-ai/lightning,ipython/ipython,CP-transfer,0.2249,0.426,0.5148,0.2949,0.3211
BLAZE,qiskit/qiskit,jupyterlab/jupyterlab,CP-cold-start,0.1,0.225,0.225,0.1185,0.1547
BLAZE,lightning-ai/lightning,ansible/ansible,WP-small,0.11256666666666666,0.17096666666666668,0.1883,0.12666666666666668,0.1396
BLAZE,qiskit/qiskit,jupyterlab/jupyterlab,CP-transfer,0.1,0.175,0.175,0.1081,0.1366
BLAZE,lightning-ai/lightning,ansible/ansible,WP-large,0.1039,0.1623,0.1883,0.1196,0.1283
BLAZE,lightning-ai/lightning,wagtail/wagtail,WP-small,0.10166666666666667,0.17883333333333332,0.22356666666666666,0.1218,0.1373
BLAZE,lightning-ai/lightning,ansible/ansible,CP-cold-start,0.0519,0.1299,0.1429,0.0769,0.0855
BLAZE,lightning-ai/lightning,wagtail/wagtail,WP-large,0.0854,0.2561,0.2805,0.1481,0.1604
BLAZE,lightning-ai/lightning,ansible/ansible,CP-transfer,0.0974,0.1558,0.1883,0.1155,0.1294
BLAZE,ansible/ansible,lightning-ai/lightning,WP-small,0.32,0.6755666666666666,0.7911,0.3756,0.4795
BLAZE,ansible/ansible,lightning-ai/lightning,WP-large,0.4,0.72,0.7867,0.4488,0.5371
BLAZE,lightning-ai/lightning,wagtail/wagtail,CP-cold-start,0.0488,0.0854,0.1341,0.0756,0.0788
BLAZE,ansible/ansible,lightning-ai/lightning,CP-cold-start,0.12,0.4667,0.6,0.2288,0.2853
BLAZE,ansible/ansible,lightning-ai/lightning,CP-transfer,0.3333,0.56,0.7067,0.3539,0.4501
BLAZE,lightning-ai/lightning,localstack/localstack,WP-small,0.14733333333333334,0.3017666666666667,0.38243333333333335,0.17479999999999998,0.22846666666666668
BLAZE,lightning-ai/lightning,wagtail/wagtail,CP-transfer,0.1341,0.1829,0.2073,0.1407,0.1596
BLAZE,prefecthq/prefect,mesonbuild/meson,WP-small,0.1605,0.2769,0.32983333333333337,0.19696666666666665,0.21319999999999997
BLAZE,lightning-ai/lightning,localstack/localstack,WP-large,0.1895,0.4,0.4526,0.2377,0.2841
BLAZE,prefecthq/prefect,mesonbuild/meson,WP-large,0.1799,0.3439,0.3757,0.2357,0.2502
BLAZE,lightning-ai/lightning,localstack/localstack,CP-cold-start,0.0842,0.2421,0.3158,0.1237,0.1574
BLAZE,prefecthq/prefect,mesonbuild/meson,CP-cold-start,0.1058,0.2169,0.291,0.149,0.1634
BLAZE,lightning-ai/lightning,localstack/localstack,CP-transfer,0.1368,0.2947,0.3684,0.1682,0.2149
BLAZE,localstack/localstack,lightning-ai/lightning,WP-small,0.32,0.6755666666666666,0.7911,0.3756,0.4795
BLAZE,prefecthq/prefect,mesonbuild/meson,CP-transfer,0.1905,0.3069,0.3439,0.2184,0.2465
BLAZE,localstack/localstack,lightning-ai/lightning,WP-large,0.44,0.72,0.7733,0.4482,0.5555
BLAZE,localstack/localstack,lightning-ai/lightning,CP-cold-start,0.1333,0.4933,0.7067,0.2345,0.2952
BLAZE,localstack/localstack,lightning-ai/lightning,CP-transfer,0.32,0.6133,0.7467,0.3705,0.4535
BLAZE,prefecthq/prefect,wagtail/wagtail,WP-small,0.10166666666666667,0.17883333333333332,0.22356666666666666,0.1218,0.1373
BLAZE,prefecthq/prefect,ansible/ansible,WP-small,0.11256666666666666,0.17096666666666668,0.1883,0.12666666666666668,0.1396
BLAZE,prefecthq/prefect,wagtail/wagtail,WP-large,0.0732,0.1951,0.2439,0.1254,0.1353
BLAZE,prefecthq/prefect,ansible/ansible,WP-large,0.0974,0.1688,0.2013,0.1259,0.1351
BLAZE,prefecthq/prefect,wagtail/wagtail,CP-cold-start,0.122,0.2195,0.2439,0.1394,0.1529
BLAZE,prefecthq/prefect,ansible/ansible,CP-cold-start,0.013,0.0584,0.0974,0.0313,0.0352
BLAZE,prefecthq/prefect,wagtail/wagtail,CP-transfer,0.1463,0.1951,0.2195,0.1528,0.1692
BLAZE,numpy/numpy,localstack/localstack,WP-small,0.14733333333333334,0.3017666666666667,0.38243333333333335,0.17479999999999998,0.22846666666666668
BLAZE,prefecthq/prefect,ansible/ansible,CP-transfer,0.0974,0.1494,0.1623,0.1108,0.1222
BLAZE,ansible/ansible,prefecthq/prefect,WP-small,0.22356666666666666,0.4186666666666667,0.4918666666666667,0.2598666666666667,0.3133666666666666
BLAZE,ansible/ansible,prefecthq/prefect,WP-large,0.2805,0.5122,0.561,0.3163,0.373
BLAZE,numpy/numpy,localstack/localstack,WP-large,0.1789,0.3684,0.4632,0.2133,0.2656
BLAZE,ansible/ansible,prefecthq/prefect,CP-cold-start,0.1585,0.378,0.5122,0.2186,0.2654
BLAZE,numpy/numpy,localstack/localstack,CP-cold-start,0.0316,0.1263,0.2526,0.0634,0.0924
BLAZE,ansible/ansible,prefecthq/prefect,CP-transfer,0.1829,0.4268,0.5,0.2368,0.3
BLAZE,numpy/numpy,mesonbuild/meson,WP-small,0.1605,0.2769,0.32983333333333337,0.19696666666666665,0.21319999999999997
BLAZE,numpy/numpy,localstack/localstack,CP-transfer,0.1474,0.3263,0.4,0.192,0.2349
BLAZE,numpy/numpy,mesonbuild/meson,WP-large,0.2116,0.3175,0.3704,0.2452,0.2619
BLAZE,numpy/numpy,mesonbuild/meson,CP-cold-start,0.0952,0.254,0.3069,0.1456,0.1585
BLAZE,localstack/localstack,numpy/numpy,WP-small,0.2671,0.47203333333333336,0.5693666666666667,0.3444,0.3691
BLAZE,numpy/numpy,mesonbuild/meson,CP-transfer,0.1587,0.3122,0.3545,0.2142,0.2289
BLAZE,ipython/ipython,qiskit/qiskit,WP-small,0.21933333333333335,0.3639333333333333,0.4240333333333333,0.2514,0.28763333333333335
BLAZE,localstack/localstack,numpy/numpy,WP-large,0.3354,0.5342,0.6149,0.396,0.4329
BLAZE,localstack/localstack,numpy/numpy,CP-cold-start,0.1615,0.3292,0.472,0.2403,0.2572
BLAZE,localstack/localstack,numpy/numpy,CP-transfer,0.2795,0.4534,0.5404,0.3424,0.3685
BLAZE,numpy/numpy,qiskit/qiskit,WP-small,0.21933333333333335,0.3639333333333333,0.4240333333333333,0.2514,0.28763333333333335
BLAZE,numpy/numpy,qiskit/qiskit,WP-large,0.2206,0.4007,0.4522,0.2693,0.2994
BLAZE,numpy/numpy,qiskit/qiskit,CP-cold-start,0.1029,0.2316,0.3088,0.1368,0.1681
BLAZE,numpy/numpy,qiskit/qiskit,CP-transfer,0.1875,0.3934,0.4375,0.2502,0.2785
BLAZE,qiskit/qiskit,numpy/numpy,WP-small,0.2671,0.47203333333333336,0.5693666666666667,0.3444,0.3691
BLAZE,qiskit/qiskit,numpy/numpy,WP-large,0.3478,0.5404,0.6149,0.4129,0.4428
BLAZE,qiskit/qiskit,numpy/numpy,CP-cold-start,0.1304,0.3292,0.4224,0.2216,0.2305
BLAZE,qiskit/qiskit,numpy/numpy,CP-transfer,0.1988,0.4845,0.5839,0.3113,0.3305
BLAZE,ipython/ipython,docker/compose,WP-small,0.28773333333333334,0.5555666666666667,0.6751999999999999,0.34026666666666666,0.41323333333333334
BLAZE,ipython/ipython,docker/compose,WP-large,0.3846,0.6325,0.7607,0.4257,0.504
BLAZE,ipython/ipython,docker/compose,CP-cold-start,0.1111,0.3761,0.5556,0.2131,0.2452
BLAZE,ipython/ipython,docker/compose,CP-transfer,0.2564,0.5641,0.735,0.3286,0.3964
BLAZE,docker/compose,ipython/ipython,WP-small,0.2268,0.43393333333333334,0.5029666666666667,0.2921666666666667,0.3236
BLAZE,docker/compose,ipython/ipython,WP-large,0.2899,0.4852,0.5799,0.3478,0.3835
BLAZE,docker/compose,ipython/ipython,CP-cold-start,0.1006,0.1834,0.2485,0.1411,0.1592
BLAZE,docker/compose,ipython/ipython,CP-transfer,0.1834,0.4083,0.4793,0.2569,0.2843
BLAZE,wagtail/wagtail,docker/compose,WP-small,0.28773333333333334,0.5555666666666667,0.6751999999999999,0.34026666666666666,0.41323333333333334
BLAZE,wagtail/wagtail,docker/compose,WP-large,0.3504,0.6667,0.7949,0.4244,0.4951
BLAZE,wagtail/wagtail,docker/compose,CP-cold-start,0.1111,0.4017,0.5641,0.2181,0.2464
BLAZE,wagtail/wagtail,docker/compose,CP-transfer,0.3333,0.5726,0.6923,0.3752,0.4529
TRANP-CNN,jupyterlab/jupyterlab,lightning-ai/lightning,WP-small,0.2755666666666667,0.5022000000000001,0.6488999999999999,0.2653666666666667,0.3880666666666667
TRANP-CNN,jupyterlab/jupyterlab,lightning-ai/lightning,WP-large,0.32,0.5467,0.7067,0.3305,0.4536
TRANP-CNN,jupyterlab/jupyterlab,lightning-ai/lightning,CP-cold-start,0.0,0.0,0.0,0.0123,0.0099
TRANP-CNN,jupyterlab/jupyterlab,lightning-ai/lightning,CP-transfer,0.32,0.5733,0.68,0.2953,0.4363
TRANP-CNN,lightning-ai/lightning,jupyterlab/jupyterlab,WP-small,0.125,0.4583333333333333,0.4916666666666667,0.24366666666666667,0.2573666666666667
TRANP-CNN,lightning-ai/lightning,jupyterlab/jupyterlab,WP-large,0.25,0.475,0.5,0.6541,0.6546
TRANP-CNN,lightning-ai/lightning,jupyterlab/jupyterlab,CP-cold-start,0.0,0.0,0.05,0.0281,0.0277
TRANP-CNN,lightning-ai/lightning,jupyterlab/jupyterlab,CP-transfer,0.275,0.5,0.5,0.6892,0.7017
TRANP-CNN,jupyterlab/jupyterlab,numpy/numpy,WP-small,0.03936666666666667,0.12833333333333333,0.21326666666666663,0.08423333333333333,0.09163333333333334
TRANP-CNN,jupyterlab/jupyterlab,numpy/numpy,WP-large,0.0497,0.1863,0.2422,0.2504,0.2709
TRANP-CNN,jupyterlab/jupyterlab,numpy/numpy,CP-cold-start,0.0186,0.0559,0.0683,0.0787,0.0854
TRANP-CNN,jupyterlab/jupyterlab,numpy/numpy,CP-transfer,0.0373,0.1615,0.1988,0.2167,0.2292
TRANP-CNN,numpy/numpy,jupyterlab/jupyterlab,WP-small,0.125,0.4583333333333333,0.4916666666666667,0.24366666666666667,0.2573666666666667
TRANP-CNN,numpy/numpy,jupyterlab/jupyterlab,WP-large,0.225,0.475,0.5,0.6438,0.6546
TRANP-CNN,numpy/numpy,jupyterlab/jupyterlab,CP-cold-start,0.0,0.0,0.0,0.0043,0.004
TRANP-CNN,numpy/numpy,jupyterlab/jupyterlab,CP-transfer,0.225,0.5,0.5,0.6642,0.675
TRANP-CNN,jupyterlab/jupyterlab,mesonbuild/meson,WP-small,0.0582,0.1746,0.20283333333333334,0.1012,0.10763333333333334
TRANP-CNN,jupyterlab/jupyterlab,mesonbuild/meson,WP-large,0.0688,0.1746,0.2011,0.4231,0.4541
TRANP-CNN,jupyterlab/jupyterlab,mesonbuild/meson,CP-cold-start,0.0212,0.1323,0.1799,0.2566,0.2817
TRANP-CNN,jupyterlab/jupyterlab,mesonbuild/meson,CP-transfer,0.0476,0.1534,0.1958,0.3476,0.3833
TRANP-CNN,mesonbuild/meson,jupyterlab/jupyterlab,WP-small,0.125,0.4583333333333333,0.4916666666666667,0.24366666666666667,0.2573666666666667
TRANP-CNN,mesonbuild/meson,jupyterlab/jupyterlab,WP-large,0.225,0.475,0.475,0.6592,0.6783
TRANP-CNN,mesonbuild/meson,jupyterlab/jupyterlab,CP-cold-start,0.0,0.0,0.0,0.0064,0.0062
TRANP-CNN,mesonbuild/meson,jupyterlab/jupyterlab,CP-transfer,0.25,0.475,0.475,0.6699,0.677
TRANP-CNN,jupyterlab/jupyterlab,localstack/localstack,WP-small,0.031599999999999996,0.17543333333333333,0.28073333333333333,0.08833333333333333,0.11033333333333332
TRANP-CNN,jupyterlab/jupyterlab,localstack/localstack,WP-large,0.0737,0.2526,0.3474,0.1703,0.2124
TRANP-CNN,jupyterlab/jupyterlab,localstack/localstack,CP-cold-start,0.0,0.0105,0.0211,0.015,0.0151
TRANP-CNN,jupyterlab/jupyterlab,localstack/localstack,CP-transfer,0.0421,0.2,0.3053,0.14,0.1705
TRANP-CNN,localstack/localstack,jupyterlab/jupyterlab,WP-small,0.125,0.4583333333333333,0.4916666666666667,0.24366666666666667,0.2573666666666667
TRANP-CNN,localstack/localstack,jupyterlab/jupyterlab,WP-large,0.275,0.475,0.5,0.6979,0.6983
TRANP-CNN,jupyterlab/jupyterlab,prefecthq/prefect,WP-small,0.13006666666666666,0.23170000000000002,0.2845666666666667,0.14486666666666667,0.18553333333333333
TRANP-CNN,jupyterlab/jupyterlab,prefecthq/prefect,WP-large,0.122,0.2561,0.2927,0.2907,0.3536
TRANP-CNN,jupyterlab/jupyterlab,prefecthq/prefect,CP-cold-start,0.0,0.0854,0.1585,0.0772,0.099
TRANP-CNN,jupyterlab/jupyterlab,prefecthq/prefect,CP-transfer,0.0488,0.2805,0.3415,0.2551,0.3166
TRANP-CNN,prefecthq/prefect,jupyterlab/jupyterlab,WP-small,0.125,0.4583333333333333,0.4916666666666667,0.24366666666666667,0.2573666666666667
TRANP-CNN,prefecthq/prefect,jupyterlab/jupyterlab,WP-large,0.15,0.475,0.5,0.5696,0.5738
TRANP-CNN,jupyterlab/jupyterlab,pydata/xarray,WP-small,0.05333333333333334,0.30666666666666664,0.5733333333333334,0.16780000000000003,0.19146666666666667
TRANP-CNN,jupyterlab/jupyterlab,pydata/xarray,WP-large,0.16,0.6,0.72,0.2895,0.3501
TRANP-CNN,jupyterlab/jupyterlab,pydata/xarray,CP-cold-start,0.0,0.0,0.08,0.0252,0.0283
TRANP-CNN,prefecthq/prefect,jupyterlab/jupyterlab,CP-cold-start,0.025,0.2,0.325,0.1955,0.1991
TRANP-CNN,jupyterlab/jupyterlab,pydata/xarray,CP-transfer,0.04,0.4,0.48,0.1784,0.2014
TRANP-CNN,pydata/xarray,jupyterlab/jupyterlab,WP-small,0.125,0.4583333333333333,0.4916666666666667,0.24366666666666667,0.2573666666666667
TRANP-CNN,pydata/xarray,jupyterlab/jupyterlab,WP-large,0.3,0.475,0.5,0.7442,0.7738
TRANP-CNN,pydata/xarray,jupyterlab/jupyterlab,CP-cold-start,0.0,0.075,0.15,0.0829,0.0807
TRANP-CNN,prefecthq/prefect,jupyterlab/jupyterlab,CP-transfer,0.3,0.5,0.5,0.7167,0.7417
TRANP-CNN,pydata/xarray,jupyterlab/jupyterlab,CP-transfer,0.3,0.5,0.5,0.7321,0.7667
TRANP-CNN,jupyterlab/jupyterlab,scikit-learn/scikit-learn,WP-small,0.02173333333333333,0.057999999999999996,0.11593333333333333,0.04356666666666667,0.04613333333333333
TRANP-CNN,jupyterlab/jupyterlab,ipython/ipython,WP-small,0.007866666666666666,0.04933333333333334,0.10256666666666665,0.03596666666666667,0.0433
TRANP-CNN,jupyterlab/jupyterlab,scikit-learn/scikit-learn,WP-large,0.0,0.087,0.1087,0.1244,0.1379
TRANP-CNN,jupyterlab/jupyterlab,scikit-learn/scikit-learn,CP-cold-start,0.0,0.0,0.0,0.0163,0.0168
TRANP-CNN,jupyterlab/jupyterlab,scikit-learn/scikit-learn,CP-transfer,0.0435,0.1522,0.1957,0.3458,0.3375
TRANP-CNN,scikit-learn/scikit-learn,jupyterlab/jupyterlab,WP-small,0.125,0.4583333333333333,0.4916666666666667,0.24366666666666667,0.2573666666666667
TRANP-CNN,jupyterlab/jupyterlab,ipython/ipython,WP-large,0.0237,0.1302,0.2189,0.1281,0.1441
TRANP-CNN,scikit-learn/scikit-learn,jupyterlab/jupyterlab,WP-large,0.25,0.5,0.5,0.7125,0.7083
TRANP-CNN,jupyterlab/jupyterlab,ipython/ipython,CP-cold-start,0.0,0.0,0.0,0.0073,0.007
TRANP-CNN,scikit-learn/scikit-learn,jupyterlab/jupyterlab,CP-cold-start,0.0,0.0,0.0,0.0086,0.0084
TRANP-CNN,scikit-learn/scikit-learn,jupyterlab/jupyterlab,CP-transfer,0.25,0.5,0.5,0.6958,0.6917
TRANP-CNN,jupyterlab/jupyterlab,ipython/ipython,CP-transfer,0.0296,0.1065,0.2012,0.1222,0.1477
TRANP-CNN,jupyterlab/jupyterlab,docker/compose,WP-small,0.2820666666666667,0.7037333333333334,0.8062999999999999,0.4094,0.47763333333333335
TRANP-CNN,ipython/ipython,jupyterlab/jupyterlab,WP-small,0.125,0.4583333333333333,0.4916666666666667,0.24366666666666667,0.2573666666666667
TRANP-CNN,ipython/ipython,jupyterlab/jupyterlab,WP-large,0.25,0.475,0.5,0.6725,0.6917
TRANP-CNN,jupyterlab/jupyterlab,docker/compose,WP-large,0.2479,0.7094,0.8376,0.4007,0.4629
TRANP-CNN,jupyterlab/jupyterlab,docker/compose,CP-cold-start,0.094,0.2735,0.5726,0.182,0.2133
TRANP-CNN,ipython/ipython,jupyterlab/jupyterlab,CP-cold-start,0.0,0.1,0.15,0.089,0.0918
TRANP-CNN,jupyterlab/jupyterlab,docker/compose,CP-transfer,0.3162,0.7009,0.7949,0.4157,0.4815
TRANP-CNN,docker/compose,jupyterlab/jupyterlab,WP-small,0.125,0.4583333333333333,0.4916666666666667,0.24366666666666667,0.2573666666666667
TRANP-CNN,docker/compose,jupyterlab/jupyterlab,WP-large,0.175,0.45,0.5,0.5976,0.6071
TRANP-CNN,docker/compose,jupyterlab/jupyterlab,CP-cold-start,0.025,0.325,0.375,0.2732,0.2996
TRANP-CNN,ipython/ipython,jupyterlab/jupyterlab,CP-transfer,0.3,0.475,0.5,0.7354,0.7521
TRANP-CNN,docker/compose,jupyterlab/jupyterlab,CP-transfer,0.275,0.475,0.475,0.6816,0.705
TRANP-CNN,jupyterlab/jupyterlab,ansible/ansible,WP-small,0.008666666666666666,0.017333333333333333,0.021666666666666667,0.014366666666666666,0.0145
TRANP-CNN,jupyterlab/jupyterlab,wagtail/wagtail,WP-small,0.008133333333333334,0.05286666666666667,0.0976,0.028766666666666673,0.030266666666666667
TRANP-CNN,jupyterlab/jupyterlab,wagtail/wagtail,WP-large,0.061,0.0976,0.1341,0.4135,0.5024
TRANP-CNN,jupyterlab/jupyterlab,ansible/ansible,WP-large,0.013,0.0195,0.0325,0.2065,0.2083
TRANP-CNN,jupyterlab/jupyterlab,wagtail/wagtail,CP-cold-start,0.0122,0.061,0.0732,0.1626,0.1904
TRANP-CNN,jupyterlab/jupyterlab,ansible/ansible,CP-cold-start,0.0,0.0065,0.013,0.0418,0.0441
TRANP-CNN,jupyterlab/jupyterlab,wagtail/wagtail,CP-transfer,0.0366,0.1098,0.122,0.3255,0.4095
TRANP-CNN,wagtail/wagtail,jupyterlab/jupyterlab,WP-small,0.125,0.4583333333333333,0.4916666666666667,0.24366666666666667,0.2573666666666667
TRANP-CNN,wagtail/wagtail,jupyterlab/jupyterlab,WP-large,0.225,0.5,0.5,0.6725,0.6642
TRANP-CNN,jupyterlab/jupyterlab,ansible/ansible,CP-transfer,0.0065,0.0195,0.0195,0.1283,0.1289
TRANP-CNN,ansible/ansible,jupyterlab/jupyterlab,WP-small,0.125,0.4583333333333333,0.4916666666666667,0.24366666666666667,0.2573666666666667
TRANP-CNN,wagtail/wagtail,jupyterlab/jupyterlab,CP-cold-start,0.0,0.0,0.0,0.0041,0.0038
TRANP-CNN,ansible/ansible,jupyterlab/jupyterlab,WP-large,0.3,0.475,0.5,0.7354,0.7604
TRANP-CNN,wagtail/wagtail,jupyterlab/jupyterlab,CP-transfer,0.2,0.45,0.475,0.6267,0.6308
TRANP-CNN,lightning-ai/lightning,prefecthq/prefect,WP-small,0.13006666666666666,0.23170000000000002,0.2845666666666667,0.14486666666666667,0.18553333333333333
TRANP-CNN,lightning-ai/lightning,prefecthq/prefect,WP-large,0.1098,0.2805,0.3293,0.299,0.3776
TRANP-CNN,lightning-ai/lightning,prefecthq/prefect,CP-cold-start,0.0854,0.1951,0.2683,0.2098,0.285
TRANP-CNN,ansible/ansible,jupyterlab/jupyterlab,CP-cold-start,0.025,0.125,0.125,0.1256,0.13
TRANP-CNN,lightning-ai/lightning,prefecthq/prefect,CP-transfer,0.0976,0.2439,0.3293,0.2973,0.3465
TRANP-CNN,prefecthq/prefect,lightning-ai/lightning,WP-small,0.2755666666666667,0.5022000000000001,0.6488999999999999,0.2653666666666667,0.3880666666666667
TRANP-CNN,prefecthq/prefect,lightning-ai/lightning,WP-large,0.28,0.5467,0.68,0.311,0.4048
TRANP-CNN,prefecthq/prefect,lightning-ai/lightning,CP-cold-start,0.0,0.0533,0.2133,0.0548,0.0616
TRANP-CNN,prefecthq/prefect,lightning-ai/lightning,CP-transfer,0.2267,0.5333,0.7067,0.2793,0.3714
TRANP-CNN,lightning-ai/lightning,numpy/numpy,WP-small,0.03936666666666667,0.12833333333333333,0.21326666666666663,0.08423333333333333,0.09163333333333334
TRANP-CNN,ansible/ansible,jupyterlab/jupyterlab,CP-transfer,0.35,0.475,0.5,0.7792,0.8
TRANP-CNN,lightning-ai/lightning,numpy/numpy,WP-large,0.0559,0.1242,0.205,0.224,0.2367
TRANP-CNN,localstack/localstack,jupyterlab/jupyterlab,CP-cold-start,0.0,0.0,0.0,0.0099,0.0105
TRANP-CNN,lightning-ai/lightning,pydata/xarray,WP-small,0.05333333333333334,0.30666666666666664,0.5733333333333334,0.16780000000000003,0.19146666666666667
TRANP-CNN,lightning-ai/lightning,pydata/xarray,WP-large,0.08,0.32,0.68,0.1988,0.2357
TRANP-CNN,jupyterlab/jupyterlab,qiskit/qiskit,WP-small,0.0625,0.17646666666666666,0.2402,0.0921,0.1179
TRANP-CNN,lightning-ai/lightning,pydata/xarray,CP-cold-start,0.0,0.0,0.0,0.0104,0.0093
TRANP-CNN,localstack/localstack,jupyterlab/jupyterlab,CP-transfer,0.275,0.475,0.5,0.6771,0.7021
TRANP-CNN,lightning-ai/lightning,scikit-learn/scikit-learn,WP-small,0.02173333333333333,0.057999999999999996,0.11593333333333333,0.04356666666666667,0.04613333333333333
TRANP-CNN,lightning-ai/lightning,pydata/xarray,CP-transfer,0.12,0.4,0.6,0.2136,0.2429
TRANP-CNN,lightning-ai/lightning,scikit-learn/scikit-learn,WP-large,0.0652,0.1087,0.1522,0.2737,0.3025
TRANP-CNN,pydata/xarray,lightning-ai/lightning,WP-small,0.2755666666666667,0.5022000000000001,0.6488999999999999,0.2653666666666667,0.3880666666666667
TRANP-CNN,pydata/xarray,lightning-ai/lightning,WP-large,0.2533,0.5733,0.68,0.3099,0.4116
TRANP-CNN,lightning-ai/lightning,scikit-learn/scikit-learn,CP-cold-start,0.0,0.0,0.0435,0.0289,0.0317
TRANP-CNN,pydata/xarray,lightning-ai/lightning,CP-cold-start,0.0,0.0,0.0267,0.0162,0.0128
TRANP-CNN,lightning-ai/lightning,scikit-learn/scikit-learn,CP-transfer,0.0435,0.1739,0.2174,0.3314,0.3424
TRANP-CNN,scikit-learn/scikit-learn,lightning-ai/lightning,WP-small,0.2755666666666667,0.5022000000000001,0.6488999999999999,0.2653666666666667,0.3880666666666667
TRANP-CNN,pydata/xarray,lightning-ai/lightning,CP-transfer,0.32,0.52,0.68,0.2809,0.4239
TRANP-CNN,jupyterlab/jupyterlab,qiskit/qiskit,WP-large,0.0515,0.1397,0.2132,0.1852,0.2323
TRANP-CNN,scikit-learn/scikit-learn,lightning-ai/lightning,WP-large,0.2133,0.56,0.68,0.2904,0.3671
TRANP-CNN,lightning-ai/lightning,ipython/ipython,WP-small,0.007866666666666666,0.04933333333333334,0.10256666666666665,0.03596666666666667,0.0433
TRANP-CNN,jupyterlab/jupyterlab,qiskit/qiskit,CP-cold-start,0.0,0.0,0.0,0.0135,0.0081
TRANP-CNN,scikit-learn/scikit-learn,lightning-ai/lightning,CP-cold-start,0.0,0.0,0.0,0.015,0.0135
TRANP-CNN,lightning-ai/lightning,ipython/ipython,WP-large,0.0296,0.1893,0.2604,0.1688,0.1828
TRANP-CNN,jupyterlab/jupyterlab,qiskit/qiskit,CP-transfer,0.0699,0.2206,0.25,0.2346,0.3099
TRANP-CNN,scikit-learn/scikit-learn,lightning-ai/lightning,CP-transfer,0.2933,0.5467,0.68,0.3125,0.4298
TRANP-CNN,qiskit/qiskit,jupyterlab/jupyterlab,WP-small,0.125,0.4583333333333333,0.4916666666666667,0.24366666666666667,0.2573666666666667
TRANP-CNN,lightning-ai/lightning,ansible/ansible,WP-small,0.008666666666666666,0.017333333333333333,0.021666666666666667,0.014366666666666666,0.0145
TRANP-CNN,lightning-ai/lightning,ipython/ipython,CP-cold-start,0.0,0.0,0.0,0.0073,0.0069
TRANP-CNN,qiskit/qiskit,jupyterlab/jupyterlab,WP-large,0.25,0.5,0.5,0.7183,0.7142
TRANP-CNN,lightning-ai/lightning,ipython/ipython,CP-transfer,0.0237,0.1006,0.1893,0.1137,0.1264
TRANP-CNN,prefecthq/prefect,scikit-learn/scikit-learn,WP-small,0.02173333333333333,0.057999999999999996,0.11593333333333333,0.04356666666666667,0.04613333333333333
TRANP-CNN,lightning-ai/lightning,ansible/ansible,WP-large,0.0065,0.026,0.026,0.1763,0.1779
TRANP-CNN,prefecthq/prefect,scikit-learn/scikit-learn,WP-large,0.0435,0.1087,0.2391,0.3167,0.3171
TRANP-CNN,lightning-ai/lightning,ansible/ansible,CP-cold-start,0.0,0.0,0.0,0.0065,0.0062
TRANP-CNN,prefecthq/prefect,scikit-learn/scikit-learn,CP-cold-start,0.0,0.0,0.0,0.0237,0.027
TRANP-CNN,lightning-ai/lightning,ansible/ansible,CP-transfer,0.0,0.013,0.026,0.0845,0.0851
TRANP-CNN,ansible/ansible,lightning-ai/lightning,WP-small,0.2755666666666667,0.5022000000000001,0.6488999999999999,0.2653666666666667,0.3880666666666667
TRANP-CNN,qiskit/qiskit,jupyterlab/jupyterlab,CP-cold-start,0.075,0.225,0.35,0.3015,0.3012
TRANP-CNN,ansible/ansible,lightning-ai/lightning,WP-large,0.28,0.5733,0.6933,0.3083,0.4145
TRANP-CNN,prefecthq/prefect,scikit-learn/scikit-learn,CP-transfer,0.0652,0.1304,0.1522,0.2879,0.3607
TRANP-CNN,scikit-learn/scikit-learn,prefecthq/prefect,WP-small,0.13006666666666666,0.23170000000000002,0.2845666666666667,0.14486666666666667,0.18553333333333333
TRANP-CNN,scikit-learn/scikit-learn,prefecthq/prefect,WP-large,0.1098,0.2805,0.3293,0.3171,0.3703
TRANP-CNN,ansible/ansible,lightning-ai/lightning,CP-cold-start,0.0,0.0,0.0,0.0148,0.0119
TRANP-CNN,scikit-learn/scikit-learn,prefecthq/prefect,CP-cold-start,0.0122,0.2439,0.2927,0.1523,0.1941
TRANP-CNN,scikit-learn/scikit-learn,prefecthq/prefect,CP-transfer,0.0854,0.2561,0.3415,0.2764,0.3457
TRANP-CNN,prefecthq/prefect,ansible/ansible,WP-small,0.008666666666666666,0.017333333333333333,0.021666666666666667,0.014366666666666666,0.0145
TRANP-CNN,prefecthq/prefect,ansible/ansible,WP-large,0.0065,0.0195,0.039,0.1559,0.1615
TRANP-CNN,ansible/ansible,lightning-ai/lightning,CP-transfer,0.32,0.5467,0.6267,0.286,0.4301
TRANP-CNN,lightning-ai/lightning,wagtail/wagtail,WP-small,0.008133333333333334,0.05286666666666667,0.0976,0.028766666666666673,0.030266666666666667
TRANP-CNN,lightning-ai/lightning,wagtail/wagtail,WP-large,0.061,0.0732,0.1341,0.3761,0.4812
TRANP-CNN,prefecthq/prefect,ansible/ansible,CP-cold-start,0.0,0.0,0.0,0.0192,0.0188
TRANP-CNN,lightning-ai/lightning,wagtail/wagtail,CP-cold-start,0.0,0.0488,0.061,0.101,0.1204
TRANP-CNN,lightning-ai/lightning,wagtail/wagtail,CP-transfer,0.0488,0.0976,0.122,0.324,0.4088
TRANP-CNN,prefecthq/prefect,numpy/numpy,WP-small,0.03936666666666667,0.12833333333333333,0.21326666666666663,0.08423333333333333,0.09163333333333334
TRANP-CNN,qiskit/qiskit,jupyterlab/jupyterlab,CP-transfer,0.35,0.475,0.475,0.7644,0.7836
TRANP-CNN,lightning-ai/lightning,numpy/numpy,CP-cold-start,0.0,0.0,0.0,0.0072,0.0058
TRANP-CNN,prefecthq/prefect,ansible/ansible,CP-transfer,0.0,0.0,0.0195,0.0407,0.0414
TRANP-CNN,ansible/ansible,prefecthq/prefect,WP-small,0.13006666666666666,0.23170000000000002,0.2845666666666667,0.14486666666666667,0.18553333333333333
TRANP-CNN,prefecthq/prefect,numpy/numpy,WP-large,0.0621,0.1553,0.2484,0.2502,0.2772
TRANP-CNN,ansible/ansible,prefecthq/prefect,WP-large,0.1829,0.3049,0.3537,0.363,0.4534
TRANP-CNN,lightning-ai/lightning,numpy/numpy,CP-transfer,0.0621,0.1553,0.205,0.2342,0.2677
TRANP-CNN,numpy/numpy,lightning-ai/lightning,WP-small,0.2755666666666667,0.5022000000000001,0.6488999999999999,0.2653666666666667,0.3880666666666667
TRANP-CNN,numpy/numpy,lightning-ai/lightning,WP-large,0.32,0.5333,0.7067,0.3307,0.446
TRANP-CNN,prefecthq/prefect,numpy/numpy,CP-cold-start,0.0,0.0248,0.087,0.0648,0.0703
TRANP-CNN,numpy/numpy,lightning-ai/lightning,CP-cold-start,0.0,0.08,0.16,0.0594,0.0654
TRANP-CNN,ansible/ansible,prefecthq/prefect,CP-cold-start,0.0366,0.0732,0.1707,0.0923,0.141
TRANP-CNN,prefecthq/prefect,numpy/numpy,CP-transfer,0.0248,0.1553,0.1988,0.1866,0.2048
TRANP-CNN,numpy/numpy,prefecthq/prefect,WP-small,0.13006666666666666,0.23170000000000002,0.2845666666666667,0.14486666666666667,0.18553333333333333
TRANP-CNN,numpy/numpy,prefecthq/prefect,WP-large,0.1463,0.2561,0.3049,0.3374,0.402
TRANP-CNN,ansible/ansible,prefecthq/prefect,CP-transfer,0.0366,0.2317,0.2927,0.2184,0.2606
TRANP-CNN,numpy/numpy,prefecthq/prefect,CP-cold-start,0.0,0.0244,0.0732,0.0331,0.0478
TRANP-CNN,numpy/numpy,lightning-ai/lightning,CP-transfer,0.2533,0.5333,0.6533,0.2926,0.3959
TRANP-CNN,lightning-ai/lightning,localstack/localstack,WP-small,0.031599999999999996,0.17543333333333333,0.28073333333333333,0.08833333333333333,0.11033333333333332
TRANP-CNN,prefecthq/prefect,wagtail/wagtail,WP-small,0.008133333333333334,0.05286666666666667,0.0976,0.028766666666666673,0.030266666666666667
TRANP-CNN,prefecthq/prefect,wagtail/wagtail,WP-large,0.0488,0.0976,0.1341,0.3869,0.4405
TRANP-CNN,lightning-ai/lightning,localstack/localstack,WP-large,0.0316,0.2421,0.3368,0.1414,0.1859
TRANP-CNN,lightning-ai/lightning,localstack/localstack,CP-cold-start,0.0,0.0211,0.0211,0.016,0.0211
TRANP-CNN,prefecthq/prefect,wagtail/wagtail,CP-cold-start,0.0,0.0,0.0,0.0052,0.004
TRANP-CNN,lightning-ai/lightning,localstack/localstack,CP-transfer,0.0737,0.2,0.3368,0.1495,0.2001
TRANP-CNN,localstack/localstack,lightning-ai/lightning,WP-small,0.2755666666666667,0.5022000000000001,0.6488999999999999,0.2653666666666667,0.3880666666666667
TRANP-CNN,numpy/numpy,prefecthq/prefect,CP-transfer,0.0488,0.2805,0.3415,0.223,0.2655
TRANP-CNN,localstack/localstack,lightning-ai/lightning,WP-large,0.2667,0.5333,0.7333,0.3188,0.4192
TRANP-CNN,prefecthq/prefect,mesonbuild/meson,WP-small,0.0582,0.1746,0.20283333333333334,0.1012,0.10763333333333334
TRANP-CNN,prefecthq/prefect,wagtail/wagtail,CP-transfer,0.0488,0.0732,0.0976,0.3175,0.4117
TRANP-CNN,pydata/xarray,scikit-learn/scikit-learn,WP-small,0.02173333333333333,0.057999999999999996,0.11593333333333333,0.04356666666666667,0.04613333333333333
TRANP-CNN,localstack/localstack,lightning-ai/lightning,CP-cold-start,0.0267,0.12,0.2133,0.0663,0.0902
TRANP-CNN,pydata/xarray,scikit-learn/scikit-learn,WP-large,0.0217,0.1304,0.1957,0.2493,0.2724
TRANP-CNN,pydata/xarray,scikit-learn/scikit-learn,CP-cold-start,0.0,0.0,0.0,0.0056,0.0055
TRANP-CNN,pydata/xarray,scikit-learn/scikit-learn,CP-transfer,0.0435,0.1522,0.1957,0.3561,0.3666
TRANP-CNN,scikit-learn/scikit-learn,pydata/xarray,WP-small,0.05333333333333334,0.30666666666666664,0.5733333333333334,0.16780000000000003,0.19146666666666667
TRANP-CNN,prefecthq/prefect,mesonbuild/meson,WP-large,0.0582,0.1746,0.2063,0.4166,0.4449
TRANP-CNN,scikit-learn/scikit-learn,pydata/xarray,WP-large,0.2,0.48,0.6,0.3011,0.3446
TRANP-CNN,localstack/localstack,lightning-ai/lightning,CP-transfer,0.1733,0.5067,0.6933,0.2654,0.3514
TRANP-CNN,prefecthq/prefect,pydata/xarray,WP-small,0.05333333333333334,0.30666666666666664,0.5733333333333334,0.16780000000000003,0.19146666666666667
TRANP-CNN,scikit-learn/scikit-learn,pydata/xarray,CP-cold-start,0.0,0.04,0.2,0.0421,0.0535
TRANP-CNN,prefecthq/prefect,pydata/xarray,WP-large,0.08,0.44,0.72,0.254,0.2838
TRANP-CNN,prefecthq/prefect,mesonbuild/meson,CP-cold-start,0.0423,0.1376,0.1693,0.2787,0.3249
TRANP-CNN,scikit-learn/scikit-learn,pydata/xarray,CP-transfer,0.12,0.44,0.48,0.2359,0.2621
TRANP-CNN,numpy/numpy,qiskit/qiskit,WP-small,0.0625,0.17646666666666666,0.2402,0.0921,0.1179
TRANP-CNN,prefecthq/prefect,pydata/xarray,CP-cold-start,0.0,0.0,0.0,0.0077,0.0063
TRANP-CNN,prefecthq/prefect,mesonbuild/meson,CP-transfer,0.0688,0.1587,0.1958,0.3992,0.4425
TRANP-CNN,pydata/xarray,numpy/numpy,WP-small,0.03936666666666667,0.12833333333333333,0.21326666666666663,0.08423333333333333,0.09163333333333334
TRANP-CNN,prefecthq/prefect,pydata/xarray,CP-transfer,0.04,0.28,0.6,0.1373,0.1606
TRANP-CNN,numpy/numpy,qiskit/qiskit,WP-large,0.0699,0.1765,0.25,0.2321,0.2889
TRANP-CNN,pydata/xarray,prefecthq/prefect,WP-small,0.13006666666666666,0.23170000000000002,0.2845666666666667,0.14486666666666667,0.18553333333333333
TRANP-CNN,pydata/xarray,prefecthq/prefect,WP-large,0.122,0.2561,0.3049,0.2823,0.3581
TRANP-CNN,pydata/xarray,numpy/numpy,WP-large,0.0373,0.1553,0.2174,0.2307,0.2388
TRANP-CNN,pydata/xarray,prefecthq/prefect,CP-cold-start,0.0244,0.1585,0.2561,0.1329,0.1646
TRANP-CNN,pydata/xarray,numpy/numpy,CP-cold-start,0.0062,0.0248,0.0373,0.0421,0.0527
TRANP-CNN,pydata/xarray,prefecthq/prefect,CP-transfer,0.1341,0.1951,0.3049,0.2752,0.359
TRANP-CNN,numpy/numpy,qiskit/qiskit,CP-cold-start,0.0037,0.0625,0.1287,0.0642,0.0925
TRANP-CNN,pydata/xarray,numpy/numpy,CP-transfer,0.0497,0.1739,0.1988,0.2088,0.2405
TRANP-CNN,numpy/numpy,pydata/xarray,WP-small,0.05333333333333334,0.30666666666666664,0.5733333333333334,0.16780000000000003,0.19146666666666667
TRANP-CNN,numpy/numpy,mesonbuild/meson,WP-small,0.0582,0.1746,0.20283333333333334,0.1012,0.10763333333333334
TRANP-CNN,numpy/numpy,pydata/xarray,WP-large,0.08,0.44,0.48,0.1999,0.2298
TRANP-CNN,numpy/numpy,mesonbuild/meson,WP-large,0.0582,0.1852,0.2063,0.4028,0.4227
TRANP-CNN,numpy/numpy,pydata/xarray,CP-cold-start,0.08,0.24,0.32,0.1062,0.1671
TRANP-CNN,numpy/numpy,qiskit/qiskit,CP-transfer,0.0882,0.2243,0.2721,0.2667,0.3282
TRANP-CNN,qiskit/qiskit,numpy/numpy,WP-small,0.03936666666666667,0.12833333333333333,0.21326666666666663,0.08423333333333333,0.09163333333333334
TRANP-CNN,numpy/numpy,mesonbuild/meson,CP-cold-start,0.0053,0.0476,0.0899,0.1093,0.1174
TRANP-CNN,qiskit/qiskit,numpy/numpy,WP-large,0.0373,0.1491,0.2174,0.2044,0.2233
TRANP-CNN,numpy/numpy,pydata/xarray,CP-transfer,0.24,0.48,0.6,0.3112,0.3505
TRANP-CNN,numpy/numpy,scikit-learn/scikit-learn,WP-small,0.02173333333333333,0.057999999999999996,0.11593333333333333,0.04356666666666667,0.04613333333333333
TRANP-CNN,numpy/numpy,scikit-learn/scikit-learn,WP-large,0.0652,0.1739,0.1957,0.3504,0.3798
TRANP-CNN,qiskit/qiskit,numpy/numpy,CP-cold-start,0.0124,0.0435,0.0932,0.0732,0.0917
TRANP-CNN,numpy/numpy,mesonbuild/meson,CP-transfer,0.0688,0.1746,0.2063,0.4538,0.4771
TRANP-CNN,numpy/numpy,scikit-learn/scikit-learn,CP-cold-start,0.0,0.0,0.0,0.0041,0.0038
TRANP-CNN,numpy/numpy,localstack/localstack,WP-small,0.031599999999999996,0.17543333333333333,0.28073333333333333,0.08833333333333333,0.11033333333333332
TRANP-CNN,numpy/numpy,localstack/localstack,WP-large,0.0947,0.2,0.3474,0.175,0.2194
TRANP-CNN,numpy/numpy,scikit-learn/scikit-learn,CP-transfer,0.0217,0.1304,0.1957,0.2217,0.2601
TRANP-CNN,numpy/numpy,localstack/localstack,CP-cold-start,0.0,0.0526,0.1053,0.0366,0.0493
TRANP-CNN,scikit-learn/scikit-learn,numpy/numpy,WP-small,0.03936666666666667,0.12833333333333333,0.21326666666666663,0.08423333333333333,0.09163333333333334
TRANP-CNN,qiskit/qiskit,numpy/numpy,CP-transfer,0.0435,0.1429,0.1801,0.2121,0.2359
TRANP-CNN,wagtail/wagtail,docker/compose,WP-small,0.2820666666666667,0.7037333333333334,0.8062999999999999,0.4094,0.47763333333333335
TRANP-CNN,scikit-learn/scikit-learn,numpy/numpy,WP-large,0.0311,0.0994,0.1366,0.1487,0.1594
TRANP-CNN,wagtail/wagtail,docker/compose,WP-large,0.2308,0.7009,0.8034,0.3958,0.4554
TRANP-CNN,scikit-learn/scikit-learn,numpy/numpy,CP-cold-start,0.0062,0.0186,0.0311,0.0353,0.0463
TRANP-CNN,numpy/numpy,localstack/localstack,CP-transfer,0.0632,0.1474,0.2632,0.1354,0.17
TRANP-CNN,localstack/localstack,numpy/numpy,WP-small,0.03936666666666667,0.12833333333333333,0.21326666666666663,0.08423333333333333,0.09163333333333334
TRANP-CNN,scikit-learn/scikit-learn,numpy/numpy,CP-transfer,0.0435,0.1615,0.2236,0.213,0.2364
TRANP-CNN,wagtail/wagtail,docker/compose,CP-cold-start,0.0085,0.0171,0.1368,0.0401,0.0495
TRANP-CNN,localstack/localstack,numpy/numpy,WP-large,0.0559,0.1553,0.205,0.2251,0.2494
TRANP-CNN,wagtail/wagtail,docker/compose,CP-transfer,0.2479,0.7179,0.7863,0.412,0.4606
TRANP-CNN,localstack/localstack,numpy/numpy,CP-cold-start,0.0,0.0,0.0,0.0075,0.0061
TRANP-CNN,localstack/localstack,numpy/numpy,CP-transfer,0.0311,0.1304,0.1988,0.1816,0.1941
TRANP-CNN,ipython/ipython,docker/compose,WP-small,0.2820666666666667,0.7037333333333334,0.8062999999999999,0.4094,0.47763333333333335
TRANP-CNN,ipython/ipython,docker/compose,WP-large,0.2393,0.6923,0.8547,0.3962,0.4579
TRANP-CNN,ipython/ipython,docker/compose,CP-cold-start,0.0,0.0,0.0,0.011,0.008
TRANP-CNN,ipython/ipython,docker/compose,CP-transfer,0.265,0.7179,0.7692,0.396,0.4698
TRANP-CNN,docker/compose,ipython/ipython,WP-small,0.007866666666666666,0.04933333333333334,0.10256666666666665,0.03596666666666667,0.0433
TRANP-CNN,docker/compose,ipython/ipython,WP-large,0.0355,0.1243,0.2249,0.1291,0.1578
TRANP-CNN,docker/compose,ipython/ipython,CP-cold-start,0.0,0.0,0.0,0.0102,0.0094
TRANP-CNN,docker/compose,ipython/ipython,CP-transfer,0.0355,0.1361,0.2189,0.137,0.1575
TRANP-CNN,ipython/ipython,qiskit/qiskit,WP-small,0.0625,0.17646666666666666,0.2402,0.0921,0.1179
TRANP-CNN,ipython/ipython,qiskit/qiskit,WP-large,0.0662,0.1875,0.2574,0.2308,0.2891
TRANP-CNN,ipython/ipython,qiskit/qiskit,CP-cold-start,0.0037,0.0368,0.0919,0.0724,0.074
TRANP-CNN,ipython/ipython,qiskit/qiskit,CP-transfer,0.0772,0.1654,0.239,0.2324,0.2964
BLAZE,ipython/ipython,qiskit/qiskit,WP-large,0.2096,0.3897,0.4632,0.2611,0.2902
BLAZE,ipython/ipython,qiskit/qiskit,CP-cold-start,0.114,0.2243,0.3235,0.1475,0.1712
BLAZE,ipython/ipython,qiskit/qiskit,CP-transfer,0.2132,0.3934,0.4449,0.2627,0.2951
COOBA,scikit-learn/scikit-learn,numpy/numpy,WP-large,0.0559006211180124,0.1304347826086956,0.2422360248447205,0.0888428329349767,0.1045001232161865
COOBA,scikit-learn/scikit-learn,numpy/numpy,CP-cold-start,0.0,0.0,0.0062111801242236,0.0026024372101913,0.0025553832157401
COOBA,scikit-learn/scikit-learn,numpy/numpy,CP-transfer,0.0124223602484472,0.1180124223602484,0.1490683229813664,0.0653616365395896,0.069467582799941
