model_name,source_project,target_project,scenario,top-1,top-5,top-10,MAP,MRR,n_reachable,n_test,denominator_corrected
BLAZE,jupyterlab/jupyterlab,lightning-ai/lightning,WP-small,0.1733,0.4267,0.5867,0.2503,0.3141,75.0,75.0,yes
BLAZE,jupyterlab/jupyterlab,lightning-ai/lightning,WP-large,0.4133,0.6667,0.7333,0.4173,0.5311,75.0,75.0,yes
BLAZE,jupyterlab/jupyterlab,lightning-ai/lightning,CP-cold-start,0.12,0.3333,0.48,0.1716,0.2232,75.0,75.0,yes
BLAZE,jupyterlab/jupyterlab,lightning-ai/lightning,CP-transfer,0.32,0.6533,0.76,0.3599,0.4706,75.0,75.0,yes
BLAZE,lightning-ai/lightning,jupyterlab/jupyterlab,WP-small,0.05,0.225,0.3,0.1254,0.1484,38.0,40.0,yes
BLAZE,lightning-ai/lightning,jupyterlab/jupyterlab,WP-large,0.325,0.575,0.7,0.3621,0.4603,38.0,40.0,yes
BLAZE,lightning-ai/lightning,jupyterlab/jupyterlab,CP-cold-start,0.075,0.325,0.475,0.1353,0.2091,38.0,40.0,yes
BLAZE,lightning-ai/lightning,jupyterlab/jupyterlab,CP-transfer,0.25,0.525,0.6,0.2795,0.3739,38.0,40.0,yes
BLAZE,jupyterlab/jupyterlab,prefecthq/prefect,WP-small,0.1463,0.3293,0.5366,0.1964,0.2554,82.0,82.0,yes
BLAZE,jupyterlab/jupyterlab,prefecthq/prefect,WP-large,0.3415,0.6829,0.8049,0.4001,0.4956,82.0,82.0,yes
BLAZE,jupyterlab/jupyterlab,prefecthq/prefect,CP-cold-start,0.061,0.1829,0.3415,0.1058,0.1389,82.0,82.0,yes
BLAZE,jupyterlab/jupyterlab,prefecthq/prefect,CP-transfer,0.2683,0.5976,0.6585,0.3228,0.4082,82.0,82.0,yes
BLAZE,prefecthq/prefect,jupyterlab/jupyterlab,WP-small,0.125,0.225,0.35,0.1335,0.1761,38.0,40.0,yes
BLAZE,prefecthq/prefect,jupyterlab/jupyterlab,WP-large,0.35,0.6,0.675,0.3639,0.4625,38.0,40.0,yes
BLAZE,prefecthq/prefect,jupyterlab/jupyterlab,CP-cold-start,0.225,0.5,0.65,0.2727,0.3419,38.0,40.0,yes
BLAZE,prefecthq/prefect,jupyterlab/jupyterlab,CP-transfer,0.375,0.525,0.65,0.3635,0.4534,38.0,40.0,yes
BLAZE,jupyterlab/jupyterlab,pydata/xarray,WP-small,0.04,0.16,0.24,0.1105,0.1168,25.0,25.0,yes
BLAZE,jupyterlab/jupyterlab,pydata/xarray,WP-large,0.36,0.72,0.84,0.4607,0.5134,25.0,25.0,yes
BLAZE,jupyterlab/jupyterlab,pydata/xarray,CP-cold-start,0.12,0.24,0.44,0.1569,0.2108,25.0,25.0,yes
BLAZE,jupyterlab/jupyterlab,pydata/xarray,CP-transfer,0.2,0.64,0.72,0.3067,0.3699,25.0,25.0,yes
BLAZE,pydata/xarray,jupyterlab/jupyterlab,WP-small,0.1,0.225,0.35,0.1273,0.16,38.0,40.0,yes
BLAZE,pydata/xarray,jupyterlab/jupyterlab,WP-large,0.375,0.5,0.65,0.3514,0.4524,38.0,40.0,yes
BLAZE,pydata/xarray,jupyterlab/jupyterlab,CP-cold-start,0.275,0.475,0.6,0.3002,0.3755,38.0,40.0,yes
BLAZE,pydata/xarray,jupyterlab/jupyterlab,CP-transfer,0.175,0.375,0.45,0.1926,0.2805,38.0,40.0,yes
BLAZE,jupyterlab/jupyterlab,numpy/numpy,WP-small,0.2733,0.5093,0.6211,0.3438,0.3884,161.0,161.0,yes
BLAZE,jupyterlab/jupyterlab,numpy/numpy,WP-large,0.3789,0.5714,0.6584,0.4089,0.4681,161.0,161.0,yes
BLAZE,jupyterlab/jupyterlab,numpy/numpy,CP-cold-start,0.1615,0.3789,0.4845,0.2525,0.2765,161.0,161.0,yes
BLAZE,jupyterlab/jupyterlab,numpy/numpy,CP-transfer,0.2733,0.5093,0.5963,0.3375,0.388,161.0,161.0,yes
BLAZE,numpy/numpy,jupyterlab/jupyterlab,WP-small,0.0,0.025,0.025,0.0217,0.0219,38.0,40.0,yes
BLAZE,numpy/numpy,jupyterlab/jupyterlab,WP-large,0.35,0.575,0.75,0.3519,0.4724,38.0,40.0,yes
BLAZE,numpy/numpy,jupyterlab/jupyterlab,CP-cold-start,0.175,0.45,0.575,0.2514,0.3013,38.0,40.0,yes
BLAZE,numpy/numpy,jupyterlab/jupyterlab,CP-transfer,0.275,0.425,0.5,0.3042,0.3555,38.0,40.0,yes
BLAZE,jupyterlab/jupyterlab,scikit-learn/scikit-learn,WP-small,0.1087,0.3478,0.413,0.2329,0.2365,46.0,46.0,yes
BLAZE,jupyterlab/jupyterlab,scikit-learn/scikit-learn,WP-large,0.3261,0.7174,0.7826,0.4744,0.5102,46.0,46.0,yes
BLAZE,jupyterlab/jupyterlab,scikit-learn/scikit-learn,CP-cold-start,0.0652,0.1739,0.2609,0.1413,0.1413,46.0,46.0,yes
BLAZE,jupyterlab/jupyterlab,scikit-learn/scikit-learn,CP-transfer,0.2609,0.5217,0.6522,0.356,0.3798,46.0,46.0,yes
BLAZE,scikit-learn/scikit-learn,jupyterlab/jupyterlab,WP-small,0.1,0.275,0.35,0.1441,0.1905,38.0,40.0,yes
BLAZE,scikit-learn/scikit-learn,jupyterlab/jupyterlab,WP-large,0.4,0.65,0.7,0.3915,0.5133,38.0,40.0,yes
BLAZE,scikit-learn/scikit-learn,jupyterlab/jupyterlab,CP-cold-start,0.075,0.175,0.2,0.1089,0.1364,38.0,40.0,yes
BLAZE,scikit-learn/scikit-learn,jupyterlab/jupyterlab,CP-transfer,0.125,0.325,0.45,0.1877,0.2314,38.0,40.0,yes
BLAZE,lightning-ai/lightning,prefecthq/prefect,WP-small,0.1098,0.3659,0.4878,0.1837,0.2303,82.0,82.0,yes
BLAZE,lightning-ai/lightning,prefecthq/prefect,WP-large,0.3902,0.622,0.7073,0.4045,0.5154,82.0,82.0,yes
BLAZE,lightning-ai/lightning,prefecthq/prefect,CP-cold-start,0.122,0.3171,0.4024,0.1745,0.227,82.0,82.0,yes
BLAZE,lightning-ai/lightning,prefecthq/prefect,CP-transfer,0.2805,0.5,0.5854,0.3134,0.3811,82.0,82.0,yes
BLAZE,prefecthq/prefect,lightning-ai/lightning,WP-small,0.1867,0.4533,0.5867,0.2478,0.3217,75.0,75.0,yes
BLAZE,prefecthq/prefect,lightning-ai/lightning,WP-large,0.4133,0.68,0.76,0.4267,0.5423,75.0,75.0,yes
BLAZE,prefecthq/prefect,lightning-ai/lightning,CP-cold-start,0.32,0.6533,0.76,0.3468,0.4723,75.0,75.0,yes
BLAZE,prefecthq/prefect,lightning-ai/lightning,CP-transfer,0.3333,0.7067,0.8267,0.3994,0.4956,75.0,75.0,yes
BLAZE,lightning-ai/lightning,pydata/xarray,WP-small,0.08,0.2,0.28,0.132,0.1609,25.0,25.0,yes
BLAZE,lightning-ai/lightning,pydata/xarray,WP-large,0.32,0.72,0.84,0.4214,0.4827,25.0,25.0,yes
BLAZE,lightning-ai/lightning,pydata/xarray,CP-cold-start,0.12,0.4,0.56,0.247,0.2782,25.0,25.0,yes
BLAZE,lightning-ai/lightning,pydata/xarray,CP-transfer,0.28,0.52,0.72,0.4035,0.4248,25.0,25.0,yes
BLAZE,pydata/xarray,lightning-ai/lightning,WP-small,0.12,0.44,0.5733,0.2112,0.2676,75.0,75.0,yes
BLAZE,pydata/xarray,lightning-ai/lightning,WP-large,0.4267,0.64,0.7733,0.4342,0.5361,75.0,75.0,yes
BLAZE,pydata/xarray,lightning-ai/lightning,CP-cold-start,0.2667,0.5333,0.68,0.3265,0.4021,75.0,75.0,yes
BLAZE,pydata/xarray,lightning-ai/lightning,CP-transfer,0.32,0.6533,0.7867,0.3795,0.4747,75.0,75.0,yes
BLAZE,lightning-ai/lightning,numpy/numpy,WP-small,0.2422,0.5217,0.5901,0.3237,0.3597,161.0,161.0,yes
BLAZE,lightning-ai/lightning,numpy/numpy,WP-large,0.3416,0.6025,0.6894,0.4074,0.4534,161.0,161.0,yes
BLAZE,lightning-ai/lightning,numpy/numpy,CP-cold-start,0.1863,0.4224,0.528,0.2687,0.3003,161.0,161.0,yes
BLAZE,lightning-ai/lightning,numpy/numpy,CP-transfer,0.2981,0.5466,0.6273,0.3623,0.4062,161.0,161.0,yes
BLAZE,numpy/numpy,lightning-ai/lightning,WP-small,0.24,0.44,0.6133,0.264,0.3531,75.0,75.0,yes
BLAZE,numpy/numpy,lightning-ai/lightning,WP-large,0.44,0.6533,0.7467,0.4402,0.5428,75.0,75.0,yes
BLAZE,numpy/numpy,lightning-ai/lightning,CP-cold-start,0.1867,0.4533,0.64,0.2681,0.3318,75.0,75.0,yes
BLAZE,numpy/numpy,lightning-ai/lightning,CP-transfer,0.32,0.64,0.7067,0.3559,0.4562,75.0,75.0,yes
BLAZE,lightning-ai/lightning,scikit-learn/scikit-learn,WP-small,0.1087,0.2826,0.413,0.2096,0.2161,46.0,46.0,yes
BLAZE,lightning-ai/lightning,scikit-learn/scikit-learn,WP-large,0.2826,0.6739,0.7826,0.4352,0.464,46.0,46.0,yes
BLAZE,lightning-ai/lightning,scikit-learn/scikit-learn,CP-cold-start,0.2609,0.5217,0.6522,0.3695,0.3922,46.0,46.0,yes
BLAZE,lightning-ai/lightning,scikit-learn/scikit-learn,CP-transfer,0.3696,0.6304,0.7826,0.4718,0.4991,46.0,46.0,yes
BLAZE,scikit-learn/scikit-learn,lightning-ai/lightning,WP-small,0.2133,0.4667,0.6267,0.2751,0.343,75.0,75.0,yes
BLAZE,scikit-learn/scikit-learn,lightning-ai/lightning,WP-large,0.4267,0.6667,0.76,0.4277,0.5418,75.0,75.0,yes
BLAZE,scikit-learn/scikit-learn,lightning-ai/lightning,CP-cold-start,0.2267,0.52,0.7067,0.2783,0.3682,75.0,75.0,yes
BLAZE,scikit-learn/scikit-learn,lightning-ai/lightning,CP-transfer,0.4133,0.7067,0.7867,0.4364,0.5416,75.0,75.0,yes
BLAZE,prefecthq/prefect,pydata/xarray,WP-small,0.08,0.16,0.2,0.1199,0.143,25.0,25.0,yes
BLAZE,prefecthq/prefect,pydata/xarray,WP-large,0.32,0.72,0.84,0.442,0.4908,25.0,25.0,yes
BLAZE,prefecthq/prefect,pydata/xarray,CP-cold-start,0.2,0.36,0.52,0.2373,0.2913,25.0,25.0,yes
BLAZE,prefecthq/prefect,pydata/xarray,CP-transfer,0.2,0.6,0.76,0.3268,0.3781,25.0,25.0,yes
BLAZE,pydata/xarray,prefecthq/prefect,WP-small,0.0854,0.3049,0.439,0.1603,0.1998,82.0,82.0,yes
BLAZE,pydata/xarray,prefecthq/prefect,WP-large,0.3293,0.6463,0.7439,0.3729,0.465,82.0,82.0,yes
BLAZE,pydata/xarray,prefecthq/prefect,CP-cold-start,0.122,0.4634,0.6585,0.2191,0.2828,82.0,82.0,yes
BLAZE,pydata/xarray,prefecthq/prefect,CP-transfer,0.3293,0.5732,0.6463,0.3554,0.4516,82.0,82.0,yes
BLAZE,prefecthq/prefect,numpy/numpy,WP-small,0.323,0.5342,0.6335,0.3664,0.4174,161.0,161.0,yes
BLAZE,prefecthq/prefect,numpy/numpy,WP-large,0.3106,0.5839,0.6832,0.3863,0.439,161.0,161.0,yes
BLAZE,prefecthq/prefect,numpy/numpy,CP-cold-start,0.1863,0.3975,0.528,0.2485,0.2837,161.0,161.0,yes
BLAZE,prefecthq/prefect,numpy/numpy,CP-transfer,0.2919,0.5466,0.6335,0.3622,0.4124,161.0,161.0,yes
BLAZE,numpy/numpy,prefecthq/prefect,WP-small,0.1463,0.4878,0.5854,0.22,0.2905,82.0,82.0,yes
BLAZE,numpy/numpy,prefecthq/prefect,WP-large,0.3659,0.6341,0.7195,0.4082,0.4907,82.0,82.0,yes
BLAZE,numpy/numpy,prefecthq/prefect,CP-cold-start,0.0976,0.2195,0.378,0.1348,0.1704,82.0,82.0,yes
BLAZE,numpy/numpy,prefecthq/prefect,CP-transfer,0.2683,0.5488,0.6707,0.2991,0.3943,82.0,82.0,yes
BLAZE,prefecthq/prefect,scikit-learn/scikit-learn,WP-small,0.0217,0.1739,0.2609,0.11,0.1121,46.0,46.0,yes
BLAZE,prefecthq/prefect,scikit-learn/scikit-learn,WP-large,0.3913,0.7391,0.8261,0.5023,0.5394,46.0,46.0,yes
BLAZE,prefecthq/prefect,scikit-learn/scikit-learn,CP-cold-start,0.2609,0.5435,0.587,0.3755,0.3967,46.0,46.0,yes
BLAZE,prefecthq/prefect,scikit-learn/scikit-learn,CP-transfer,0.3696,0.6957,0.7174,0.4779,0.5048,46.0,46.0,yes
BLAZE,scikit-learn/scikit-learn,prefecthq/prefect,WP-small,0.1829,0.439,0.5488,0.2309,0.3059,82.0,82.0,yes
BLAZE,scikit-learn/scikit-learn,prefecthq/prefect,WP-large,0.4024,0.622,0.7439,0.407,0.5145,82.0,82.0,yes
BLAZE,scikit-learn/scikit-learn,prefecthq/prefect,CP-cold-start,0.2195,0.4634,0.6098,0.2678,0.3467,82.0,82.0,yes
BLAZE,scikit-learn/scikit-learn,prefecthq/prefect,CP-transfer,0.3293,0.6463,0.6951,0.3774,0.4729,82.0,82.0,yes
BLAZE,pydata/xarray,numpy/numpy,WP-small,0.2795,0.5155,0.6087,0.3479,0.3838,161.0,161.0,yes
BLAZE,pydata/xarray,numpy/numpy,WP-large,0.2857,0.5963,0.6708,0.3772,0.4218,161.0,161.0,yes
BLAZE,pydata/xarray,numpy/numpy,CP-cold-start,0.2422,0.4534,0.5031,0.3163,0.3462,161.0,161.0,yes
BLAZE,pydata/xarray,numpy/numpy,CP-transfer,0.2981,0.5155,0.6398,0.3589,0.4028,161.0,161.0,yes
BLAZE,numpy/numpy,pydata/xarray,WP-small,0.08,0.24,0.32,0.1591,0.187,25.0,25.0,yes
BLAZE,numpy/numpy,pydata/xarray,WP-large,0.32,0.72,0.84,0.4286,0.4787,25.0,25.0,yes
BLAZE,numpy/numpy,pydata/xarray,CP-cold-start,0.16,0.4,0.64,0.2446,0.293,25.0,25.0,yes
BLAZE,numpy/numpy,pydata/xarray,CP-transfer,0.36,0.72,0.8,0.4143,0.5023,25.0,25.0,yes
BLAZE,pydata/xarray,scikit-learn/scikit-learn,WP-small,0.1522,0.3478,0.4348,0.2506,0.2592,46.0,46.0,yes
BLAZE,pydata/xarray,scikit-learn/scikit-learn,WP-large,0.4348,0.6087,0.7826,0.4897,0.525,46.0,46.0,yes
BLAZE,pydata/xarray,scikit-learn/scikit-learn,CP-cold-start,0.2826,0.5652,0.6087,0.3832,0.4084,46.0,46.0,yes
BLAZE,pydata/xarray,scikit-learn/scikit-learn,CP-transfer,0.3478,0.5652,0.7174,0.4417,0.4586,46.0,46.0,yes
BLAZE,scikit-learn/scikit-learn,pydata/xarray,WP-small,0.16,0.28,0.28,0.1906,0.234,25.0,25.0,yes
BLAZE,scikit-learn/scikit-learn,pydata/xarray,WP-large,0.4,0.76,0.8,0.4596,0.5214,25.0,25.0,yes
BLAZE,scikit-learn/scikit-learn,pydata/xarray,CP-cold-start,0.12,0.44,0.72,0.2626,0.2833,25.0,25.0,yes
BLAZE,scikit-learn/scikit-learn,pydata/xarray,CP-transfer,0.16,0.64,0.8,0.3191,0.3791,25.0,25.0,yes
BLAZE,numpy/numpy,scikit-learn/scikit-learn,WP-small,0.0435,0.2391,0.3261,0.1423,0.1478,46.0,46.0,yes
BLAZE,numpy/numpy,scikit-learn/scikit-learn,WP-large,0.3696,0.7174,0.7826,0.4831,0.5117,46.0,46.0,yes
BLAZE,numpy/numpy,scikit-learn/scikit-learn,CP-cold-start,0.1522,0.5652,0.6522,0.3329,0.3503,46.0,46.0,yes
BLAZE,numpy/numpy,scikit-learn/scikit-learn,CP-transfer,0.3478,0.6739,0.7609,0.4597,0.4784,46.0,46.0,yes
BLAZE,scikit-learn/scikit-learn,numpy/numpy,WP-small,0.2547,0.5342,0.6087,0.331,0.3644,161.0,161.0,yes
BLAZE,scikit-learn/scikit-learn,numpy/numpy,WP-large,0.2857,0.5714,0.7019,0.3811,0.429,161.0,161.0,yes
BLAZE,scikit-learn/scikit-learn,numpy/numpy,CP-cold-start,0.2981,0.528,0.6149,0.3692,0.4093,161.0,161.0,yes
BLAZE,scikit-learn/scikit-learn,numpy/numpy,CP-transfer,0.323,0.5404,0.6087,0.3736,0.4283,161.0,161.0,yes
COOBA,jupyterlab/jupyterlab,lightning-ai/lightning,WP-small,0.1466666666666666,0.5066666666666667,0.6,0.2497,0.3062,74.0,75.0,no
COOBA,jupyterlab/jupyterlab,pydata/xarray,WP-small,0.08,0.24,0.32,0.1454,0.1664,25.0,25.0,no
COOBA,jupyterlab/jupyterlab,prefecthq/prefect,WP-small,0.0853658536585365,0.2439024390243902,0.3414634146341463,0.1198,0.1603,42.0,82.0,no
COOBA,jupyterlab/jupyterlab,pydata/xarray,WP-large,0.24,0.44,0.52,0.2685,0.325,25.0,25.0,no
COOBA,jupyterlab/jupyterlab,lightning-ai/lightning,WP-large,0.28,0.5866666666666667,0.68,0.3106,0.4046,74.0,75.0,no
COOBA,jupyterlab/jupyterlab,prefecthq/prefect,WP-large,0.0853658536585365,0.2804878048780488,0.3536585365853658,0.1355,0.1778,42.0,82.0,no
COOBA,jupyterlab/jupyterlab,pydata/xarray,CP-cold-start,0.0,0.0,0.0,0.0096,0.008,25.0,25.0,no
COOBA,jupyterlab/jupyterlab,lightning-ai/lightning,CP-cold-start,0.0,0.04,0.0533333333333333,0.0343,0.0398,74.0,75.0,no
COOBA,jupyterlab/jupyterlab,prefecthq/prefect,CP-cold-start,0.0,0.024390243902439,0.0365853658536585,0.0122,0.015,42.0,82.0,no
COOBA,jupyterlab/jupyterlab,pydata/xarray,CP-transfer,0.04,0.08,0.36,0.0901,0.1197,25.0,25.0,no
COOBA,pydata/xarray,jupyterlab/jupyterlab,WP-small,0.05,0.25,0.425,0.1357,0.1379,20.0,40.0,no
COOBA,jupyterlab/jupyterlab,lightning-ai/lightning,CP-transfer,0.32,0.56,0.6933333333333334,0.3238,0.4418,74.0,75.0,no
COOBA,lightning-ai/lightning,jupyterlab/jupyterlab,WP-small,0.175,0.45,0.5,0.2807,0.2932,20.0,40.0,no
COOBA,pydata/xarray,jupyterlab/jupyterlab,WP-large,0.025,0.4,0.5,0.1719,0.1729,20.0,40.0,no
COOBA,jupyterlab/jupyterlab,prefecthq/prefect,CP-transfer,0.0853658536585365,0.2073170731707317,0.2926829268292683,0.1283,0.1478,42.0,82.0,no
COOBA,prefecthq/prefect,jupyterlab/jupyterlab,WP-small,0.0,0.125,0.3,0.0785,0.0798,20.0,40.0,no
COOBA,lightning-ai/lightning,jupyterlab/jupyterlab,WP-large,0.175,0.375,0.5,0.2449,0.253,20.0,40.0,no
COOBA,pydata/xarray,jupyterlab/jupyterlab,CP-cold-start,0.0,0.0,0.025,0.0112,0.011,20.0,40.0,no
COOBA,prefecthq/prefect,jupyterlab/jupyterlab,WP-large,0.125,0.475,0.475,0.2567,0.2571,20.0,40.0,no
COOBA,lightning-ai/lightning,jupyterlab/jupyterlab,CP-cold-start,0.0,0.0,0.0,0.0138,0.0131,20.0,40.0,no
COOBA,pydata/xarray,jupyterlab/jupyterlab,CP-transfer,0.05,0.45,0.5,0.1835,0.1952,20.0,40.0,no
COOBA,jupyterlab/jupyterlab,ipython/ipython,WP-small,0.0059171597633136,0.1005917159763313,0.1775147928994082,0.0538,0.0619,98.0,169.0,no
COOBA,prefecthq/prefect,jupyterlab/jupyterlab,CP-cold-start,0.0,0.0,0.0,0.0042,0.0051,20.0,40.0,no
COOBA,lightning-ai/lightning,jupyterlab/jupyterlab,CP-transfer,0.175,0.475,0.5,0.2802,0.2975,20.0,40.0,no
COOBA,jupyterlab/jupyterlab,numpy/numpy,WP-small,0.0248447204968944,0.0807453416149068,0.1614906832298136,0.062,0.0698,69.0,161.0,no
COOBA,prefecthq/prefect,jupyterlab/jupyterlab,CP-transfer,0.125,0.375,0.5,0.2508,0.2534,20.0,40.0,no
COOBA,jupyterlab/jupyterlab,ipython/ipython,WP-large,0.0414201183431952,0.1301775147928994,0.2485207100591716,0.0799,0.0994,98.0,169.0,no
COOBA,jupyterlab/jupyterlab,scikit-learn/scikit-learn,WP-small,0.0,0.0,0.0217391304347826,0.0169,0.0156,13.0,46.0,no
COOBA,jupyterlab/jupyterlab,ipython/ipython,CP-cold-start,0.0,0.0059171597633136,0.0059171597633136,0.0053,0.0049,98.0,169.0,no
COOBA,jupyterlab/jupyterlab,scikit-learn/scikit-learn,WP-large,0.0,0.0652173913043478,0.1739130434782608,0.0347,0.0359,13.0,46.0,no
COOBA,jupyterlab/jupyterlab,scikit-learn/scikit-learn,CP-cold-start,0.0,0.0,0.0,0.0053,0.0049,13.0,46.0,no
COOBA,jupyterlab/jupyterlab,numpy/numpy,WP-large,0.0559006211180124,0.1677018633540372,0.1987577639751552,0.0969,0.1083,69.0,161.0,no
COOBA,jupyterlab/jupyterlab,ipython/ipython,CP-transfer,0.0059171597633136,0.029585798816568,0.0769230769230769,0.0349,0.0356,98.0,169.0,no
COOBA,ipython/ipython,jupyterlab/jupyterlab,WP-small,0.125,0.375,0.475,0.2231,0.2419,20.0,40.0,no
COOBA,ipython/ipython,jupyterlab/jupyterlab,WP-large,0.175,0.4,0.5,0.2572,0.2653,20.0,40.0,no
COOBA,jupyterlab/jupyterlab,numpy/numpy,CP-cold-start,0.0,0.0062111801242236,0.0062111801242236,0.0093,0.0088,69.0,161.0,no
COOBA,jupyterlab/jupyterlab,scikit-learn/scikit-learn,CP-transfer,0.0,0.0652173913043478,0.0652173913043478,0.0313,0.0307,13.0,46.0,no
COOBA,scikit-learn/scikit-learn,jupyterlab/jupyterlab,WP-small,0.075,0.3,0.475,0.1877,0.191,20.0,40.0,no
COOBA,scikit-learn/scikit-learn,jupyterlab/jupyterlab,WP-large,0.1,0.35,0.5,0.2073,0.2146,20.0,40.0,no
COOBA,jupyterlab/jupyterlab,numpy/numpy,CP-transfer,0.0186335403726708,0.0559006211180124,0.1180124223602484,0.0468,0.0515,69.0,161.0,no
COOBA,numpy/numpy,jupyterlab/jupyterlab,WP-small,0.025,0.3,0.475,0.1562,0.1615,20.0,40.0,no
COOBA,scikit-learn/scikit-learn,jupyterlab/jupyterlab,CP-cold-start,0.05,0.05,0.05,0.0473,0.0583,20.0,40.0,no
COOBA,numpy/numpy,jupyterlab/jupyterlab,WP-large,0.125,0.425,0.5,0.2339,0.2459,20.0,40.0,no
COOBA,ipython/ipython,jupyterlab/jupyterlab,CP-cold-start,0.0,0.05,0.05,0.0184,0.0165,20.0,40.0,no
COOBA,scikit-learn/scikit-learn,jupyterlab/jupyterlab,CP-transfer,0.05,0.25,0.425,0.139,0.1471,20.0,40.0,no
COOBA,jupyterlab/jupyterlab,ansible/ansible,WP-small,0.0,0.0064935064935064,0.0129870129870129,0.0041,0.0041,15.0,154.0,no
COOBA,numpy/numpy,jupyterlab/jupyterlab,CP-cold-start,0.025,0.1,0.2,0.0654,0.0662,20.0,40.0,no
COOBA,jupyterlab/jupyterlab,ansible/ansible,WP-large,0.0,0.0129870129870129,0.0194805194805194,0.0077,0.0077,15.0,154.0,no
COOBA,jupyterlab/jupyterlab,ansible/ansible,CP-cold-start,0.0,0.0064935064935064,0.0064935064935064,0.0019,0.0027,15.0,154.0,no
COOBA,ipython/ipython,jupyterlab/jupyterlab,CP-transfer,0.125,0.45,0.5,0.2334,0.2449,20.0,40.0,no
COOBA,jupyterlab/jupyterlab,docker/compose,WP-small,0.2136752136752136,0.6666666666666666,0.8376068376068376,0.3435,0.4046,116.0,117.0,no
COOBA,jupyterlab/jupyterlab,ansible/ansible,CP-transfer,0.0,0.0129870129870129,0.0194805194805194,0.0073,0.0074,15.0,154.0,no
COOBA,ansible/ansible,jupyterlab/jupyterlab,WP-small,0.05,0.3,0.475,0.1682,0.1698,20.0,40.0,no
COOBA,jupyterlab/jupyterlab,docker/compose,WP-large,0.282051282051282,0.7264957264957265,0.8717948717948718,0.4138,0.468,116.0,117.0,no
COOBA,ansible/ansible,jupyterlab/jupyterlab,WP-large,0.05,0.4,0.5,0.1741,0.1844,20.0,40.0,no
COOBA,jupyterlab/jupyterlab,docker/compose,CP-cold-start,0.0085470085470085,0.0256410256410256,0.0256410256410256,0.017,0.0211,116.0,117.0,no
COOBA,jupyterlab/jupyterlab,docker/compose,CP-transfer,0.2649572649572649,0.7350427350427351,0.8205128205128205,0.3957,0.4569,116.0,117.0,no
COOBA,numpy/numpy,jupyterlab/jupyterlab,CP-transfer,0.025,0.275,0.5,0.1345,0.1351,20.0,40.0,no
COOBA,docker/compose,jupyterlab/jupyterlab,WP-small,0.05,0.2,0.475,0.15,0.1549,20.0,40.0,no
COOBA,jupyterlab/jupyterlab,mesonbuild/meson,WP-small,0.0582010582010582,0.1587301587301587,0.1851851851851851,0.092,0.0994,47.0,189.0,no
COOBA,docker/compose,jupyterlab/jupyterlab,WP-large,0.15,0.475,0.475,0.2465,0.2547,20.0,40.0,no
COOBA,ansible/ansible,jupyterlab/jupyterlab,CP-cold-start,0.025,0.1,0.15,0.044,0.0573,20.0,40.0,no
COOBA,docker/compose,jupyterlab/jupyterlab,CP-cold-start,0.0,0.0,0.0,0.005,0.0066,20.0,40.0,no
COOBA,jupyterlab/jupyterlab,mesonbuild/meson,WP-large,0.0423280423280423,0.1322751322751322,0.2063492063492063,0.0844,0.0895,47.0,189.0,no
COOBA,jupyterlab/jupyterlab,mesonbuild/meson,CP-cold-start,0.0,0.0,0.0,0.0013,0.001,47.0,189.0,no
COOBA,docker/compose,jupyterlab/jupyterlab,CP-transfer,0.05,0.4,0.5,0.1755,0.1922,20.0,40.0,no
COOBA,jupyterlab/jupyterlab,mesonbuild/meson,CP-transfer,0.0264550264550264,0.1164021164021164,0.1904761904761904,0.068,0.0703,47.0,189.0,no
COOBA,jupyterlab/jupyterlab,qiskit/qiskit,WP-small,0.0588235294117647,0.1801470588235294,0.2463235294117647,0.0961,0.1172,119.0,272.0,no
COOBA,mesonbuild/meson,jupyterlab/jupyterlab,WP-small,0.15,0.375,0.5,0.2383,0.2424,20.0,40.0,no
COOBA,mesonbuild/meson,jupyterlab/jupyterlab,WP-large,0.075,0.2,0.425,0.1308,0.143,20.0,40.0,no
COOBA,ansible/ansible,jupyterlab/jupyterlab,CP-transfer,0.025,0.075,0.3,0.0817,0.0893,20.0,40.0,no
COOBA,jupyterlab/jupyterlab,wagtail/wagtail,WP-small,0.0,0.024390243902439,0.0853658536585365,0.0161,0.0162,13.0,82.0,no
COOBA,jupyterlab/jupyterlab,wagtail/wagtail,WP-large,0.0609756097560975,0.0975609756097561,0.1097560975609756,0.0641,0.0771,13.0,82.0,no
COOBA,jupyterlab/jupyterlab,wagtail/wagtail,CP-cold-start,0.0,0.0,0.0365853658536585,0.0066,0.0075,13.0,82.0,no
COOBA,jupyterlab/jupyterlab,wagtail/wagtail,CP-transfer,0.0,0.073170731707317,0.0975609756097561,0.0264,0.0322,13.0,82.0,no
COOBA,mesonbuild/meson,jupyterlab/jupyterlab,CP-cold-start,0.0,0.0,0.025,0.0109,0.0109,20.0,40.0,no
COOBA,wagtail/wagtail,jupyterlab/jupyterlab,WP-small,0.0,0.175,0.45,0.1144,0.112,20.0,40.0,no
COOBA,wagtail/wagtail,jupyterlab/jupyterlab,WP-large,0.15,0.4,0.475,0.2404,0.2515,20.0,40.0,no
COOBA,jupyterlab/jupyterlab,qiskit/qiskit,WP-large,0.088235294117647,0.2095588235294117,0.25,0.1103,0.1408,119.0,272.0,no
COOBA,wagtail/wagtail,jupyterlab/jupyterlab,CP-cold-start,0.05,0.225,0.45,0.1238,0.1342,20.0,40.0,no
COOBA,jupyterlab/jupyterlab,qiskit/qiskit,CP-cold-start,0.0073529411764705,0.0183823529411764,0.0588235294117647,0.0219,0.0238,119.0,272.0,no
COOBA,wagtail/wagtail,jupyterlab/jupyterlab,CP-transfer,0.2,0.4,0.475,0.2998,0.2991,20.0,40.0,no
COOBA,lightning-ai/lightning,pydata/xarray,WP-small,0.0,0.08,0.2,0.0761,0.0857,25.0,25.0,no
COOBA,lightning-ai/lightning,pydata/xarray,WP-large,0.08,0.2,0.44,0.1648,0.1818,25.0,25.0,no
COOBA,jupyterlab/jupyterlab,qiskit/qiskit,CP-transfer,0.0404411764705882,0.1544117647058823,0.213235294117647,0.0765,0.0938,119.0,272.0,no
COOBA,qiskit/qiskit,jupyterlab/jupyterlab,WP-small,0.05,0.35,0.5,0.173,0.1774,20.0,40.0,no
COOBA,qiskit/qiskit,jupyterlab/jupyterlab,WP-large,0.225,0.45,0.5,0.2857,0.3078,20.0,40.0,no
COOBA,mesonbuild/meson,jupyterlab/jupyterlab,CP-transfer,0.0,0.2,0.425,0.0935,0.0908,20.0,40.0,no
COOBA,jupyterlab/jupyterlab,localstack/localstack,WP-small,0.0631578947368421,0.1894736842105263,0.3052631578947368,0.1076,0.1414,70.0,95.0,no
COOBA,lightning-ai/lightning,pydata/xarray,CP-cold-start,0.0,0.08,0.08,0.0241,0.0279,25.0,25.0,no
COOBA,jupyterlab/jupyterlab,localstack/localstack,WP-large,0.1052631578947368,0.2210526315789473,0.3263157894736842,0.138,0.1788,70.0,95.0,no
COOBA,jupyterlab/jupyterlab,localstack/localstack,CP-cold-start,0.0,0.0105263157894736,0.0421052631578947,0.0259,0.029,70.0,95.0,no
COOBA,jupyterlab/jupyterlab,localstack/localstack,CP-transfer,0.0947368421052631,0.231578947368421,0.3157894736842105,0.1296,0.1695,70.0,95.0,no
COOBA,localstack/localstack,jupyterlab/jupyterlab,WP-small,0.05,0.375,0.475,0.2081,0.2072,20.0,40.0,no
COOBA,lightning-ai/lightning,pydata/xarray,CP-transfer,0.0,0.2,0.44,0.1016,0.103,25.0,25.0,no
COOBA,pydata/xarray,lightning-ai/lightning,WP-small,0.0133333333333333,0.3466666666666667,0.48,0.1259,0.1504,74.0,75.0,no
COOBA,localstack/localstack,jupyterlab/jupyterlab,WP-large,0.15,0.475,0.5,0.2625,0.2762,20.0,40.0,no
COOBA,pydata/xarray,lightning-ai/lightning,WP-large,0.2666666666666666,0.4933333333333333,0.6933333333333334,0.3273,0.4053,74.0,75.0,no
COOBA,pydata/xarray,lightning-ai/lightning,CP-cold-start,0.0,0.0133333333333333,0.0933333333333333,0.0318,0.0379,74.0,75.0,no
COOBA,localstack/localstack,jupyterlab/jupyterlab,CP-cold-start,0.025,0.075,0.075,0.0394,0.0415,20.0,40.0,no
COOBA,qiskit/qiskit,jupyterlab/jupyterlab,CP-cold-start,0.0,0.0,0.0,0.0021,0.002,20.0,40.0,no
COOBA,pydata/xarray,lightning-ai/lightning,CP-transfer,0.0933333333333333,0.56,0.6666666666666666,0.2699,0.3125,74.0,75.0,no
COOBA,lightning-ai/lightning,ipython/ipython,WP-small,0.0059171597633136,0.0236686390532544,0.059171597633136,0.029,0.0343,98.0,169.0,no
COOBA,localstack/localstack,jupyterlab/jupyterlab,CP-transfer,0.15,0.275,0.475,0.2208,0.2205,20.0,40.0,no
COOBA,lightning-ai/lightning,prefecthq/prefect,WP-small,0.1341463414634146,0.2195121951219512,0.3170731707317073,0.1466,0.187,42.0,82.0,no
COOBA,lightning-ai/lightning,ipython/ipython,WP-large,0.0414201183431952,0.1538461538461538,0.1952662721893491,0.0803,0.0959,98.0,169.0,no
COOBA,lightning-ai/lightning,prefecthq/prefect,WP-large,0.1097560975609756,0.2682926829268293,0.3536585365853658,0.1531,0.1829,42.0,82.0,no
COOBA,lightning-ai/lightning,ipython/ipython,CP-cold-start,0.0,0.0,0.0,0.0041,0.0039,98.0,169.0,no
COOBA,lightning-ai/lightning,prefecthq/prefect,CP-cold-start,0.0,0.0,0.0,0.0084,0.0053,42.0,82.0,no
COOBA,lightning-ai/lightning,prefecthq/prefect,CP-transfer,0.1097560975609756,0.2560975609756097,0.3536585365853658,0.1493,0.1862,42.0,82.0,no
COOBA,prefecthq/prefect,lightning-ai/lightning,WP-small,0.2133333333333333,0.5333333333333333,0.6533333333333333,0.2899,0.3609,74.0,75.0,no
COOBA,lightning-ai/lightning,ipython/ipython,CP-transfer,0.0236686390532544,0.1242603550295858,0.2011834319526627,0.0678,0.075,98.0,169.0,no
COOBA,ipython/ipython,lightning-ai/lightning,WP-small,0.1333333333333333,0.5066666666666667,0.64,0.2656914274952071,0.3141341844905784,,,False
COOBA,prefecthq/prefect,lightning-ai/lightning,WP-large,0.2933333333333333,0.5333333333333333,0.6533333333333333,0.3309,0.416,74.0,75.0,no
COOBA,ipython/ipython,lightning-ai/lightning,WP-large,0.1733333333333333,0.5866666666666667,0.72,0.2853705449148654,0.3640068960390739,,,False
COOBA,prefecthq/prefect,lightning-ai/lightning,CP-cold-start,0.0,0.0533333333333333,0.0933333333333333,0.0389,0.0459,74.0,75.0,no
COOBA,qiskit/qiskit,jupyterlab/jupyterlab,CP-transfer,0.0,0.175,0.5,0.0955,0.093,20.0,40.0,no
COOBA,lightning-ai/lightning,numpy/numpy,WP-small,0.0124223602484472,0.0869565217391304,0.1677018633540372,0.0556,0.0581,69.0,161.0,no
COOBA,ipython/ipython,lightning-ai/lightning,CP-cold-start,0.0,0.0133333333333333,0.12,0.0419651997958055,0.0448508697725734,,,False
COOBA,prefecthq/prefect,lightning-ai/lightning,CP-transfer,0.24,0.5333333333333333,0.64,0.2608,0.3639,74.0,75.0,no
COOBA,lightning-ai/lightning,scikit-learn/scikit-learn,WP-small,0.0,0.0869565217391304,0.1304347826086956,0.0426,0.0446,13.0,46.0,no
COOBA,lightning-ai/lightning,scikit-learn/scikit-learn,WP-large,0.0217391304347826,0.0434782608695652,0.0652173913043478,0.0439,0.0435,13.0,46.0,no
COOBA,lightning-ai/lightning,scikit-learn/scikit-learn,CP-cold-start,0.0434782608695652,0.0652173913043478,0.108695652173913,0.051,0.0608,13.0,46.0,no
COOBA,lightning-ai/lightning,numpy/numpy,WP-large,0.0496894409937888,0.1366459627329192,0.217391304347826,0.09,0.1015,69.0,161.0,no
COOBA,lightning-ai/lightning,numpy/numpy,CP-cold-start,0.0,0.0,0.0,0.0027,0.002,69.0,161.0,no
COOBA,lightning-ai/lightning,scikit-learn/scikit-learn,CP-transfer,0.0217391304347826,0.0434782608695652,0.108695652173913,0.048,0.0479,13.0,46.0,no
COOBA,scikit-learn/scikit-learn,lightning-ai/lightning,WP-small,0.28,0.5333333333333333,0.6666666666666666,0.3031,0.4014,74.0,75.0,no
COOBA,scikit-learn/scikit-learn,lightning-ai/lightning,WP-large,0.2266666666666666,0.5066666666666667,0.68,0.2784,0.3588,74.0,75.0,no
COOBA,scikit-learn/scikit-learn,lightning-ai/lightning,CP-cold-start,0.0133333333333333,0.0133333333333333,0.0133333333333333,0.018,0.0224,74.0,75.0,no
COOBA,ipython/ipython,lightning-ai/lightning,CP-transfer,0.16,0.52,0.72,0.2671016377426917,0.3290734588529369,,,False
COOBA,lightning-ai/lightning,docker/compose,WP-small,0.2393162393162393,0.7094017094017094,0.8034188034188035,0.3487719809029875,0.415380269928972,,,False
COOBA,lightning-ai/lightning,numpy/numpy,CP-transfer,0.0124223602484472,0.0993788819875776,0.1304347826086956,0.0638,0.0657,69.0,161.0,no
COOBA,numpy/numpy,lightning-ai/lightning,WP-small,0.1466666666666666,0.4933333333333333,0.6533333333333333,0.2637,0.3262,74.0,75.0,no
COOBA,numpy/numpy,lightning-ai/lightning,WP-large,0.2933333333333333,0.5866666666666667,0.7333333333333333,0.3432,0.4336,74.0,75.0,no
COOBA,lightning-ai/lightning,docker/compose,WP-large,0.188034188034188,0.6495726495726496,0.7948717948717948,0.3267942236999488,0.3727988023001877,,,False
COOBA,scikit-learn/scikit-learn,lightning-ai/lightning,CP-transfer,0.32,0.52,0.6666666666666666,0.3262,0.4367,74.0,75.0,no
COOBA,lightning-ai/lightning,ansible/ansible,WP-small,0.0,0.0064935064935064,0.0129870129870129,0.006,0.0061,15.0,154.0,no
COOBA,lightning-ai/lightning,docker/compose,CP-cold-start,0.0085470085470085,0.1111111111111111,0.188034188034188,0.0772537860242209,0.08614157273066,,,False
COOBA,lightning-ai/lightning,ansible/ansible,WP-large,0.0,0.0194805194805194,0.0194805194805194,0.0054,0.0055,15.0,154.0,no
COOBA,lightning-ai/lightning,docker/compose,CP-transfer,0.2991452991452991,0.7264957264957265,0.8376068376068376,0.4103829250143134,0.4662411786425571,,,False
COOBA,numpy/numpy,lightning-ai/lightning,CP-cold-start,0.0266666666666666,0.1066666666666666,0.1066666666666666,0.0747,0.0771,74.0,75.0,no
COOBA,docker/compose,lightning-ai/lightning,WP-small,0.24,0.5333333333333333,0.64,0.299441988434228,0.379572807684842,,,False
BLAZE,jupyterlab/jupyterlab,ipython/ipython,WP-small,0.2308,0.4734,0.5858,0.3119,0.3555,169.0,169.0,yes
COOBA,lightning-ai/lightning,ansible/ansible,CP-cold-start,0.0,0.0,0.0064935064935064,0.0024,0.0024,15.0,154.0,no
COOBA,docker/compose,lightning-ai/lightning,WP-large,0.2933333333333333,0.5733333333333334,0.6666666666666666,0.3316711375638044,0.4237669098453043,,,False
COOBA,docker/compose,lightning-ai/lightning,CP-cold-start,0.04,0.04,0.12,0.0223461461172559,0.0576146714741302,,,False
COOBA,lightning-ai/lightning,ansible/ansible,CP-transfer,0.0,0.0129870129870129,0.0129870129870129,0.0084,0.0084,15.0,154.0,no
COOBA,ansible/ansible,lightning-ai/lightning,WP-small,0.0666666666666666,0.4,0.5866666666666667,0.1892,0.2252,74.0,75.0,no
COOBA,ansible/ansible,lightning-ai/lightning,WP-large,0.28,0.52,0.6933333333333334,0.3266,0.4006,74.0,75.0,no
COOBA,docker/compose,lightning-ai/lightning,CP-transfer,0.3333333333333333,0.5333333333333333,0.6933333333333334,0.3196259609437879,0.4465226770250067,,,False
COOBA,ansible/ansible,lightning-ai/lightning,CP-cold-start,0.0133333333333333,0.0666666666666666,0.1466666666666666,0.0463,0.0516,74.0,75.0,no
COOBA,lightning-ai/lightning,qiskit/qiskit,WP-small,0.0698529411764705,0.1801470588235294,0.2426470588235294,0.0960796385668796,0.1183363167538204,,,False
COOBA,numpy/numpy,lightning-ai/lightning,CP-transfer,0.0533333333333333,0.44,0.6533333333333333,0.2085,0.252,74.0,75.0,no
COOBA,lightning-ai/lightning,mesonbuild/meson,WP-small,0.0,0.0158730158730158,0.0476190476190476,0.0199681288927302,0.0187386475622374,,,False
COOBA,lightning-ai/lightning,mesonbuild/meson,WP-large,0.0264550264550264,0.1587301587301587,0.1957671957671957,0.0726839257933322,0.0785547553902264,,,False
COOBA,ansible/ansible,lightning-ai/lightning,CP-transfer,0.2933333333333333,0.52,0.6133333333333333,0.3256,0.4223,74.0,75.0,no
COOBA,lightning-ai/lightning,wagtail/wagtail,WP-small,0.0121951219512195,0.0609756097560975,0.0975609756097561,0.0242,0.0342,13.0,82.0,no
COOBA,lightning-ai/lightning,qiskit/qiskit,WP-large,0.0661764705882353,0.2316176470588235,0.2720588235294117,0.1043149854213503,0.1417584905255813,,,False
COOBA,lightning-ai/lightning,mesonbuild/meson,CP-cold-start,0.0,0.0,0.0,0.0012295638211819,0.0009642155395221,,,False
COOBA,lightning-ai/lightning,wagtail/wagtail,WP-large,0.0609756097560975,0.1097560975609756,0.1341463414634146,0.0674,0.0794,13.0,82.0,no
COOBA,lightning-ai/lightning,qiskit/qiskit,CP-cold-start,0.0073529411764705,0.0183823529411764,0.0294117647058823,0.0094748813687569,0.0167756490522259,,,False
COOBA,lightning-ai/lightning,wagtail/wagtail,CP-cold-start,0.0,0.024390243902439,0.024390243902439,0.0069,0.0093,13.0,82.0,no
COOBA,lightning-ai/lightning,wagtail/wagtail,CP-transfer,0.0,0.0365853658536585,0.1097560975609756,0.0212,0.0233,13.0,82.0,no
COOBA,lightning-ai/lightning,mesonbuild/meson,CP-transfer,0.0317460317460317,0.1322751322751322,0.1957671957671957,0.0718509859745664,0.0768936351544071,,,False
COOBA,mesonbuild/meson,lightning-ai/lightning,WP-small,0.28,0.48,0.64,0.2923551031138412,0.3798950321021586,,,False
COOBA,mesonbuild/meson,lightning-ai/lightning,WP-large,0.28,0.5333333333333333,0.6666666666666666,0.330684372974857,0.4143068908223998,,,False
COOBA,lightning-ai/lightning,qiskit/qiskit,CP-transfer,0.0698529411764705,0.1691176470588235,0.2426470588235294,0.0987314910828771,0.1181403635975718,,,False
COOBA,qiskit/qiskit,lightning-ai/lightning,WP-small,0.1733333333333333,0.56,0.6533333333333333,0.2747684616214406,0.3391265277940734,,,False
COOBA,qiskit/qiskit,lightning-ai/lightning,WP-large,0.28,0.52,0.7066666666666667,0.3168172093436623,0.3910784253155044,,,False
COOBA,mesonbuild/meson,lightning-ai/lightning,CP-cold-start,0.0133333333333333,0.0266666666666666,0.0666666666666666,0.0429085850515766,0.050641883137644,,,False
COOBA,qiskit/qiskit,lightning-ai/lightning,CP-cold-start,0.0133333333333333,0.0133333333333333,0.0133333333333333,0.0126090074354774,0.020573584834055,,,False
COOBA,mesonbuild/meson,lightning-ai/lightning,CP-transfer,0.1466666666666666,0.5066666666666667,0.6933333333333334,0.2405703189060539,0.313904622979844,,,False
COOBA,lightning-ai/lightning,localstack/localstack,WP-small,0.0421052631578947,0.2631578947368421,0.3052631578947368,0.1091,0.1432,70.0,95.0,no
COOBA,lightning-ai/lightning,localstack/localstack,WP-large,0.0736842105263157,0.2210526315789473,0.3263157894736842,0.1225,0.1607,70.0,95.0,no
COOBA,lightning-ai/lightning,localstack/localstack,CP-cold-start,0.0105263157894736,0.0421052631578947,0.0842105263157894,0.0234,0.0363,70.0,95.0,no
COOBA,lightning-ai/lightning,localstack/localstack,CP-transfer,0.0736842105263157,0.2631578947368421,0.3368421052631579,0.1193,0.1581,70.0,95.0,no
COOBA,localstack/localstack,lightning-ai/lightning,WP-small,0.16,0.5066666666666667,0.64,0.236,0.3129,74.0,75.0,no
COOBA,localstack/localstack,lightning-ai/lightning,WP-large,0.28,0.56,0.7333333333333333,0.3385,0.4247,74.0,75.0,no
COOBA,localstack/localstack,lightning-ai/lightning,CP-cold-start,0.0266666666666666,0.3066666666666666,0.4266666666666667,0.1005,0.1485,74.0,75.0,no
BLAZE,jupyterlab/jupyterlab,ipython/ipython,WP-large,0.3136,0.6213,0.7337,0.3896,0.4524,169.0,169.0,yes
BLAZE,jupyterlab/jupyterlab,ipython/ipython,CP-cold-start,0.1065,0.2604,0.3254,0.1606,0.1894,169.0,169.0,yes
BLAZE,jupyterlab/jupyterlab,ipython/ipython,CP-transfer,0.2722,0.5385,0.6272,0.3403,0.3918,169.0,169.0,yes
BLAZE,ipython/ipython,jupyterlab/jupyterlab,WP-small,0.175,0.325,0.475,0.2018,0.2615,38.0,40.0,yes
BLAZE,ipython/ipython,jupyterlab/jupyterlab,WP-large,0.325,0.5,0.575,0.3356,0.4087,38.0,40.0,yes
COOBA,qiskit/qiskit,lightning-ai/lightning,CP-transfer,0.1066666666666666,0.4533333333333333,0.64,0.2438794934043945,0.2741331813316011,,,False
COOBA,prefecthq/prefect,scikit-learn/scikit-learn,WP-small,0.0,0.0,0.0869565217391304,0.0212,0.02,13.0,46.0,no
COOBA,localstack/localstack,lightning-ai/lightning,CP-transfer,0.28,0.52,0.6666666666666666,0.3238,0.4165,74.0,75.0,no
BLAZE,ipython/ipython,jupyterlab/jupyterlab,CP-cold-start,0.225,0.375,0.45,0.2313,0.3094,38.0,40.0,yes
COOBA,prefecthq/prefect,pydata/xarray,WP-small,0.04,0.24,0.32,0.1383,0.1612,25.0,25.0,no
COOBA,prefecthq/prefect,scikit-learn/scikit-learn,WP-large,0.0,0.0217391304347826,0.0652173913043478,0.0236,0.0232,13.0,46.0,no
COOBA,prefecthq/prefect,pydata/xarray,WP-large,0.16,0.32,0.36,0.2202,0.2701,25.0,25.0,no
BLAZE,ipython/ipython,jupyterlab/jupyterlab,CP-transfer,0.275,0.475,0.55,0.2788,0.374,38.0,40.0,yes
BLAZE,jupyterlab/jupyterlab,mesonbuild/meson,WP-small,0.2011,0.4233,0.5344,0.2529,0.3114,188.0,189.0,yes
BLAZE,jupyterlab/jupyterlab,mesonbuild/meson,WP-large,0.3228,0.6138,0.7249,0.3944,0.4564,188.0,189.0,yes
COOBA,prefecthq/prefect,scikit-learn/scikit-learn,CP-cold-start,0.0,0.0,0.0,0.0012,0.0011,13.0,46.0,no
COOBA,prefecthq/prefect,pydata/xarray,CP-cold-start,0.0,0.0,0.0,0.0079,0.0064,25.0,25.0,no
BLAZE,jupyterlab/jupyterlab,mesonbuild/meson,CP-cold-start,0.0847,0.3069,0.3915,0.1625,0.1949,188.0,189.0,yes
COOBA,prefecthq/prefect,scikit-learn/scikit-learn,CP-transfer,0.0,0.0217391304347826,0.108695652173913,0.0287,0.0284,13.0,46.0,no
COOBA,scikit-learn/scikit-learn,prefecthq/prefect,WP-small,0.0975609756097561,0.1951219512195122,0.3170731707317073,0.1216,0.1552,42.0,82.0,no
COOBA,scikit-learn/scikit-learn,prefecthq/prefect,WP-large,0.1463414634146341,0.2682926829268293,0.3536585365853658,0.1688,0.207,42.0,82.0,no
COOBA,prefecthq/prefect,pydata/xarray,CP-transfer,0.12,0.32,0.52,0.2109,0.2467,25.0,25.0,no
COOBA,pydata/xarray,prefecthq/prefect,WP-small,0.0975609756097561,0.2195121951219512,0.3048780487804878,0.129,0.1553,42.0,82.0,no
COOBA,scikit-learn/scikit-learn,prefecthq/prefect,CP-cold-start,0.0,0.0,0.0,0.0071,0.0045,42.0,82.0,no
COOBA,pydata/xarray,prefecthq/prefect,WP-large,0.1219512195121951,0.2439024390243902,0.2804878048780488,0.1406,0.1767,42.0,82.0,no
COOBA,pydata/xarray,prefecthq/prefect,CP-cold-start,0.0,0.048780487804878,0.048780487804878,0.0146,0.0217,42.0,82.0,no
COOBA,scikit-learn/scikit-learn,prefecthq/prefect,CP-transfer,0.1341463414634146,0.2560975609756097,0.3170731707317073,0.1533,0.1928,42.0,82.0,no
COOBA,prefecthq/prefect,ansible/ansible,WP-small,0.0064935064935064,0.0129870129870129,0.0129870129870129,0.0097,0.0097,15.0,154.0,no
COOBA,pydata/xarray,prefecthq/prefect,CP-transfer,0.0609756097560975,0.2317073170731707,0.3048780487804878,0.1177,0.1422,42.0,82.0,no
COOBA,prefecthq/prefect,ipython/ipython,WP-small,0.0059171597633136,0.0236686390532544,0.136094674556213,0.0367903714860782,0.0421147381149219,,,False
COOBA,prefecthq/prefect,ansible/ansible,WP-large,0.0064935064935064,0.0129870129870129,0.0129870129870129,0.0108,0.0108,15.0,154.0,no
COOBA,prefecthq/prefect,ipython/ipython,WP-large,0.0414201183431952,0.1420118343195266,0.2426035502958579,0.0858882437794617,0.1050752555383973,,,False
COOBA,prefecthq/prefect,ansible/ansible,CP-cold-start,0.0,0.0,0.0,0.0013,0.0015,15.0,154.0,no
COOBA,prefecthq/prefect,ipython/ipython,CP-cold-start,0.0,0.0,0.0059171597633136,0.0046804077078683,0.0045286467115663,,,False
COOBA,prefecthq/prefect,ansible/ansible,CP-transfer,0.0,0.0129870129870129,0.0129870129870129,0.0088,0.0088,15.0,154.0,no
COOBA,ansible/ansible,prefecthq/prefect,WP-small,0.1219512195121951,0.1951219512195122,0.3048780487804878,0.1415,0.1729,42.0,82.0,no
COOBA,ansible/ansible,prefecthq/prefect,WP-large,0.1463414634146341,0.2682926829268293,0.3536585365853658,0.1622,0.2129,42.0,82.0,no
COOBA,prefecthq/prefect,ipython/ipython,CP-transfer,0.0236686390532544,0.1301775147928994,0.2130177514792899,0.0631294206062941,0.0767827997091381,,,False
COOBA,ipython/ipython,prefecthq/prefect,WP-small,0.0121951219512195,0.2195121951219512,0.2682926829268293,0.0947370605526412,0.1076107782647983,,,False
COOBA,ipython/ipython,prefecthq/prefect,WP-large,0.048780487804878,0.0853658536585365,0.2073170731707317,0.0630149577363044,0.0906827401855191,,,False
COOBA,ansible/ansible,prefecthq/prefect,CP-cold-start,0.0121951219512195,0.048780487804878,0.073170731707317,0.0295,0.0391,42.0,82.0,no
COOBA,ipython/ipython,prefecthq/prefect,CP-cold-start,0.0121951219512195,0.0121951219512195,0.0121951219512195,0.0086579185188312,0.0164229141891618,,,False
COOBA,ansible/ansible,prefecthq/prefect,CP-transfer,0.1463414634146341,0.2682926829268293,0.3414634146341463,0.1677,0.2129,42.0,82.0,no
COOBA,prefecthq/prefect,wagtail/wagtail,WP-small,0.0121951219512195,0.0853658536585365,0.1097560975609756,0.0437,0.0521,13.0,82.0,no
COOBA,prefecthq/prefect,wagtail/wagtail,WP-large,0.0609756097560975,0.0975609756097561,0.1341463414634146,0.0669,0.0795,13.0,82.0,no
COOBA,prefecthq/prefect,wagtail/wagtail,CP-cold-start,0.0121951219512195,0.0121951219512195,0.0121951219512195,0.0055,0.0134,13.0,82.0,no
COOBA,ipython/ipython,prefecthq/prefect,CP-transfer,0.0609756097560975,0.1829268292682926,0.3048780487804878,0.1145394934323141,0.1326737563178513,,,False
COOBA,prefecthq/prefect,docker/compose,WP-small,0.0854700854700854,0.6239316239316239,0.8034188034188035,0.2587672361161435,0.2790001545879433,,,False
COOBA,prefecthq/prefect,docker/compose,WP-large,0.2051282051282051,0.7264957264957265,0.8974358974358975,0.3619425833403784,0.3996186391037508,,,False
COOBA,prefecthq/prefect,wagtail/wagtail,CP-transfer,0.024390243902439,0.0975609756097561,0.1219512195121951,0.048,0.0494,13.0,82.0,no
COOBA,wagtail/wagtail,prefecthq/prefect,WP-small,0.0609756097560975,0.1829268292682926,0.3170731707317073,0.1085345920307341,0.1300319556311986,,,False
COOBA,prefecthq/prefect,docker/compose,CP-cold-start,0.0854700854700854,0.1709401709401709,0.1965811965811965,0.0803126301711692,0.1258881066387118,,,False
COOBA,wagtail/wagtail,prefecthq/prefect,WP-large,0.0853658536585365,0.2682926829268293,0.3170731707317073,0.1346261495395584,0.1615494503074262,,,False
COOBA,wagtail/wagtail,prefecthq/prefect,CP-cold-start,0.0,0.0121951219512195,0.048780487804878,0.0120586702706779,0.013815804582304,,,False
COOBA,prefecthq/prefect,docker/compose,CP-transfer,0.188034188034188,0.7264957264957265,0.8205128205128205,0.3285469795293591,0.3737066262572336,,,False
COOBA,docker/compose,prefecthq/prefect,WP-small,0.1219512195121951,0.2073170731707317,0.3292682926829268,0.135571269654012,0.1706678635448246,,,False
COOBA,wagtail/wagtail,prefecthq/prefect,CP-transfer,0.0853658536585365,0.2804878048780488,0.3902439024390244,0.1492810901086414,0.182134048175156,,,False
COOBA,docker/compose,prefecthq/prefect,WP-large,0.1341463414634146,0.2804878048780488,0.3536585365853658,0.1627544202716598,0.2111685555502059,,,False
COOBA,pydata/xarray,scikit-learn/scikit-learn,WP-small,0.0,0.0,0.0434782608695652,0.0176,0.0165,13.0,46.0,no
COOBA,pydata/xarray,scikit-learn/scikit-learn,WP-large,0.0,0.0217391304347826,0.0434782608695652,0.0234,0.0233,13.0,46.0,no
COOBA,pydata/xarray,scikit-learn/scikit-learn,CP-cold-start,0.0,0.0,0.0434782608695652,0.0079,0.0079,13.0,46.0,no
COOBA,docker/compose,prefecthq/prefect,CP-cold-start,0.0121951219512195,0.0121951219512195,0.0121951219512195,0.0101377679854529,0.0167516714527041,,,False
COOBA,pydata/xarray,scikit-learn/scikit-learn,CP-transfer,0.0,0.0,0.0217391304347826,0.0168,0.0157,13.0,46.0,no
COOBA,scikit-learn/scikit-learn,pydata/xarray,WP-small,0.0,0.08,0.28,0.0814,0.0861,25.0,25.0,no
COOBA,scikit-learn/scikit-learn,pydata/xarray,WP-large,0.16,0.36,0.68,0.2537,0.302,25.0,25.0,no
COOBA,scikit-learn/scikit-learn,pydata/xarray,CP-cold-start,0.0,0.0,0.0,0.0079,0.0064,25.0,25.0,no
COOBA,docker/compose,prefecthq/prefect,CP-transfer,0.0365853658536585,0.2560975609756097,0.2926829268292683,0.1165841715431474,0.1268945982656416,,,False
COOBA,prefecthq/prefect,qiskit/qiskit,WP-small,0.0441176470588235,0.1397058823529411,0.2463235294117647,0.0822011407310262,0.1002222651953364,,,False
COOBA,scikit-learn/scikit-learn,pydata/xarray,CP-transfer,0.08,0.36,0.52,0.174,0.2057,25.0,25.0,no
COOBA,pydata/xarray,ansible/ansible,WP-small,0.0,0.0129870129870129,0.0194805194805194,0.0079668972229951,0.0079237087507553,,,False
COOBA,pydata/xarray,ansible/ansible,WP-large,0.0,0.0129870129870129,0.0194805194805194,0.0089241870431345,0.0089183114231574,,,False
COOBA,pydata/xarray,ansible/ansible,CP-cold-start,0.0,0.0,0.0,0.001243540474507,0.0012154893066202,,,False
COOBA,prefecthq/prefect,qiskit/qiskit,WP-large,0.0808823529411764,0.2279411764705882,0.2794117647058823,0.1147370769973941,0.1465302998371857,,,False
COOBA,pydata/xarray,ansible/ansible,CP-transfer,0.0,0.0064935064935064,0.0129870129870129,0.0057558599004187,0.0058163857274444,,,False
COOBA,ansible/ansible,pydata/xarray,WP-small,0.0,0.04,0.16,0.0652336510531055,0.0691887490022913,,,False
COOBA,ansible/ansible,pydata/xarray,WP-large,0.08,0.4,0.52,0.208834596240588,0.2382955705146857,,,False
COOBA,prefecthq/prefect,qiskit/qiskit,CP-cold-start,0.0,0.0220588235294117,0.0477941176470588,0.0167977782589924,0.0194329511225411,,,False
COOBA,ansible/ansible,pydata/xarray,CP-cold-start,0.0,0.0,0.0,0.0086547841467179,0.0070947034279968,,,False
COOBA,ansible/ansible,pydata/xarray,CP-transfer,0.12,0.44,0.56,0.2175007228152664,0.2647412493452665,,,False
COOBA,pydata/xarray,wagtail/wagtail,WP-small,0.0121951219512195,0.048780487804878,0.0975609756097561,0.0225469688970108,0.0318278573852164,,,False
COOBA,pydata/xarray,wagtail/wagtail,WP-large,0.0365853658536585,0.0975609756097561,0.1341463414634146,0.0605810646934095,0.0635600988362824,,,False
COOBA,prefecthq/prefect,qiskit/qiskit,CP-transfer,0.0661764705882353,0.1691176470588235,0.2463235294117647,0.1035135855346938,0.1241804430399751,,,False
COOBA,qiskit/qiskit,prefecthq/prefect,WP-small,0.0853658536585365,0.2560975609756097,0.3170731707317073,0.1334505900599981,0.1577948205282835,,,False
COOBA,pydata/xarray,wagtail/wagtail,CP-cold-start,0.0,0.0,0.0,0.0008219276378393,0.0006309331246398,,,False
COOBA,qiskit/qiskit,prefecthq/prefect,WP-large,0.0975609756097561,0.2560975609756097,0.3658536585365853,0.1562027820808946,0.1865667239899812,,,False
COOBA,pydata/xarray,wagtail/wagtail,CP-transfer,0.0,0.0609756097560975,0.0853658536585365,0.0192969423676552,0.02308621095642,,,False
COOBA,wagtail/wagtail,pydata/xarray,WP-small,0.08,0.24,0.36,0.1442269298002283,0.1740947147080198,,,False
COOBA,wagtail/wagtail,pydata/xarray,WP-large,0.12,0.28,0.52,0.1953762598777091,0.2496712022991221,,,False
BLAZE,jupyterlab/jupyterlab,mesonbuild/meson,CP-transfer,0.254,0.4921,0.6138,0.3045,0.37,188.0,189.0,yes
BLAZE,mesonbuild/meson,jupyterlab/jupyterlab,WP-small,0.025,0.025,0.025,0.0397,0.0402,38.0,40.0,yes
BLAZE,mesonbuild/meson,jupyterlab/jupyterlab,WP-large,0.35,0.55,0.675,0.3606,0.4642,38.0,40.0,yes
COOBA,wagtail/wagtail,pydata/xarray,CP-cold-start,0.0,0.08,0.12,0.0407347849456527,0.0457399134498799,,,False
BLAZE,mesonbuild/meson,jupyterlab/jupyterlab,CP-cold-start,0.125,0.375,0.475,0.1939,0.2526,38.0,40.0,yes
BLAZE,mesonbuild/meson,jupyterlab/jupyterlab,CP-transfer,0.3,0.425,0.5,0.2743,0.3769,38.0,40.0,yes
BLAZE,jupyterlab/jupyterlab,ansible/ansible,WP-small,0.2338,0.4286,0.5065,0.2696,0.3287,154.0,154.0,yes
BLAZE,jupyterlab/jupyterlab,ansible/ansible,WP-large,0.2468,0.5195,0.6169,0.3065,0.3698,154.0,154.0,yes
BLAZE,jupyterlab/jupyterlab,ansible/ansible,CP-cold-start,0.1299,0.2078,0.2727,0.1462,0.1849,154.0,154.0,yes
COOBA,qiskit/qiskit,prefecthq/prefect,CP-cold-start,0.0365853658536585,0.1341463414634146,0.1829268292682926,0.0796827118099904,0.0958084776197979,,,False
COOBA,wagtail/wagtail,pydata/xarray,CP-transfer,0.04,0.28,0.56,0.1549300674634351,0.1620809389823238,,,False
COOBA,numpy/numpy,ipython/ipython,WP-small,0.0059171597633136,0.0473372781065088,0.0946745562130177,0.0347828479919036,0.0405538252466244,,,False
BLAZE,jupyterlab/jupyterlab,ansible/ansible,CP-transfer,0.2338,0.4416,0.539,0.2645,0.3346,154.0,154.0,yes
BLAZE,ansible/ansible,jupyterlab/jupyterlab,WP-small,0.0,0.025,0.025,0.0216,0.0214,38.0,40.0,yes
BLAZE,ansible/ansible,jupyterlab/jupyterlab,WP-large,0.4,0.55,0.7,0.3703,0.4867,38.0,40.0,yes
BLAZE,ansible/ansible,jupyterlab/jupyterlab,CP-cold-start,0.2,0.375,0.475,0.228,0.2797,38.0,40.0,yes
COOBA,numpy/numpy,ipython/ipython,WP-large,0.0473372781065088,0.1479289940828402,0.2426035502958579,0.0905829746236259,0.1099847694438767,,,False
BLAZE,ansible/ansible,jupyterlab/jupyterlab,CP-transfer,0.25,0.525,0.6,0.2781,0.3767,38.0,40.0,yes
BLAZE,jupyterlab/jupyterlab,docker/compose,WP-small,0.1026,0.2735,0.4615,0.1846,0.2014,116.0,117.0,yes
BLAZE,jupyterlab/jupyterlab,docker/compose,WP-large,0.4274,0.6239,0.6923,0.4412,0.5215,116.0,117.0,yes
BLAZE,jupyterlab/jupyterlab,docker/compose,CP-cold-start,0.0513,0.1026,0.1966,0.0858,0.1018,116.0,117.0,yes
BLAZE,jupyterlab/jupyterlab,docker/compose,CP-transfer,0.3162,0.6068,0.6752,0.3489,0.4361,116.0,117.0,yes
BLAZE,docker/compose,jupyterlab/jupyterlab,WP-small,0.0,0.025,0.025,0.0284,0.0277,38.0,40.0,yes
BLAZE,docker/compose,jupyterlab/jupyterlab,WP-large,0.35,0.6,0.675,0.3745,0.4695,38.0,40.0,yes
BLAZE,docker/compose,jupyterlab/jupyterlab,CP-cold-start,0.125,0.25,0.3,0.148,0.194,38.0,40.0,yes
BLAZE,docker/compose,jupyterlab/jupyterlab,CP-transfer,0.125,0.275,0.325,0.1669,0.2091,38.0,40.0,yes
COOBA,numpy/numpy,ipython/ipython,CP-cold-start,0.0,0.0118343195266272,0.0532544378698224,0.0149154854651907,0.0166211633283789,,,False
BLAZE,jupyterlab/jupyterlab,localstack/localstack,WP-small,0.2105,0.4105,0.5474,0.1911,0.3125,95.0,95.0,yes
COOBA,numpy/numpy,ipython/ipython,CP-transfer,0.0,0.0946745562130177,0.2130177514792899,0.0568757804823583,0.0646740354303317,,,False
COOBA,ipython/ipython,numpy/numpy,WP-small,0.0248447204968944,0.0745341614906832,0.1366459627329192,0.0625140948789284,0.0659749255505687,,,False
COOBA,qiskit/qiskit,prefecthq/prefect,CP-transfer,0.1585365853658536,0.2682926829268293,0.3170731707317073,0.1667512007150292,0.2125651366357056,,,False
COOBA,pydata/xarray,ipython/ipython,WP-small,0.0059171597633136,0.029585798816568,0.1301775147928994,0.0346868284549922,0.0417145006321119,,,False
COOBA,ipython/ipython,numpy/numpy,WP-large,0.0683229813664596,0.1490683229813664,0.1987577639751552,0.1016277115954268,0.1160036838448555,,,False
COOBA,pydata/xarray,ipython/ipython,WP-large,0.029585798816568,0.1538461538461538,0.2485207100591716,0.0778667013601055,0.093282253193821,,,False
COOBA,pydata/xarray,ipython/ipython,CP-cold-start,0.0,0.0,0.0059171597633136,0.0094914038810556,0.0086237612041261,,,False
COOBA,ipython/ipython,numpy/numpy,CP-cold-start,0.0,0.0124223602484472,0.0248447204968944,0.0105849288169531,0.0101290778333084,,,False
COOBA,pydata/xarray,ipython/ipython,CP-transfer,0.0118343195266272,0.1301775147928994,0.2366863905325443,0.0675004762369299,0.078091098914945,,,False
COOBA,ipython/ipython,pydata/xarray,WP-small,0.08,0.16,0.28,0.1187683775221167,0.1464890707110963,,,False
COOBA,ipython/ipython,pydata/xarray,WP-large,0.16,0.32,0.52,0.2081744720887184,0.2621213847212299,,,False
COOBA,ipython/ipython,pydata/xarray,CP-cold-start,0.04,0.08,0.08,0.0423039670171279,0.0616576020663164,,,False
COOBA,ipython/ipython,numpy/numpy,CP-transfer,0.0372670807453416,0.1118012422360248,0.1987577639751552,0.0733650246488705,0.0795901812845429,,,False
COOBA,numpy/numpy,docker/compose,WP-small,0.0854700854700854,0.5811965811965812,0.7777777777777778,0.2806619889787878,0.3046628884519982,,,False
COOBA,numpy/numpy,docker/compose,WP-large,0.1709401709401709,0.5299145299145299,0.8034188034188035,0.3078586426536173,0.3449743621225337,,,False
COOBA,numpy/numpy,docker/compose,CP-cold-start,0.0,0.0512820512820512,0.2478632478632478,0.0589161120511581,0.0689911200612165,,,False
COOBA,ipython/ipython,pydata/xarray,CP-transfer,0.0,0.0,0.12,0.0565809500204578,0.0586303201455801,,,False
COOBA,pydata/xarray,docker/compose,WP-small,0.2307692307692307,0.5384615384615384,0.7948717948717948,0.3287592276567194,0.3863112525298554,,,False
COOBA,pydata/xarray,docker/compose,WP-large,0.2222222222222222,0.7264957264957265,0.8461538461538461,0.3821527241150305,0.4409939401350221,,,False
COOBA,pydata/xarray,docker/compose,CP-cold-start,0.0,0.2136752136752136,0.4017094017094017,0.100373221228811,0.1073650151659005,,,False
COOBA,pydata/xarray,docker/compose,CP-transfer,0.1709401709401709,0.7264957264957265,0.8290598290598291,0.3370362485862928,0.3781298203896838,,,False
COOBA,docker/compose,pydata/xarray,WP-small,0.04,0.2,0.4,0.1180109121579272,0.137570084780246,,,False
COOBA,docker/compose,pydata/xarray,WP-large,0.12,0.36,0.52,0.2095366752533335,0.2512885494503059,,,False
COOBA,docker/compose,pydata/xarray,CP-cold-start,0.0,0.0,0.08,0.0253525277703127,0.0247579209182743,,,False
COOBA,numpy/numpy,docker/compose,CP-transfer,0.2307692307692307,0.7435897435897436,0.8376068376068376,0.3789337197444386,0.4337289116449498,,,False
COOBA,docker/compose,numpy/numpy,WP-small,0.0186335403726708,0.062111801242236,0.1055900621118012,0.0508555325222145,0.0558896244832938,,,False
COOBA,docker/compose,numpy/numpy,WP-large,0.0248447204968944,0.0993788819875776,0.1739130434782608,0.0783922615929041,0.0759366544922051,,,False
COOBA,docker/compose,pydata/xarray,CP-transfer,0.04,0.32,0.56,0.1682095511024778,0.2062827736493586,,,False
COOBA,docker/compose,numpy/numpy,CP-cold-start,0.0,0.0,0.0,0.0030533068919398,0.0024486867389761,,,False
COOBA,pydata/xarray,qiskit/qiskit,WP-small,0.0294117647058823,0.1654411764705882,0.2426470588235294,0.0765106282832283,0.095564109490704,,,False
COOBA,docker/compose,numpy/numpy,CP-transfer,0.0124223602484472,0.0434782608695652,0.0993788819875776,0.0453976758390073,0.0460651541438845,,,False
COOBA,numpy/numpy,qiskit/qiskit,WP-small,0.0588235294117647,0.2022058823529411,0.25,0.1017,0.1264,119.0,272.0,no
COOBA,pydata/xarray,qiskit/qiskit,WP-large,0.0551470588235294,0.2169117647058823,0.2683823529411764,0.1004957954700152,0.1322401512460561,,,False
COOBA,pydata/xarray,qiskit/qiskit,CP-cold-start,0.0036764705882352,0.0110294117647058,0.0588235294117647,0.0129062958193888,0.016054543970168,,,False
COOBA,pydata/xarray,qiskit/qiskit,CP-transfer,0.0220588235294117,0.1397058823529411,0.2022058823529411,0.0627970363068014,0.0777876854255016,,,False
COOBA,qiskit/qiskit,pydata/xarray,WP-small,0.08,0.28,0.36,0.1620735787953568,0.1888461401177489,,,False
COOBA,qiskit/qiskit,pydata/xarray,WP-large,0.04,0.32,0.48,0.166720422011404,0.1889533812687436,,,False
COOBA,numpy/numpy,qiskit/qiskit,WP-large,0.0992647058823529,0.2242647058823529,0.2794117647058823,0.1205,0.161,119.0,272.0,no
COOBA,numpy/numpy,qiskit/qiskit,CP-cold-start,0.0036764705882352,0.0110294117647058,0.0294117647058823,0.0129,0.0159,119.0,272.0,no
COOBA,qiskit/qiskit,pydata/xarray,CP-cold-start,0.08,0.24,0.28,0.1255614873930922,0.1579482036850849,,,False
COOBA,numpy/numpy,qiskit/qiskit,CP-transfer,0.0441176470588235,0.1580882352941176,0.25,0.0837,0.1062,119.0,272.0,no
COOBA,qiskit/qiskit,numpy/numpy,WP-small,0.0062111801242236,0.0683229813664596,0.124223602484472,0.049,0.0515,69.0,161.0,no
COOBA,qiskit/qiskit,numpy/numpy,WP-large,0.0434782608695652,0.1304347826086956,0.1987577639751552,0.0861,0.0934,69.0,161.0,no
BLAZE,jupyterlab/jupyterlab,localstack/localstack,WP-large,0.2737,0.5158,0.5789,0.2548,0.3873,95.0,95.0,yes
BLAZE,jupyterlab/jupyterlab,localstack/localstack,CP-cold-start,0.1579,0.3368,0.3895,0.1571,0.2455,95.0,95.0,yes
BLAZE,jupyterlab/jupyterlab,localstack/localstack,CP-transfer,0.1789,0.4316,0.5474,0.2066,0.2963,95.0,95.0,yes
BLAZE,localstack/localstack,jupyterlab/jupyterlab,WP-small,0.125,0.35,0.4,0.1738,0.2215,38.0,40.0,yes
BLAZE,localstack/localstack,jupyterlab/jupyterlab,WP-large,0.4,0.575,0.65,0.3486,0.4793,38.0,40.0,yes
COOBA,qiskit/qiskit,numpy/numpy,CP-cold-start,0.0062111801242236,0.0062111801242236,0.0062111801242236,0.0045,0.0089,69.0,161.0,no
BLAZE,localstack/localstack,jupyterlab/jupyterlab,CP-cold-start,0.125,0.25,0.325,0.1211,0.2041,38.0,40.0,yes
COOBA,qiskit/qiskit,pydata/xarray,CP-transfer,0.0,0.12,0.48,0.0987025376000345,0.1120638313265209,,,False
COOBA,numpy/numpy,mesonbuild/meson,WP-small,0.037037037037037,0.1375661375661375,0.1904761904761904,0.0798,0.088,47.0,189.0,no
COOBA,numpy/numpy,mesonbuild/meson,WP-large,0.0423280423280423,0.1587301587301587,0.201058201058201,0.0833,0.0916,47.0,189.0,no
COOBA,numpy/numpy,mesonbuild/meson,CP-cold-start,0.0052910052910052,0.0211640211640211,0.0582010582010582,0.022,0.0241,47.0,189.0,no
COOBA,numpy/numpy,mesonbuild/meson,CP-transfer,0.0582010582010582,0.1481481481481481,0.1957671957671957,0.0929,0.1024,47.0,189.0,no
COOBA,mesonbuild/meson,numpy/numpy,WP-small,0.0062111801242236,0.0993788819875776,0.1614906832298136,0.0533064923639376,0.0579631047428954,,,False
COOBA,qiskit/qiskit,numpy/numpy,CP-transfer,0.0496894409937888,0.1180124223602484,0.217391304347826,0.0958,0.1,69.0,161.0,no
COOBA,scikit-learn/scikit-learn,ansible/ansible,WP-small,0.0,0.0064935064935064,0.0064935064935064,0.0035881968349393,0.0035613339946699,,,False
COOBA,mesonbuild/meson,numpy/numpy,WP-large,0.0372670807453416,0.124223602484472,0.2049689440993788,0.0831935864490703,0.0884153028146561,,,False
COOBA,scikit-learn/scikit-learn,ansible/ansible,WP-large,0.0,0.0129870129870129,0.0194805194805194,0.0074959690207379,0.0075769729864021,,,False
COOBA,scikit-learn/scikit-learn,ansible/ansible,CP-cold-start,0.0,0.0,0.0,0.0009604636337893,0.0010381294004233,,,False
COOBA,scikit-learn/scikit-learn,ansible/ansible,CP-transfer,0.0064935064935064,0.0129870129870129,0.0194805194805194,0.0117249040329257,0.0116385238297162,,,False
COOBA,ansible/ansible,scikit-learn/scikit-learn,WP-small,0.0217391304347826,0.108695652173913,0.1304347826086956,0.050918430183553,0.0594008543441435,,,False
COOBA,mesonbuild/meson,numpy/numpy,CP-cold-start,0.0,0.0,0.0,0.0025008606766224,0.0018710725080804,,,False
COOBA,ansible/ansible,scikit-learn/scikit-learn,WP-large,0.0,0.0217391304347826,0.0869565217391304,0.0272461296824115,0.0261763723532839,,,False
COOBA,ansible/ansible,scikit-learn/scikit-learn,CP-cold-start,0.0,0.0,0.0,0.0029909181801699,0.0029232267964789,,,False
COOBA,ansible/ansible,scikit-learn/scikit-learn,CP-transfer,0.0,0.0,0.0434782608695652,0.020639403228749,0.0188062424281969,,,False
COOBA,scikit-learn/scikit-learn,wagtail/wagtail,WP-small,0.0365853658536585,0.0853658536585365,0.0975609756097561,0.0385763932168227,0.0540743470621519,,,False
COOBA,scikit-learn/scikit-learn,wagtail/wagtail,WP-large,0.0365853658536585,0.073170731707317,0.1219512195121951,0.0523628768862242,0.0534906186382438,,,False
COOBA,scikit-learn/scikit-learn,wagtail/wagtail,CP-cold-start,0.0,0.024390243902439,0.024390243902439,0.009585293799025,0.0098994633727405,,,False
COOBA,scikit-learn/scikit-learn,wagtail/wagtail,CP-transfer,0.0121951219512195,0.0609756097560975,0.0975609756097561,0.0339817945534288,0.0401086788176779,,,False
COOBA,wagtail/wagtail,scikit-learn/scikit-learn,WP-small,0.0,0.0,0.0,0.0055581971984405,0.0050164542978838,,,False
COOBA,mesonbuild/meson,numpy/numpy,CP-transfer,0.0683229813664596,0.1490683229813664,0.1987577639751552,0.1060595854528516,0.1227844486200512,,,False
COOBA,numpy/numpy,localstack/localstack,WP-small,0.0421052631578947,0.1052631578947368,0.1894736842105263,0.0798,0.0963,70.0,95.0,no
COOBA,wagtail/wagtail,scikit-learn/scikit-learn,WP-large,0.0,0.0217391304347826,0.108695652173913,0.0256882017351124,0.0243544533904945,,,False
COOBA,wagtail/wagtail,scikit-learn/scikit-learn,CP-cold-start,0.0,0.0869565217391304,0.0869565217391304,0.0323873481680938,0.0325012198037046,,,False
COOBA,numpy/numpy,localstack/localstack,WP-large,0.0947368421052631,0.2210526315789473,0.3157894736842105,0.1355,0.1768,70.0,95.0,no
BLAZE,localstack/localstack,jupyterlab/jupyterlab,CP-transfer,0.225,0.475,0.525,0.2595,0.3354,38.0,40.0,yes
COOBA,wagtail/wagtail,scikit-learn/scikit-learn,CP-transfer,0.0,0.0652173913043478,0.108695652173913,0.0417959544717856,0.0409386595927516,,,False
COOBA,numpy/numpy,localstack/localstack,CP-cold-start,0.0105263157894736,0.0421052631578947,0.0526315789473684,0.016,0.0285,70.0,95.0,no
COOBA,ipython/ipython,ansible/ansible,WP-small,0.0,0.0064935064935064,0.0129870129870129,0.0058816673941406,0.0059028063151726,,,False
BLAZE,jupyterlab/jupyterlab,wagtail/wagtail,WP-small,0.0854,0.2561,0.4024,0.1414,0.1878,81.0,82.0,yes
COOBA,ipython/ipython,ansible/ansible,WP-large,0.0,0.0194805194805194,0.0194805194805194,0.00939967535584,0.009397860743183,,,False
BLAZE,jupyterlab/jupyterlab,wagtail/wagtail,WP-large,0.2073,0.4512,0.561,0.2663,0.3239,81.0,82.0,yes
BLAZE,jupyterlab/jupyterlab,wagtail/wagtail,CP-cold-start,0.0732,0.1951,0.2927,0.1098,0.1428,81.0,82.0,yes
COOBA,ipython/ipython,ansible/ansible,CP-cold-start,0.0,0.0,0.0064935064935064,0.0015446298135753,0.0020595907050798,,,False
BLAZE,jupyterlab/jupyterlab,wagtail/wagtail,CP-transfer,0.1463,0.3902,0.4756,0.1856,0.2548,81.0,82.0,yes
COOBA,ipython/ipython,ansible/ansible,CP-transfer,0.0,0.0259740259740259,0.0259740259740259,0.0078967142727881,0.0079370996276192,,,False
COOBA,ansible/ansible,ipython/ipython,WP-small,0.0118343195266272,0.1005917159763313,0.2071005917159763,0.0507938725284251,0.0619490437839817,,,False
COOBA,numpy/numpy,localstack/localstack,CP-transfer,0.0631578947368421,0.2105263157894736,0.3684210526315789,0.1308,0.1577,70.0,95.0,no
COOBA,localstack/localstack,numpy/numpy,WP-small,0.0248447204968944,0.0807453416149068,0.1801242236024844,0.0624,0.0679,69.0,161.0,no
BLAZE,wagtail/wagtail,jupyterlab/jupyterlab,WP-small,0.0,0.025,0.025,0.0255,0.0251,38.0,40.0,yes
BLAZE,wagtail/wagtail,jupyterlab/jupyterlab,WP-large,0.3,0.5,0.575,0.3105,0.4051,38.0,40.0,yes
COOBA,ansible/ansible,ipython/ipython,WP-large,0.0473372781065088,0.1775147928994082,0.2307692307692307,0.0912101233202197,0.1104168901696892,,,False
BLAZE,wagtail/wagtail,jupyterlab/jupyterlab,CP-cold-start,0.1,0.375,0.425,0.1861,0.2217,38.0,40.0,yes
BLAZE,wagtail/wagtail,jupyterlab/jupyterlab,CP-transfer,0.2,0.5,0.5,0.2516,0.3179,38.0,40.0,yes
BLAZE,jupyterlab/jupyterlab,qiskit/qiskit,WP-small,0.2721,0.5,0.6103,0.3025,0.3772,269.0,272.0,yes
COOBA,localstack/localstack,numpy/numpy,WP-large,0.0496894409937888,0.15527950310559,0.2049689440993788,0.0942,0.1047,69.0,161.0,no
BLAZE,jupyterlab/jupyterlab,qiskit/qiskit,WP-large,0.364,0.5809,0.6949,0.391,0.4652,269.0,272.0,yes
COOBA,ansible/ansible,ipython/ipython,CP-cold-start,0.0,0.0118343195266272,0.0177514792899408,0.0088222132621336,0.0105116560030889,,,False
BLAZE,jupyterlab/jupyterlab,qiskit/qiskit,CP-cold-start,0.1066,0.25,0.3456,0.1399,0.1884,269.0,272.0,yes
COOBA,localstack/localstack,numpy/numpy,CP-cold-start,0.0,0.0124223602484472,0.0186335403726708,0.0116,0.0137,69.0,161.0,no
COOBA,localstack/localstack,numpy/numpy,CP-transfer,0.0186335403726708,0.0869565217391304,0.0993788819875776,0.0511,0.0567,69.0,161.0,no
COOBA,scikit-learn/scikit-learn,ipython/ipython,WP-small,0.0059171597633136,0.0414201183431952,0.136094674556213,0.0382209084809354,0.0443798877058892,,,False
COOBA,ansible/ansible,ipython/ipython,CP-transfer,0.0118343195266272,0.0769230769230769,0.2307692307692307,0.0554516076402395,0.0618079108760382,,,False
COOBA,ipython/ipython,wagtail/wagtail,WP-small,0.0,0.024390243902439,0.048780487804878,0.014134264485546,0.015151066779784,,,False
COOBA,scikit-learn/scikit-learn,ipython/ipython,WP-large,0.0414201183431952,0.1715976331360946,0.2662721893491124,0.0877093862956681,0.1058443116871394,,,False
COOBA,ipython/ipython,wagtail/wagtail,WP-large,0.0365853658536585,0.0609756097560975,0.1219512195121951,0.0513333811151526,0.0521356050881083,,,False
COOBA,scikit-learn/scikit-learn,ipython/ipython,CP-cold-start,0.0,0.0177514792899408,0.0532544378698224,0.016168020221573,0.0202863288868915,,,False
COOBA,ipython/ipython,wagtail/wagtail,CP-cold-start,0.0,0.0,0.0,0.000857112498896,0.0006519585557023,,,False
COOBA,scikit-learn/scikit-learn,ipython/ipython,CP-transfer,0.0118343195266272,0.0946745562130177,0.1775147928994082,0.057842509755352,0.062458078141946,,,False
COOBA,ipython/ipython,scikit-learn/scikit-learn,WP-small,0.0,0.0,0.0652173913043478,0.0208520084638837,0.01950321347256,,,False
COOBA,ipython/ipython,scikit-learn/scikit-learn,WP-large,0.0,0.0217391304347826,0.0652173913043478,0.0253251853265314,0.0262124427212258,,,False
COOBA,wagtail/wagtail,lightning-ai/lightning,WP-small,0.0933333333333333,0.4,0.64,0.1921634097383349,0.2341486091821052,,,False
COOBA,wagtail/wagtail,lightning-ai/lightning,WP-large,0.2533333333333333,0.56,0.6933333333333334,0.3159775827081322,0.407144072935539,,,False
COOBA,wagtail/wagtail,lightning-ai/lightning,CP-cold-start,0.0266666666666666,0.12,0.2133333333333333,0.0765338156046412,0.1037712980315107,,,False
COOBA,ipython/ipython,scikit-learn/scikit-learn,CP-cold-start,0.0,0.0,0.0,0.008251995912444,0.0079633772782673,,,False
COOBA,ipython/ipython,wagtail/wagtail,CP-transfer,0.0,0.0609756097560975,0.0853658536585365,0.0191962789835864,0.0216722816136215,,,False
COOBA,wagtail/wagtail,ipython/ipython,WP-small,0.0,0.029585798816568,0.0828402366863905,0.0352434497508155,0.0370350277881502,,,False
COOBA,wagtail/wagtail,lightning-ai/lightning,CP-transfer,0.1733333333333333,0.56,0.7466666666666667,0.2920116599505586,0.3595230264558534,,,False
COOBA,prefecthq/prefect,numpy/numpy,WP-small,0.0062111801242236,0.0745341614906832,0.1428571428571428,0.0476,0.0465,69.0,161.0,no
COOBA,wagtail/wagtail,ipython/ipython,WP-large,0.029585798816568,0.1242603550295858,0.2426035502958579,0.0783604605686438,0.0896343436648693,,,False
COOBA,prefecthq/prefect,numpy/numpy,WP-large,0.0434782608695652,0.1490683229813664,0.2360248447204969,0.0928,0.1032,69.0,161.0,no
COOBA,wagtail/wagtail,ipython/ipython,CP-cold-start,0.0,0.0118343195266272,0.0236686390532544,0.0124229606005804,0.0137875583031606,,,False
COOBA,prefecthq/prefect,numpy/numpy,CP-cold-start,0.0124223602484472,0.0807453416149068,0.1304347826086956,0.0442,0.054,69.0,161.0,no
COOBA,wagtail/wagtail,ipython/ipython,CP-transfer,0.0118343195266272,0.0710059171597633,0.1597633136094674,0.0463056640289104,0.0540043072620526,,,False
COOBA,prefecthq/prefect,numpy/numpy,CP-transfer,0.0248447204968944,0.0496894409937888,0.062111801242236,0.0444,0.0479,69.0,161.0,no
COOBA,mesonbuild/meson,docker/compose,WP-small,0.2136752136752136,0.7008547008547008,0.811965811965812,0.3437220931677146,0.4073544903755082,,,False
COOBA,numpy/numpy,prefecthq/prefect,WP-small,0.0609756097560975,0.1951219512195122,0.3292682926829268,0.1125,0.138,42.0,82.0,no
COOBA,numpy/numpy,prefecthq/prefect,WP-large,0.1585365853658536,0.2560975609756097,0.3536585365853658,0.1628,0.2102,42.0,82.0,no
COOBA,mesonbuild/meson,docker/compose,WP-large,0.2222222222222222,0.6410256410256411,0.8205128205128205,0.3504625656667418,0.408675071480369,,,False
COOBA,ipython/ipython,scikit-learn/scikit-learn,CP-transfer,0.0,0.0,0.0652173913043478,0.020770807590527,0.0200319166342447,,,False
COOBA,scikit-learn/scikit-learn,docker/compose,WP-small,0.282051282051282,0.6752136752136753,0.7521367521367521,0.3828949503702968,0.4555723960071199,,,False
COOBA,scikit-learn/scikit-learn,docker/compose,WP-large,0.2478632478632478,0.7264957264957265,0.8547008547008547,0.388692567728236,0.4511833769279707,,,False
COOBA,scikit-learn/scikit-learn,docker/compose,CP-cold-start,0.0,0.0683760683760683,0.094017094017094,0.0418636240848857,0.0466105495485129,,,False
COOBA,numpy/numpy,prefecthq/prefect,CP-cold-start,0.0121951219512195,0.073170731707317,0.1097560975609756,0.0354,0.0446,42.0,82.0,no
COOBA,mesonbuild/meson,docker/compose,CP-cold-start,0.0,0.0341880341880341,0.0854700854700854,0.0514778607824248,0.0469859763336909,,,False
COOBA,scikit-learn/scikit-learn,docker/compose,CP-transfer,0.2393162393162393,0.7350427350427351,0.8290598290598291,0.3865090414013838,0.4456490424405404,,,False
COOBA,docker/compose,scikit-learn/scikit-learn,WP-small,0.0,0.0217391304347826,0.1304347826086956,0.02572391592048,0.0252211328917046,,,False
COOBA,docker/compose,scikit-learn/scikit-learn,WP-large,0.0,0.0217391304347826,0.0652173913043478,0.0226667306470952,0.0229624515254754,,,False
COOBA,docker/compose,scikit-learn/scikit-learn,CP-cold-start,0.0,0.0,0.0,0.0015613679182445,0.0014199690691971,,,False
COOBA,mesonbuild/meson,docker/compose,CP-transfer,0.1538461538461538,0.7094017094017094,0.8376068376068376,0.3226663959904949,0.3775944615688206,,,False
COOBA,numpy/numpy,prefecthq/prefect,CP-transfer,0.0975609756097561,0.2926829268292683,0.3780487804878049,0.132,0.1853,42.0,82.0,no
COOBA,docker/compose,mesonbuild/meson,WP-small,0.037037037037037,0.164021164021164,0.1904761904761904,0.0904567062649859,0.0950869416228893,,,False
COOBA,prefecthq/prefect,mesonbuild/meson,WP-small,0.0634920634920634,0.1428571428571428,0.1851851851851851,0.0927,0.1017,47.0,189.0,no
COOBA,docker/compose,scikit-learn/scikit-learn,CP-transfer,0.0,0.0217391304347826,0.1521739130434782,0.0326449190579625,0.0319971368884412,,,False
COOBA,scikit-learn/scikit-learn,qiskit/qiskit,WP-small,0.0955882352941176,0.2095588235294117,0.2647058823529412,0.1197709673644791,0.1487883360718005,,,False
COOBA,docker/compose,mesonbuild/meson,WP-large,0.0,0.0423280423280423,0.1216931216931216,0.0288427482983503,0.0281408203776304,,,False
COOBA,prefecthq/prefect,mesonbuild/meson,WP-large,0.0529100529100529,0.1375661375661375,0.2063492063492063,0.0878,0.0956,47.0,189.0,no
COOBA,prefecthq/prefect,mesonbuild/meson,CP-cold-start,0.0,0.0,0.0317460317460317,0.014,0.0129,47.0,189.0,no
COOBA,docker/compose,mesonbuild/meson,CP-cold-start,0.0,0.0052910052910052,0.0158730158730158,0.0043584790391172,0.0055997972888384,,,False
COOBA,prefecthq/prefect,mesonbuild/meson,CP-transfer,0.037037037037037,0.1269841269841269,0.1693121693121693,0.0727,0.0801,47.0,189.0,no
COOBA,mesonbuild/meson,prefecthq/prefect,WP-small,0.1219512195121951,0.2317073170731707,0.3048780487804878,0.131469762225558,0.1729978195759174,,,False
COOBA,docker/compose,mesonbuild/meson,CP-transfer,0.0423280423280423,0.1693121693121693,0.201058201058201,0.0918110430464688,0.0942366548321325,,,False
COOBA,mesonbuild/meson,prefecthq/prefect,WP-large,0.0,0.0853658536585365,0.1707317073170731,0.0628392601681634,0.0611009910687293,,,False
COOBA,mesonbuild/meson,qiskit/qiskit,WP-small,0.0477941176470588,0.1433823529411764,0.1985294117647058,0.0777417605147473,0.0960825458871815,,,False
COOBA,scikit-learn/scikit-learn,qiskit/qiskit,WP-large,0.0661764705882353,0.2242647058823529,0.2794117647058823,0.1058265518810802,0.1415674769876428,,,False
COOBA,scikit-learn/scikit-learn,qiskit/qiskit,CP-cold-start,0.0073529411764705,0.0147058823529411,0.0294117647058823,0.0133713079131093,0.0184882388927572,,,False
COOBA,mesonbuild/meson,prefecthq/prefect,CP-cold-start,0.0,0.0365853658536585,0.0609756097560975,0.0261983213031876,0.0274302973822529,,,False
COOBA,mesonbuild/meson,prefecthq/prefect,CP-transfer,0.073170731707317,0.1951219512195122,0.3048780487804878,0.1074195341533771,0.1426472050385296,,,False
COOBA,prefecthq/prefect,localstack/localstack,WP-small,0.0526315789473684,0.231578947368421,0.3263157894736842,0.111593984704978,0.1460445586978854,,,False
COOBA,scikit-learn/scikit-learn,qiskit/qiskit,CP-transfer,0.0441176470588235,0.1764705882352941,0.2389705882352941,0.0882390080259342,0.1048690151537462,,,False
COOBA,qiskit/qiskit,scikit-learn/scikit-learn,WP-small,0.0,0.0434782608695652,0.0652173913043478,0.0279390621605253,0.0277845438314545,,,False
COOBA,mesonbuild/meson,qiskit/qiskit,WP-large,0.0992647058823529,0.2058823529411764,0.2904411764705882,0.1238252185607744,0.1587353756917592,,,False
COOBA,qiskit/qiskit,scikit-learn/scikit-learn,WP-large,0.0,0.0434782608695652,0.0869565217391304,0.0304045470378422,0.0299602460214588,,,False
COOBA,prefecthq/prefect,localstack/localstack,WP-large,0.0947368421052631,0.2210526315789473,0.3368421052631579,0.1256091889113421,0.164943861266687,,,False
COOBA,prefecthq/prefect,localstack/localstack,CP-cold-start,0.0,0.0526315789473684,0.0736842105263157,0.0199717538546735,0.0312584162681204,,,False
COOBA,mesonbuild/meson,qiskit/qiskit,CP-cold-start,0.0073529411764705,0.0183823529411764,0.0441176470588235,0.0216045877462582,0.0241467180512885,,,False
COOBA,prefecthq/prefect,localstack/localstack,CP-transfer,0.0947368421052631,0.1894736842105263,0.3157894736842105,0.1377095780982629,0.1588438049839526,,,False
COOBA,localstack/localstack,prefecthq/prefect,WP-small,0.0121951219512195,0.0853658536585365,0.1829268292682926,0.0568996389114181,0.0651427881728825,,,False
COOBA,localstack/localstack,prefecthq/prefect,WP-large,0.1097560975609756,0.2439024390243902,0.3536585365853658,0.1409395730445914,0.1770543396648811,,,False
COOBA,mesonbuild/meson,qiskit/qiskit,CP-transfer,0.0477941176470588,0.1948529411764706,0.2426470588235294,0.0934362486261252,0.1134121643036694,,,False
COOBA,qiskit/qiskit,mesonbuild/meson,WP-small,0.0476190476190476,0.1428571428571428,0.1957671957671957,0.0788587815835233,0.0903493751249833,,,False
COOBA,qiskit/qiskit,scikit-learn/scikit-learn,CP-cold-start,0.0,0.0,0.0,0.0062793027646354,0.0063980358581614,,,False
COOBA,qiskit/qiskit,mesonbuild/meson,WP-large,0.074074074074074,0.1587301587301587,0.2063492063492063,0.1050401796975376,0.1132798513517467,,,False
COOBA,localstack/localstack,prefecthq/prefect,CP-cold-start,0.024390243902439,0.0853658536585365,0.1341463414634146,0.0328381703681979,0.0534032924522922,,,False
COOBA,localstack/localstack,prefecthq/prefect,CP-transfer,0.1097560975609756,0.2926829268292683,0.3780487804878049,0.155568119805324,0.1842100235705117,,,False
COOBA,pydata/xarray,numpy/numpy,WP-small,0.0186335403726708,0.0683229813664596,0.093167701863354,0.0449,0.0512,69.0,161.0,no
COOBA,pydata/xarray,numpy/numpy,WP-large,0.0124223602484472,0.1055900621118012,0.1925465838509316,0.0667,0.0677,69.0,161.0,no
COOBA,pydata/xarray,numpy/numpy,CP-cold-start,0.0186335403726708,0.0372670807453416,0.0496894409937888,0.023,0.0311,69.0,161.0,no
COOBA,qiskit/qiskit,mesonbuild/meson,CP-cold-start,0.0,0.0,0.0211640211640211,0.0126356786398442,0.0116342747764833,,,False
COOBA,pydata/xarray,numpy/numpy,CP-transfer,0.031055900621118,0.0683229813664596,0.1180124223602484,0.0585,0.0629,69.0,161.0,no
COOBA,numpy/numpy,pydata/xarray,WP-small,0.0,0.16,0.28,0.0788,0.0916,25.0,25.0,no
COOBA,numpy/numpy,pydata/xarray,WP-large,0.08,0.24,0.56,0.1776,0.2076,25.0,25.0,no
COOBA,numpy/numpy,pydata/xarray,CP-cold-start,0.0,0.0,0.04,0.0197,0.02,25.0,25.0,no
COOBA,qiskit/qiskit,scikit-learn/scikit-learn,CP-transfer,0.0,0.0,0.0,0.0033618577276086,0.0031500379471228,,,False
COOBA,ipython/ipython,docker/compose,WP-small,0.1794871794871795,0.7264957264957265,0.8034188034188035,0.3387,0.3891,116.0,117.0,no
COOBA,ipython/ipython,docker/compose,WP-large,0.2478632478632478,0.717948717948718,0.8547008547008547,0.3913,0.4569,116.0,117.0,no
COOBA,ipython/ipython,docker/compose,CP-cold-start,0.0256410256410256,0.0769230769230769,0.094017094017094,0.0222,0.0565,116.0,117.0,no
COOBA,qiskit/qiskit,mesonbuild/meson,CP-transfer,0.0423280423280423,0.1693121693121693,0.1904761904761904,0.094200607627632,0.0990448838370493,,,False
COOBA,ansible/ansible,wagtail/wagtail,WP-small,0.0,0.0609756097560975,0.073170731707317,0.0177251608363657,0.0193015935124973,,,False
COOBA,ansible/ansible,wagtail/wagtail,WP-large,0.0365853658536585,0.0975609756097561,0.1341463414634146,0.0593362177446327,0.0623526125612133,,,False
COOBA,ansible/ansible,wagtail/wagtail,CP-cold-start,0.0,0.0121951219512195,0.024390243902439,0.0025548864842157,0.0045217933356743,,,False
COOBA,numpy/numpy,pydata/xarray,CP-transfer,0.08,0.36,0.68,0.2054,0.2355,25.0,25.0,no
COOBA,ipython/ipython,docker/compose,CP-transfer,0.1794871794871795,0.6581196581196581,0.811965811965812,0.311,0.3593,116.0,117.0,no
COOBA,pydata/xarray,mesonbuild/meson,WP-small,0.037037037037037,0.1587301587301587,0.201058201058201,0.0859475441974154,0.0921090025647562,,,False
COOBA,docker/compose,ipython/ipython,WP-small,0.0059171597633136,0.059171597633136,0.1183431952662721,0.0396,0.0475,98.0,169.0,no
COOBA,docker/compose,ipython/ipython,WP-large,0.0473372781065088,0.1479289940828402,0.2189349112426035,0.091,0.1103,98.0,169.0,no
COOBA,pydata/xarray,mesonbuild/meson,WP-large,0.0317460317460317,0.1587301587301587,0.1904761904761904,0.0780107821003784,0.082427569001643,,,False
COOBA,ansible/ansible,wagtail/wagtail,CP-transfer,0.0365853658536585,0.0853658536585365,0.1219512195121951,0.0567502556264207,0.0607825953527456,,,False
COOBA,pydata/xarray,mesonbuild/meson,CP-cold-start,0.0,0.0,0.0052910052910052,0.0067846462325934,0.0068690281538588,,,False
COOBA,wagtail/wagtail,ansible/ansible,WP-small,0.0,0.0064935064935064,0.0064935064935064,0.0032562112056243,0.0032069852883354,,,False
COOBA,docker/compose,ipython/ipython,CP-cold-start,0.0,0.0118343195266272,0.0118343195266272,0.0054,0.0068,98.0,169.0,no
COOBA,pydata/xarray,mesonbuild/meson,CP-transfer,0.0529100529100529,0.164021164021164,0.201058201058201,0.0829608905827313,0.0979158458498801,,,False
COOBA,mesonbuild/meson,pydata/xarray,WP-small,0.04,0.16,0.36,0.1281426404046549,0.1552008229324522,,,False
COOBA,wagtail/wagtail,ansible/ansible,WP-large,0.0064935064935064,0.0129870129870129,0.0129870129870129,0.0107012336172859,0.0107347075589236,,,False
COOBA,mesonbuild/meson,pydata/xarray,WP-large,0.04,0.32,0.6,0.1708677999960716,0.2094847719061274,,,False
COOBA,wagtail/wagtail,ansible/ansible,CP-cold-start,0.0,0.0,0.0,0.0022480016979242,0.002312269948209,,,False
COOBA,docker/compose,ipython/ipython,CP-transfer,0.0059171597633136,0.059171597633136,0.1420118343195266,0.0422,0.0497,98.0,169.0,no
COOBA,ipython/ipython,qiskit/qiskit,WP-small,0.0441176470588235,0.1580882352941176,0.2095588235294117,0.0783,0.1005,119.0,272.0,no
COOBA,wagtail/wagtail,ansible/ansible,CP-transfer,0.0,0.0194805194805194,0.0259740259740259,0.0085069126989656,0.0084352002966617,,,False
COOBA,mesonbuild/meson,pydata/xarray,CP-cold-start,0.0,0.04,0.08,0.0345854895190902,0.0329226804284189,,,False
COOBA,docker/compose,wagtail/wagtail,WP-small,0.0,0.0365853658536585,0.0853658536585365,0.0195712835099695,0.0230493241553933,,,False
COOBA,docker/compose,wagtail/wagtail,WP-large,0.024390243902439,0.073170731707317,0.1341463414634146,0.0455654443448126,0.0482646187074941,,,False
COOBA,docker/compose,wagtail/wagtail,CP-cold-start,0.0121951219512195,0.024390243902439,0.024390243902439,0.0177711477947041,0.0188260893826879,,,False
COOBA,ipython/ipython,qiskit/qiskit,WP-large,0.0588235294117647,0.2095588235294117,0.2757352941176471,0.0996,0.1327,119.0,272.0,no
COOBA,docker/compose,wagtail/wagtail,CP-transfer,0.024390243902439,0.0853658536585365,0.1341463414634146,0.0480031600086362,0.0528840393667094,,,False
COOBA,wagtail/wagtail,docker/compose,WP-small,0.0256410256410256,0.6837606837606838,0.7948717948717948,0.2625,0.2792,116.0,117.0,no
COOBA,wagtail/wagtail,docker/compose,WP-large,0.2564102564102564,0.7521367521367521,0.8632478632478633,0.3882,0.4504,116.0,117.0,no
COOBA,ipython/ipython,qiskit/qiskit,CP-cold-start,0.0183823529411764,0.0661764705882353,0.0955882352941176,0.0354,0.0468,119.0,272.0,no
COOBA,wagtail/wagtail,docker/compose,CP-cold-start,0.0085470085470085,0.1025641025641025,0.2991452991452991,0.0795,0.0843,116.0,117.0,no
COOBA,wagtail/wagtail,docker/compose,CP-transfer,0.0256410256410256,0.4786324786324786,0.7350427350427351,0.2002,0.205,116.0,117.0,no
COOBA,localstack/localstack,qiskit/qiskit,WP-small,0.0183823529411764,0.0845588235294117,0.1691176470588235,0.0469816413729447,0.0618619647371153,,,False
COOBA,mesonbuild/meson,pydata/xarray,CP-transfer,0.08,0.32,0.36,0.1682076297514228,0.1928932937794018,,,False
COOBA,pydata/xarray,localstack/localstack,WP-small,0.0631578947368421,0.1684210526315789,0.2842105263157894,0.094482720356047,0.138144116465369,,,False
COOBA,ipython/ipython,qiskit/qiskit,CP-transfer,0.0551470588235294,0.1948529411764706,0.2683823529411764,0.0895,0.1159,119.0,272.0,no
COOBA,qiskit/qiskit,ipython/ipython,WP-small,0.0059171597633136,0.0414201183431952,0.1301775147928994,0.0368810902926656,0.0435146345598376,,,False
COOBA,pydata/xarray,localstack/localstack,WP-large,0.0736842105263157,0.231578947368421,0.3368421052631579,0.1226309675208551,0.163639420849296,,,False
COOBA,pydata/xarray,localstack/localstack,CP-cold-start,0.0,0.0,0.031578947368421,0.0194849826042017,0.0190422854866706,,,False
COOBA,qiskit/qiskit,ipython/ipython,WP-large,0.0059171597633136,0.1005917159763313,0.2485207100591716,0.0609278131283686,0.0678580692867095,,,False
COOBA,localstack/localstack,qiskit/qiskit,WP-large,0.0808823529411764,0.1985294117647058,0.2463235294117647,0.1063467801358287,0.1398965593398807,,,False
COOBA,pydata/xarray,localstack/localstack,CP-transfer,0.0736842105263157,0.2210526315789473,0.3263157894736842,0.1131717354794561,0.1449376857246777,,,False
COOBA,localstack/localstack,pydata/xarray,WP-small,0.04,0.2,0.52,0.1347248621055694,0.1564561834112416,,,False
COOBA,localstack/localstack,pydata/xarray,WP-large,0.16,0.32,0.52,0.2339836405098461,0.2847149475911086,,,False
COOBA,localstack/localstack,qiskit/qiskit,CP-cold-start,0.0036764705882352,0.0220588235294117,0.0514705882352941,0.0121127270438054,0.0158919967762519,,,False
COOBA,localstack/localstack,pydata/xarray,CP-cold-start,0.0,0.04,0.04,0.027363238218079,0.0372248447300132,,,False
COOBA,localstack/localstack,pydata/xarray,CP-transfer,0.0,0.12,0.2,0.0733991480531591,0.0842819030440387,,,False
COOBA,numpy/numpy,scikit-learn/scikit-learn,WP-small,0.0,0.0217391304347826,0.0652173913043478,0.0267,0.0281,13.0,46.0,no
COOBA,numpy/numpy,scikit-learn/scikit-learn,WP-large,0.0,0.0217391304347826,0.0434782608695652,0.0224,0.0211,13.0,46.0,no
COOBA,localstack/localstack,qiskit/qiskit,CP-transfer,0.0441176470588235,0.150735294117647,0.2242647058823529,0.0813909123671607,0.0970862960780818,,,False
COOBA,qiskit/qiskit,ipython/ipython,CP-cold-start,0.0,0.0059171597633136,0.0059171597633136,0.0051634367584438,0.0048252924792967,,,False
COOBA,qiskit/qiskit,localstack/localstack,WP-small,0.0736842105263157,0.1894736842105263,0.2736842105263158,0.1129124631547312,0.140554866036556,,,False
COOBA,numpy/numpy,scikit-learn/scikit-learn,CP-cold-start,0.0217391304347826,0.0217391304347826,0.0434782608695652,0.0282,0.0294,13.0,46.0,no
COOBA,qiskit/qiskit,localstack/localstack,WP-large,0.0736842105263157,0.2631578947368421,0.3368421052631579,0.1230568102310641,0.1677872004462574,,,False
COOBA,numpy/numpy,scikit-learn/scikit-learn,CP-transfer,0.0,0.0,0.0,0.0081,0.0073,13.0,46.0,no
COOBA,scikit-learn/scikit-learn,numpy/numpy,WP-small,0.031055900621118,0.093167701863354,0.1801242236024844,0.0705,0.0787,69.0,161.0,no
BLAZE,lightning-ai/lightning,ipython/ipython,WP-small,0.2426,0.4024,0.5266,0.2925,0.3312,169.0,169.0,yes
BLAZE,jupyterlab/jupyterlab,qiskit/qiskit,CP-transfer,0.2574,0.5478,0.636,0.324,0.3944,269.0,272.0,yes
BLAZE,lightning-ai/lightning,ipython/ipython,WP-large,0.3491,0.6509,0.7278,0.414,0.4784,169.0,169.0,yes
BLAZE,qiskit/qiskit,jupyterlab/jupyterlab,WP-small,0.025,0.025,0.05,0.0433,0.0429,38.0,40.0,yes
BLAZE,lightning-ai/lightning,ipython/ipython,CP-cold-start,0.1657,0.3018,0.355,0.2014,0.2355,169.0,169.0,yes
BLAZE,qiskit/qiskit,jupyterlab/jupyterlab,WP-large,0.325,0.55,0.65,0.3372,0.4211,38.0,40.0,yes
BLAZE,lightning-ai/lightning,ipython/ipython,CP-transfer,0.2604,0.4911,0.5858,0.3172,0.376,169.0,169.0,yes
BLAZE,qiskit/qiskit,jupyterlab/jupyterlab,CP-cold-start,0.175,0.4,0.5,0.2272,0.2815,38.0,40.0,yes
BLAZE,lightning-ai/lightning,ansible/ansible,WP-small,0.2078,0.3701,0.487,0.2307,0.293,154.0,154.0,yes
BLAZE,qiskit/qiskit,jupyterlab/jupyterlab,CP-transfer,0.275,0.425,0.55,0.2766,0.3564,38.0,40.0,yes
BLAZE,lightning-ai/lightning,ansible/ansible,WP-large,0.2468,0.5065,0.5909,0.2957,0.3691,154.0,154.0,yes
BLAZE,lightning-ai/lightning,wagtail/wagtail,WP-small,0.1098,0.3415,0.439,0.166,0.2127,81.0,82.0,yes
BLAZE,lightning-ai/lightning,ansible/ansible,CP-cold-start,0.1234,0.2273,0.3247,0.1504,0.1863,154.0,154.0,yes
BLAZE,lightning-ai/lightning,wagtail/wagtail,WP-large,0.2195,0.439,0.561,0.2728,0.3331,81.0,82.0,yes
BLAZE,lightning-ai/lightning,ansible/ansible,CP-transfer,0.2792,0.4935,0.5974,0.2984,0.3811,154.0,154.0,yes
BLAZE,ansible/ansible,lightning-ai/lightning,WP-small,0.16,0.5333,0.6133,0.2401,0.3154,75.0,75.0,yes
BLAZE,ansible/ansible,lightning-ai/lightning,WP-large,0.36,0.6533,0.7733,0.4083,0.4985,75.0,75.0,yes
BLAZE,lightning-ai/lightning,wagtail/wagtail,CP-cold-start,0.0366,0.1585,0.2317,0.0684,0.091,81.0,82.0,yes
BLAZE,ansible/ansible,lightning-ai/lightning,CP-cold-start,0.2533,0.4667,0.5467,0.2837,0.3532,75.0,75.0,yes
BLAZE,ansible/ansible,lightning-ai/lightning,CP-transfer,0.2933,0.6133,0.7067,0.3345,0.4491,75.0,75.0,yes
BLAZE,lightning-ai/lightning,localstack/localstack,WP-small,0.2,0.4526,0.5474,0.1984,0.3122,95.0,95.0,yes
BLAZE,lightning-ai/lightning,wagtail/wagtail,CP-transfer,0.2195,0.3902,0.5244,0.2582,0.3079,81.0,82.0,yes
BLAZE,prefecthq/prefect,mesonbuild/meson,WP-small,0.2169,0.4286,0.5291,0.2627,0.318,188.0,189.0,yes
BLAZE,lightning-ai/lightning,localstack/localstack,WP-large,0.2526,0.5053,0.6,0.2634,0.3618,95.0,95.0,yes
BLAZE,prefecthq/prefect,mesonbuild/meson,WP-large,0.3598,0.6402,0.7249,0.4206,0.4867,188.0,189.0,yes
BLAZE,lightning-ai/lightning,localstack/localstack,CP-cold-start,0.1579,0.3684,0.4526,0.156,0.2674,95.0,95.0,yes
BLAZE,prefecthq/prefect,mesonbuild/meson,CP-cold-start,0.1429,0.3704,0.4921,0.2174,0.2569,188.0,189.0,yes
BLAZE,lightning-ai/lightning,localstack/localstack,CP-transfer,0.2,0.4421,0.4947,0.2158,0.3074,95.0,95.0,yes
BLAZE,localstack/localstack,lightning-ai/lightning,WP-small,0.2,0.48,0.6267,0.2846,0.3504,75.0,75.0,yes
BLAZE,prefecthq/prefect,mesonbuild/meson,CP-transfer,0.2963,0.5767,0.6772,0.3395,0.4124,188.0,189.0,yes
BLAZE,localstack/localstack,lightning-ai/lightning,WP-large,0.44,0.68,0.76,0.4491,0.5511,75.0,75.0,yes
BLAZE,localstack/localstack,lightning-ai/lightning,CP-cold-start,0.16,0.4533,0.5867,0.2321,0.298,75.0,75.0,yes
BLAZE,localstack/localstack,lightning-ai/lightning,CP-transfer,0.3333,0.6533,0.7867,0.3634,0.4845,75.0,75.0,yes
BLAZE,prefecthq/prefect,wagtail/wagtail,WP-small,0.1463,0.2195,0.3293,0.1515,0.2027,81.0,82.0,yes
BLAZE,prefecthq/prefect,ansible/ansible,WP-small,0.2013,0.3766,0.487,0.2267,0.2926,154.0,154.0,yes
BLAZE,prefecthq/prefect,wagtail/wagtail,WP-large,0.1829,0.4756,0.5732,0.2719,0.3245,81.0,82.0,yes
BLAZE,prefecthq/prefect,ansible/ansible,WP-large,0.2857,0.5,0.6364,0.3066,0.3881,154.0,154.0,yes
BLAZE,prefecthq/prefect,wagtail/wagtail,CP-cold-start,0.122,0.3415,0.4512,0.176,0.2254,81.0,82.0,yes
BLAZE,prefecthq/prefect,ansible/ansible,CP-cold-start,0.0779,0.1494,0.1883,0.0904,0.1181,154.0,154.0,yes
BLAZE,prefecthq/prefect,wagtail/wagtail,CP-transfer,0.1829,0.4024,0.5488,0.2282,0.2864,81.0,82.0,yes
BLAZE,numpy/numpy,localstack/localstack,WP-small,0.1789,0.3684,0.4842,0.1673,0.274,95.0,95.0,yes
BLAZE,prefecthq/prefect,ansible/ansible,CP-transfer,0.1948,0.3571,0.4221,0.214,0.2701,154.0,154.0,yes
BLAZE,ansible/ansible,prefecthq/prefect,WP-small,0.1341,0.4024,0.5122,0.1942,0.2531,82.0,82.0,yes
BLAZE,ansible/ansible,prefecthq/prefect,WP-large,0.4024,0.622,0.7317,0.414,0.5171,82.0,82.0,yes
BLAZE,numpy/numpy,localstack/localstack,WP-large,0.3053,0.5158,0.6211,0.267,0.4056,95.0,95.0,yes
BLAZE,ansible/ansible,prefecthq/prefect,CP-cold-start,0.122,0.3659,0.5,0.1965,0.2475,82.0,82.0,yes
BLAZE,numpy/numpy,localstack/localstack,CP-cold-start,0.0737,0.2105,0.2737,0.0787,0.1509,95.0,95.0,yes
BLAZE,ansible/ansible,prefecthq/prefect,CP-transfer,0.2073,0.439,0.6585,0.2343,0.3317,82.0,82.0,yes
BLAZE,numpy/numpy,mesonbuild/meson,WP-small,0.2698,0.5026,0.6349,0.3007,0.3786,188.0,189.0,yes
BLAZE,numpy/numpy,localstack/localstack,CP-transfer,0.1789,0.4,0.5158,0.193,0.3029,95.0,95.0,yes
BLAZE,numpy/numpy,mesonbuild/meson,WP-large,0.3704,0.6455,0.709,0.4177,0.4965,188.0,189.0,yes
BLAZE,numpy/numpy,mesonbuild/meson,CP-cold-start,0.2116,0.4656,0.6296,0.2728,0.3331,188.0,189.0,yes
BLAZE,localstack/localstack,numpy/numpy,WP-small,0.3043,0.4845,0.5901,0.3523,0.3956,161.0,161.0,yes
BLAZE,numpy/numpy,mesonbuild/meson,CP-transfer,0.2593,0.5079,0.6614,0.3194,0.3762,188.0,189.0,yes
BLAZE,ipython/ipython,qiskit/qiskit,WP-small,0.2941,0.511,0.614,0.326,0.3981,269.0,272.0,yes
BLAZE,localstack/localstack,numpy/numpy,WP-large,0.2919,0.5652,0.6584,0.3794,0.4244,161.0,161.0,yes
BLAZE,localstack/localstack,numpy/numpy,CP-cold-start,0.1739,0.3168,0.4224,0.2244,0.2577,161.0,161.0,yes
BLAZE,localstack/localstack,numpy/numpy,CP-transfer,0.2857,0.528,0.6273,0.3593,0.4036,161.0,161.0,yes
BLAZE,numpy/numpy,qiskit/qiskit,WP-small,0.2647,0.5331,0.6213,0.3184,0.3821,269.0,272.0,yes
BLAZE,numpy/numpy,qiskit/qiskit,WP-large,0.3382,0.5735,0.6801,0.3951,0.453,269.0,272.0,yes
BLAZE,numpy/numpy,qiskit/qiskit,CP-cold-start,0.1618,0.3456,0.4669,0.1845,0.254,269.0,272.0,yes
BLAZE,numpy/numpy,qiskit/qiskit,CP-transfer,0.2794,0.5294,0.636,0.3323,0.3959,269.0,272.0,yes
BLAZE,qiskit/qiskit,numpy/numpy,WP-small,0.2298,0.4907,0.5963,0.3175,0.3541,161.0,161.0,yes
BLAZE,qiskit/qiskit,numpy/numpy,WP-large,0.3354,0.5839,0.6646,0.3975,0.4506,161.0,161.0,yes
BLAZE,qiskit/qiskit,numpy/numpy,CP-cold-start,0.1118,0.2671,0.4037,0.1766,0.1967,161.0,161.0,yes
BLAZE,qiskit/qiskit,numpy/numpy,CP-transfer,0.2484,0.441,0.5528,0.3195,0.3571,161.0,161.0,yes
BLAZE,ipython/ipython,docker/compose,WP-small,0.2051,0.4786,0.5726,0.2799,0.3367,116.0,117.0,yes
BLAZE,ipython/ipython,docker/compose,WP-large,0.3504,0.6667,0.7094,0.4165,0.4934,116.0,117.0,yes
BLAZE,ipython/ipython,docker/compose,CP-cold-start,0.1197,0.4103,0.5726,0.2325,0.256,116.0,117.0,yes
BLAZE,ipython/ipython,docker/compose,CP-transfer,0.2735,0.547,0.6752,0.3481,0.4122,116.0,117.0,yes
BLAZE,docker/compose,ipython/ipython,WP-small,0.1538,0.3373,0.4497,0.2212,0.2449,169.0,169.0,yes
BLAZE,docker/compose,ipython/ipython,WP-large,0.3432,0.6331,0.6982,0.4015,0.4726,169.0,169.0,yes
BLAZE,docker/compose,ipython/ipython,CP-cold-start,0.0828,0.142,0.1953,0.1111,0.1259,169.0,169.0,yes
BLAZE,docker/compose,ipython/ipython,CP-transfer,0.1775,0.4911,0.5562,0.2588,0.3116,169.0,169.0,yes
BLAZE,wagtail/wagtail,docker/compose,WP-small,0.2051,0.4872,0.5726,0.2741,0.3332,116.0,117.0,yes
BLAZE,wagtail/wagtail,docker/compose,WP-large,0.359,0.6496,0.7265,0.4111,0.5001,116.0,117.0,yes
BLAZE,wagtail/wagtail,docker/compose,CP-cold-start,0.1111,0.4103,0.5641,0.2228,0.2537,116.0,117.0,yes
BLAZE,wagtail/wagtail,docker/compose,CP-transfer,0.2564,0.5043,0.6325,0.3159,0.3774,116.0,117.0,yes
TRANP-CNN,jupyterlab/jupyterlab,lightning-ai/lightning,WP-small,0.1067,0.52,0.6133,0.2417,0.3107,74.0,75.0,yes
TRANP-CNN,jupyterlab/jupyterlab,lightning-ai/lightning,WP-large,0.32,0.5467,0.7067,0.3261,0.4475,74.0,75.0,yes
TRANP-CNN,jupyterlab/jupyterlab,lightning-ai/lightning,CP-cold-start,0.0,0.0,0.0,0.0121,0.0098,74.0,75.0,yes
TRANP-CNN,jupyterlab/jupyterlab,lightning-ai/lightning,CP-transfer,0.32,0.5733,0.68,0.2914,0.4305,74.0,75.0,yes
TRANP-CNN,lightning-ai/lightning,jupyterlab/jupyterlab,WP-small,0.175,0.375,0.5,0.2624,0.2672,20.0,40.0,yes
TRANP-CNN,lightning-ai/lightning,jupyterlab/jupyterlab,WP-large,0.25,0.475,0.5,0.3271,0.3273,20.0,40.0,yes
TRANP-CNN,lightning-ai/lightning,jupyterlab/jupyterlab,CP-cold-start,0.0,0.0,0.05,0.0141,0.0139,20.0,40.0,yes
TRANP-CNN,lightning-ai/lightning,jupyterlab/jupyterlab,CP-transfer,0.275,0.5,0.5,0.3446,0.3508,20.0,40.0,yes
TRANP-CNN,jupyterlab/jupyterlab,numpy/numpy,WP-small,0.0373,0.1553,0.1925,0.0836,0.0989,69.0,161.0,yes
TRANP-CNN,jupyterlab/jupyterlab,numpy/numpy,WP-large,0.0497,0.1863,0.2422,0.1073,0.1161,69.0,161.0,yes
TRANP-CNN,jupyterlab/jupyterlab,numpy/numpy,CP-cold-start,0.0186,0.0559,0.0683,0.0337,0.0366,69.0,161.0,yes
TRANP-CNN,jupyterlab/jupyterlab,numpy/numpy,CP-transfer,0.0373,0.1615,0.1988,0.0929,0.0982,69.0,161.0,yes
TRANP-CNN,numpy/numpy,jupyterlab/jupyterlab,WP-small,0.25,0.425,0.5,0.3053,0.3136,20.0,40.0,yes
TRANP-CNN,numpy/numpy,jupyterlab/jupyterlab,WP-large,0.225,0.475,0.5,0.3219,0.3273,20.0,40.0,yes
TRANP-CNN,numpy/numpy,jupyterlab/jupyterlab,CP-cold-start,0.0,0.0,0.0,0.0021,0.002,20.0,40.0,yes
TRANP-CNN,numpy/numpy,jupyterlab/jupyterlab,CP-transfer,0.225,0.5,0.5,0.3321,0.3375,20.0,40.0,yes
TRANP-CNN,jupyterlab/jupyterlab,mesonbuild/meson,WP-small,0.0794,0.1693,0.2011,0.1059,0.117,47.0,189.0,yes
TRANP-CNN,jupyterlab/jupyterlab,mesonbuild/meson,WP-large,0.0688,0.1746,0.2011,0.1052,0.1129,47.0,189.0,yes
TRANP-CNN,jupyterlab/jupyterlab,mesonbuild/meson,CP-cold-start,0.0212,0.1323,0.1799,0.0638,0.0701,47.0,189.0,yes
TRANP-CNN,jupyterlab/jupyterlab,mesonbuild/meson,CP-transfer,0.0476,0.1534,0.1958,0.0864,0.0953,47.0,189.0,yes
TRANP-CNN,mesonbuild/meson,jupyterlab/jupyterlab,WP-small,0.125,0.35,0.5,0.2159,0.2149,20.0,40.0,yes
TRANP-CNN,mesonbuild/meson,jupyterlab/jupyterlab,WP-large,0.225,0.475,0.475,0.3296,0.3392,20.0,40.0,yes
TRANP-CNN,mesonbuild/meson,jupyterlab/jupyterlab,CP-cold-start,0.0,0.0,0.0,0.0032,0.0031,20.0,40.0,yes
TRANP-CNN,mesonbuild/meson,jupyterlab/jupyterlab,CP-transfer,0.25,0.475,0.475,0.335,0.3385,20.0,40.0,yes
TRANP-CNN,jupyterlab/jupyterlab,localstack/localstack,WP-small,0.0421,0.2421,0.3474,0.1048,0.1312,70.0,95.0,yes
TRANP-CNN,jupyterlab/jupyterlab,localstack/localstack,WP-large,0.0737,0.2526,0.3474,0.1255,0.1565,70.0,95.0,yes
TRANP-CNN,jupyterlab/jupyterlab,localstack/localstack,CP-cold-start,0.0,0.0105,0.0211,0.011,0.0111,70.0,95.0,yes
TRANP-CNN,jupyterlab/jupyterlab,localstack/localstack,CP-transfer,0.0421,0.2,0.3053,0.1032,0.1257,70.0,95.0,yes
TRANP-CNN,localstack/localstack,jupyterlab/jupyterlab,WP-small,0.275,0.4,0.475,0.3188,0.3303,20.0,40.0,yes
TRANP-CNN,localstack/localstack,jupyterlab/jupyterlab,WP-large,0.275,0.475,0.5,0.349,0.3492,20.0,40.0,yes
TRANP-CNN,jupyterlab/jupyterlab,prefecthq/prefect,WP-small,0.122,0.2317,0.2927,0.1461,0.1874,42.0,82.0,yes
TRANP-CNN,jupyterlab/jupyterlab,prefecthq/prefect,WP-large,0.122,0.2561,0.2927,0.1489,0.1811,42.0,82.0,yes
TRANP-CNN,jupyterlab/jupyterlab,prefecthq/prefect,CP-cold-start,0.0,0.0854,0.1585,0.0395,0.0507,42.0,82.0,yes
TRANP-CNN,jupyterlab/jupyterlab,prefecthq/prefect,CP-transfer,0.0488,0.2805,0.3415,0.1307,0.1622,42.0,82.0,yes
TRANP-CNN,prefecthq/prefect,jupyterlab/jupyterlab,WP-small,0.125,0.4,0.5,0.2195,0.2288,20.0,40.0,yes
TRANP-CNN,prefecthq/prefect,jupyterlab/jupyterlab,WP-large,0.15,0.475,0.5,0.2848,0.2869,20.0,40.0,yes
TRANP-CNN,jupyterlab/jupyterlab,pydata/xarray,WP-small,0.08,0.16,0.4,0.1291,0.1496,25.0,25.0,yes
TRANP-CNN,jupyterlab/jupyterlab,pydata/xarray,WP-large,0.16,0.6,0.72,0.2895,0.3501,25.0,25.0,yes
TRANP-CNN,jupyterlab/jupyterlab,pydata/xarray,CP-cold-start,0.0,0.0,0.08,0.0252,0.0283,25.0,25.0,yes
TRANP-CNN,prefecthq/prefect,jupyterlab/jupyterlab,CP-cold-start,0.025,0.2,0.325,0.0978,0.0996,20.0,40.0,yes
TRANP-CNN,jupyterlab/jupyterlab,pydata/xarray,CP-transfer,0.04,0.4,0.48,0.1784,0.2014,25.0,25.0,yes
TRANP-CNN,pydata/xarray,jupyterlab/jupyterlab,WP-small,0.2,0.45,0.5,0.286,0.3054,20.0,40.0,yes
TRANP-CNN,pydata/xarray,jupyterlab/jupyterlab,WP-large,0.3,0.475,0.5,0.3721,0.3869,20.0,40.0,yes
TRANP-CNN,pydata/xarray,jupyterlab/jupyterlab,CP-cold-start,0.0,0.075,0.15,0.0415,0.0404,20.0,40.0,yes
TRANP-CNN,prefecthq/prefect,jupyterlab/jupyterlab,CP-transfer,0.3,0.5,0.5,0.3583,0.3708,20.0,40.0,yes
TRANP-CNN,pydata/xarray,jupyterlab/jupyterlab,CP-transfer,0.3,0.5,0.5,0.3661,0.3833,20.0,40.0,yes
TRANP-CNN,jupyterlab/jupyterlab,scikit-learn/scikit-learn,WP-small,0.0,0.0,0.0,0.0058,0.0065,13.0,46.0,yes
TRANP-CNN,jupyterlab/jupyterlab,ipython/ipython,WP-small,0.0059,0.1006,0.1598,0.0481,0.0558,98.0,169.0,yes
TRANP-CNN,jupyterlab/jupyterlab,scikit-learn/scikit-learn,WP-large,0.0,0.087,0.1087,0.0352,0.039,13.0,46.0,yes
TRANP-CNN,jupyterlab/jupyterlab,scikit-learn/scikit-learn,CP-cold-start,0.0,0.0,0.0,0.0046,0.0047,13.0,46.0,yes
TRANP-CNN,jupyterlab/jupyterlab,scikit-learn/scikit-learn,CP-transfer,0.0435,0.1522,0.1957,0.0977,0.0954,13.0,46.0,yes
TRANP-CNN,scikit-learn/scikit-learn,jupyterlab/jupyterlab,WP-small,0.3,0.45,0.5,0.3394,0.3619,20.0,40.0,yes
TRANP-CNN,jupyterlab/jupyterlab,ipython/ipython,WP-large,0.0237,0.1302,0.2189,0.0743,0.0836,98.0,169.0,yes
TRANP-CNN,scikit-learn/scikit-learn,jupyterlab/jupyterlab,WP-large,0.25,0.5,0.5,0.3563,0.3542,20.0,40.0,yes
TRANP-CNN,jupyterlab/jupyterlab,ipython/ipython,CP-cold-start,0.0,0.0,0.0,0.0042,0.0041,98.0,169.0,yes
TRANP-CNN,scikit-learn/scikit-learn,jupyterlab/jupyterlab,CP-cold-start,0.0,0.0,0.0,0.0043,0.0042,20.0,40.0,yes
TRANP-CNN,scikit-learn/scikit-learn,jupyterlab/jupyterlab,CP-transfer,0.25,0.5,0.5,0.3479,0.3458,20.0,40.0,yes
TRANP-CNN,jupyterlab/jupyterlab,ipython/ipython,CP-transfer,0.0296,0.1065,0.2012,0.0708,0.0856,98.0,169.0,yes
TRANP-CNN,jupyterlab/jupyterlab,docker/compose,WP-small,0.2735,0.7009,0.7863,0.3966,0.47,116.0,117.0,yes
TRANP-CNN,ipython/ipython,jupyterlab/jupyterlab,WP-small,0.2,0.425,0.475,0.2774,0.2961,20.0,40.0,yes
TRANP-CNN,ipython/ipython,jupyterlab/jupyterlab,WP-large,0.25,0.475,0.5,0.3363,0.3458,20.0,40.0,yes
TRANP-CNN,jupyterlab/jupyterlab,docker/compose,WP-large,0.2479,0.7094,0.8376,0.3972,0.459,116.0,117.0,yes
TRANP-CNN,jupyterlab/jupyterlab,docker/compose,CP-cold-start,0.094,0.2735,0.5726,0.1805,0.2115,116.0,117.0,yes
TRANP-CNN,ipython/ipython,jupyterlab/jupyterlab,CP-cold-start,0.0,0.1,0.15,0.0445,0.0459,20.0,40.0,yes
TRANP-CNN,jupyterlab/jupyterlab,docker/compose,CP-transfer,0.3162,0.7009,0.7949,0.4121,0.4774,116.0,117.0,yes
TRANP-CNN,docker/compose,jupyterlab/jupyterlab,WP-small,0.2,0.475,0.5,0.2967,0.3161,20.0,40.0,yes
TRANP-CNN,docker/compose,jupyterlab/jupyterlab,WP-large,0.175,0.45,0.5,0.2988,0.3036,20.0,40.0,yes
TRANP-CNN,docker/compose,jupyterlab/jupyterlab,CP-cold-start,0.025,0.325,0.375,0.1366,0.1498,20.0,40.0,yes
TRANP-CNN,ipython/ipython,jupyterlab/jupyterlab,CP-transfer,0.3,0.475,0.5,0.3677,0.376,20.0,40.0,yes
TRANP-CNN,docker/compose,jupyterlab/jupyterlab,CP-transfer,0.275,0.475,0.475,0.3408,0.3525,20.0,40.0,yes
TRANP-CNN,jupyterlab/jupyterlab,ansible/ansible,WP-small,0.0,0.026,0.0325,0.012,0.0121,15.0,154.0,yes
TRANP-CNN,jupyterlab/jupyterlab,wagtail/wagtail,WP-small,0.0366,0.0854,0.0976,0.0452,0.0541,13.0,82.0,yes
TRANP-CNN,jupyterlab/jupyterlab,wagtail/wagtail,WP-large,0.061,0.0976,0.1341,0.0656,0.0796,13.0,82.0,yes
TRANP-CNN,jupyterlab/jupyterlab,ansible/ansible,WP-large,0.013,0.0195,0.0325,0.0201,0.0203,15.0,154.0,yes
TRANP-CNN,jupyterlab/jupyterlab,wagtail/wagtail,CP-cold-start,0.0122,0.061,0.0732,0.0258,0.0302,13.0,82.0,yes
TRANP-CNN,jupyterlab/jupyterlab,ansible/ansible,CP-cold-start,0.0,0.0065,0.013,0.0041,0.0043,15.0,154.0,yes
TRANP-CNN,jupyterlab/jupyterlab,wagtail/wagtail,CP-transfer,0.0366,0.1098,0.122,0.0516,0.0649,13.0,82.0,yes
TRANP-CNN,wagtail/wagtail,jupyterlab/jupyterlab,WP-small,0.125,0.45,0.5,0.2213,0.2321,20.0,40.0,yes
TRANP-CNN,wagtail/wagtail,jupyterlab/jupyterlab,WP-large,0.225,0.5,0.5,0.3363,0.3321,20.0,40.0,yes
TRANP-CNN,jupyterlab/jupyterlab,ansible/ansible,CP-transfer,0.0065,0.0195,0.0195,0.0125,0.0126,15.0,154.0,yes
TRANP-CNN,ansible/ansible,jupyterlab/jupyterlab,WP-small,0.225,0.475,0.5,0.3074,0.3269,20.0,40.0,yes
TRANP-CNN,wagtail/wagtail,jupyterlab/jupyterlab,CP-cold-start,0.0,0.0,0.0,0.002,0.0019,20.0,40.0,yes
TRANP-CNN,ansible/ansible,jupyterlab/jupyterlab,WP-large,0.3,0.475,0.5,0.3677,0.3802,20.0,40.0,yes
TRANP-CNN,wagtail/wagtail,jupyterlab/jupyterlab,CP-transfer,0.2,0.45,0.475,0.3133,0.3154,20.0,40.0,yes
TRANP-CNN,lightning-ai/lightning,prefecthq/prefect,WP-small,0.1585,0.2561,0.2927,0.1663,0.2089,42.0,82.0,yes
TRANP-CNN,lightning-ai/lightning,prefecthq/prefect,WP-large,0.1098,0.2805,0.3293,0.1531,0.1934,42.0,82.0,yes
TRANP-CNN,lightning-ai/lightning,prefecthq/prefect,CP-cold-start,0.0854,0.1951,0.2683,0.1075,0.146,42.0,82.0,yes
TRANP-CNN,ansible/ansible,jupyterlab/jupyterlab,CP-cold-start,0.025,0.125,0.125,0.0628,0.065,20.0,40.0,yes
TRANP-CNN,lightning-ai/lightning,prefecthq/prefect,CP-transfer,0.0976,0.2439,0.3293,0.1523,0.1775,42.0,82.0,yes
TRANP-CNN,prefecthq/prefect,lightning-ai/lightning,WP-small,0.24,0.4267,0.56,0.2251,0.3441,74.0,75.0,yes
TRANP-CNN,prefecthq/prefect,lightning-ai/lightning,WP-large,0.28,0.5467,0.68,0.3068,0.3994,74.0,75.0,yes
TRANP-CNN,prefecthq/prefect,lightning-ai/lightning,CP-cold-start,0.0,0.0533,0.2133,0.054,0.0608,74.0,75.0,yes
TRANP-CNN,prefecthq/prefect,lightning-ai/lightning,CP-transfer,0.2267,0.5333,0.7067,0.2756,0.3665,74.0,75.0,yes
TRANP-CNN,lightning-ai/lightning,numpy/numpy,WP-small,0.0311,0.1242,0.2112,0.0711,0.0828,69.0,161.0,yes
TRANP-CNN,ansible/ansible,jupyterlab/jupyterlab,CP-transfer,0.35,0.475,0.5,0.3896,0.4,20.0,40.0,yes
TRANP-CNN,lightning-ai/lightning,numpy/numpy,WP-large,0.0559,0.1242,0.205,0.096,0.1014,69.0,161.0,yes
TRANP-CNN,localstack/localstack,jupyterlab/jupyterlab,CP-cold-start,0.0,0.0,0.0,0.0049,0.0052,20.0,40.0,yes
TRANP-CNN,lightning-ai/lightning,pydata/xarray,WP-small,0.04,0.44,0.52,0.1891,0.1972,25.0,25.0,yes
TRANP-CNN,lightning-ai/lightning,pydata/xarray,WP-large,0.08,0.32,0.68,0.1988,0.2357,25.0,25.0,yes
TRANP-CNN,jupyterlab/jupyterlab,qiskit/qiskit,WP-small,0.0882,0.2059,0.25,0.1096,0.1405,119.0,272.0,yes
TRANP-CNN,lightning-ai/lightning,pydata/xarray,CP-cold-start,0.0,0.0,0.0,0.0104,0.0093,25.0,25.0,yes
TRANP-CNN,localstack/localstack,jupyterlab/jupyterlab,CP-transfer,0.275,0.475,0.5,0.3386,0.3511,20.0,40.0,yes
TRANP-CNN,lightning-ai/lightning,scikit-learn/scikit-learn,WP-small,0.0,0.0652,0.1087,0.0363,0.0379,13.0,46.0,yes
TRANP-CNN,lightning-ai/lightning,pydata/xarray,CP-transfer,0.12,0.4,0.6,0.2136,0.2429,25.0,25.0,yes
TRANP-CNN,lightning-ai/lightning,scikit-learn/scikit-learn,WP-large,0.0652,0.1087,0.1522,0.0773,0.0855,13.0,46.0,yes
TRANP-CNN,pydata/xarray,lightning-ai/lightning,WP-small,0.28,0.5733,0.6667,0.2569,0.3943,74.0,75.0,yes
TRANP-CNN,pydata/xarray,lightning-ai/lightning,WP-large,0.2533,0.5733,0.68,0.3058,0.4061,74.0,75.0,yes
TRANP-CNN,lightning-ai/lightning,scikit-learn/scikit-learn,CP-cold-start,0.0,0.0,0.0435,0.0082,0.009,13.0,46.0,yes
TRANP-CNN,pydata/xarray,lightning-ai/lightning,CP-cold-start,0.0,0.0,0.0267,0.016,0.0127,74.0,75.0,yes
TRANP-CNN,lightning-ai/lightning,scikit-learn/scikit-learn,CP-transfer,0.0435,0.1739,0.2174,0.0937,0.0968,13.0,46.0,yes
TRANP-CNN,scikit-learn/scikit-learn,lightning-ai/lightning,WP-small,0.1867,0.44,0.7067,0.2902,0.3365,74.0,75.0,yes
TRANP-CNN,pydata/xarray,lightning-ai/lightning,CP-transfer,0.32,0.52,0.68,0.2771,0.4183,74.0,75.0,yes
TRANP-CNN,jupyterlab/jupyterlab,qiskit/qiskit,WP-large,0.0515,0.1397,0.2132,0.081,0.1016,119.0,272.0,yes
TRANP-CNN,scikit-learn/scikit-learn,lightning-ai/lightning,WP-large,0.2133,0.56,0.68,0.2865,0.3622,74.0,75.0,yes
TRANP-CNN,lightning-ai/lightning,ipython/ipython,WP-small,0.0414,0.1538,0.1893,0.0832,0.095,98.0,169.0,yes
TRANP-CNN,jupyterlab/jupyterlab,qiskit/qiskit,CP-cold-start,0.0,0.0,0.0,0.0059,0.0035,119.0,272.0,yes
TRANP-CNN,scikit-learn/scikit-learn,lightning-ai/lightning,CP-cold-start,0.0,0.0,0.0,0.0148,0.0133,74.0,75.0,yes
TRANP-CNN,lightning-ai/lightning,ipython/ipython,WP-large,0.0296,0.1893,0.2604,0.0979,0.106,98.0,169.0,yes
TRANP-CNN,jupyterlab/jupyterlab,qiskit/qiskit,CP-transfer,0.0699,0.2206,0.25,0.1026,0.1356,119.0,272.0,yes
TRANP-CNN,scikit-learn/scikit-learn,lightning-ai/lightning,CP-transfer,0.2933,0.5467,0.68,0.3083,0.4241,74.0,75.0,yes
TRANP-CNN,qiskit/qiskit,jupyterlab/jupyterlab,WP-small,0.2,0.475,0.5,0.3013,0.3058,20.0,40.0,yes
TRANP-CNN,lightning-ai/lightning,ansible/ansible,WP-small,0.0065,0.026,0.0325,0.0158,0.0158,15.0,154.0,yes
TRANP-CNN,lightning-ai/lightning,ipython/ipython,CP-cold-start,0.0,0.0,0.0,0.0042,0.004,98.0,169.0,yes
TRANP-CNN,qiskit/qiskit,jupyterlab/jupyterlab,WP-large,0.25,0.5,0.5,0.3592,0.3571,20.0,40.0,yes
TRANP-CNN,lightning-ai/lightning,ipython/ipython,CP-transfer,0.0237,0.1006,0.1893,0.0659,0.0733,98.0,169.0,yes
TRANP-CNN,prefecthq/prefect,scikit-learn/scikit-learn,WP-small,0.0217,0.087,0.1957,0.0522,0.0583,13.0,46.0,yes
TRANP-CNN,lightning-ai/lightning,ansible/ansible,WP-large,0.0065,0.026,0.026,0.0172,0.0173,15.0,154.0,yes
TRANP-CNN,prefecthq/prefect,scikit-learn/scikit-learn,WP-large,0.0435,0.1087,0.2391,0.0895,0.0896,13.0,46.0,yes
TRANP-CNN,lightning-ai/lightning,ansible/ansible,CP-cold-start,0.0,0.0,0.0,0.0006,0.0006,15.0,154.0,yes
TRANP-CNN,prefecthq/prefect,scikit-learn/scikit-learn,CP-cold-start,0.0,0.0,0.0,0.0067,0.0076,13.0,46.0,yes
TRANP-CNN,lightning-ai/lightning,ansible/ansible,CP-transfer,0.0,0.013,0.026,0.0082,0.0083,15.0,154.0,yes
TRANP-CNN,ansible/ansible,lightning-ai/lightning,WP-small,0.2267,0.4933,0.6533,0.2496,0.3541,74.0,75.0,yes
TRANP-CNN,qiskit/qiskit,jupyterlab/jupyterlab,CP-cold-start,0.075,0.225,0.35,0.1507,0.1506,20.0,40.0,yes
TRANP-CNN,ansible/ansible,lightning-ai/lightning,WP-large,0.28,0.5733,0.6933,0.3042,0.409,74.0,75.0,yes
TRANP-CNN,prefecthq/prefect,scikit-learn/scikit-learn,CP-transfer,0.0652,0.1304,0.1522,0.0814,0.1019,13.0,46.0,yes
TRANP-CNN,scikit-learn/scikit-learn,prefecthq/prefect,WP-small,0.0976,0.2561,0.3293,0.1329,0.1682,42.0,82.0,yes
TRANP-CNN,scikit-learn/scikit-learn,prefecthq/prefect,WP-large,0.1098,0.2805,0.3293,0.1624,0.1897,42.0,82.0,yes
TRANP-CNN,ansible/ansible,lightning-ai/lightning,CP-cold-start,0.0,0.0,0.0,0.0146,0.0118,74.0,75.0,yes
TRANP-CNN,scikit-learn/scikit-learn,prefecthq/prefect,CP-cold-start,0.0122,0.2439,0.2927,0.078,0.0994,42.0,82.0,yes
TRANP-CNN,scikit-learn/scikit-learn,prefecthq/prefect,CP-transfer,0.0854,0.2561,0.3415,0.1416,0.1771,42.0,82.0,yes
TRANP-CNN,prefecthq/prefect,ansible/ansible,WP-small,0.0065,0.013,0.0195,0.0115,0.0115,15.0,154.0,yes
TRANP-CNN,prefecthq/prefect,ansible/ansible,WP-large,0.0065,0.0195,0.039,0.0152,0.0157,15.0,154.0,yes
TRANP-CNN,ansible/ansible,lightning-ai/lightning,CP-transfer,0.32,0.5467,0.6267,0.2822,0.4244,74.0,75.0,yes
TRANP-CNN,lightning-ai/lightning,wagtail/wagtail,WP-small,0.0488,0.0732,0.1098,0.0619,0.0678,13.0,82.0,yes
TRANP-CNN,lightning-ai/lightning,wagtail/wagtail,WP-large,0.061,0.0732,0.1341,0.0596,0.0763,13.0,82.0,yes
TRANP-CNN,prefecthq/prefect,ansible/ansible,CP-cold-start,0.0,0.0,0.0,0.0019,0.0018,15.0,154.0,yes
TRANP-CNN,lightning-ai/lightning,wagtail/wagtail,CP-cold-start,0.0,0.0488,0.061,0.016,0.0191,13.0,82.0,yes
TRANP-CNN,lightning-ai/lightning,wagtail/wagtail,CP-transfer,0.0488,0.0976,0.122,0.0514,0.0648,13.0,82.0,yes
TRANP-CNN,prefecthq/prefect,numpy/numpy,WP-small,0.0435,0.118,0.1988,0.0805,0.0851,69.0,161.0,yes
TRANP-CNN,qiskit/qiskit,jupyterlab/jupyterlab,CP-transfer,0.35,0.475,0.475,0.3822,0.3918,20.0,40.0,yes
TRANP-CNN,lightning-ai/lightning,numpy/numpy,CP-cold-start,0.0,0.0,0.0,0.0031,0.0025,69.0,161.0,yes
TRANP-CNN,prefecthq/prefect,ansible/ansible,CP-transfer,0.0,0.0,0.0195,0.004,0.004,15.0,154.0,yes
TRANP-CNN,ansible/ansible,prefecthq/prefect,WP-small,0.1098,0.2439,0.3171,0.1467,0.1814,42.0,82.0,yes
TRANP-CNN,prefecthq/prefect,numpy/numpy,WP-large,0.0621,0.1553,0.2484,0.1072,0.1188,69.0,161.0,yes
TRANP-CNN,ansible/ansible,prefecthq/prefect,WP-large,0.1829,0.3049,0.3537,0.1859,0.2322,42.0,82.0,yes
TRANP-CNN,lightning-ai/lightning,numpy/numpy,CP-transfer,0.0621,0.1553,0.205,0.1004,0.1147,69.0,161.0,yes
TRANP-CNN,numpy/numpy,lightning-ai/lightning,WP-small,0.24,0.56,0.6533,0.3029,0.3864,74.0,75.0,yes
TRANP-CNN,numpy/numpy,lightning-ai/lightning,WP-large,0.32,0.5333,0.7067,0.3263,0.44,74.0,75.0,yes
TRANP-CNN,prefecthq/prefect,numpy/numpy,CP-cold-start,0.0,0.0248,0.087,0.0278,0.0301,69.0,161.0,yes
TRANP-CNN,numpy/numpy,lightning-ai/lightning,CP-cold-start,0.0,0.08,0.16,0.0586,0.0646,74.0,75.0,yes
TRANP-CNN,ansible/ansible,prefecthq/prefect,CP-cold-start,0.0366,0.0732,0.1707,0.0473,0.0722,42.0,82.0,yes
TRANP-CNN,prefecthq/prefect,numpy/numpy,CP-transfer,0.0248,0.1553,0.1988,0.08,0.0878,69.0,161.0,yes
TRANP-CNN,numpy/numpy,prefecthq/prefect,WP-small,0.0488,0.2439,0.2927,0.1286,0.1429,42.0,82.0,yes
TRANP-CNN,numpy/numpy,prefecthq/prefect,WP-large,0.1463,0.2561,0.3049,0.1728,0.2059,42.0,82.0,yes
TRANP-CNN,ansible/ansible,prefecthq/prefect,CP-transfer,0.0366,0.2317,0.2927,0.1119,0.1335,42.0,82.0,yes
TRANP-CNN,numpy/numpy,prefecthq/prefect,CP-cold-start,0.0,0.0244,0.0732,0.017,0.0245,42.0,82.0,yes
TRANP-CNN,numpy/numpy,lightning-ai/lightning,CP-transfer,0.2533,0.5333,0.6533,0.2887,0.3906,74.0,75.0,yes
TRANP-CNN,lightning-ai/lightning,localstack/localstack,WP-small,0.0211,0.2,0.2947,0.0857,0.114,70.0,95.0,yes
TRANP-CNN,prefecthq/prefect,wagtail/wagtail,WP-small,0.0122,0.0488,0.0732,0.0293,0.0318,13.0,82.0,yes
TRANP-CNN,prefecthq/prefect,wagtail/wagtail,WP-large,0.0488,0.0976,0.1341,0.0613,0.0698,13.0,82.0,yes
TRANP-CNN,lightning-ai/lightning,localstack/localstack,WP-large,0.0316,0.2421,0.3368,0.1042,0.137,70.0,95.0,yes
TRANP-CNN,lightning-ai/lightning,localstack/localstack,CP-cold-start,0.0,0.0211,0.0211,0.0118,0.0155,70.0,95.0,yes
TRANP-CNN,prefecthq/prefect,wagtail/wagtail,CP-cold-start,0.0,0.0,0.0,0.0008,0.0006,13.0,82.0,yes
TRANP-CNN,lightning-ai/lightning,localstack/localstack,CP-transfer,0.0737,0.2,0.3368,0.1102,0.1474,70.0,95.0,yes
TRANP-CNN,localstack/localstack,lightning-ai/lightning,WP-small,0.2267,0.56,0.6933,0.2972,0.3769,74.0,75.0,yes
TRANP-CNN,numpy/numpy,prefecthq/prefect,CP-transfer,0.0488,0.2805,0.3415,0.1142,0.136,42.0,82.0,yes
TRANP-CNN,localstack/localstack,lightning-ai/lightning,WP-large,0.2667,0.5333,0.7333,0.3145,0.4136,74.0,75.0,yes
TRANP-CNN,prefecthq/prefect,mesonbuild/meson,WP-small,0.0741,0.1799,0.1958,0.1117,0.1183,47.0,189.0,yes
TRANP-CNN,prefecthq/prefect,wagtail/wagtail,CP-transfer,0.0488,0.0732,0.0976,0.0503,0.0653,13.0,82.0,yes
TRANP-CNN,pydata/xarray,scikit-learn/scikit-learn,WP-small,0.0,0.1087,0.1739,0.0428,0.0424,13.0,46.0,yes
TRANP-CNN,localstack/localstack,lightning-ai/lightning,CP-cold-start,0.0267,0.12,0.2133,0.0654,0.089,74.0,75.0,yes
TRANP-CNN,pydata/xarray,scikit-learn/scikit-learn,WP-large,0.0217,0.1304,0.1957,0.0704,0.077,13.0,46.0,yes
TRANP-CNN,pydata/xarray,scikit-learn/scikit-learn,CP-cold-start,0.0,0.0,0.0,0.0016,0.0015,13.0,46.0,yes
TRANP-CNN,pydata/xarray,scikit-learn/scikit-learn,CP-transfer,0.0435,0.1522,0.1957,0.1006,0.1036,13.0,46.0,yes
TRANP-CNN,scikit-learn/scikit-learn,pydata/xarray,WP-small,0.0,0.24,0.52,0.1245,0.139,25.0,25.0,yes
TRANP-CNN,prefecthq/prefect,mesonbuild/meson,WP-large,0.0582,0.1746,0.2063,0.1036,0.1106,47.0,189.0,yes
TRANP-CNN,scikit-learn/scikit-learn,pydata/xarray,WP-large,0.2,0.48,0.6,0.3011,0.3446,25.0,25.0,yes
TRANP-CNN,localstack/localstack,lightning-ai/lightning,CP-transfer,0.1733,0.5067,0.6933,0.2619,0.3467,74.0,75.0,yes
TRANP-CNN,prefecthq/prefect,pydata/xarray,WP-small,0.08,0.16,0.24,0.0951,0.1223,25.0,25.0,yes
TRANP-CNN,scikit-learn/scikit-learn,pydata/xarray,CP-cold-start,0.0,0.04,0.2,0.0421,0.0535,25.0,25.0,yes
TRANP-CNN,prefecthq/prefect,pydata/xarray,WP-large,0.08,0.44,0.72,0.254,0.2838,25.0,25.0,yes
TRANP-CNN,prefecthq/prefect,mesonbuild/meson,CP-cold-start,0.0423,0.1376,0.1693,0.0693,0.0808,47.0,189.0,yes
TRANP-CNN,scikit-learn/scikit-learn,pydata/xarray,CP-transfer,0.12,0.44,0.48,0.2359,0.2621,25.0,25.0,yes
TRANP-CNN,numpy/numpy,qiskit/qiskit,WP-small,0.0478,0.2059,0.2647,0.0978,0.1228,119.0,272.0,yes
TRANP-CNN,prefecthq/prefect,pydata/xarray,CP-cold-start,0.0,0.0,0.0,0.0077,0.0063,25.0,25.0,yes
TRANP-CNN,prefecthq/prefect,mesonbuild/meson,CP-transfer,0.0688,0.1587,0.1958,0.0993,0.11,47.0,189.0,yes
TRANP-CNN,pydata/xarray,numpy/numpy,WP-small,0.0497,0.1118,0.1677,0.0814,0.0881,69.0,161.0,yes
TRANP-CNN,prefecthq/prefect,pydata/xarray,CP-transfer,0.04,0.28,0.6,0.1373,0.1606,25.0,25.0,yes
TRANP-CNN,numpy/numpy,qiskit/qiskit,WP-large,0.0699,0.1765,0.25,0.1015,0.1264,119.0,272.0,yes
TRANP-CNN,pydata/xarray,prefecthq/prefect,WP-small,0.0732,0.1829,0.2683,0.1129,0.133,42.0,82.0,yes
TRANP-CNN,pydata/xarray,prefecthq/prefect,WP-large,0.122,0.2561,0.3049,0.1446,0.1834,42.0,82.0,yes
TRANP-CNN,pydata/xarray,numpy/numpy,WP-large,0.0373,0.1553,0.2174,0.0989,0.1024,69.0,161.0,yes
TRANP-CNN,pydata/xarray,prefecthq/prefect,CP-cold-start,0.0244,0.1585,0.2561,0.0681,0.0843,42.0,82.0,yes
TRANP-CNN,pydata/xarray,numpy/numpy,CP-cold-start,0.0062,0.0248,0.0373,0.018,0.0226,69.0,161.0,yes
TRANP-CNN,pydata/xarray,prefecthq/prefect,CP-transfer,0.1341,0.1951,0.3049,0.141,0.1839,42.0,82.0,yes
TRANP-CNN,numpy/numpy,qiskit/qiskit,CP-cold-start,0.0037,0.0625,0.1287,0.0281,0.0405,119.0,272.0,yes
TRANP-CNN,pydata/xarray,numpy/numpy,CP-transfer,0.0497,0.1739,0.1988,0.0895,0.1031,69.0,161.0,yes
TRANP-CNN,numpy/numpy,pydata/xarray,WP-small,0.12,0.32,0.56,0.198,0.2294,25.0,25.0,yes
TRANP-CNN,numpy/numpy,mesonbuild/meson,WP-small,0.0582,0.1799,0.2063,0.1045,0.1083,47.0,189.0,yes
TRANP-CNN,numpy/numpy,pydata/xarray,WP-large,0.08,0.44,0.48,0.1999,0.2298,25.0,25.0,yes
TRANP-CNN,numpy/numpy,mesonbuild/meson,WP-large,0.0582,0.1852,0.2063,0.1002,0.1051,47.0,189.0,yes
TRANP-CNN,numpy/numpy,pydata/xarray,CP-cold-start,0.08,0.24,0.32,0.1062,0.1671,25.0,25.0,yes
TRANP-CNN,numpy/numpy,qiskit/qiskit,CP-transfer,0.0882,0.2243,0.2721,0.1167,0.1436,119.0,272.0,yes
TRANP-CNN,qiskit/qiskit,numpy/numpy,WP-small,0.0559,0.1242,0.1863,0.0916,0.1034,69.0,161.0,yes
TRANP-CNN,numpy/numpy,mesonbuild/meson,CP-cold-start,0.0053,0.0476,0.0899,0.0272,0.0292,47.0,189.0,yes
TRANP-CNN,qiskit/qiskit,numpy/numpy,WP-large,0.0373,0.1491,0.2174,0.0876,0.0957,69.0,161.0,yes
TRANP-CNN,numpy/numpy,pydata/xarray,CP-transfer,0.24,0.48,0.6,0.3112,0.3505,25.0,25.0,yes
TRANP-CNN,numpy/numpy,scikit-learn/scikit-learn,WP-small,0.0,0.1739,0.2174,0.0563,0.0594,13.0,46.0,yes
TRANP-CNN,numpy/numpy,scikit-learn/scikit-learn,WP-large,0.0652,0.1739,0.1957,0.099,0.1073,13.0,46.0,yes
TRANP-CNN,qiskit/qiskit,numpy/numpy,CP-cold-start,0.0124,0.0435,0.0932,0.0314,0.0393,69.0,161.0,yes
TRANP-CNN,numpy/numpy,mesonbuild/meson,CP-transfer,0.0688,0.1746,0.2063,0.1128,0.1186,47.0,189.0,yes
TRANP-CNN,numpy/numpy,scikit-learn/scikit-learn,CP-cold-start,0.0,0.0,0.0,0.0012,0.0011,13.0,46.0,yes
TRANP-CNN,numpy/numpy,localstack/localstack,WP-small,0.0526,0.2,0.3053,0.0857,0.1359,70.0,95.0,yes
TRANP-CNN,numpy/numpy,localstack/localstack,WP-large,0.0947,0.2,0.3474,0.129,0.1616,70.0,95.0,yes
TRANP-CNN,numpy/numpy,scikit-learn/scikit-learn,CP-transfer,0.0217,0.1304,0.1957,0.0626,0.0735,13.0,46.0,yes
TRANP-CNN,numpy/numpy,localstack/localstack,CP-cold-start,0.0,0.0526,0.1053,0.027,0.0363,70.0,95.0,yes
TRANP-CNN,scikit-learn/scikit-learn,numpy/numpy,WP-small,0.0497,0.118,0.1988,0.0856,0.0936,69.0,161.0,yes
TRANP-CNN,qiskit/qiskit,numpy/numpy,CP-transfer,0.0435,0.1429,0.1801,0.0909,0.1011,69.0,161.0,yes
TRANP-CNN,wagtail/wagtail,docker/compose,WP-small,0.2821,0.6923,0.8034,0.3946,0.4704,116.0,117.0,yes
TRANP-CNN,scikit-learn/scikit-learn,numpy/numpy,WP-large,0.0311,0.0994,0.1366,0.0637,0.0683,69.0,161.0,yes
TRANP-CNN,wagtail/wagtail,docker/compose,WP-large,0.2308,0.7009,0.8034,0.3924,0.4515,116.0,117.0,yes
TRANP-CNN,scikit-learn/scikit-learn,numpy/numpy,CP-cold-start,0.0062,0.0186,0.0311,0.0151,0.0199,69.0,161.0,yes
TRANP-CNN,numpy/numpy,localstack/localstack,CP-transfer,0.0632,0.1474,0.2632,0.0998,0.1253,70.0,95.0,yes
TRANP-CNN,localstack/localstack,numpy/numpy,WP-small,0.0373,0.1304,0.1863,0.0778,0.0895,69.0,161.0,yes
TRANP-CNN,scikit-learn/scikit-learn,numpy/numpy,CP-transfer,0.0435,0.1615,0.2236,0.0913,0.1013,69.0,161.0,yes
TRANP-CNN,wagtail/wagtail,docker/compose,CP-cold-start,0.0085,0.0171,0.1368,0.0397,0.0491,116.0,117.0,yes
TRANP-CNN,localstack/localstack,numpy/numpy,WP-large,0.0559,0.1553,0.205,0.0965,0.1069,69.0,161.0,yes
TRANP-CNN,wagtail/wagtail,docker/compose,CP-transfer,0.2479,0.7179,0.7863,0.4085,0.4567,116.0,117.0,yes
TRANP-CNN,localstack/localstack,numpy/numpy,CP-cold-start,0.0,0.0,0.0,0.0032,0.0026,69.0,161.0,yes
TRANP-CNN,localstack/localstack,numpy/numpy,CP-transfer,0.0311,0.1304,0.1988,0.0778,0.0832,69.0,161.0,yes
TRANP-CNN,ipython/ipython,docker/compose,WP-small,0.2906,0.6923,0.7607,0.406,0.4805,116.0,117.0,yes
TRANP-CNN,ipython/ipython,docker/compose,WP-large,0.2393,0.6923,0.8547,0.3928,0.454,116.0,117.0,yes
TRANP-CNN,ipython/ipython,docker/compose,CP-cold-start,0.0,0.0,0.0,0.0109,0.008,116.0,117.0,yes
TRANP-CNN,ipython/ipython,docker/compose,CP-transfer,0.265,0.7179,0.7692,0.3926,0.4657,116.0,117.0,yes
TRANP-CNN,docker/compose,ipython/ipython,WP-small,0.0178,0.0828,0.1479,0.056,0.0645,98.0,169.0,yes
TRANP-CNN,docker/compose,ipython/ipython,WP-large,0.0355,0.1243,0.2249,0.0749,0.0915,98.0,169.0,yes
TRANP-CNN,docker/compose,ipython/ipython,CP-cold-start,0.0,0.0,0.0,0.0059,0.0055,98.0,169.0,yes
TRANP-CNN,docker/compose,ipython/ipython,CP-transfer,0.0355,0.1361,0.2189,0.0794,0.0913,98.0,169.0,yes
TRANP-CNN,ipython/ipython,qiskit/qiskit,WP-small,0.0699,0.1875,0.2537,0.1012,0.1217,119.0,272.0,yes
TRANP-CNN,ipython/ipython,qiskit/qiskit,WP-large,0.0662,0.1875,0.2574,0.101,0.1265,119.0,272.0,yes
TRANP-CNN,ipython/ipython,qiskit/qiskit,CP-cold-start,0.0037,0.0368,0.0919,0.0317,0.0324,119.0,272.0,yes
TRANP-CNN,ipython/ipython,qiskit/qiskit,CP-transfer,0.0772,0.1654,0.239,0.1017,0.1297,119.0,272.0,yes
BLAZE,ipython/ipython,qiskit/qiskit,WP-large,0.3272,0.5919,0.6912,0.3834,0.4521,269.0,272.0,yes
BLAZE,ipython/ipython,qiskit/qiskit,CP-cold-start,0.1287,0.3272,0.4154,0.1781,0.2335,269.0,272.0,yes
BLAZE,ipython/ipython,qiskit/qiskit,CP-transfer,0.3199,0.5515,0.6618,0.3639,0.4337,269.0,272.0,yes
COOBA,scikit-learn/scikit-learn,numpy/numpy,WP-large,0.0559006211180124,0.1304347826086956,0.2422360248447205,0.0888,0.1045,69.0,161.0,no
COOBA,scikit-learn/scikit-learn,numpy/numpy,CP-cold-start,0.0,0.0,0.0062111801242236,0.0026,0.0026,69.0,161.0,no
COOBA,scikit-learn/scikit-learn,numpy/numpy,CP-transfer,0.0124223602484472,0.1180124223602484,0.1490683229813664,0.0654,0.0695,69.0,161.0,no
