source_project,target_project,scenario,model_n_bugs,model_top1,model_top5,model_top10,model_mrr,model_mean_rank,model_median_rank,faiss_n_bugs,faiss_top1,faiss_top5,faiss_top10,faiss_mrr,faiss_mean_rank,faiss_median_rank,pct_unreachable,pct_reachable_model_hit,pct_reachable_model_miss,pct_faiss_top10,pct_model_improved,pct_model_hurt,mean_displacement,median_displacement,domain_gap,src_language,src_LoC,src_total_unique_bug_reports,src_code_complexity,src_bug_report_verbosity,src_domain,src_project_size,src_polyglot_index,src_bug_density,src_age_years,tgt_language,tgt_LoC,tgt_total_unique_bug_reports,tgt_code_complexity,tgt_bug_report_verbosity,tgt_domain,tgt_project_size,tgt_polyglot_index,tgt_bug_density,tgt_age_years,same_domain
google/jax,matplotlib/matplotlib,CP-cold-start,8,0.0,0.0,0.0,0.003766343502096688,266.625,264.5,8,0.0,0.0,0.0,0.00880875947341312,180.875,183.0,0.0,0.0,1.0,0.0,0.375,0.625,-85.75,-90.5,0.9945578231292516,Python,72684,326,2.1,188.5365854,Data Science & AI/ML,small,0.9946618238,0.2229570552,1.527720739,Python,248837,183,2.4,242.6847826,Data Science & AI/ML,medium,0.9866097084,1.359765027,4.364134155,True
google/jax,matplotlib/matplotlib,CP-transfer,8,0.0,0.5,0.75,0.20163690476190477,8.375,6.0,8,0.0,0.0,0.0,0.00880875947341312,180.875,183.0,0.0,0.75,0.25,0.0,1.0,0.0,172.5,172.0,0.9945578231292516,Python,72684,326,2.1,188.5365854,Data Science & AI/ML,small,0.9946618238,0.2229570552,1.527720739,Python,248837,183,2.4,242.6847826,Data Science & AI/ML,medium,0.9866097084,1.359765027,4.364134155,True
google/jax,matplotlib/matplotlib,WP-large,8,0.0,0.375,0.625,0.15516277023629965,9.5,8.0,8,0.0,0.0,0.0,0.00880875947341312,180.875,183.0,0.0,0.625,0.375,0.0,1.0,0.0,171.375,172.5,0.9945578231292516,Python,72684,326,2.1,188.5365854,Data Science & AI/ML,small,0.9946618238,0.2229570552,1.527720739,Python,248837,183,2.4,242.6847826,Data Science & AI/ML,medium,0.9866097084,1.359765027,4.364134155,True
google/jax,matplotlib/matplotlib,WP-small,8,0.125,0.5,0.875,0.3366071428571428,5.625,5.5,8,0.0,0.0,0.0,0.00880875947341312,180.875,183.0,0.0,0.875,0.125,0.0,1.0,0.0,175.25,174.0,0.9945578231292516,Python,72684,326,2.1,188.5365854,Data Science & AI/ML,small,0.9946618238,0.2229570552,1.527720739,Python,248837,183,2.4,242.6847826,Data Science & AI/ML,medium,0.9866097084,1.359765027,4.364134155,True
google/jax,numpy/numpy,CP-cold-start,122,0.0,0.01639344262295082,0.08196721311475409,0.02810385241252183,108.09016393442623,93.5,122,0.0,0.00819672131147541,0.04918032786885246,0.016412964518624146,166.81967213114754,174.5,0.0,0.08196721311475409,0.9180327868852459,0.04918032786885246,0.7049180327868853,0.28688524590163933,58.72950819672131,70.5,0.9926076070108502,Python,72684,326,2.1,188.5365854,Data Science & AI/ML,small,0.9946618238,0.2229570552,1.527720739,Python,276548,789,3.6,161.5720384,Data Science & AI/ML,medium,1.19728944,0.350504436,12.54483231,True
google/jax,numpy/numpy,CP-transfer,122,0.04918032786885246,0.20491803278688525,0.32786885245901637,0.14079771556706644,30.860655737704917,20.0,122,0.0,0.00819672131147541,0.04918032786885246,0.016412964518624146,166.81967213114754,174.5,0.0,0.32786885245901637,0.6721311475409836,0.04918032786885246,0.8934426229508197,0.10655737704918032,135.95901639344262,142.0,0.9926076070108502,Python,72684,326,2.1,188.5365854,Data Science & AI/ML,small,0.9946618238,0.2229570552,1.527720739,Python,276548,789,3.6,161.5720384,Data Science & AI/ML,medium,1.19728944,0.350504436,12.54483231,True
google/jax,numpy/numpy,WP-large,122,0.09016393442622951,0.23770491803278687,0.32786885245901637,0.18746541995361063,25.442622950819672,16.0,122,0.0,0.00819672131147541,0.04918032786885246,0.016412964518624146,166.81967213114754,174.5,0.0,0.32786885245901637,0.6721311475409836,0.04918032786885246,0.9180327868852459,0.08196721311475409,141.37704918032787,145.0,0.9926076070108502,Python,72684,326,2.1,188.5365854,Data Science & AI/ML,small,0.9946618238,0.2229570552,1.527720739,Python,276548,789,3.6,161.5720384,Data Science & AI/ML,medium,1.19728944,0.350504436,12.54483231,True
google/jax,numpy/numpy,WP-small,122,0.04918032786885246,0.22950819672131148,0.3114754098360656,0.14526473171145604,30.737704918032787,20.5,122,0.0,0.00819672131147541,0.04918032786885246,0.016412964518624146,166.81967213114754,174.5,0.0,0.3114754098360656,0.6885245901639344,0.04918032786885246,0.9098360655737705,0.07377049180327869,136.08196721311475,142.5,0.9926076070108502,Python,72684,326,2.1,188.5365854,Data Science & AI/ML,small,0.9946618238,0.2229570552,1.527720739,Python,276548,789,3.6,161.5720384,Data Science & AI/ML,medium,1.19728944,0.350504436,12.54483231,True
google/jax,open-mmlab/mmdetection,CP-cold-start,17,0.0,0.0,0.0,0.007525408764059586,201.23529411764707,229.0,17,0.0,0.0,0.11764705882352941,0.028129569345166625,126.76470588235294,111.0,0.0,0.0,1.0,0.11764705882352941,0.4117647058823529,0.5882352941176471,-74.47058823529412,-108.0,0.995509822263798,Python,72684,326,2.1,188.5365854,Data Science & AI/ML,small,0.9946618238,0.2229570552,1.527720739,Python,208928,102,3.1,205.9009009,Data Science & AI/ML,medium,0.9298657911,2.048313725,4.019164956,True
google/jax,open-mmlab/mmdetection,CP-transfer,17,0.0,0.11764705882352941,0.17647058823529413,0.0759412013313114,71.17647058823529,71.0,17,0.0,0.0,0.11764705882352941,0.028129569345166625,126.76470588235294,111.0,0.0,0.17647058823529413,0.8235294117647058,0.11764705882352941,0.5882352941176471,0.4117647058823529,55.588235294117645,66.0,0.995509822263798,Python,72684,326,2.1,188.5365854,Data Science & AI/ML,small,0.9946618238,0.2229570552,1.527720739,Python,208928,102,3.1,205.9009009,Data Science & AI/ML,medium,0.9298657911,2.048313725,4.019164956,True
google/jax,open-mmlab/mmdetection,WP-large,17,0.0,0.058823529411764705,0.23529411764705882,0.06821267744881107,56.88235294117647,53.0,17,0.0,0.0,0.11764705882352941,0.028129569345166625,126.76470588235294,111.0,0.0,0.23529411764705882,0.7647058823529411,0.11764705882352941,0.5882352941176471,0.4117647058823529,69.88235294117646,45.0,0.995509822263798,Python,72684,326,2.1,188.5365854,Data Science & AI/ML,small,0.9946618238,0.2229570552,1.527720739,Python,208928,102,3.1,205.9009009,Data Science & AI/ML,medium,0.9298657911,2.048313725,4.019164956,True
google/jax,open-mmlab/mmdetection,WP-small,17,0.0,0.0,0.11764705882352941,0.031928896680950676,88.6470588235294,88.0,17,0.0,0.0,0.11764705882352941,0.028129569345166625,126.76470588235294,111.0,0.0,0.11764705882352941,0.8823529411764706,0.11764705882352941,0.6470588235294118,0.35294117647058826,38.11764705882353,50.0,0.995509822263798,Python,72684,326,2.1,188.5365854,Data Science & AI/ML,small,0.9946618238,0.2229570552,1.527720739,Python,208928,102,3.1,205.9009009,Data Science & AI/ML,medium,0.9298657911,2.048313725,4.019164956,True
google/jax,ray-project/ray,CP-cold-start,58,0.0,0.034482758620689655,0.10344827586206896,0.04197933027121712,66.72413793103448,58.5,58,0.0,0.0,0.0,0.010762054202663917,156.75862068965517,152.0,0.0,0.10344827586206896,0.896551724137931,0.0,0.7931034482758621,0.20689655172413793,90.03448275862068,97.0,0.9911899064607352,Python,72684,326,2.1,188.5365854,Data Science & AI/ML,small,0.9946618238,0.2229570552,1.527720739,Python,244283,337,2.2,218.2953216,Data Science & AI/ML,medium,0.8700073276,0.7248753709,3.600273785,True
google/jax,ray-project/ray,CP-transfer,58,0.0,0.22413793103448276,0.3103448275862069,0.1150379699943275,33.06896551724138,30.5,58,0.0,0.0,0.0,0.010762054202663917,156.75862068965517,152.0,0.0,0.3103448275862069,0.6896551724137931,0.0,0.9310344827586207,0.06896551724137931,123.6896551724138,118.0,0.9911899064607352,Python,72684,326,2.1,188.5365854,Data Science & AI/ML,small,0.9946618238,0.2229570552,1.527720739,Python,244283,337,2.2,218.2953216,Data Science & AI/ML,medium,0.8700073276,0.7248753709,3.600273785,True
google/jax,ray-project/ray,WP-large,58,0.06896551724137931,0.22413793103448276,0.29310344827586204,0.1538713689091118,29.29310344827586,27.5,58,0.0,0.0,0.0,0.010762054202663917,156.75862068965517,152.0,0.0,0.29310344827586204,0.7068965517241379,0.0,0.9310344827586207,0.06896551724137931,127.46551724137932,133.5,0.9911899064607352,Python,72684,326,2.1,188.5365854,Data Science & AI/ML,small,0.9946618238,0.2229570552,1.527720739,Python,244283,337,2.2,218.2953216,Data Science & AI/ML,medium,0.8700073276,0.7248753709,3.600273785,True
google/jax,ray-project/ray,WP-small,58,0.0,0.05172413793103448,0.2413793103448276,0.07114059096519634,38.741379310344826,33.5,58,0.0,0.0,0.0,0.010762054202663917,156.75862068965517,152.0,0.0,0.2413793103448276,0.7586206896551724,0.0,0.9137931034482759,0.08620689655172414,118.01724137931035,116.5,0.9911899064607352,Python,72684,326,2.1,188.5365854,Data Science & AI/ML,small,0.9946618238,0.2229570552,1.527720739,Python,244283,337,2.2,218.2953216,Data Science & AI/ML,medium,0.8700073276,0.7248753709,3.600273785,True
google/jax,scipy/scipy,CP-cold-start,3,0.0,0.0,0.0,0.023819248598009657,95.66666666666667,35.0,3,0.0,0.0,0.0,0.006024220032840723,169.33333333333334,160.0,0.0,0.0,1.0,0.0,0.6666666666666666,0.3333333333333333,73.66666666666667,110.0,0.9932769880906648,Python,72684,326,2.1,188.5365854,Data Science & AI/ML,small,0.9946618238,0.2229570552,1.527720739,Python,438217,100,2.1,121.5247525,Data Science & AI/ML,large,0.9743026857,4.38217,10.60643395,True
google/jax,scipy/scipy,CP-transfer,3,0.0,0.0,0.0,0.015814089616383652,111.0,53.0,3,0.0,0.0,0.0,0.006024220032840723,169.33333333333334,160.0,0.0,0.0,1.0,0.0,0.6666666666666666,0.3333333333333333,58.333333333333336,104.0,0.9932769880906648,Python,72684,326,2.1,188.5365854,Data Science & AI/ML,small,0.9946618238,0.2229570552,1.527720739,Python,438217,100,2.1,121.5247525,Data Science & AI/ML,large,0.9743026857,4.38217,10.60643395,True
google/jax,scipy/scipy,WP-large,3,0.0,0.0,0.0,0.02604303908651735,48.666666666666664,55.0,3,0.0,0.0,0.0,0.006024220032840723,169.33333333333334,160.0,0.0,0.0,1.0,0.0,1.0,0.0,120.66666666666667,138.0,0.9932769880906648,Python,72684,326,2.1,188.5365854,Data Science & AI/ML,small,0.9946618238,0.2229570552,1.527720739,Python,438217,100,2.1,121.5247525,Data Science & AI/ML,large,0.9743026857,4.38217,10.60643395,True
google/jax,scipy/scipy,WP-small,3,0.0,0.0,0.0,0.00398515490311458,254.66666666666666,235.0,3,0.0,0.0,0.0,0.006024220032840723,169.33333333333334,160.0,0.0,0.0,1.0,0.0,0.0,1.0,-85.33333333333333,-90.0,0.9932769880906648,Python,72684,326,2.1,188.5365854,Data Science & AI/ML,small,0.9946618238,0.2229570552,1.527720739,Python,438217,100,2.1,121.5247525,Data Science & AI/ML,large,0.9743026857,4.38217,10.60643395,True
google/jax,sympy/sympy,CP-cold-start,34,0.0,0.0,0.08823529411764706,0.02608371135861311,88.79411764705883,81.0,34,0.0,0.029411764705882353,0.029411764705882353,0.015076907816991565,146.08823529411765,143.5,0.0,0.08823529411764706,0.9117647058823529,0.029411764705882353,0.6470588235294118,0.35294117647058826,57.294117647058826,57.5,0.9916825743114264,Python,72684,326,2.1,188.5365854,Data Science & AI/ML,small,0.9946618238,0.2229570552,1.527720739,Python,696129,384,2.8,140.8497409,Data Science & AI/ML,large,0.9941677476,1.812835938,6.663928816,True
google/jax,sympy/sympy,CP-transfer,34,0.08823529411764706,0.17647058823529413,0.2647058823529412,0.1581289393234302,51.11764705882353,24.0,34,0.0,0.029411764705882353,0.029411764705882353,0.015076907816991565,146.08823529411765,143.5,0.0,0.2647058823529412,0.7352941176470589,0.029411764705882353,0.7941176470588235,0.20588235294117646,94.97058823529412,121.5,0.9916825743114264,Python,72684,326,2.1,188.5365854,Data Science & AI/ML,small,0.9946618238,0.2229570552,1.527720739,Python,696129,384,2.8,140.8497409,Data Science & AI/ML,large,0.9941677476,1.812835938,6.663928816,True
google/jax,sympy/sympy,WP-large,34,0.0,0.058823529411764705,0.08823529411764706,0.05513703983820212,51.44117647058823,38.5,34,0.0,0.029411764705882353,0.029411764705882353,0.015076907816991565,146.08823529411765,143.5,0.0,0.08823529411764706,0.9117647058823529,0.029411764705882353,0.8235294117647058,0.17647058823529413,94.6470588235294,112.5,0.9916825743114264,Python,72684,326,2.1,188.5365854,Data Science & AI/ML,small,0.9946618238,0.2229570552,1.527720739,Python,696129,384,2.8,140.8497409,Data Science & AI/ML,large,0.9941677476,1.812835938,6.663928816,True
google/jax,sympy/sympy,WP-small,34,0.08823529411764706,0.17647058823529413,0.38235294117647056,0.1558660901288448,53.44117647058823,17.0,34,0.0,0.029411764705882353,0.029411764705882353,0.015076907816991565,146.08823529411765,143.5,0.0,0.38235294117647056,0.6176470588235294,0.029411764705882353,0.7941176470588235,0.20588235294117646,92.6470588235294,127.5,0.9916825743114264,Python,72684,326,2.1,188.5365854,Data Science & AI/ML,small,0.9946618238,0.2229570552,1.527720739,Python,696129,384,2.8,140.8497409,Data Science & AI/ML,large,0.9941677476,1.812835938,6.663928816,True
jupyterlab/jupyterlab,matplotlib/matplotlib,CP-cold-start,8,0.125,0.5,0.625,0.32019770082974086,13.5,6.0,8,0.0,0.0,0.0,0.00880875947341312,180.875,183.0,0.0,0.625,0.375,0.0,1.0,0.0,167.375,158.5,0.9717178042162388,Python,39372,197,1.7,194.7014925,Data Science & AI/ML,small,6.052473839,0.199857868,7.197809719,Python,248837,183,2.4,242.6847826,Data Science & AI/ML,medium,0.9866097084,1.359765027,4.364134155,True
jupyterlab/jupyterlab,matplotlib/matplotlib,CP-transfer,8,0.125,0.375,0.5,0.23569826555023923,12.375,13.0,8,0.0,0.0,0.0,0.00880875947341312,180.875,183.0,0.0,0.5,0.5,0.0,1.0,0.0,168.5,169.0,0.9717178042162388,Python,39372,197,1.7,194.7014925,Data Science & AI/ML,small,6.052473839,0.199857868,7.197809719,Python,248837,183,2.4,242.6847826,Data Science & AI/ML,medium,0.9866097084,1.359765027,4.364134155,True
jupyterlab/jupyterlab,matplotlib/matplotlib,WP-large,8,0.125,0.375,0.75,0.2942234848484848,8.0,7.0,8,0.0,0.0,0.0,0.00880875947341312,180.875,183.0,0.0,0.75,0.25,0.0,1.0,0.0,172.875,171.5,0.9717178042162388,Python,39372,197,1.7,194.7014925,Data Science & AI/ML,small,6.052473839,0.199857868,7.197809719,Python,248837,183,2.4,242.6847826,Data Science & AI/ML,medium,0.9866097084,1.359765027,4.364134155,True
jupyterlab/jupyterlab,matplotlib/matplotlib,WP-small,8,0.25,0.375,0.75,0.37246260683760685,7.375,8.5,8,0.0,0.0,0.0,0.00880875947341312,180.875,183.0,0.0,0.75,0.25,0.0,1.0,0.0,173.5,175.0,0.9717178042162388,Python,39372,197,1.7,194.7014925,Data Science & AI/ML,small,6.052473839,0.199857868,7.197809719,Python,248837,183,2.4,242.6847826,Data Science & AI/ML,medium,0.9866097084,1.359765027,4.364134155,True
jupyterlab/jupyterlab,numpy/numpy,CP-cold-start,122,0.0,0.06557377049180328,0.13934426229508196,0.06159228257095715,63.92622950819672,44.0,122,0.0,0.00819672131147541,0.04918032786885246,0.016412964518624146,166.81967213114754,174.5,0.0,0.13934426229508196,0.860655737704918,0.04918032786885246,0.8032786885245902,0.19672131147540983,102.89344262295081,104.5,0.9941268922160642,Python,39372,197,1.7,194.7014925,Data Science & AI/ML,small,6.052473839,0.199857868,7.197809719,Python,276548,789,3.6,161.5720384,Data Science & AI/ML,medium,1.19728944,0.350504436,12.54483231,True
jupyterlab/jupyterlab,numpy/numpy,CP-transfer,122,0.07377049180327869,0.23770491803278687,0.3770491803278688,0.1686597535010278,32.450819672131146,20.0,122,0.0,0.00819672131147541,0.04918032786885246,0.016412964518624146,166.81967213114754,174.5,0.0,0.3770491803278688,0.6229508196721312,0.04918032786885246,0.8934426229508197,0.10655737704918032,134.36885245901638,135.5,0.9941268922160642,Python,39372,197,1.7,194.7014925,Data Science & AI/ML,small,6.052473839,0.199857868,7.197809719,Python,276548,789,3.6,161.5720384,Data Science & AI/ML,medium,1.19728944,0.350504436,12.54483231,True
jupyterlab/jupyterlab,numpy/numpy,WP-large,122,0.08196721311475409,0.27049180327868855,0.4262295081967213,0.19638832576057955,23.262295081967213,14.0,122,0.0,0.00819672131147541,0.04918032786885246,0.016412964518624146,166.81967213114754,174.5,0.0,0.4262295081967213,0.5737704918032787,0.04918032786885246,0.9180327868852459,0.08196721311475409,143.55737704918033,146.5,0.9941268922160642,Python,39372,197,1.7,194.7014925,Data Science & AI/ML,small,6.052473839,0.199857868,7.197809719,Python,276548,789,3.6,161.5720384,Data Science & AI/ML,medium,1.19728944,0.350504436,12.54483231,True
jupyterlab/jupyterlab,numpy/numpy,WP-small,122,0.04918032786885246,0.20491803278688525,0.319672131147541,0.1499338633051383,33.36065573770492,19.0,122,0.0,0.00819672131147541,0.04918032786885246,0.016412964518624146,166.81967213114754,174.5,0.0,0.319672131147541,0.680327868852459,0.04918032786885246,0.8852459016393442,0.11475409836065574,133.45901639344262,142.5,0.9941268922160642,Python,39372,197,1.7,194.7014925,Data Science & AI/ML,small,6.052473839,0.199857868,7.197809719,Python,276548,789,3.6,161.5720384,Data Science & AI/ML,medium,1.19728944,0.350504436,12.54483231,True
jupyterlab/jupyterlab,open-mmlab/mmdetection,CP-cold-start,17,0.0,0.0,0.0,0.005204174126105038,206.2941176470588,199.0,17,0.0,0.0,0.11764705882352941,0.028129569345166625,126.76470588235294,111.0,0.0,0.0,1.0,0.11764705882352941,0.17647058823529413,0.8235294117647058,-79.52941176470588,-103.0,0.9957997126119156,Python,39372,197,1.7,194.7014925,Data Science & AI/ML,small,6.052473839,0.199857868,7.197809719,Python,208928,102,3.1,205.9009009,Data Science & AI/ML,medium,0.9298657911,2.048313725,4.019164956,True
jupyterlab/jupyterlab,open-mmlab/mmdetection,WP-large,17,0.058823529411764705,0.17647058823529413,0.23529411764705882,0.11282163307898205,74.0,38.0,17,0.0,0.0,0.11764705882352941,0.028129569345166625,126.76470588235294,111.0,0.0,0.23529411764705882,0.7647058823529411,0.11764705882352941,0.6470588235294118,0.35294117647058826,52.76470588235294,45.0,0.9957997126119156,Python,39372,197,1.7,194.7014925,Data Science & AI/ML,small,6.052473839,0.199857868,7.197809719,Python,208928,102,3.1,205.9009009,Data Science & AI/ML,medium,0.9298657911,2.048313725,4.019164956,True
jupyterlab/jupyterlab,open-mmlab/mmdetection,WP-small,17,0.058823529411764705,0.11764705882352941,0.11764705882352941,0.08724992229495433,85.94117647058823,89.0,17,0.0,0.0,0.11764705882352941,0.028129569345166625,126.76470588235294,111.0,0.0,0.11764705882352941,0.8823529411764706,0.11764705882352941,0.6470588235294118,0.35294117647058826,40.8235294117647,56.0,0.9957997126119156,Python,39372,197,1.7,194.7014925,Data Science & AI/ML,small,6.052473839,0.199857868,7.197809719,Python,208928,102,3.1,205.9009009,Data Science & AI/ML,medium,0.9298657911,2.048313725,4.019164956,True
jupyterlab/jupyterlab,scipy/scipy,CP-cold-start,3,0.0,0.0,0.0,0.01849765100294886,121.33333333333333,62.0,3,0.0,0.0,0.0,0.006024220032840723,169.33333333333334,160.0,0.0,0.0,1.0,0.0,0.6666666666666666,0.3333333333333333,48.0,117.0,0.9975303098338572,Python,39372,197,1.7,194.7014925,Data Science & AI/ML,small,6.052473839,0.199857868,7.197809719,Python,438217,100,2.1,121.5247525,Data Science & AI/ML,large,0.9743026857,4.38217,10.60643395,True
jupyterlab/jupyterlab,scipy/scipy,CP-transfer,3,0.0,0.0,0.0,0.022938365014867748,51.0,61.0,3,0.0,0.0,0.0,0.006024220032840723,169.33333333333334,160.0,0.0,0.0,1.0,0.0,1.0,0.0,118.33333333333333,118.0,0.9975303098338572,Python,39372,197,1.7,194.7014925,Data Science & AI/ML,small,6.052473839,0.199857868,7.197809719,Python,438217,100,2.1,121.5247525,Data Science & AI/ML,large,0.9743026857,4.38217,10.60643395,True
jupyterlab/jupyterlab,scipy/scipy,WP-large,3,0.0,0.0,0.0,0.02082964588717005,48.666666666666664,52.0,3,0.0,0.0,0.0,0.006024220032840723,169.33333333333334,160.0,0.0,0.0,1.0,0.0,1.0,0.0,120.66666666666667,108.0,0.9975303098338572,Python,39372,197,1.7,194.7014925,Data Science & AI/ML,small,6.052473839,0.199857868,7.197809719,Python,438217,100,2.1,121.5247525,Data Science & AI/ML,large,0.9743026857,4.38217,10.60643395,True
jupyterlab/jupyterlab,scipy/scipy,WP-small,3,0.0,0.0,0.0,0.005569564885289621,215.0,266.0,3,0.0,0.0,0.0,0.006024220032840723,169.33333333333334,160.0,0.0,0.0,1.0,0.0,0.3333333333333333,0.6666666666666666,-45.666666666666664,-68.0,0.9975303098338572,Python,39372,197,1.7,194.7014925,Data Science & AI/ML,small,6.052473839,0.199857868,7.197809719,Python,438217,100,2.1,121.5247525,Data Science & AI/ML,large,0.9743026857,4.38217,10.60643395,True
jupyterlab/jupyterlab,sympy/sympy,CP-cold-start,34,0.0,0.0,0.0,0.005794262094124596,189.05882352941177,197.0,34,0.0,0.029411764705882353,0.029411764705882353,0.015076907816991565,146.08823529411765,143.5,0.0,0.0,1.0,0.029411764705882353,0.38235294117647056,0.6176470588235294,-42.970588235294116,-38.5,0.9946538600942372,Python,39372,197,1.7,194.7014925,Data Science & AI/ML,small,6.052473839,0.199857868,7.197809719,Python,696129,384,2.8,140.8497409,Data Science & AI/ML,large,0.9941677476,1.812835938,6.663928816,True
jupyterlab/jupyterlab,sympy/sympy,CP-transfer,34,0.0,0.08823529411764706,0.20588235294117646,0.05609905717642387,58.088235294117645,49.5,34,0.0,0.029411764705882353,0.029411764705882353,0.015076907816991565,146.08823529411765,143.5,0.0,0.20588235294117646,0.7941176470588235,0.029411764705882353,0.8235294117647058,0.17647058823529413,88.0,100.0,0.9946538600942372,Python,39372,197,1.7,194.7014925,Data Science & AI/ML,small,6.052473839,0.199857868,7.197809719,Python,696129,384,2.8,140.8497409,Data Science & AI/ML,large,0.9941677476,1.812835938,6.663928816,True
jupyterlab/jupyterlab,sympy/sympy,WP-large,34,0.029411764705882353,0.14705882352941177,0.29411764705882354,0.12117838671637117,46.205882352941174,21.0,34,0.0,0.029411764705882353,0.029411764705882353,0.015076907816991565,146.08823529411765,143.5,0.0,0.29411764705882354,0.7058823529411765,0.029411764705882353,0.8235294117647058,0.17647058823529413,99.88235294117646,122.0,0.9946538600942372,Python,39372,197,1.7,194.7014925,Data Science & AI/ML,small,6.052473839,0.199857868,7.197809719,Python,696129,384,2.8,140.8497409,Data Science & AI/ML,large,0.9941677476,1.812835938,6.663928816,True
jupyterlab/jupyterlab,sympy/sympy,WP-small,34,0.0,0.08823529411764706,0.23529411764705882,0.07716780962072259,61.05882352941177,34.5,34,0.0,0.029411764705882353,0.029411764705882353,0.015076907816991565,146.08823529411765,143.5,0.0,0.23529411764705882,0.7647058823529411,0.029411764705882353,0.7941176470588235,0.20588235294117646,85.02941176470588,116.0,0.9946538600942372,Python,39372,197,1.7,194.7014925,Data Science & AI/ML,small,6.052473839,0.199857868,7.197809719,Python,696129,384,2.8,140.8497409,Data Science & AI/ML,large,0.9941677476,1.812835938,6.663928816,True
lightning-ai/lightning,matplotlib/matplotlib,CP-cold-start,8,0.0,0.0,0.0,0.0037413450886814308,269.875,284.0,8,0.0,0.0,0.0,0.00880875947341312,180.875,183.0,0.0,0.0,1.0,0.0,0.25,0.75,-89.0,-78.0,0.9892420537897312,Python,51387,366,2.0,188.469496,Data Science & AI/ML,small,0.9637846148,0.1404016393,1.166324435,Python,248837,183,2.4,242.6847826,Data Science & AI/ML,medium,0.9866097084,1.359765027,4.364134155,True
lightning-ai/lightning,matplotlib/matplotlib,CP-transfer,8,0.0,0.375,0.625,0.1711374791144528,10.25,8.0,8,0.0,0.0,0.0,0.00880875947341312,180.875,183.0,0.0,0.625,0.375,0.0,1.0,0.0,170.625,171.0,0.9892420537897312,Python,51387,366,2.0,188.469496,Data Science & AI/ML,small,0.9637846148,0.1404016393,1.166324435,Python,248837,183,2.4,242.6847826,Data Science & AI/ML,medium,0.9866097084,1.359765027,4.364134155,True
lightning-ai/lightning,matplotlib/matplotlib,WP-large,8,0.0,0.5,0.625,0.2315848214285714,9.5,5.0,8,0.0,0.0,0.0,0.00880875947341312,180.875,183.0,0.0,0.625,0.375,0.0,1.0,0.0,171.375,172.0,0.9892420537897312,Python,51387,366,2.0,188.469496,Data Science & AI/ML,small,0.9637846148,0.1404016393,1.166324435,Python,248837,183,2.4,242.6847826,Data Science & AI/ML,medium,0.9866097084,1.359765027,4.364134155,True
lightning-ai/lightning,matplotlib/matplotlib,WP-small,8,0.125,0.375,0.375,0.2658085869482928,39.75,35.0,8,0.0,0.0,0.0,0.00880875947341312,180.875,183.0,0.0,0.375,0.625,0.0,0.75,0.25,141.125,147.5,0.9892420537897312,Python,51387,366,2.0,188.469496,Data Science & AI/ML,small,0.9637846148,0.1404016393,1.166324435,Python,248837,183,2.4,242.6847826,Data Science & AI/ML,medium,0.9866097084,1.359765027,4.364134155,True
lightning-ai/lightning,numpy/numpy,CP-cold-start,122,0.03278688524590164,0.040983606557377046,0.06557377049180328,0.04949337889147838,139.80327868852459,134.5,122,0.0,0.00819672131147541,0.04918032786885246,0.016412964518624146,166.81967213114754,174.5,0.0,0.06557377049180328,0.9344262295081968,0.04918032786885246,0.5819672131147541,0.4180327868852459,27.016393442622952,31.0,0.9902986205851144,Python,51387,366,2.0,188.469496,Data Science & AI/ML,small,0.9637846148,0.1404016393,1.166324435,Python,276548,789,3.6,161.5720384,Data Science & AI/ML,medium,1.19728944,0.350504436,12.54483231,True
lightning-ai/lightning,numpy/numpy,CP-transfer,122,0.04918032786885246,0.19672131147540983,0.3442622950819672,0.14171287490985543,34.47540983606557,18.0,122,0.0,0.00819672131147541,0.04918032786885246,0.016412964518624146,166.81967213114754,174.5,0.0,0.3442622950819672,0.6557377049180327,0.04918032786885246,0.9016393442622951,0.09836065573770492,132.34426229508196,139.5,0.9902986205851144,Python,51387,366,2.0,188.469496,Data Science & AI/ML,small,0.9637846148,0.1404016393,1.166324435,Python,276548,789,3.6,161.5720384,Data Science & AI/ML,medium,1.19728944,0.350504436,12.54483231,True
lightning-ai/lightning,numpy/numpy,WP-large,122,0.07377049180327869,0.2786885245901639,0.3442622950819672,0.17294637791443648,28.40983606557377,16.5,122,0.0,0.00819672131147541,0.04918032786885246,0.016412964518624146,166.81967213114754,174.5,0.0,0.3442622950819672,0.6557377049180327,0.04918032786885246,0.8934426229508197,0.10655737704918032,138.40983606557376,142.5,0.9902986205851144,Python,51387,366,2.0,188.469496,Data Science & AI/ML,small,0.9637846148,0.1404016393,1.166324435,Python,276548,789,3.6,161.5720384,Data Science & AI/ML,medium,1.19728944,0.350504436,12.54483231,True
lightning-ai/lightning,numpy/numpy,WP-small,122,0.07377049180327869,0.21311475409836064,0.32786885245901637,0.15948917249264602,33.90983606557377,16.5,122,0.0,0.00819672131147541,0.04918032786885246,0.016412964518624146,166.81967213114754,174.5,0.0,0.32786885245901637,0.6721311475409836,0.04918032786885246,0.8934426229508197,0.10655737704918032,132.90983606557376,137.5,0.9902986205851144,Python,51387,366,2.0,188.469496,Data Science & AI/ML,small,0.9637846148,0.1404016393,1.166324435,Python,276548,789,3.6,161.5720384,Data Science & AI/ML,medium,1.19728944,0.350504436,12.54483231,True
lightning-ai/lightning,scipy/scipy,CP-cold-start,3,0.0,0.0,0.0,0.02260490601563409,155.66666666666666,201.0,3,0.0,0.0,0.0,0.006024220032840723,169.33333333333334,160.0,0.0,0.0,1.0,0.0,0.6666666666666666,0.3333333333333333,13.666666666666666,2.0,0.990632318501171,Python,51387,366,2.0,188.469496,Data Science & AI/ML,small,0.9637846148,0.1404016393,1.166324435,Python,438217,100,2.1,121.5247525,Data Science & AI/ML,large,0.9743026857,4.38217,10.60643395,True
lightning-ai/lightning,scipy/scipy,CP-transfer,3,0.0,0.0,0.0,0.013282834350958825,109.66666666666667,82.0,3,0.0,0.0,0.0,0.006024220032840723,169.33333333333334,160.0,0.0,0.0,1.0,0.0,0.6666666666666666,0.0,59.666666666666664,78.0,0.990632318501171,Python,51387,366,2.0,188.469496,Data Science & AI/ML,small,0.9637846148,0.1404016393,1.166324435,Python,438217,100,2.1,121.5247525,Data Science & AI/ML,large,0.9743026857,4.38217,10.60643395,True
lightning-ai/lightning,scipy/scipy,WP-large,3,0.0,0.0,0.0,0.042002537692192865,41.666666666666664,56.0,3,0.0,0.0,0.0,0.006024220032840723,169.33333333333334,160.0,0.0,0.0,1.0,0.0,1.0,0.0,127.66666666666667,104.0,0.990632318501171,Python,51387,366,2.0,188.469496,Data Science & AI/ML,small,0.9637846148,0.1404016393,1.166324435,Python,438217,100,2.1,121.5247525,Data Science & AI/ML,large,0.9743026857,4.38217,10.60643395,True
lightning-ai/lightning,scipy/scipy,WP-small,3,0.0,0.0,0.0,0.0039430014430014435,257.0,240.0,3,0.0,0.0,0.0,0.006024220032840723,169.33333333333334,160.0,0.0,0.0,1.0,0.0,0.0,1.0,-87.66666666666667,-95.0,0.990632318501171,Python,51387,366,2.0,188.469496,Data Science & AI/ML,small,0.9637846148,0.1404016393,1.166324435,Python,438217,100,2.1,121.5247525,Data Science & AI/ML,large,0.9743026857,4.38217,10.60643395,True
lightning-ai/lightning,sympy/sympy,CP-cold-start,34,0.0,0.0,0.0,0.022443823744441472,84.44117647058823,76.0,34,0.0,0.029411764705882353,0.029411764705882353,0.015076907816991565,146.08823529411765,143.5,0.0,0.0,1.0,0.029411764705882353,0.7058823529411765,0.29411764705882354,61.64705882352941,79.5,0.9906204906204906,Python,51387,366,2.0,188.469496,Data Science & AI/ML,small,0.9637846148,0.1404016393,1.166324435,Python,696129,384,2.8,140.8497409,Data Science & AI/ML,large,0.9941677476,1.812835938,6.663928816,True
lightning-ai/lightning,sympy/sympy,CP-transfer,34,0.058823529411764705,0.14705882352941177,0.23529411764705882,0.1363749705889456,45.14705882352941,26.0,34,0.0,0.029411764705882353,0.029411764705882353,0.015076907816991565,146.08823529411765,143.5,0.0,0.23529411764705882,0.7647058823529411,0.029411764705882353,0.8235294117647058,0.17647058823529413,100.94117647058823,123.0,0.9906204906204906,Python,51387,366,2.0,188.469496,Data Science & AI/ML,small,0.9637846148,0.1404016393,1.166324435,Python,696129,384,2.8,140.8497409,Data Science & AI/ML,large,0.9941677476,1.812835938,6.663928816,True
lightning-ai/lightning,sympy/sympy,WP-large,34,0.0,0.08823529411764706,0.2647058823529412,0.07490323076353952,52.76470588235294,35.0,34,0.0,0.029411764705882353,0.029411764705882353,0.015076907816991565,146.08823529411765,143.5,0.0,0.2647058823529412,0.7352941176470589,0.029411764705882353,0.7941176470588235,0.20588235294117646,93.32352941176471,108.0,0.9906204906204906,Python,51387,366,2.0,188.469496,Data Science & AI/ML,small,0.9637846148,0.1404016393,1.166324435,Python,696129,384,2.8,140.8497409,Data Science & AI/ML,large,0.9941677476,1.812835938,6.663928816,True
lightning-ai/lightning,sympy/sympy,WP-small,34,0.0,0.0,0.0,0.006763481712303879,174.35294117647058,163.0,34,0.0,0.029411764705882353,0.029411764705882353,0.015076907816991565,146.08823529411765,143.5,0.0,0.0,1.0,0.029411764705882353,0.4117647058823529,0.5882352941176471,-28.264705882352942,-14.5,0.9906204906204906,Python,51387,366,2.0,188.469496,Data Science & AI/ML,small,0.9637846148,0.1404016393,1.166324435,Python,696129,384,2.8,140.8497409,Data Science & AI/ML,large,0.9941677476,1.812835938,6.663928816,True
matplotlib/matplotlib,google/jax,CP-cold-start,275,0.007272727272727273,0.04363636363636364,0.08,0.04173576552739842,84.68727272727273,78.0,275,0.0036363636363636364,0.025454545454545455,0.06909090909090909,0.032053118137424376,97.2909090909091,79.0,0.0,0.08,0.92,0.06909090909090909,0.5563636363636364,0.44,12.603636363636364,10.0,0.9945578231292516,Python,248837,183,2.4,242.6847826,Data Science & AI/ML,medium,0.9866097084,1.359765027,4.364134155,Python,72684,326,2.1,188.5365854,Data Science & AI/ML,small,0.9946618238,0.2229570552,1.527720739,True
matplotlib/matplotlib,google/jax,CP-transfer,275,0.08,0.2581818181818182,0.3781818181818182,0.1723999633497809,35.556363636363635,19.0,275,0.0036363636363636364,0.025454545454545455,0.06909090909090909,0.032053118137424376,97.2909090909091,79.0,0.0,0.3781818181818182,0.6218181818181818,0.06909090909090909,0.8218181818181818,0.16727272727272727,61.734545454545454,54.0,0.9945578231292516,Python,248837,183,2.4,242.6847826,Data Science & AI/ML,medium,0.9866097084,1.359765027,4.364134155,Python,72684,326,2.1,188.5365854,Data Science & AI/ML,small,0.9946618238,0.2229570552,1.527720739,True
matplotlib/matplotlib,google/jax,WP-large,275,0.11272727272727273,0.3381818181818182,0.4509090909090909,0.23166719918994855,29.414545454545454,13.0,275,0.0036363636363636364,0.025454545454545455,0.06909090909090909,0.032053118137424376,97.2909090909091,79.0,0.0,0.4509090909090909,0.5490909090909091,0.06909090909090909,0.850909090909091,0.14545454545454545,67.87636363636364,56.0,0.9945578231292516,Python,248837,183,2.4,242.6847826,Data Science & AI/ML,medium,0.9866097084,1.359765027,4.364134155,Python,72684,326,2.1,188.5365854,Data Science & AI/ML,small,0.9946618238,0.2229570552,1.527720739,True
matplotlib/matplotlib,google/jax,WP-small,275,0.05818181818181818,0.3236363636363636,0.4509090909090909,0.18648175935103367,29.578181818181818,13.0,275,0.0036363636363636364,0.025454545454545455,0.06909090909090909,0.032053118137424376,97.2909090909091,79.0,0.0,0.4509090909090909,0.5490909090909091,0.06909090909090909,0.8472727272727273,0.13818181818181818,67.71272727272728,55.0,0.9945578231292516,Python,248837,183,2.4,242.6847826,Data Science & AI/ML,medium,0.9866097084,1.359765027,4.364134155,Python,72684,326,2.1,188.5365854,Data Science & AI/ML,small,0.9946618238,0.2229570552,1.527720739,True
matplotlib/matplotlib,jupyterlab/jupyterlab,CP-cold-start,23,0.0,0.08695652173913043,0.13043478260869565,0.04543491609753949,132.3913043478261,144.0,23,0.0,0.0,0.08695652173913043,0.02168783467344532,142.91304347826087,116.0,0.0,0.13043478260869565,0.8695652173913043,0.08695652173913043,0.6086956521739131,0.391304347826087,10.521739130434783,33.0,0.9717178042162388,Python,248837,183,2.4,242.6847826,Data Science & AI/ML,medium,0.9866097084,1.359765027,4.364134155,Python,39372,197,1.7,194.7014925,Data Science & AI/ML,small,6.052473839,0.199857868,7.197809719,True
matplotlib/matplotlib,jupyterlab/jupyterlab,CP-transfer,23,0.43478260869565216,0.9565217391304348,1.0,0.6141821946169772,2.4782608695652173,2.0,23,0.0,0.0,0.08695652173913043,0.02168783467344532,142.91304347826087,116.0,0.0,1.0,0.0,0.08695652173913043,1.0,0.0,140.43478260869566,115.0,0.9717178042162388,Python,248837,183,2.4,242.6847826,Data Science & AI/ML,medium,0.9866097084,1.359765027,4.364134155,Python,39372,197,1.7,194.7014925,Data Science & AI/ML,small,6.052473839,0.199857868,7.197809719,True
matplotlib/matplotlib,jupyterlab/jupyterlab,WP-large,23,0.2608695652173913,1.0,1.0,0.5536231884057972,2.391304347826087,2.0,23,0.0,0.0,0.08695652173913043,0.02168783467344532,142.91304347826087,116.0,0.0,1.0,0.0,0.08695652173913043,1.0,0.0,140.52173913043478,114.0,0.9717178042162388,Python,248837,183,2.4,242.6847826,Data Science & AI/ML,medium,0.9866097084,1.359765027,4.364134155,Python,39372,197,1.7,194.7014925,Data Science & AI/ML,small,6.052473839,0.199857868,7.197809719,True
matplotlib/matplotlib,jupyterlab/jupyterlab,WP-small,23,0.21739130434782608,0.782608695652174,1.0,0.43780193236714976,3.782608695652174,3.0,23,0.0,0.0,0.08695652173913043,0.02168783467344532,142.91304347826087,116.0,0.0,1.0,0.0,0.08695652173913043,0.9565217391304348,0.0,139.1304347826087,112.0,0.9717178042162388,Python,248837,183,2.4,242.6847826,Data Science & AI/ML,medium,0.9866097084,1.359765027,4.364134155,Python,39372,197,1.7,194.7014925,Data Science & AI/ML,small,6.052473839,0.199857868,7.197809719,True
matplotlib/matplotlib,lightning-ai/lightning,CP-cold-start,212,0.0,0.0,0.009433962264150943,0.008725128277067151,164.3820754716981,169.5,212,0.0,0.0047169811320754715,0.014150943396226415,0.014441648889433684,125.97169811320755,121.0,0.0,0.009433962264150943,0.9905660377358491,0.014150943396226415,0.2783018867924528,0.7169811320754716,-38.410377358490564,-42.5,0.9892420537897312,Python,248837,183,2.4,242.6847826,Data Science & AI/ML,medium,0.9866097084,1.359765027,4.364134155,Python,51387,366,2.0,188.469496,Data Science & AI/ML,small,0.9637846148,0.1404016393,1.166324435,True
matplotlib/matplotlib,lightning-ai/lightning,CP-transfer,212,0.11320754716981132,0.2830188679245283,0.41509433962264153,0.20839084286111567,36.35849056603774,14.5,212,0.0,0.0047169811320754715,0.014150943396226415,0.014441648889433684,125.97169811320755,121.0,0.0,0.41509433962264153,0.5849056603773585,0.014150943396226415,0.839622641509434,0.15566037735849056,89.61320754716981,98.0,0.9892420537897312,Python,248837,183,2.4,242.6847826,Data Science & AI/ML,medium,0.9866097084,1.359765027,4.364134155,Python,51387,366,2.0,188.469496,Data Science & AI/ML,small,0.9637846148,0.1404016393,1.166324435,True
matplotlib/matplotlib,lightning-ai/lightning,WP-large,212,0.11320754716981132,0.30660377358490565,0.4669811320754717,0.21656354772326478,25.316037735849058,12.5,212,0.0,0.0047169811320754715,0.014150943396226415,0.014441648889433684,125.97169811320755,121.0,0.0,0.4669811320754717,0.5330188679245284,0.014150943396226415,0.9009433962264151,0.08962264150943396,100.65566037735849,101.0,0.9892420537897312,Python,248837,183,2.4,242.6847826,Data Science & AI/ML,medium,0.9866097084,1.359765027,4.364134155,Python,51387,366,2.0,188.469496,Data Science & AI/ML,small,0.9637846148,0.1404016393,1.166324435,True
matplotlib/matplotlib,lightning-ai/lightning,WP-small,212,0.10849056603773585,0.24528301886792453,0.3584905660377358,0.19802436836783835,43.306603773584904,20.0,212,0.0,0.0047169811320754715,0.014150943396226415,0.014441648889433684,125.97169811320755,121.0,0.0,0.3584905660377358,0.6415094339622641,0.014150943396226415,0.8679245283018868,0.12735849056603774,82.66509433962264,82.5,0.9892420537897312,Python,248837,183,2.4,242.6847826,Data Science & AI/ML,medium,0.9866097084,1.359765027,4.364134155,Python,51387,366,2.0,188.469496,Data Science & AI/ML,small,0.9637846148,0.1404016393,1.166324435,True
matplotlib/matplotlib,numpy/numpy,CP-cold-start,122,0.0,0.01639344262295082,0.06557377049180328,0.02673160800989662,107.55737704918033,91.0,122,0.0,0.00819672131147541,0.04918032786885246,0.016412964518624146,166.81967213114754,174.5,0.0,0.06557377049180328,0.9344262295081968,0.04918032786885246,0.6557377049180327,0.3442622950819672,59.26229508196721,67.5,0.978448275862069,Python,248837,183,2.4,242.6847826,Data Science & AI/ML,medium,0.9866097084,1.359765027,4.364134155,Python,276548,789,3.6,161.5720384,Data Science & AI/ML,medium,1.19728944,0.350504436,12.54483231,True
matplotlib/matplotlib,numpy/numpy,CP-transfer,122,0.040983606557377046,0.2459016393442623,0.36885245901639346,0.14723720090870487,29.852459016393443,20.0,122,0.0,0.00819672131147541,0.04918032786885246,0.016412964518624146,166.81967213114754,174.5,0.0,0.36885245901639346,0.6311475409836066,0.04918032786885246,0.9098360655737705,0.09016393442622951,136.9672131147541,142.0,0.978448275862069,Python,248837,183,2.4,242.6847826,Data Science & AI/ML,medium,0.9866097084,1.359765027,4.364134155,Python,276548,789,3.6,161.5720384,Data Science & AI/ML,medium,1.19728944,0.350504436,12.54483231,True
matplotlib/matplotlib,numpy/numpy,WP-large,122,0.06557377049180328,0.19672131147540983,0.36885245901639346,0.16269333084749313,33.65573770491803,17.5,122,0.0,0.00819672131147541,0.04918032786885246,0.016412964518624146,166.81967213114754,174.5,0.0,0.36885245901639346,0.6311475409836066,0.04918032786885246,0.8852459016393442,0.11475409836065574,133.1639344262295,144.0,0.978448275862069,Python,248837,183,2.4,242.6847826,Data Science & AI/ML,medium,0.9866097084,1.359765027,4.364134155,Python,276548,789,3.6,161.5720384,Data Science & AI/ML,medium,1.19728944,0.350504436,12.54483231,True
matplotlib/matplotlib,numpy/numpy,WP-small,122,0.04918032786885246,0.19672131147540983,0.32786885245901637,0.1409485488908093,33.0655737704918,19.5,122,0.0,0.00819672131147541,0.04918032786885246,0.016412964518624146,166.81967213114754,174.5,0.0,0.32786885245901637,0.6721311475409836,0.04918032786885246,0.8770491803278688,0.12295081967213115,133.75409836065575,144.5,0.978448275862069,Python,248837,183,2.4,242.6847826,Data Science & AI/ML,medium,0.9866097084,1.359765027,4.364134155,Python,276548,789,3.6,161.5720384,Data Science & AI/ML,medium,1.19728944,0.350504436,12.54483231,True
matplotlib/matplotlib,open-mmlab/mmdetection,CP-cold-start,17,0.058823529411764705,0.058823529411764705,0.11764705882352941,0.08371413450366158,95.23529411764706,58.0,17,0.0,0.0,0.11764705882352941,0.028129569345166625,126.76470588235294,111.0,0.0,0.11764705882352941,0.8823529411764706,0.11764705882352941,0.4117647058823529,0.5882352941176471,31.529411764705884,-14.0,0.9931902600082544,Python,248837,183,2.4,242.6847826,Data Science & AI/ML,medium,0.9866097084,1.359765027,4.364134155,Python,208928,102,3.1,205.9009009,Data Science & AI/ML,medium,0.9298657911,2.048313725,4.019164956,True
matplotlib/matplotlib,open-mmlab/mmdetection,CP-transfer,17,0.0,0.17647058823529413,0.23529411764705882,0.10032724505010754,72.94117647058823,36.0,17,0.0,0.0,0.11764705882352941,0.028129569345166625,126.76470588235294,111.0,0.0,0.23529411764705882,0.7647058823529411,0.11764705882352941,0.5882352941176471,0.4117647058823529,53.8235294117647,56.0,0.9931902600082544,Python,248837,183,2.4,242.6847826,Data Science & AI/ML,medium,0.9866097084,1.359765027,4.364134155,Python,208928,102,3.1,205.9009009,Data Science & AI/ML,medium,0.9298657911,2.048313725,4.019164956,True
matplotlib/matplotlib,open-mmlab/mmdetection,WP-large,17,0.0,0.11764705882352941,0.23529411764705882,0.07105262548297515,68.70588235294117,61.0,17,0.0,0.0,0.11764705882352941,0.028129569345166625,126.76470588235294,111.0,0.0,0.23529411764705882,0.7647058823529411,0.11764705882352941,0.5882352941176471,0.35294117647058826,58.05882352941177,68.0,0.9931902600082544,Python,248837,183,2.4,242.6847826,Data Science & AI/ML,medium,0.9866097084,1.359765027,4.364134155,Python,208928,102,3.1,205.9009009,Data Science & AI/ML,medium,0.9298657911,2.048313725,4.019164956,True
matplotlib/matplotlib,open-mmlab/mmdetection,WP-small,17,0.0,0.11764705882352941,0.17647058823529413,0.07236451924773561,80.52941176470588,91.0,17,0.0,0.0,0.11764705882352941,0.028129569345166625,126.76470588235294,111.0,0.0,0.17647058823529413,0.8235294117647058,0.11764705882352941,0.5882352941176471,0.4117647058823529,46.23529411764706,53.0,0.9931902600082544,Python,248837,183,2.4,242.6847826,Data Science & AI/ML,medium,0.9866097084,1.359765027,4.364134155,Python,208928,102,3.1,205.9009009,Data Science & AI/ML,medium,0.9298657911,2.048313725,4.019164956,True
matplotlib/matplotlib,prefecthq/prefect,CP-cold-start,116,0.0,0.0,0.0,0.008655570897377125,167.73275862068965,190.5,116,0.0,0.008620689655172414,0.05172413793103448,0.018836031179052595,129.20689655172413,112.0,0.0,0.0,1.0,0.05172413793103448,0.33620689655172414,0.646551724137931,-38.525862068965516,-35.5,0.9799462476741784,Python,248837,183,2.4,242.6847826,Data Science & AI/ML,medium,0.9866097084,1.359765027,4.364134155,Python,107073,404,1.7,133.6437346,Data Science & AI/ML,small,0.8501863215,0.2650321782,2.105407255,True
matplotlib/matplotlib,prefecthq/prefect,CP-transfer,116,0.04310344827586207,0.21551724137931033,0.33620689655172414,0.1370716289014313,26.25,20.0,116,0.0,0.008620689655172414,0.05172413793103448,0.018836031179052595,129.20689655172413,112.0,0.0,0.33620689655172414,0.6637931034482759,0.05172413793103448,0.9051724137931034,0.09482758620689655,102.95689655172414,92.5,0.9799462476741784,Python,248837,183,2.4,242.6847826,Data Science & AI/ML,medium,0.9866097084,1.359765027,4.364134155,Python,107073,404,1.7,133.6437346,Data Science & AI/ML,small,0.8501863215,0.2650321782,2.105407255,True
matplotlib/matplotlib,prefecthq/prefect,WP-large,116,0.11206896551724138,0.3448275862068966,0.5,0.22035477921708396,18.189655172413794,10.5,116,0.0,0.008620689655172414,0.05172413793103448,0.018836031179052595,129.20689655172413,112.0,0.0,0.5,0.5,0.05172413793103448,0.9655172413793104,0.02586206896551724,111.01724137931035,92.0,0.9799462476741784,Python,248837,183,2.4,242.6847826,Data Science & AI/ML,medium,0.9866097084,1.359765027,4.364134155,Python,107073,404,1.7,133.6437346,Data Science & AI/ML,small,0.8501863215,0.2650321782,2.105407255,True
matplotlib/matplotlib,prefecthq/prefect,WP-small,116,0.07758620689655173,0.2672413793103448,0.46551724137931033,0.18154309740452126,23.06896551724138,12.5,116,0.0,0.008620689655172414,0.05172413793103448,0.018836031179052595,129.20689655172413,112.0,0.0,0.46551724137931033,0.5344827586206896,0.05172413793103448,0.9137931034482759,0.08620689655172414,106.13793103448276,92.0,0.9799462476741784,Python,248837,183,2.4,242.6847826,Data Science & AI/ML,medium,0.9866097084,1.359765027,4.364134155,Python,107073,404,1.7,133.6437346,Data Science & AI/ML,small,0.8501863215,0.2650321782,2.105407255,True
matplotlib/matplotlib,pydata/xarray,CP-cold-start,37,0.0,0.0,0.0,0.0067271498957734615,197.6216216216216,213.0,37,0.0,0.0,0.0,0.016020974070061547,106.64864864864865,92.0,0.0,0.0,1.0,0.0,0.10810810810810811,0.8918918918918919,-90.97297297297297,-102.0,0.9806843267108168,Python,248837,183,2.4,242.6847826,Data Science & AI/ML,medium,0.9866097084,1.359765027,4.364134155,Python,142044,110,2.3,369.5363636,Data Science & AI/ML,small,0.9839556757,1.291309091,3.8275154,True
matplotlib/matplotlib,pydata/xarray,CP-transfer,37,0.05405405405405406,0.32432432432432434,0.5405405405405406,0.18276529719347587,22.756756756756758,10.0,37,0.0,0.0,0.0,0.016020974070061547,106.64864864864865,92.0,0.0,0.5405405405405406,0.4594594594594595,0.0,0.918918918918919,0.08108108108108109,83.89189189189189,79.0,0.9806843267108168,Python,248837,183,2.4,242.6847826,Data Science & AI/ML,medium,0.9866097084,1.359765027,4.364134155,Python,142044,110,2.3,369.5363636,Data Science & AI/ML,small,0.9839556757,1.291309091,3.8275154,True
matplotlib/matplotlib,pydata/xarray,WP-large,37,0.13513513513513514,0.32432432432432434,0.5675675675675675,0.24898239278855455,14.054054054054054,9.0,37,0.0,0.0,0.0,0.016020974070061547,106.64864864864865,92.0,0.0,0.5675675675675675,0.43243243243243246,0.0,0.972972972972973,0.02702702702702703,92.5945945945946,83.0,0.9806843267108168,Python,248837,183,2.4,242.6847826,Data Science & AI/ML,medium,0.9866097084,1.359765027,4.364134155,Python,142044,110,2.3,369.5363636,Data Science & AI/ML,small,0.9839556757,1.291309091,3.8275154,True
matplotlib/matplotlib,pydata/xarray,WP-small,37,0.05405405405405406,0.2702702702702703,0.40540540540540543,0.17894154968711923,19.18918918918919,16.0,37,0.0,0.0,0.0,0.016020974070061547,106.64864864864865,92.0,0.0,0.40540540540540543,0.5945945945945946,0.0,0.9459459459459459,0.05405405405405406,87.45945945945945,75.0,0.9806843267108168,Python,248837,183,2.4,242.6847826,Data Science & AI/ML,medium,0.9866097084,1.359765027,4.364134155,Python,142044,110,2.3,369.5363636,Data Science & AI/ML,small,0.9839556757,1.291309091,3.8275154,True
matplotlib/matplotlib,ray-project/ray,CP-cold-start,58,0.0,0.08620689655172414,0.13793103448275862,0.05091008617826467,77.37931034482759,65.0,58,0.0,0.0,0.0,0.010762054202663919,156.75862068965517,152.0,0.0,0.13793103448275862,0.8620689655172413,0.0,0.7931034482758621,0.20689655172413793,79.37931034482759,102.0,0.9890729238555326,Python,248837,183,2.4,242.6847826,Data Science & AI/ML,medium,0.9866097084,1.359765027,4.364134155,Python,244283,337,2.2,218.2953216,Data Science & AI/ML,medium,0.8700073276,0.7248753709,3.600273785,True
matplotlib/matplotlib,ray-project/ray,CP-transfer,58,0.017241379310344827,0.10344827586206896,0.20689655172413793,0.08084401941170301,39.741379310344826,34.5,58,0.0,0.0,0.0,0.010762054202663919,156.75862068965517,152.0,0.0,0.20689655172413793,0.7931034482758621,0.0,0.8793103448275862,0.1206896551724138,117.01724137931035,110.5,0.9890729238555326,Python,248837,183,2.4,242.6847826,Data Science & AI/ML,medium,0.9866097084,1.359765027,4.364134155,Python,244283,337,2.2,218.2953216,Data Science & AI/ML,medium,0.8700073276,0.7248753709,3.600273785,True
matplotlib/matplotlib,ray-project/ray,WP-large,58,0.08620689655172414,0.2413793103448276,0.27586206896551724,0.1812364199478487,28.982758620689655,22.5,58,0.0,0.0,0.0,0.010762054202663919,156.75862068965517,152.0,0.0,0.27586206896551724,0.7241379310344828,0.0,0.9310344827586207,0.06896551724137931,127.77586206896552,127.0,0.9890729238555326,Python,248837,183,2.4,242.6847826,Data Science & AI/ML,medium,0.9866097084,1.359765027,4.364134155,Python,244283,337,2.2,218.2953216,Data Science & AI/ML,medium,0.8700073276,0.7248753709,3.600273785,True
matplotlib/matplotlib,ray-project/ray,WP-small,58,0.017241379310344827,0.1896551724137931,0.2413793103448276,0.10238198663964208,49.51724137931034,39.0,58,0.0,0.0,0.0,0.010762054202663919,156.75862068965517,152.0,0.0,0.2413793103448276,0.7586206896551724,0.0,0.8620689655172413,0.13793103448275862,107.24137931034483,114.5,0.9890729238555326,Python,248837,183,2.4,242.6847826,Data Science & AI/ML,medium,0.9866097084,1.359765027,4.364134155,Python,244283,337,2.2,218.2953216,Data Science & AI/ML,medium,0.8700073276,0.7248753709,3.600273785,True
matplotlib/matplotlib,scikit-learn/scikit-learn,CP-cold-start,16,0.0,0.0,0.0,0.010096218741810152,169.9375,188.5,16,0.0,0.0,0.0,0.010448271428559516,156.1875,145.5,0.0,0.0,1.0,0.0,0.4375,0.5625,-13.75,-35.0,0.9759605911330048,Python,248837,183,2.4,242.6847826,Data Science & AI/ML,medium,0.9866097084,1.359765027,4.364134155,Python,376169,228,2.5,231.8122271,Data Science & AI/ML,medium,0.9894754751,1.649864035,5.483915127,True
matplotlib/matplotlib,scikit-learn/scikit-learn,CP-transfer,16,0.0,0.1875,0.5,0.13064955233105385,13.75,12.0,16,0.0,0.0,0.0,0.010448271428559516,156.1875,145.5,0.0,0.5,0.5,0.0,1.0,0.0,142.4375,124.0,0.9759605911330048,Python,248837,183,2.4,242.6847826,Data Science & AI/ML,medium,0.9866097084,1.359765027,4.364134155,Python,376169,228,2.5,231.8122271,Data Science & AI/ML,medium,0.9894754751,1.649864035,5.483915127,True
matplotlib/matplotlib,scikit-learn/scikit-learn,WP-large,16,0.0625,0.4375,0.5625,0.22398898387796412,11.5625,8.0,16,0.0,0.0,0.0,0.010448271428559516,156.1875,145.5,0.0,0.5625,0.4375,0.0,1.0,0.0,144.625,126.0,0.9759605911330048,Python,248837,183,2.4,242.6847826,Data Science & AI/ML,medium,0.9866097084,1.359765027,4.364134155,Python,376169,228,2.5,231.8122271,Data Science & AI/ML,medium,0.9894754751,1.649864035,5.483915127,True
matplotlib/matplotlib,scikit-learn/scikit-learn,WP-small,16,0.125,0.3125,0.3125,0.21543735545136158,35.125,29.5,16,0.0,0.0,0.0,0.010448271428559516,156.1875,145.5,0.0,0.3125,0.6875,0.0,0.875,0.125,121.0625,129.0,0.9759605911330048,Python,248837,183,2.4,242.6847826,Data Science & AI/ML,medium,0.9866097084,1.359765027,4.364134155,Python,376169,228,2.5,231.8122271,Data Science & AI/ML,medium,0.9894754751,1.649864035,5.483915127,True
matplotlib/matplotlib,scipy/scipy,CP-cold-start,3,0.0,0.0,0.0,0.006140303199126729,165.33333333333334,153.0,3,0.0,0.0,0.0,0.006024220032840723,169.33333333333334,160.0,0.0,0.0,1.0,0.0,0.6666666666666666,0.3333333333333333,4.0,7.0,0.9808795411089866,Python,248837,183,2.4,242.6847826,Data Science & AI/ML,medium,0.9866097084,1.359765027,4.364134155,Python,438217,100,2.1,121.5247525,Data Science & AI/ML,large,0.9743026857,4.38217,10.60643395,True
matplotlib/matplotlib,scipy/scipy,CP-transfer,3,0.0,0.0,0.0,0.018099109562524196,82.33333333333333,42.0,3,0.0,0.0,0.0,0.006024220032840723,169.33333333333334,160.0,0.0,0.0,1.0,0.0,1.0,0.0,87.0,103.0,0.9808795411089866,Python,248837,183,2.4,242.6847826,Data Science & AI/ML,medium,0.9866097084,1.359765027,4.364134155,Python,438217,100,2.1,121.5247525,Data Science & AI/ML,large,0.9743026857,4.38217,10.60643395,True
matplotlib/matplotlib,scipy/scipy,WP-large,3,0.0,0.0,0.0,0.025095244498229575,44.666666666666664,37.0,3,0.0,0.0,0.0,0.006024220032840723,169.33333333333334,160.0,0.0,0.0,1.0,0.0,1.0,0.0,124.66666666666667,123.0,0.9808795411089866,Python,248837,183,2.4,242.6847826,Data Science & AI/ML,medium,0.9866097084,1.359765027,4.364134155,Python,438217,100,2.1,121.5247525,Data Science & AI/ML,large,0.9743026857,4.38217,10.60643395,True
matplotlib/matplotlib,scipy/scipy,WP-small,3,0.0,0.0,0.0,0.003938860557313929,255.66666666666666,257.0,3,0.0,0.0,0.0,0.006024220032840723,169.33333333333334,160.0,0.0,0.0,1.0,0.0,0.0,1.0,-86.33333333333333,-112.0,0.9808795411089866,Python,248837,183,2.4,242.6847826,Data Science & AI/ML,medium,0.9866097084,1.359765027,4.364134155,Python,438217,100,2.1,121.5247525,Data Science & AI/ML,large,0.9743026857,4.38217,10.60643395,True
matplotlib/matplotlib,sympy/sympy,CP-cold-start,34,0.0,0.0,0.0,0.021756117134741196,96.38235294117646,83.0,34,0.0,0.029411764705882353,0.029411764705882353,0.015076907816991565,146.08823529411765,143.5,0.0,0.0,1.0,0.029411764705882353,0.7058823529411765,0.29411764705882354,49.705882352941174,56.0,0.9834674469641552,Python,248837,183,2.4,242.6847826,Data Science & AI/ML,medium,0.9866097084,1.359765027,4.364134155,Python,696129,384,2.8,140.8497409,Data Science & AI/ML,large,0.9941677476,1.812835938,6.663928816,True
matplotlib/matplotlib,sympy/sympy,CP-transfer,34,0.029411764705882353,0.11764705882352941,0.17647058823529413,0.09208038125951572,50.1764705882353,31.0,34,0.0,0.029411764705882353,0.029411764705882353,0.015076907816991565,146.08823529411765,143.5,0.0,0.17647058823529413,0.8235294117647058,0.029411764705882353,0.8529411764705882,0.14705882352941177,95.91176470588235,116.5,0.9834674469641552,Python,248837,183,2.4,242.6847826,Data Science & AI/ML,medium,0.9866097084,1.359765027,4.364134155,Python,696129,384,2.8,140.8497409,Data Science & AI/ML,large,0.9941677476,1.812835938,6.663928816,True
matplotlib/matplotlib,sympy/sympy,WP-large,34,0.029411764705882353,0.20588235294117646,0.35294117647058826,0.14603345930010994,41.029411764705884,16.0,34,0.0,0.029411764705882353,0.029411764705882353,0.015076907816991565,146.08823529411765,143.5,0.0,0.35294117647058826,0.6470588235294118,0.029411764705882353,0.8235294117647058,0.17647058823529413,105.05882352941177,126.5,0.9834674469641552,Python,248837,183,2.4,242.6847826,Data Science & AI/ML,medium,0.9866097084,1.359765027,4.364134155,Python,696129,384,2.8,140.8497409,Data Science & AI/ML,large,0.9941677476,1.812835938,6.663928816,True
matplotlib/matplotlib,sympy/sympy,WP-small,34,0.0,0.14705882352941177,0.2647058823529412,0.09000614594982155,49.64705882352941,28.5,34,0.0,0.029411764705882353,0.029411764705882353,0.015076907816991565,146.08823529411765,143.5,0.0,0.2647058823529412,0.7352941176470589,0.029411764705882353,0.8529411764705882,0.14705882352941177,96.44117647058823,120.5,0.9834674469641552,Python,248837,183,2.4,242.6847826,Data Science & AI/ML,medium,0.9866097084,1.359765027,4.364134155,Python,696129,384,2.8,140.8497409,Data Science & AI/ML,large,0.9941677476,1.812835938,6.663928816,True
numpy/numpy,google/jax,CP-cold-start,275,0.01090909090909091,0.06181818181818182,0.11636363636363636,0.05587718769315717,68.57454545454546,53.0,275,0.0036363636363636364,0.025454545454545455,0.06909090909090909,0.032053118137424376,97.2909090909091,79.0,0.0,0.11636363636363636,0.8836363636363637,0.06909090909090909,0.6945454545454546,0.3054545454545455,28.716363636363635,28.0,0.9926076070108502,Python,276548,789,3.6,161.5720384,Data Science & AI/ML,medium,1.19728944,0.350504436,12.54483231,Python,72684,326,2.1,188.5365854,Data Science & AI/ML,small,0.9946618238,0.2229570552,1.527720739,True
numpy/numpy,google/jax,CP-transfer,275,0.10909090909090909,0.32,0.4290909090909091,0.20573775563974364,31.89090909090909,16.0,275,0.0036363636363636364,0.025454545454545455,0.06909090909090909,0.032053118137424376,97.2909090909091,79.0,0.0,0.4290909090909091,0.5709090909090909,0.06909090909090909,0.8436363636363636,0.15272727272727274,65.4,56.0,0.9926076070108502,Python,276548,789,3.6,161.5720384,Data Science & AI/ML,medium,1.19728944,0.350504436,12.54483231,Python,72684,326,2.1,188.5365854,Data Science & AI/ML,small,0.9946618238,0.2229570552,1.527720739,True
numpy/numpy,google/jax,WP-large,275,0.11636363636363636,0.3054545454545455,0.4218181818181818,0.22849257414465537,26.952727272727273,15.0,275,0.0036363636363636364,0.025454545454545455,0.06909090909090909,0.032053118137424376,97.2909090909091,79.0,0.0,0.4218181818181818,0.5781818181818181,0.06909090909090909,0.8472727272727273,0.14909090909090908,70.33818181818182,58.0,0.9926076070108502,Python,276548,789,3.6,161.5720384,Data Science & AI/ML,medium,1.19728944,0.350504436,12.54483231,Python,72684,326,2.1,188.5365854,Data Science & AI/ML,small,0.9946618238,0.2229570552,1.527720739,True
numpy/numpy,google/jax,WP-small,275,0.05090909090909091,0.3054545454545455,0.41454545454545455,0.1799262895585676,29.36,14.0,275,0.0036363636363636364,0.025454545454545455,0.06909090909090909,0.032053118137424376,97.2909090909091,79.0,0.0,0.41454545454545455,0.5854545454545454,0.06909090909090909,0.8545454545454545,0.14545454545454545,67.9309090909091,56.0,0.9926076070108502,Python,276548,789,3.6,161.5720384,Data Science & AI/ML,medium,1.19728944,0.350504436,12.54483231,Python,72684,326,2.1,188.5365854,Data Science & AI/ML,small,0.9946618238,0.2229570552,1.527720739,True
numpy/numpy,jupyterlab/jupyterlab,CP-cold-start,23,0.13043478260869565,0.34782608695652173,0.5652173913043478,0.2584402500342051,19.434782608695652,9.0,23,0.0,0.0,0.08695652173913043,0.02168783467344532,142.91304347826087,116.0,0.0,0.5652173913043478,0.43478260869565216,0.08695652173913043,0.8260869565217391,0.17391304347826086,123.47826086956522,106.0,0.9941268922160642,Python,276548,789,3.6,161.5720384,Data Science & AI/ML,medium,1.19728944,0.350504436,12.54483231,Python,39372,197,1.7,194.7014925,Data Science & AI/ML,small,6.052473839,0.199857868,7.197809719,True
numpy/numpy,jupyterlab/jupyterlab,CP-transfer,23,0.4782608695652174,1.0,1.0,0.6659420289855073,2.130434782608696,2.0,23,0.0,0.0,0.08695652173913043,0.02168783467344532,142.91304347826087,116.0,0.0,1.0,0.0,0.08695652173913043,1.0,0.0,140.7826086956522,113.0,0.9941268922160642,Python,276548,789,3.6,161.5720384,Data Science & AI/ML,medium,1.19728944,0.350504436,12.54483231,Python,39372,197,1.7,194.7014925,Data Science & AI/ML,small,6.052473839,0.199857868,7.197809719,True
numpy/numpy,jupyterlab/jupyterlab,WP-large,23,0.5652173913043478,1.0,1.0,0.7239130434782608,1.9130434782608696,1.0,23,0.0,0.0,0.08695652173913043,0.02168783467344532,142.91304347826087,116.0,0.0,1.0,0.0,0.08695652173913043,1.0,0.0,141.0,114.0,0.9941268922160642,Python,276548,789,3.6,161.5720384,Data Science & AI/ML,medium,1.19728944,0.350504436,12.54483231,Python,39372,197,1.7,194.7014925,Data Science & AI/ML,small,6.052473839,0.199857868,7.197809719,True
numpy/numpy,jupyterlab/jupyterlab,WP-small,23,0.21739130434782608,0.8695652173913043,1.0,0.46381987577639744,3.217391304347826,3.0,23,0.0,0.0,0.08695652173913043,0.02168783467344532,142.91304347826087,116.0,0.0,1.0,0.0,0.08695652173913043,1.0,0.0,139.69565217391303,114.0,0.9941268922160642,Python,276548,789,3.6,161.5720384,Data Science & AI/ML,medium,1.19728944,0.350504436,12.54483231,Python,39372,197,1.7,194.7014925,Data Science & AI/ML,small,6.052473839,0.199857868,7.197809719,True
numpy/numpy,lightning-ai/lightning,CP-cold-start,212,0.0,0.0,0.0,0.00947152534807851,130.42924528301887,133.0,212,0.0,0.0047169811320754715,0.014150943396226415,0.014441648889433684,125.97169811320755,121.0,0.0,0.0,1.0,0.014150943396226415,0.47641509433962265,0.5141509433962265,-4.4575471698113205,-2.0,0.9902986205851144,Python,276548,789,3.6,161.5720384,Data Science & AI/ML,medium,1.19728944,0.350504436,12.54483231,Python,51387,366,2.0,188.469496,Data Science & AI/ML,small,0.9637846148,0.1404016393,1.166324435,True
numpy/numpy,lightning-ai/lightning,CP-transfer,212,0.09905660377358491,0.29245283018867924,0.41509433962264153,0.20395951611074684,28.85377358490566,15.0,212,0.0,0.0047169811320754715,0.014150943396226415,0.014441648889433684,125.97169811320755,121.0,0.0,0.41509433962264153,0.5849056603773585,0.014150943396226415,0.8679245283018868,0.1179245283018868,97.11792452830188,99.0,0.9902986205851144,Python,276548,789,3.6,161.5720384,Data Science & AI/ML,medium,1.19728944,0.350504436,12.54483231,Python,51387,366,2.0,188.469496,Data Science & AI/ML,small,0.9637846148,0.1404016393,1.166324435,True
numpy/numpy,lightning-ai/lightning,WP-large,212,0.11320754716981132,0.3113207547169811,0.44339622641509435,0.2196517312359883,21.462264150943398,13.0,212,0.0,0.0047169811320754715,0.014150943396226415,0.014441648889433684,125.97169811320755,121.0,0.0,0.44339622641509435,0.5566037735849056,0.014150943396226415,0.9481132075471698,0.05188679245283019,104.50943396226415,105.5,0.9902986205851144,Python,276548,789,3.6,161.5720384,Data Science & AI/ML,medium,1.19728944,0.350504436,12.54483231,Python,51387,366,2.0,188.469496,Data Science & AI/ML,small,0.9637846148,0.1404016393,1.166324435,True
numpy/numpy,lightning-ai/lightning,WP-small,212,0.09433962264150944,0.2830188679245283,0.4481132075471698,0.20856239744792987,30.66509433962264,12.0,212,0.0,0.0047169811320754715,0.014150943396226415,0.014441648889433684,125.97169811320755,121.0,0.0,0.4481132075471698,0.5518867924528302,0.014150943396226415,0.9009433962264151,0.09433962264150944,95.30660377358491,96.0,0.9902986205851144,Python,276548,789,3.6,161.5720384,Data Science & AI/ML,medium,1.19728944,0.350504436,12.54483231,Python,51387,366,2.0,188.469496,Data Science & AI/ML,small,0.9637846148,0.1404016393,1.166324435,True
numpy/numpy,matplotlib/matplotlib,CP-cold-start,8,0.0,0.0,0.0,0.003708667576091584,273.0,280.0,8,0.0,0.0,0.0,0.00880875947341312,180.875,183.0,0.0,0.0,1.0,0.0,0.25,0.75,-92.125,-94.5,0.978448275862069,Python,276548,789,3.6,161.5720384,Data Science & AI/ML,medium,1.19728944,0.350504436,12.54483231,Python,248837,183,2.4,242.6847826,Data Science & AI/ML,medium,0.9866097084,1.359765027,4.364134155,True
numpy/numpy,matplotlib/matplotlib,CP-transfer,8,0.125,0.25,0.375,0.20911454762557705,12.5,13.5,8,0.0,0.0,0.0,0.00880875947341312,180.875,183.0,0.0,0.375,0.625,0.0,1.0,0.0,168.375,172.0,0.978448275862069,Python,276548,789,3.6,161.5720384,Data Science & AI/ML,medium,1.19728944,0.350504436,12.54483231,Python,248837,183,2.4,242.6847826,Data Science & AI/ML,medium,0.9866097084,1.359765027,4.364134155,True
numpy/numpy,matplotlib/matplotlib,WP-large,8,0.0,0.5,0.75,0.1998876633986928,7.875,5.5,8,0.0,0.0,0.0,0.00880875947341312,180.875,183.0,0.0,0.75,0.25,0.0,1.0,0.0,173.0,171.5,0.978448275862069,Python,276548,789,3.6,161.5720384,Data Science & AI/ML,medium,1.19728944,0.350504436,12.54483231,Python,248837,183,2.4,242.6847826,Data Science & AI/ML,medium,0.9866097084,1.359765027,4.364134155,True
numpy/numpy,matplotlib/matplotlib,WP-small,8,0.125,0.25,0.5,0.2122603725426306,15.375,15.0,8,0.0,0.0,0.0,0.00880875947341312,180.875,183.0,0.0,0.5,0.5,0.0,1.0,0.0,165.5,169.0,0.978448275862069,Python,276548,789,3.6,161.5720384,Data Science & AI/ML,medium,1.19728944,0.350504436,12.54483231,Python,248837,183,2.4,242.6847826,Data Science & AI/ML,medium,0.9866097084,1.359765027,4.364134155,True
numpy/numpy,open-mmlab/mmdetection,CP-cold-start,17,0.058823529411764705,0.11764705882352941,0.17647058823529413,0.09823347770218735,102.0,109.0,17,0.0,0.0,0.11764705882352941,0.028129569345166625,126.76470588235294,111.0,0.0,0.17647058823529413,0.8235294117647058,0.11764705882352941,0.7058823529411765,0.29411764705882354,24.764705882352942,54.0,0.9927920576635388,Python,276548,789,3.6,161.5720384,Data Science & AI/ML,medium,1.19728944,0.350504436,12.54483231,Python,208928,102,3.1,205.9009009,Data Science & AI/ML,medium,0.9298657911,2.048313725,4.019164956,True
numpy/numpy,open-mmlab/mmdetection,CP-transfer,17,0.0,0.29411764705882354,0.35294117647058826,0.13808633212231342,56.1764705882353,32.0,17,0.0,0.0,0.11764705882352941,0.028129569345166625,126.76470588235294,111.0,0.0,0.35294117647058826,0.6470588235294118,0.11764705882352941,0.5882352941176471,0.4117647058823529,70.58823529411765,62.0,0.9927920576635388,Python,276548,789,3.6,161.5720384,Data Science & AI/ML,medium,1.19728944,0.350504436,12.54483231,Python,208928,102,3.1,205.9009009,Data Science & AI/ML,medium,0.9298657911,2.048313725,4.019164956,True
numpy/numpy,open-mmlab/mmdetection,WP-large,17,0.0,0.11764705882352941,0.11764705882352941,0.06896174572412024,64.76470588235294,45.0,17,0.0,0.0,0.11764705882352941,0.028129569345166625,126.76470588235294,111.0,0.0,0.11764705882352941,0.8823529411764706,0.11764705882352941,0.5882352941176471,0.4117647058823529,62.0,56.0,0.9927920576635388,Python,276548,789,3.6,161.5720384,Data Science & AI/ML,medium,1.19728944,0.350504436,12.54483231,Python,208928,102,3.1,205.9009009,Data Science & AI/ML,medium,0.9298657911,2.048313725,4.019164956,True
numpy/numpy,open-mmlab/mmdetection,WP-small,17,0.058823529411764705,0.058823529411764705,0.11764705882352941,0.07964764161443856,110.88235294117646,106.0,17,0.0,0.0,0.11764705882352941,0.028129569345166625,126.76470588235294,111.0,0.0,0.11764705882352941,0.8823529411764706,0.11764705882352941,0.5882352941176471,0.4117647058823529,15.882352941176471,38.0,0.9927920576635388,Python,276548,789,3.6,161.5720384,Data Science & AI/ML,medium,1.19728944,0.350504436,12.54483231,Python,208928,102,3.1,205.9009009,Data Science & AI/ML,medium,0.9298657911,2.048313725,4.019164956,True
numpy/numpy,prefecthq/prefect,CP-cold-start,116,0.008620689655172414,0.04310344827586207,0.09482758620689655,0.05048338084982641,56.189655172413794,51.0,116,0.0,0.008620689655172414,0.05172413793103448,0.018836031179052595,129.20689655172413,112.0,0.0,0.09482758620689655,0.9051724137931034,0.05172413793103448,0.8103448275862069,0.1810344827586207,73.01724137931035,59.0,0.9915588835942818,Python,276548,789,3.6,161.5720384,Data Science & AI/ML,medium,1.19728944,0.350504436,12.54483231,Python,107073,404,1.7,133.6437346,Data Science & AI/ML,small,0.8501863215,0.2650321782,2.105407255,True
numpy/numpy,prefecthq/prefect,CP-transfer,116,0.06896551724137931,0.23275862068965517,0.3620689655172414,0.17451675395912927,20.844827586206897,14.0,116,0.0,0.008620689655172414,0.05172413793103448,0.018836031179052595,129.20689655172413,112.0,0.0,0.3620689655172414,0.6379310344827587,0.05172413793103448,0.9396551724137931,0.0603448275862069,108.36206896551724,97.0,0.9915588835942818,Python,276548,789,3.6,161.5720384,Data Science & AI/ML,medium,1.19728944,0.350504436,12.54483231,Python,107073,404,1.7,133.6437346,Data Science & AI/ML,small,0.8501863215,0.2650321782,2.105407255,True
numpy/numpy,prefecthq/prefect,WP-large,116,0.06896551724137931,0.28448275862068967,0.4224137931034483,0.18077871258998243,21.81896551724138,13.5,116,0.0,0.008620689655172414,0.05172413793103448,0.018836031179052595,129.20689655172413,112.0,0.0,0.4224137931034483,0.5775862068965517,0.05172413793103448,0.9224137931034483,0.06896551724137931,107.38793103448276,94.5,0.9915588835942818,Python,276548,789,3.6,161.5720384,Data Science & AI/ML,medium,1.19728944,0.350504436,12.54483231,Python,107073,404,1.7,133.6437346,Data Science & AI/ML,small,0.8501863215,0.2650321782,2.105407255,True
numpy/numpy,prefecthq/prefect,WP-small,116,0.08620689655172414,0.25,0.43103448275862066,0.18147904385370914,20.75862068965517,14.5,116,0.0,0.008620689655172414,0.05172413793103448,0.018836031179052595,129.20689655172413,112.0,0.0,0.43103448275862066,0.5689655172413793,0.05172413793103448,0.9396551724137931,0.05172413793103448,108.44827586206897,94.0,0.9915588835942818,Python,276548,789,3.6,161.5720384,Data Science & AI/ML,medium,1.19728944,0.350504436,12.54483231,Python,107073,404,1.7,133.6437346,Data Science & AI/ML,small,0.8501863215,0.2650321782,2.105407255,True
numpy/numpy,pydata/xarray,CP-cold-start,37,0.0,0.02702702702702703,0.10810810810810811,0.04047010384484478,46.5945945945946,45.0,37,0.0,0.0,0.0,0.016020974070061547,106.64864864864865,92.0,0.0,0.10810810810810811,0.8918918918918919,0.0,0.8108108108108109,0.1891891891891892,60.054054054054056,46.0,0.9810797586038168,Python,276548,789,3.6,161.5720384,Data Science & AI/ML,medium,1.19728944,0.350504436,12.54483231,Python,142044,110,2.3,369.5363636,Data Science & AI/ML,small,0.9839556757,1.291309091,3.8275154,True
numpy/numpy,pydata/xarray,CP-transfer,37,0.08108108108108109,0.2702702702702703,0.43243243243243246,0.1793175577392519,27.37837837837838,19.0,37,0.0,0.0,0.0,0.016020974070061547,106.64864864864865,92.0,0.0,0.43243243243243246,0.5675675675675675,0.0,0.918918918918919,0.08108108108108109,79.27027027027027,77.0,0.9810797586038168,Python,276548,789,3.6,161.5720384,Data Science & AI/ML,medium,1.19728944,0.350504436,12.54483231,Python,142044,110,2.3,369.5363636,Data Science & AI/ML,small,0.9839556757,1.291309091,3.8275154,True
numpy/numpy,pydata/xarray,WP-large,37,0.08108108108108109,0.35135135135135137,0.5405405405405406,0.23798660299587468,13.64864864864865,8.0,37,0.0,0.0,0.0,0.016020974070061547,106.64864864864865,92.0,0.0,0.5405405405405406,0.4594594594594595,0.0,0.9459459459459459,0.05405405405405406,93.0,83.0,0.9810797586038168,Python,276548,789,3.6,161.5720384,Data Science & AI/ML,medium,1.19728944,0.350504436,12.54483231,Python,142044,110,2.3,369.5363636,Data Science & AI/ML,small,0.9839556757,1.291309091,3.8275154,True
numpy/numpy,pydata/xarray,WP-small,37,0.05405405405405406,0.32432432432432434,0.43243243243243246,0.1732370648882995,25.027027027027028,12.0,37,0.0,0.0,0.0,0.016020974070061547,106.64864864864865,92.0,0.0,0.43243243243243246,0.5675675675675675,0.0,0.8918918918918919,0.10810810810810811,81.62162162162163,66.0,0.9810797586038168,Python,276548,789,3.6,161.5720384,Data Science & AI/ML,medium,1.19728944,0.350504436,12.54483231,Python,142044,110,2.3,369.5363636,Data Science & AI/ML,small,0.9839556757,1.291309091,3.8275154,True
numpy/numpy,ray-project/ray,CP-cold-start,58,0.0,0.08620689655172414,0.13793103448275862,0.051906228482959144,63.241379310344826,40.5,58,0.0,0.0,0.0,0.010762054202663919,156.75862068965517,152.0,0.0,0.13793103448275862,0.8620689655172413,0.0,0.8448275862068966,0.15517241379310345,93.51724137931035,107.0,0.9892876272094268,Python,276548,789,3.6,161.5720384,Data Science & AI/ML,medium,1.19728944,0.350504436,12.54483231,Python,244283,337,2.2,218.2953216,Data Science & AI/ML,medium,0.8700073276,0.7248753709,3.600273785,True
numpy/numpy,ray-project/ray,CP-transfer,58,0.06896551724137931,0.2413793103448276,0.3448275862068966,0.17533382238336007,46.810344827586206,19.0,58,0.0,0.0,0.0,0.010762054202663919,156.75862068965517,152.0,0.0,0.3448275862068966,0.6551724137931034,0.0,0.8448275862068966,0.15517241379310345,109.94827586206897,126.0,0.9892876272094268,Python,276548,789,3.6,161.5720384,Data Science & AI/ML,medium,1.19728944,0.350504436,12.54483231,Python,244283,337,2.2,218.2953216,Data Science & AI/ML,medium,0.8700073276,0.7248753709,3.600273785,True
numpy/numpy,ray-project/ray,WP-large,58,0.017241379310344827,0.22413793103448276,0.3275862068965517,0.14760576895647337,27.120689655172413,19.0,58,0.0,0.0,0.0,0.010762054202663919,156.75862068965517,152.0,0.0,0.3275862068965517,0.6724137931034483,0.0,0.9310344827586207,0.06896551724137931,129.63793103448276,129.0,0.9892876272094268,Python,276548,789,3.6,161.5720384,Data Science & AI/ML,medium,1.19728944,0.350504436,12.54483231,Python,244283,337,2.2,218.2953216,Data Science & AI/ML,medium,0.8700073276,0.7248753709,3.600273785,True
numpy/numpy,ray-project/ray,WP-small,58,0.0,0.1206896551724138,0.20689655172413793,0.07490562295138567,44.46551724137931,33.0,58,0.0,0.0,0.0,0.010762054202663919,156.75862068965517,152.0,0.0,0.20689655172413793,0.7931034482758621,0.0,0.8793103448275862,0.10344827586206896,112.29310344827586,113.5,0.9892876272094268,Python,276548,789,3.6,161.5720384,Data Science & AI/ML,medium,1.19728944,0.350504436,12.54483231,Python,244283,337,2.2,218.2953216,Data Science & AI/ML,medium,0.8700073276,0.7248753709,3.600273785,True
numpy/numpy,scikit-learn/scikit-learn,CP-cold-start,16,0.0,0.1875,0.25,0.0755326134635439,45.3125,46.0,16,0.0,0.0,0.0,0.010448271428559516,156.1875,145.5,0.0,0.25,0.75,0.0,0.9375,0.0625,110.875,102.0,0.9762595621208124,Python,276548,789,3.6,161.5720384,Data Science & AI/ML,medium,1.19728944,0.350504436,12.54483231,Python,376169,228,2.5,231.8122271,Data Science & AI/ML,medium,0.9894754751,1.649864035,5.483915127,True
numpy/numpy,scikit-learn/scikit-learn,CP-transfer,16,0.125,0.1875,0.5625,0.19958152015077912,34.5625,9.5,16,0.0,0.0,0.0,0.010448271428559516,156.1875,145.5,0.0,0.5625,0.4375,0.0,0.875,0.125,121.625,127.5,0.9762595621208124,Python,276548,789,3.6,161.5720384,Data Science & AI/ML,medium,1.19728944,0.350504436,12.54483231,Python,376169,228,2.5,231.8122271,Data Science & AI/ML,medium,0.9894754751,1.649864035,5.483915127,True
numpy/numpy,scikit-learn/scikit-learn,WP-large,16,0.0625,0.375,0.625,0.23133255633255634,9.0625,8.5,16,0.0,0.0,0.0,0.010448271428559516,156.1875,145.5,0.0,0.625,0.375,0.0,1.0,0.0,147.125,128.0,0.9762595621208124,Python,276548,789,3.6,161.5720384,Data Science & AI/ML,medium,1.19728944,0.350504436,12.54483231,Python,376169,228,2.5,231.8122271,Data Science & AI/ML,medium,0.9894754751,1.649864035,5.483915127,True
numpy/numpy,scikit-learn/scikit-learn,WP-small,16,0.0625,0.25,0.5,0.16313042301493516,31.5625,10.0,16,0.0,0.0,0.0,0.010448271428559516,156.1875,145.5,0.0,0.5,0.5,0.0,0.875,0.125,124.625,118.5,0.9762595621208124,Python,276548,789,3.6,161.5720384,Data Science & AI/ML,medium,1.19728944,0.350504436,12.54483231,Python,376169,228,2.5,231.8122271,Data Science & AI/ML,medium,0.9894754751,1.649864035,5.483915127,True
numpy/numpy,scipy/scipy,CP-cold-start,3,0.0,0.0,0.0,0.005950650765172309,187.33333333333334,178.0,3,0.0,0.0,0.0,0.006024220032840723,169.33333333333334,160.0,0.0,0.0,1.0,0.0,0.3333333333333333,0.6666666666666666,-18.0,-18.0,0.9340171887995564,Python,276548,789,3.6,161.5720384,Data Science & AI/ML,medium,1.19728944,0.350504436,12.54483231,Python,438217,100,2.1,121.5247525,Data Science & AI/ML,large,0.9743026857,4.38217,10.60643395,True
numpy/numpy,scipy/scipy,CP-transfer,3,0.0,0.0,0.0,0.024068813131313132,65.33333333333333,44.0,3,0.0,0.0,0.0,0.006024220032840723,169.33333333333334,160.0,0.0,0.0,1.0,0.0,1.0,0.0,104.0,116.0,0.9340171887995564,Python,276548,789,3.6,161.5720384,Data Science & AI/ML,medium,1.19728944,0.350504436,12.54483231,Python,438217,100,2.1,121.5247525,Data Science & AI/ML,large,0.9743026857,4.38217,10.60643395,True
numpy/numpy,scipy/scipy,WP-large,3,0.0,0.0,0.0,0.02945001858045336,38.0,39.0,3,0.0,0.0,0.0,0.006024220032840723,169.33333333333334,160.0,0.0,0.0,1.0,0.0,1.0,0.0,131.33333333333334,108.0,0.9340171887995564,Python,276548,789,3.6,161.5720384,Data Science & AI/ML,medium,1.19728944,0.350504436,12.54483231,Python,438217,100,2.1,121.5247525,Data Science & AI/ML,large,0.9743026857,4.38217,10.60643395,True
numpy/numpy,scipy/scipy,WP-small,3,0.0,0.0,0.0,0.004153660392437264,249.33333333333334,267.0,3,0.0,0.0,0.0,0.006024220032840723,169.33333333333334,160.0,0.0,0.0,1.0,0.0,0.3333333333333333,0.6666666666666666,-80.0,-122.0,0.9340171887995564,Python,276548,789,3.6,161.5720384,Data Science & AI/ML,medium,1.19728944,0.350504436,12.54483231,Python,438217,100,2.1,121.5247525,Data Science & AI/ML,large,0.9743026857,4.38217,10.60643395,True
numpy/numpy,sympy/sympy,CP-cold-start,34,0.0,0.0,0.0,0.004816381289954075,217.94117647058823,220.5,34,0.0,0.029411764705882353,0.029411764705882353,0.015076907816991565,146.08823529411765,143.5,0.0,0.0,1.0,0.029411764705882353,0.20588235294117646,0.7941176470588235,-71.8529411764706,-68.5,0.9870477413830016,Python,276548,789,3.6,161.5720384,Data Science & AI/ML,medium,1.19728944,0.350504436,12.54483231,Python,696129,384,2.8,140.8497409,Data Science & AI/ML,large,0.9941677476,1.812835938,6.663928816,True
numpy/numpy,sympy/sympy,CP-transfer,34,0.058823529411764705,0.14705882352941177,0.23529411764705882,0.11970811359718242,52.8235294117647,25.5,34,0.0,0.029411764705882353,0.029411764705882353,0.015076907816991565,146.08823529411765,143.5,0.0,0.23529411764705882,0.7647058823529411,0.029411764705882353,0.8235294117647058,0.17647058823529413,93.26470588235294,120.5,0.9870477413830016,Python,276548,789,3.6,161.5720384,Data Science & AI/ML,medium,1.19728944,0.350504436,12.54483231,Python,696129,384,2.8,140.8497409,Data Science & AI/ML,large,0.9941677476,1.812835938,6.663928816,True
numpy/numpy,sympy/sympy,WP-large,34,0.029411764705882353,0.17647058823529413,0.35294117647058826,0.11841786001292766,41.44117647058823,29.0,34,0.0,0.029411764705882353,0.029411764705882353,0.015076907816991565,146.08823529411765,143.5,0.0,0.35294117647058826,0.6470588235294118,0.029411764705882353,0.8529411764705882,0.14705882352941177,104.6470588235294,118.0,0.9870477413830016,Python,276548,789,3.6,161.5720384,Data Science & AI/ML,medium,1.19728944,0.350504436,12.54483231,Python,696129,384,2.8,140.8497409,Data Science & AI/ML,large,0.9941677476,1.812835938,6.663928816,True
numpy/numpy,sympy/sympy,WP-small,34,0.11764705882352941,0.3235294117647059,0.35294117647058826,0.19479919432543286,45.0,23.5,34,0.0,0.029411764705882353,0.029411764705882353,0.015076907816991565,146.08823529411765,143.5,0.0,0.35294117647058826,0.6470588235294118,0.029411764705882353,0.7941176470588235,0.20588235294117646,101.08823529411765,123.5,0.9870477413830016,Python,276548,789,3.6,161.5720384,Data Science & AI/ML,medium,1.19728944,0.350504436,12.54483231,Python,696129,384,2.8,140.8497409,Data Science & AI/ML,large,0.9941677476,1.812835938,6.663928816,True
open-mmlab/mmdetection,google/jax,CP-cold-start,275,0.0,0.007272727272727273,0.007272727272727273,0.011725244249407667,145.39636363636365,129.0,275,0.0036363636363636364,0.025454545454545455,0.06909090909090909,0.032053118137424376,97.2909090909091,79.0,0.0,0.007272727272727273,0.9927272727272727,0.06909090909090909,0.23636363636363636,0.7563636363636363,-48.10545454545454,-45.0,0.995509822263798,Python,208928,102,3.1,205.9009009,Data Science & AI/ML,medium,0.9298657911,2.048313725,4.019164956,Python,72684,326,2.1,188.5365854,Data Science & AI/ML,small,0.9946618238,0.2229570552,1.527720739,True
open-mmlab/mmdetection,google/jax,CP-transfer,275,0.10909090909090909,0.2690909090909091,0.43272727272727274,0.20647250308334045,31.723636363636363,15.0,275,0.0036363636363636364,0.025454545454545455,0.06909090909090909,0.032053118137424376,97.2909090909091,79.0,0.0,0.43272727272727274,0.5672727272727273,0.06909090909090909,0.8472727272727273,0.14545454545454545,65.56727272727272,56.0,0.995509822263798,Python,208928,102,3.1,205.9009009,Data Science & AI/ML,medium,0.9298657911,2.048313725,4.019164956,Python,72684,326,2.1,188.5365854,Data Science & AI/ML,small,0.9946618238,0.2229570552,1.527720739,True
open-mmlab/mmdetection,google/jax,WP-large,275,0.11272727272727273,0.32,0.41454545454545455,0.21922234117986375,35.64363636363636,16.0,275,0.0036363636363636364,0.025454545454545455,0.06909090909090909,0.032053118137424376,97.2909090909091,79.0,0.0,0.41454545454545455,0.5854545454545454,0.06909090909090909,0.8072727272727273,0.18181818181818182,61.64727272727273,54.0,0.995509822263798,Python,208928,102,3.1,205.9009009,Data Science & AI/ML,medium,0.9298657911,2.048313725,4.019164956,Python,72684,326,2.1,188.5365854,Data Science & AI/ML,small,0.9946618238,0.2229570552,1.527720739,True
open-mmlab/mmdetection,google/jax,WP-small,275,0.08363636363636363,0.29454545454545455,0.4036363636363636,0.19345330460538324,29.61090909090909,15.0,275,0.0036363636363636364,0.025454545454545455,0.06909090909090909,0.032053118137424376,97.2909090909091,79.0,0.0,0.4036363636363636,0.5963636363636363,0.06909090909090909,0.84,0.15272727272727274,67.68,54.0,0.995509822263798,Python,208928,102,3.1,205.9009009,Data Science & AI/ML,medium,0.9298657911,2.048313725,4.019164956,Python,72684,326,2.1,188.5365854,Data Science & AI/ML,small,0.9946618238,0.2229570552,1.527720739,True
open-mmlab/mmdetection,jupyterlab/jupyterlab,CP-cold-start,23,0.0,0.0,0.08695652173913043,0.026501046058754366,96.65217391304348,89.0,23,0.0,0.0,0.08695652173913043,0.02168783467344532,142.91304347826087,116.0,0.0,0.08695652173913043,0.9130434782608695,0.08695652173913043,0.5652173913043478,0.391304347826087,46.26086956521739,30.0,0.9957997126119156,Python,208928,102,3.1,205.9009009,Data Science & AI/ML,medium,0.9298657911,2.048313725,4.019164956,Python,39372,197,1.7,194.7014925,Data Science & AI/ML,small,6.052473839,0.199857868,7.197809719,True
open-mmlab/mmdetection,jupyterlab/jupyterlab,CP-transfer,23,0.391304347826087,0.9130434782608695,1.0,0.592391304347826,2.5652173913043477,2.0,23,0.0,0.0,0.08695652173913043,0.02168783467344532,142.91304347826087,116.0,0.0,1.0,0.0,0.08695652173913043,0.9565217391304348,0.0,140.34782608695653,115.0,0.9957997126119156,Python,208928,102,3.1,205.9009009,Data Science & AI/ML,medium,0.9298657911,2.048313725,4.019164956,Python,39372,197,1.7,194.7014925,Data Science & AI/ML,small,6.052473839,0.199857868,7.197809719,True
open-mmlab/mmdetection,jupyterlab/jupyterlab,WP-large,23,0.43478260869565216,0.9130434782608695,1.0,0.6479468599033816,2.391304347826087,2.0,23,0.0,0.0,0.08695652173913043,0.02168783467344532,142.91304347826087,116.0,0.0,1.0,0.0,0.08695652173913043,1.0,0.0,140.52173913043478,113.0,0.9957997126119156,Python,208928,102,3.1,205.9009009,Data Science & AI/ML,medium,0.9298657911,2.048313725,4.019164956,Python,39372,197,1.7,194.7014925,Data Science & AI/ML,small,6.052473839,0.199857868,7.197809719,True
open-mmlab/mmdetection,jupyterlab/jupyterlab,WP-small,23,0.34782608695652173,0.8695652173913043,1.0,0.5381642512077294,3.217391304347826,2.0,23,0.0,0.0,0.08695652173913043,0.02168783467344532,142.91304347826087,116.0,0.0,1.0,0.0,0.08695652173913043,0.9565217391304348,0.0,139.69565217391303,114.0,0.9957997126119156,Python,208928,102,3.1,205.9009009,Data Science & AI/ML,medium,0.9298657911,2.048313725,4.019164956,Python,39372,197,1.7,194.7014925,Data Science & AI/ML,small,6.052473839,0.199857868,7.197809719,True
open-mmlab/mmdetection,matplotlib/matplotlib,CP-cold-start,8,0.0,0.125,0.125,0.05744923595416215,52.75,52.5,8,0.0,0.0,0.0,0.00880875947341312,180.875,183.0,0.0,0.125,0.875,0.0,0.75,0.25,128.125,153.5,0.9931902600082544,Python,208928,102,3.1,205.9009009,Data Science & AI/ML,medium,0.9298657911,2.048313725,4.019164956,Python,248837,183,2.4,242.6847826,Data Science & AI/ML,medium,0.9866097084,1.359765027,4.364134155,True
open-mmlab/mmdetection,matplotlib/matplotlib,CP-transfer,8,0.0,0.125,0.625,0.15324038706391646,10.0,9.5,8,0.0,0.0,0.0,0.00880875947341312,180.875,183.0,0.0,0.625,0.375,0.0,1.0,0.0,170.875,171.0,0.9931902600082544,Python,208928,102,3.1,205.9009009,Data Science & AI/ML,medium,0.9298657911,2.048313725,4.019164956,Python,248837,183,2.4,242.6847826,Data Science & AI/ML,medium,0.9866097084,1.359765027,4.364134155,True
open-mmlab/mmdetection,matplotlib/matplotlib,WP-large,8,0.0,0.0,0.5,0.10293311403508772,15.0,9.5,8,0.0,0.0,0.0,0.00880875947341312,180.875,183.0,0.0,0.5,0.5,0.0,1.0,0.0,165.875,168.0,0.9931902600082544,Python,208928,102,3.1,205.9009009,Data Science & AI/ML,medium,0.9298657911,2.048313725,4.019164956,Python,248837,183,2.4,242.6847826,Data Science & AI/ML,medium,0.9866097084,1.359765027,4.364134155,True
open-mmlab/mmdetection,matplotlib/matplotlib,WP-small,8,0.125,0.375,0.5,0.24888305518977025,14.5,11.5,8,0.0,0.0,0.0,0.00880875947341312,180.875,183.0,0.0,0.5,0.5,0.0,1.0,0.0,166.375,171.5,0.9931902600082544,Python,208928,102,3.1,205.9009009,Data Science & AI/ML,medium,0.9298657911,2.048313725,4.019164956,Python,248837,183,2.4,242.6847826,Data Science & AI/ML,medium,0.9866097084,1.359765027,4.364134155,True
open-mmlab/mmdetection,numpy/numpy,CP-cold-start,122,0.0,0.0,0.0,0.00685976351976953,210.2704918032787,240.0,122,0.0,0.00819672131147541,0.04918032786885246,0.016412964518624146,166.81967213114754,174.5,0.0,0.0,1.0,0.04918032786885246,0.30327868852459017,0.6885245901639344,-43.450819672131146,-47.5,0.9927920576635388,Python,208928,102,3.1,205.9009009,Data Science & AI/ML,medium,0.9298657911,2.048313725,4.019164956,Python,276548,789,3.6,161.5720384,Data Science & AI/ML,medium,1.19728944,0.350504436,12.54483231,True
open-mmlab/mmdetection,numpy/numpy,CP-transfer,122,0.06557377049180328,0.22950819672131148,0.3770491803278688,0.1592976063541684,30.565573770491802,19.0,122,0.0,0.00819672131147541,0.04918032786885246,0.016412964518624146,166.81967213114754,174.5,0.0,0.3770491803278688,0.6229508196721312,0.04918032786885246,0.9016393442622951,0.09836065573770492,136.25409836065575,144.0,0.9927920576635388,Python,208928,102,3.1,205.9009009,Data Science & AI/ML,medium,0.9298657911,2.048313725,4.019164956,Python,276548,789,3.6,161.5720384,Data Science & AI/ML,medium,1.19728944,0.350504436,12.54483231,True
open-mmlab/mmdetection,numpy/numpy,WP-large,122,0.08196721311475409,0.22950819672131148,0.319672131147541,0.17404948121513383,29.491803278688526,18.0,122,0.0,0.00819672131147541,0.04918032786885246,0.016412964518624146,166.81967213114754,174.5,0.0,0.319672131147541,0.680327868852459,0.04918032786885246,0.9016393442622951,0.09836065573770492,137.327868852459,144.0,0.9927920576635388,Python,208928,102,3.1,205.9009009,Data Science & AI/ML,medium,0.9298657911,2.048313725,4.019164956,Python,276548,789,3.6,161.5720384,Data Science & AI/ML,medium,1.19728944,0.350504436,12.54483231,True
open-mmlab/mmdetection,numpy/numpy,WP-small,122,0.03278688524590164,0.1885245901639344,0.29508196721311475,0.12711603296565896,38.09836065573771,19.5,122,0.0,0.00819672131147541,0.04918032786885246,0.016412964518624146,166.81967213114754,174.5,0.0,0.29508196721311475,0.7049180327868853,0.04918032786885246,0.8852459016393442,0.11475409836065574,128.72131147540983,139.0,0.9927920576635388,Python,208928,102,3.1,205.9009009,Data Science & AI/ML,medium,0.9298657911,2.048313725,4.019164956,Python,276548,789,3.6,161.5720384,Data Science & AI/ML,medium,1.19728944,0.350504436,12.54483231,True
open-mmlab/mmdetection,ray-project/ray,CP-cold-start,58,0.0,0.0,0.0,0.01160317534166552,168.08620689655172,190.5,58,0.0,0.0,0.0,0.010762054202663919,156.75862068965517,152.0,0.0,0.0,1.0,0.0,0.41379310344827586,0.5862068965517241,-11.327586206896552,-29.0,0.9910539215686276,Python,208928,102,3.1,205.9009009,Data Science & AI/ML,medium,0.9298657911,2.048313725,4.019164956,Python,244283,337,2.2,218.2953216,Data Science & AI/ML,medium,0.8700073276,0.7248753709,3.600273785,True
open-mmlab/mmdetection,ray-project/ray,CP-transfer,58,0.034482758620689655,0.27586206896551724,0.3448275862068966,0.1389343117661789,32.275862068965516,23.0,58,0.0,0.0,0.0,0.010762054202663919,156.75862068965517,152.0,0.0,0.3448275862068966,0.6551724137931034,0.0,0.9310344827586207,0.06896551724137931,124.48275862068965,128.0,0.9910539215686276,Python,208928,102,3.1,205.9009009,Data Science & AI/ML,medium,0.9298657911,2.048313725,4.019164956,Python,244283,337,2.2,218.2953216,Data Science & AI/ML,medium,0.8700073276,0.7248753709,3.600273785,True
open-mmlab/mmdetection,ray-project/ray,WP-large,58,0.05172413793103448,0.20689655172413793,0.29310344827586204,0.13925900145630588,27.620689655172413,24.5,58,0.0,0.0,0.0,0.010762054202663919,156.75862068965517,152.0,0.0,0.29310344827586204,0.7068965517241379,0.0,0.9482758620689655,0.05172413793103448,129.13793103448276,126.5,0.9910539215686276,Python,208928,102,3.1,205.9009009,Data Science & AI/ML,medium,0.9298657911,2.048313725,4.019164956,Python,244283,337,2.2,218.2953216,Data Science & AI/ML,medium,0.8700073276,0.7248753709,3.600273785,True
open-mmlab/mmdetection,ray-project/ray,WP-small,58,0.034482758620689655,0.034482758620689655,0.05172413793103448,0.04777957173261713,110.82758620689656,111.5,58,0.0,0.0,0.0,0.010762054202663919,156.75862068965517,152.0,0.0,0.05172413793103448,0.9482758620689655,0.0,0.6551724137931034,0.3448275862068966,45.93103448275862,38.5,0.9910539215686276,Python,208928,102,3.1,205.9009009,Data Science & AI/ML,medium,0.9298657911,2.048313725,4.019164956,Python,244283,337,2.2,218.2953216,Data Science & AI/ML,medium,0.8700073276,0.7248753709,3.600273785,True
open-mmlab/mmdetection,scikit-learn/scikit-learn,CP-cold-start,16,0.0,0.0,0.0,0.014515227175908658,94.0,97.0,16,0.0,0.0,0.0,0.010448271428559516,156.1875,145.5,0.0,0.0,1.0,0.0,0.75,0.25,62.1875,96.5,0.9933920704845814,Python,208928,102,3.1,205.9009009,Data Science & AI/ML,medium,0.9298657911,2.048313725,4.019164956,Python,376169,228,2.5,231.8122271,Data Science & AI/ML,medium,0.9894754751,1.649864035,5.483915127,True
open-mmlab/mmdetection,scikit-learn/scikit-learn,CP-transfer,16,0.0,0.3125,0.5,0.16775847756016693,15.125,9.0,16,0.0,0.0,0.0,0.010448271428559516,156.1875,145.5,0.0,0.5,0.5,0.0,1.0,0.0,141.0625,124.5,0.9933920704845814,Python,208928,102,3.1,205.9009009,Data Science & AI/ML,medium,0.9298657911,2.048313725,4.019164956,Python,376169,228,2.5,231.8122271,Data Science & AI/ML,medium,0.9894754751,1.649864035,5.483915127,True
open-mmlab/mmdetection,scikit-learn/scikit-learn,WP-large,16,0.0,0.375,0.5625,0.19782221249217585,14.6875,7.0,16,0.0,0.0,0.0,0.010448271428559516,156.1875,145.5,0.0,0.5625,0.4375,0.0,1.0,0.0,141.5,124.5,0.9933920704845814,Python,208928,102,3.1,205.9009009,Data Science & AI/ML,medium,0.9298657911,2.048313725,4.019164956,Python,376169,228,2.5,231.8122271,Data Science & AI/ML,medium,0.9894754751,1.649864035,5.483915127,True
open-mmlab/mmdetection,scikit-learn/scikit-learn,WP-small,16,0.0,0.125,0.3125,0.08693424140193716,24.8125,18.5,16,0.0,0.0,0.0,0.010448271428559516,156.1875,145.5,0.0,0.3125,0.6875,0.0,0.875,0.125,131.375,123.0,0.9933920704845814,Python,208928,102,3.1,205.9009009,Data Science & AI/ML,medium,0.9298657911,2.048313725,4.019164956,Python,376169,228,2.5,231.8122271,Data Science & AI/ML,medium,0.9894754751,1.649864035,5.483915127,True
open-mmlab/mmdetection,scipy/scipy,CP-cold-start,3,0.0,0.0,0.0,0.014059343434343433,125.0,150.0,3,0.0,0.0,0.0,0.006024220032840723,169.33333333333334,160.0,0.0,0.0,1.0,0.0,0.6666666666666666,0.3333333333333333,44.333333333333336,53.0,0.9956855225311602,Python,208928,102,3.1,205.9009009,Data Science & AI/ML,medium,0.9298657911,2.048313725,4.019164956,Python,438217,100,2.1,121.5247525,Data Science & AI/ML,large,0.9743026857,4.38217,10.60643395,True
open-mmlab/mmdetection,scipy/scipy,CP-transfer,3,0.0,0.0,0.0,0.013061749114254508,131.66666666666666,97.0,3,0.0,0.0,0.0,0.006024220032840723,169.33333333333334,160.0,0.0,0.0,1.0,0.0,0.6666666666666666,0.3333333333333333,37.666666666666664,63.0,0.9956855225311602,Python,208928,102,3.1,205.9009009,Data Science & AI/ML,medium,0.9298657911,2.048313725,4.019164956,Python,438217,100,2.1,121.5247525,Data Science & AI/ML,large,0.9743026857,4.38217,10.60643395,True
open-mmlab/mmdetection,scipy/scipy,WP-large,3,0.0,0.0,0.0,0.015329473204616586,67.33333333333333,67.0,3,0.0,0.0,0.0,0.006024220032840723,169.33333333333334,160.0,0.0,0.0,1.0,0.0,1.0,0.0,102.0,93.0,0.9956855225311602,Python,208928,102,3.1,205.9009009,Data Science & AI/ML,medium,0.9298657911,2.048313725,4.019164956,Python,438217,100,2.1,121.5247525,Data Science & AI/ML,large,0.9743026857,4.38217,10.60643395,True
open-mmlab/mmdetection,scipy/scipy,WP-small,3,0.0,0.0,0.0,0.004192753674081475,245.0,241.0,3,0.0,0.0,0.0,0.006024220032840723,169.33333333333334,160.0,0.0,0.0,1.0,0.0,0.3333333333333333,0.6666666666666666,-75.66666666666667,-96.0,0.9956855225311602,Python,208928,102,3.1,205.9009009,Data Science & AI/ML,medium,0.9298657911,2.048313725,4.019164956,Python,438217,100,2.1,121.5247525,Data Science & AI/ML,large,0.9743026857,4.38217,10.60643395,True
open-mmlab/mmdetection,sympy/sympy,CP-cold-start,34,0.0,0.0,0.0,0.005110593368648001,219.38235294117646,236.5,34,0.0,0.029411764705882353,0.029411764705882353,0.015076907816991565,146.08823529411765,143.5,0.0,0.0,1.0,0.029411764705882353,0.3235294117647059,0.6764705882352942,-73.29411764705883,-76.0,0.9963492063492064,Python,208928,102,3.1,205.9009009,Data Science & AI/ML,medium,0.9298657911,2.048313725,4.019164956,Python,696129,384,2.8,140.8497409,Data Science & AI/ML,large,0.9941677476,1.812835938,6.663928816,True
open-mmlab/mmdetection,sympy/sympy,CP-transfer,34,0.058823529411764705,0.08823529411764706,0.38235294117647056,0.12470183330774376,43.26470588235294,33.0,34,0.0,0.029411764705882353,0.029411764705882353,0.015076907816991565,146.08823529411765,143.5,0.0,0.38235294117647056,0.6176470588235294,0.029411764705882353,0.7941176470588235,0.20588235294117646,102.82352941176471,125.0,0.9963492063492064,Python,208928,102,3.1,205.9009009,Data Science & AI/ML,medium,0.9298657911,2.048313725,4.019164956,Python,696129,384,2.8,140.8497409,Data Science & AI/ML,large,0.9941677476,1.812835938,6.663928816,True
open-mmlab/mmdetection,sympy/sympy,WP-large,34,0.058823529411764705,0.20588235294117646,0.23529411764705882,0.14856927569131986,46.029411764705884,32.5,34,0.0,0.029411764705882353,0.029411764705882353,0.015076907816991565,146.08823529411765,143.5,0.0,0.23529411764705882,0.7647058823529411,0.029411764705882353,0.8235294117647058,0.17647058823529413,100.05882352941177,110.0,0.9963492063492064,Python,208928,102,3.1,205.9009009,Data Science & AI/ML,medium,0.9298657911,2.048313725,4.019164956,Python,696129,384,2.8,140.8497409,Data Science & AI/ML,large,0.9941677476,1.812835938,6.663928816,True
open-mmlab/mmdetection,sympy/sympy,WP-small,34,0.0,0.11764705882352941,0.29411764705882354,0.09183988266601145,44.411764705882355,19.5,34,0.0,0.029411764705882353,0.029411764705882353,0.015076907816991565,146.08823529411765,143.5,0.0,0.29411764705882354,0.7058823529411765,0.029411764705882353,0.7941176470588235,0.20588235294117646,101.67647058823529,130.5,0.9963492063492064,Python,208928,102,3.1,205.9009009,Data Science & AI/ML,medium,0.9298657911,2.048313725,4.019164956,Python,696129,384,2.8,140.8497409,Data Science & AI/ML,large,0.9941677476,1.812835938,6.663928816,True
prefecthq/prefect,matplotlib/matplotlib,CP-cold-start,8,0.0,0.0,0.0,0.0035366948636860168,283.25,287.0,8,0.0,0.0,0.0,0.00880875947341312,180.875,183.0,0.0,0.0,1.0,0.0,0.25,0.75,-102.375,-103.0,0.9799462476741784,Python,107073,404,1.7,133.6437346,Data Science & AI/ML,small,0.8501863215,0.2650321782,2.105407255,Python,248837,183,2.4,242.6847826,Data Science & AI/ML,medium,0.9866097084,1.359765027,4.364134155,True
prefecthq/prefect,matplotlib/matplotlib,CP-transfer,8,0.0,0.375,0.375,0.14999021693936948,24.625,16.0,8,0.0,0.0,0.0,0.00880875947341312,180.875,183.0,0.0,0.375,0.625,0.0,0.875,0.125,156.25,149.5,0.9799462476741784,Python,107073,404,1.7,133.6437346,Data Science & AI/ML,small,0.8501863215,0.2650321782,2.105407255,Python,248837,183,2.4,242.6847826,Data Science & AI/ML,medium,0.9866097084,1.359765027,4.364134155,True
prefecthq/prefect,matplotlib/matplotlib,WP-large,8,0.0,0.5,0.875,0.2167279411764706,6.875,5.5,8,0.0,0.0,0.0,0.00880875947341312,180.875,183.0,0.0,0.875,0.125,0.0,1.0,0.0,174.0,170.5,0.9799462476741784,Python,107073,404,1.7,133.6437346,Data Science & AI/ML,small,0.8501863215,0.2650321782,2.105407255,Python,248837,183,2.4,242.6847826,Data Science & AI/ML,medium,0.9866097084,1.359765027,4.364134155,True
prefecthq/prefect,matplotlib/matplotlib,WP-small,8,0.0,0.25,0.375,0.11079733983374325,46.75,50.0,8,0.0,0.0,0.0,0.00880875947341312,180.875,183.0,0.0,0.375,0.625,0.0,0.75,0.25,134.125,143.0,0.9799462476741784,Python,107073,404,1.7,133.6437346,Data Science & AI/ML,small,0.8501863215,0.2650321782,2.105407255,Python,248837,183,2.4,242.6847826,Data Science & AI/ML,medium,0.9866097084,1.359765027,4.364134155,True
prefecthq/prefect,numpy/numpy,CP-cold-start,122,0.0,0.02459016393442623,0.05737704918032787,0.03386580514384248,71.84426229508196,54.0,122,0.0,0.00819672131147541,0.04918032786885246,0.016412964518624146,166.81967213114754,174.5,0.0,0.05737704918032787,0.9426229508196722,0.04918032786885246,0.8114754098360656,0.1885245901639344,94.97540983606558,113.0,0.9915588835942818,Python,107073,404,1.7,133.6437346,Data Science & AI/ML,small,0.8501863215,0.2650321782,2.105407255,Python,276548,789,3.6,161.5720384,Data Science & AI/ML,medium,1.19728944,0.350504436,12.54483231,True
prefecthq/prefect,numpy/numpy,CP-transfer,122,0.09836065573770492,0.22131147540983606,0.3442622950819672,0.18522642495488778,27.581967213114755,19.0,122,0.0,0.00819672131147541,0.04918032786885246,0.016412964518624146,166.81967213114754,174.5,0.0,0.3442622950819672,0.6557377049180327,0.04918032786885246,0.9180327868852459,0.08196721311475409,139.2377049180328,143.5,0.9915588835942818,Python,107073,404,1.7,133.6437346,Data Science & AI/ML,small,0.8501863215,0.2650321782,2.105407255,Python,276548,789,3.6,161.5720384,Data Science & AI/ML,medium,1.19728944,0.350504436,12.54483231,True
prefecthq/prefect,numpy/numpy,WP-large,122,0.11475409836065574,0.2459016393442623,0.38524590163934425,0.21464122567686011,22.401639344262296,16.0,122,0.0,0.00819672131147541,0.04918032786885246,0.016412964518624146,166.81967213114754,174.5,0.0,0.38524590163934425,0.6147540983606558,0.04918032786885246,0.9262295081967213,0.07377049180327869,144.41803278688525,152.5,0.9915588835942818,Python,107073,404,1.7,133.6437346,Data Science & AI/ML,small,0.8501863215,0.2650321782,2.105407255,Python,276548,789,3.6,161.5720384,Data Science & AI/ML,medium,1.19728944,0.350504436,12.54483231,True
prefecthq/prefect,numpy/numpy,WP-small,122,0.06557377049180328,0.20491803278688525,0.3524590163934426,0.15168878482510179,32.778688524590166,20.0,122,0.0,0.00819672131147541,0.04918032786885246,0.016412964518624146,166.81967213114754,174.5,0.0,0.3524590163934426,0.6475409836065574,0.04918032786885246,0.8852459016393442,0.10655737704918032,134.04098360655738,141.0,0.9915588835942818,Python,107073,404,1.7,133.6437346,Data Science & AI/ML,small,0.8501863215,0.2650321782,2.105407255,Python,276548,789,3.6,161.5720384,Data Science & AI/ML,medium,1.19728944,0.350504436,12.54483231,True
prefecthq/prefect,scipy/scipy,CP-cold-start,3,0.0,0.0,0.0,0.0098909386239703,147.33333333333334,169.0,3,0.0,0.0,0.0,0.006024220032840723,169.33333333333334,160.0,0.0,0.0,1.0,0.0,0.6666666666666666,0.3333333333333333,22.0,34.0,0.9956772334293948,Python,107073,404,1.7,133.6437346,Data Science & AI/ML,small,0.8501863215,0.2650321782,2.105407255,Python,438217,100,2.1,121.5247525,Data Science & AI/ML,large,0.9743026857,4.38217,10.60643395,True
prefecthq/prefect,scipy/scipy,CP-transfer,3,0.0,0.0,0.0,0.01809640522875817,86.0,68.0,3,0.0,0.0,0.0,0.006024220032840723,169.33333333333334,160.0,0.0,0.0,1.0,0.0,1.0,0.0,83.33333333333333,92.0,0.9956772334293948,Python,107073,404,1.7,133.6437346,Data Science & AI/ML,small,0.8501863215,0.2650321782,2.105407255,Python,438217,100,2.1,121.5247525,Data Science & AI/ML,large,0.9743026857,4.38217,10.60643395,True
prefecthq/prefect,scipy/scipy,WP-large,3,0.0,0.0,0.0,0.03536235006823242,62.666666666666664,85.0,3,0.0,0.0,0.0,0.006024220032840723,169.33333333333334,160.0,0.0,0.0,1.0,0.0,1.0,0.0,106.66666666666667,69.0,0.9956772334293948,Python,107073,404,1.7,133.6437346,Data Science & AI/ML,small,0.8501863215,0.2650321782,2.105407255,Python,438217,100,2.1,121.5247525,Data Science & AI/ML,large,0.9743026857,4.38217,10.60643395,True
prefecthq/prefect,scipy/scipy,WP-small,3,0.0,0.0,0.0,0.0038282419933209897,261.3333333333333,259.0,3,0.0,0.0,0.0,0.006024220032840723,169.33333333333334,160.0,0.0,0.0,1.0,0.0,0.0,1.0,-92.0,-99.0,0.9956772334293948,Python,107073,404,1.7,133.6437346,Data Science & AI/ML,small,0.8501863215,0.2650321782,2.105407255,Python,438217,100,2.1,121.5247525,Data Science & AI/ML,large,0.9743026857,4.38217,10.60643395,True
prefecthq/prefect,sympy/sympy,CP-cold-start,34,0.0,0.0,0.029411764705882353,0.02358292837581456,77.02941176470588,65.5,34,0.0,0.029411764705882353,0.029411764705882353,0.015076907816991565,146.08823529411765,143.5,0.0,0.029411764705882353,0.9705882352941176,0.029411764705882353,0.7058823529411765,0.29411764705882354,69.05882352941177,83.0,0.993006993006993,Python,107073,404,1.7,133.6437346,Data Science & AI/ML,small,0.8501863215,0.2650321782,2.105407255,Python,696129,384,2.8,140.8497409,Data Science & AI/ML,large,0.9941677476,1.812835938,6.663928816,True
prefecthq/prefect,sympy/sympy,CP-transfer,34,0.058823529411764705,0.17647058823529413,0.23529411764705882,0.13891226393604864,49.588235294117645,24.0,34,0.0,0.029411764705882353,0.029411764705882353,0.015076907816991565,146.08823529411765,143.5,0.0,0.23529411764705882,0.7647058823529411,0.029411764705882353,0.8235294117647058,0.17647058823529413,96.5,126.0,0.993006993006993,Python,107073,404,1.7,133.6437346,Data Science & AI/ML,small,0.8501863215,0.2650321782,2.105407255,Python,696129,384,2.8,140.8497409,Data Science & AI/ML,large,0.9941677476,1.812835938,6.663928816,True
prefecthq/prefect,sympy/sympy,WP-large,34,0.029411764705882353,0.23529411764705882,0.3235294117647059,0.1396486130648051,39.5,18.5,34,0.0,0.029411764705882353,0.029411764705882353,0.015076907816991565,146.08823529411765,143.5,0.0,0.3235294117647059,0.6764705882352942,0.029411764705882353,0.8235294117647058,0.17647058823529413,106.58823529411765,120.5,0.993006993006993,Python,107073,404,1.7,133.6437346,Data Science & AI/ML,small,0.8501863215,0.2650321782,2.105407255,Python,696129,384,2.8,140.8497409,Data Science & AI/ML,large,0.9941677476,1.812835938,6.663928816,True
prefecthq/prefect,sympy/sympy,WP-small,34,0.0,0.08823529411764706,0.23529411764705882,0.06725551310968497,53.970588235294116,31.5,34,0.0,0.029411764705882353,0.029411764705882353,0.015076907816991565,146.08823529411765,143.5,0.0,0.23529411764705882,0.7647058823529411,0.029411764705882353,0.7941176470588235,0.20588235294117646,92.11764705882354,120.5,0.993006993006993,Python,107073,404,1.7,133.6437346,Data Science & AI/ML,small,0.8501863215,0.2650321782,2.105407255,Python,696129,384,2.8,140.8497409,Data Science & AI/ML,large,0.9941677476,1.812835938,6.663928816,True
pydata/xarray,matplotlib/matplotlib,CP-cold-start,8,0.125,0.25,0.25,0.17697370056745057,110.0,123.0,8,0.0,0.0,0.0,0.00880875947341312,180.875,183.0,0.0,0.25,0.75,0.0,0.75,0.25,70.875,71.5,0.9806843267108168,Python,142044,110,2.3,369.5363636,Data Science & AI/ML,small,0.9839556757,1.291309091,3.8275154,Python,248837,183,2.4,242.6847826,Data Science & AI/ML,medium,0.9866097084,1.359765027,4.364134155,True
pydata/xarray,matplotlib/matplotlib,CP-transfer,8,0.125,0.375,0.75,0.29229323308270677,8.25,7.0,8,0.0,0.0,0.0,0.00880875947341312,180.875,183.0,0.0,0.75,0.25,0.0,1.0,0.0,172.625,173.0,0.9806843267108168,Python,142044,110,2.3,369.5363636,Data Science & AI/ML,small,0.9839556757,1.291309091,3.8275154,Python,248837,183,2.4,242.6847826,Data Science & AI/ML,medium,0.9866097084,1.359765027,4.364134155,True
pydata/xarray,matplotlib/matplotlib,WP-large,8,0.0,0.5,0.625,0.16421130952380952,8.625,6.5,8,0.0,0.0,0.0,0.00880875947341312,180.875,183.0,0.0,0.625,0.375,0.0,1.0,0.0,172.25,173.5,0.9806843267108168,Python,142044,110,2.3,369.5363636,Data Science & AI/ML,small,0.9839556757,1.291309091,3.8275154,Python,248837,183,2.4,242.6847826,Data Science & AI/ML,medium,0.9866097084,1.359765027,4.364134155,True
pydata/xarray,matplotlib/matplotlib,WP-small,8,0.25,0.25,0.375,0.2788023282778341,36.375,24.0,8,0.0,0.0,0.0,0.00880875947341312,180.875,183.0,0.0,0.375,0.625,0.0,0.875,0.125,144.5,144.5,0.9806843267108168,Python,142044,110,2.3,369.5363636,Data Science & AI/ML,small,0.9839556757,1.291309091,3.8275154,Python,248837,183,2.4,242.6847826,Data Science & AI/ML,medium,0.9866097084,1.359765027,4.364134155,True
pydata/xarray,numpy/numpy,CP-cold-start,122,0.0,0.0,0.00819672131147541,0.01171640479708537,169.5327868852459,180.0,122,0.0,0.00819672131147541,0.04918032786885246,0.016412964518624146,166.81967213114754,174.5,0.0,0.00819672131147541,0.9918032786885246,0.04918032786885246,0.48360655737704916,0.5081967213114754,-2.7131147540983607,-4.0,0.9810797586038168,Python,142044,110,2.3,369.5363636,Data Science & AI/ML,small,0.9839556757,1.291309091,3.8275154,Python,276548,789,3.6,161.5720384,Data Science & AI/ML,medium,1.19728944,0.350504436,12.54483231,True
pydata/xarray,numpy/numpy,CP-transfer,122,0.04918032786885246,0.1557377049180328,0.32786885245901637,0.12915806792711748,33.442622950819676,17.0,122,0.0,0.00819672131147541,0.04918032786885246,0.016412964518624146,166.81967213114754,174.5,0.0,0.32786885245901637,0.6721311475409836,0.04918032786885246,0.8934426229508197,0.10655737704918032,133.37704918032787,133.5,0.9810797586038168,Python,142044,110,2.3,369.5363636,Data Science & AI/ML,small,0.9839556757,1.291309091,3.8275154,Python,276548,789,3.6,161.5720384,Data Science & AI/ML,medium,1.19728944,0.350504436,12.54483231,True
pydata/xarray,numpy/numpy,WP-large,122,0.05737704918032787,0.22950819672131148,0.3360655737704918,0.16193821806843905,26.172131147540984,18.5,122,0.0,0.00819672131147541,0.04918032786885246,0.016412964518624146,166.81967213114754,174.5,0.0,0.3360655737704918,0.6639344262295082,0.04918032786885246,0.9180327868852459,0.07377049180327869,140.64754098360655,144.0,0.9810797586038168,Python,142044,110,2.3,369.5363636,Data Science & AI/ML,small,0.9839556757,1.291309091,3.8275154,Python,276548,789,3.6,161.5720384,Data Science & AI/ML,medium,1.19728944,0.350504436,12.54483231,True
pydata/xarray,numpy/numpy,WP-small,122,0.06557377049180328,0.20491803278688525,0.36065573770491804,0.15637520437574737,31.21311475409836,17.0,122,0.0,0.00819672131147541,0.04918032786885246,0.016412964518624146,166.81967213114754,174.5,0.0,0.36065573770491804,0.639344262295082,0.04918032786885246,0.8852459016393442,0.11475409836065574,135.60655737704917,141.0,0.9810797586038168,Python,142044,110,2.3,369.5363636,Data Science & AI/ML,small,0.9839556757,1.291309091,3.8275154,Python,276548,789,3.6,161.5720384,Data Science & AI/ML,medium,1.19728944,0.350504436,12.54483231,True
pydata/xarray,scipy/scipy,CP-cold-start,3,0.0,0.0,0.0,0.025067005798052728,134.33333333333334,110.0,3,0.0,0.0,0.0,0.006024220032840723,169.33333333333334,160.0,0.0,0.0,1.0,0.0,0.6666666666666666,0.3333333333333333,35.0,93.0,0.988135593220339,Python,142044,110,2.3,369.5363636,Data Science & AI/ML,small,0.9839556757,1.291309091,3.8275154,Python,438217,100,2.1,121.5247525,Data Science & AI/ML,large,0.9743026857,4.38217,10.60643395,True
pydata/xarray,scipy/scipy,CP-transfer,3,0.0,0.0,0.0,0.02231638418079096,46.666666666666664,45.0,3,0.0,0.0,0.0,0.006024220032840723,169.33333333333334,160.0,0.0,0.0,1.0,0.0,1.0,0.0,122.66666666666667,115.0,0.988135593220339,Python,142044,110,2.3,369.5363636,Data Science & AI/ML,small,0.9839556757,1.291309091,3.8275154,Python,438217,100,2.1,121.5247525,Data Science & AI/ML,large,0.9743026857,4.38217,10.60643395,True
pydata/xarray,scipy/scipy,WP-large,3,0.0,0.0,0.0,0.04271058016702616,34.0,41.0,3,0.0,0.0,0.0,0.006024220032840723,169.33333333333334,160.0,0.0,0.0,1.0,0.0,1.0,0.0,135.33333333333334,119.0,0.988135593220339,Python,142044,110,2.3,369.5363636,Data Science & AI/ML,small,0.9839556757,1.291309091,3.8275154,Python,438217,100,2.1,121.5247525,Data Science & AI/ML,large,0.9743026857,4.38217,10.60643395,True
pydata/xarray,scipy/scipy,WP-small,3,0.0,0.0,0.0,0.004205994132499222,243.66666666666666,245.0,3,0.0,0.0,0.0,0.006024220032840723,169.33333333333334,160.0,0.0,0.0,1.0,0.0,0.3333333333333333,0.6666666666666666,-74.33333333333333,-100.0,0.988135593220339,Python,142044,110,2.3,369.5363636,Data Science & AI/ML,small,0.9839556757,1.291309091,3.8275154,Python,438217,100,2.1,121.5247525,Data Science & AI/ML,large,0.9743026857,4.38217,10.60643395,True
pydata/xarray,sympy/sympy,CP-cold-start,34,0.0,0.0,0.0,0.008551132897132246,180.64705882352942,206.5,34,0.0,0.029411764705882353,0.029411764705882353,0.015076907816991565,146.08823529411765,143.5,0.0,0.0,1.0,0.029411764705882353,0.3235294117647059,0.6764705882352942,-34.55882352941177,-48.0,0.9942890901929894,Python,142044,110,2.3,369.5363636,Data Science & AI/ML,small,0.9839556757,1.291309091,3.8275154,Python,696129,384,2.8,140.8497409,Data Science & AI/ML,large,0.9941677476,1.812835938,6.663928816,True
pydata/xarray,sympy/sympy,CP-transfer,34,0.0,0.08823529411764706,0.11764705882352941,0.07412139389323363,49.61764705882353,23.5,34,0.0,0.029411764705882353,0.029411764705882353,0.015076907816991565,146.08823529411765,143.5,0.0,0.11764705882352941,0.8823529411764706,0.029411764705882353,0.8529411764705882,0.14705882352941177,96.47058823529412,115.5,0.9942890901929894,Python,142044,110,2.3,369.5363636,Data Science & AI/ML,small,0.9839556757,1.291309091,3.8275154,Python,696129,384,2.8,140.8497409,Data Science & AI/ML,large,0.9941677476,1.812835938,6.663928816,True
pydata/xarray,sympy/sympy,WP-large,34,0.058823529411764705,0.23529411764705882,0.4117647058823529,0.15663777647349209,44.3235294117647,17.5,34,0.0,0.029411764705882353,0.029411764705882353,0.015076907816991565,146.08823529411765,143.5,0.0,0.4117647058823529,0.5882352941176471,0.029411764705882353,0.7352941176470589,0.2647058823529412,101.76470588235294,124.5,0.9942890901929894,Python,142044,110,2.3,369.5363636,Data Science & AI/ML,small,0.9839556757,1.291309091,3.8275154,Python,696129,384,2.8,140.8497409,Data Science & AI/ML,large,0.9941677476,1.812835938,6.663928816,True
pydata/xarray,sympy/sympy,WP-small,34,0.058823529411764705,0.20588235294117646,0.35294117647058826,0.14333983424665406,44.88235294117647,19.5,34,0.0,0.029411764705882353,0.029411764705882353,0.015076907816991565,146.08823529411765,143.5,0.0,0.35294117647058826,0.6470588235294118,0.029411764705882353,0.8235294117647058,0.17647058823529413,101.20588235294117,129.0,0.9942890901929894,Python,142044,110,2.3,369.5363636,Data Science & AI/ML,small,0.9839556757,1.291309091,3.8275154,Python,696129,384,2.8,140.8497409,Data Science & AI/ML,large,0.9941677476,1.812835938,6.663928816,True
ray-project/ray,google/jax,CP-cold-start,275,0.0,0.0036363636363636364,0.02181818181818182,0.0180343947939862,93.66909090909091,83.0,275,0.0036363636363636364,0.025454545454545455,0.06909090909090909,0.03205311813742437,97.2909090909091,79.0,0.0,0.02181818181818182,0.9781818181818182,0.06909090909090909,0.5490909090909091,0.44363636363636366,3.6218181818181816,7.0,0.9911899064607352,Python,244283,337,2.2,218.2953216,Data Science & AI/ML,medium,0.8700073276,0.7248753709,3.600273785,Python,72684,326,2.1,188.5365854,Data Science & AI/ML,small,0.9946618238,0.2229570552,1.527720739,True
ray-project/ray,google/jax,CP-transfer,275,0.05454545454545454,0.23636363636363636,0.4254545454545455,0.1566578905929248,31.112727272727273,14.0,275,0.0036363636363636364,0.025454545454545455,0.06909090909090909,0.03205311813742437,97.2909090909091,79.0,0.0,0.4254545454545455,0.5745454545454546,0.06909090909090909,0.8436363636363636,0.14181818181818182,66.17818181818181,55.0,0.9911899064607352,Python,244283,337,2.2,218.2953216,Data Science & AI/ML,medium,0.8700073276,0.7248753709,3.600273785,Python,72684,326,2.1,188.5365854,Data Science & AI/ML,small,0.9946618238,0.2229570552,1.527720739,True
ray-project/ray,google/jax,WP-large,275,0.11272727272727273,0.3381818181818182,0.4581818181818182,0.23400523793707056,25.73818181818182,12.0,275,0.0036363636363636364,0.025454545454545455,0.06909090909090909,0.03205311813742437,97.2909090909091,79.0,0.0,0.4581818181818182,0.5418181818181819,0.06909090909090909,0.8872727272727273,0.10545454545454545,71.55272727272727,60.0,0.9911899064607352,Python,244283,337,2.2,218.2953216,Data Science & AI/ML,medium,0.8700073276,0.7248753709,3.600273785,Python,72684,326,2.1,188.5365854,Data Science & AI/ML,small,0.9946618238,0.2229570552,1.527720739,True
ray-project/ray,google/jax,WP-small,275,0.10181818181818182,0.28,0.44,0.20735962873371167,30.73818181818182,14.0,275,0.0036363636363636364,0.025454545454545455,0.06909090909090909,0.03205311813742437,97.2909090909091,79.0,0.0,0.44,0.56,0.06909090909090909,0.8545454545454545,0.14181818181818182,66.55272727272727,57.0,0.9911899064607352,Python,244283,337,2.2,218.2953216,Data Science & AI/ML,medium,0.8700073276,0.7248753709,3.600273785,Python,72684,326,2.1,188.5365854,Data Science & AI/ML,small,0.9946618238,0.2229570552,1.527720739,True
ray-project/ray,matplotlib/matplotlib,CP-cold-start,8,0.0,0.0,0.0,0.00401669745560666,254.125,264.5,8,0.0,0.0,0.0,0.00880875947341312,180.875,183.0,0.0,0.0,1.0,0.0,0.375,0.625,-73.25,-88.5,0.9890729238555326,Python,244283,337,2.2,218.2953216,Data Science & AI/ML,medium,0.8700073276,0.7248753709,3.600273785,Python,248837,183,2.4,242.6847826,Data Science & AI/ML,medium,0.9866097084,1.359765027,4.364134155,True
ray-project/ray,matplotlib/matplotlib,CP-transfer,8,0.0,0.375,0.625,0.18797446514837818,9.625,6.0,8,0.0,0.0,0.0,0.00880875947341312,180.875,183.0,0.0,0.625,0.375,0.0,1.0,0.0,171.25,173.0,0.9890729238555326,Python,244283,337,2.2,218.2953216,Data Science & AI/ML,medium,0.8700073276,0.7248753709,3.600273785,Python,248837,183,2.4,242.6847826,Data Science & AI/ML,medium,0.9866097084,1.359765027,4.364134155,True
ray-project/ray,matplotlib/matplotlib,WP-large,8,0.0,0.5,0.75,0.2042410714285714,7.0,5.0,8,0.0,0.0,0.0,0.00880875947341312,180.875,183.0,0.0,0.75,0.25,0.0,1.0,0.0,173.875,173.5,0.9890729238555326,Python,244283,337,2.2,218.2953216,Data Science & AI/ML,medium,0.8700073276,0.7248753709,3.600273785,Python,248837,183,2.4,242.6847826,Data Science & AI/ML,medium,0.9866097084,1.359765027,4.364134155,True
ray-project/ray,matplotlib/matplotlib,WP-small,8,0.0,0.0,0.125,0.021165804581297562,113.125,118.0,8,0.0,0.0,0.0,0.00880875947341312,180.875,183.0,0.0,0.125,0.875,0.0,0.5,0.5,67.75,59.0,0.9890729238555326,Python,244283,337,2.2,218.2953216,Data Science & AI/ML,medium,0.8700073276,0.7248753709,3.600273785,Python,248837,183,2.4,242.6847826,Data Science & AI/ML,medium,0.9866097084,1.359765027,4.364134155,True
ray-project/ray,numpy/numpy,CP-cold-start,122,0.0,0.0,0.0,0.004512647416567866,234.45081967213116,241.5,122,0.0,0.00819672131147541,0.04918032786885246,0.016412964518624146,166.81967213114754,174.5,0.0,0.0,1.0,0.04918032786885246,0.22950819672131148,0.7704918032786885,-67.6311475409836,-67.5,0.9892876272094268,Python,244283,337,2.2,218.2953216,Data Science & AI/ML,medium,0.8700073276,0.7248753709,3.600273785,Python,276548,789,3.6,161.5720384,Data Science & AI/ML,medium,1.19728944,0.350504436,12.54483231,True
ray-project/ray,numpy/numpy,CP-transfer,122,0.07377049180327869,0.2540983606557377,0.39344262295081966,0.178178502116709,33.68032786885246,16.5,122,0.0,0.00819672131147541,0.04918032786885246,0.016412964518624146,166.81967213114754,174.5,0.0,0.39344262295081966,0.6065573770491803,0.04918032786885246,0.8852459016393442,0.11475409836065574,133.13934426229508,144.5,0.9892876272094268,Python,244283,337,2.2,218.2953216,Data Science & AI/ML,medium,0.8700073276,0.7248753709,3.600273785,Python,276548,789,3.6,161.5720384,Data Science & AI/ML,medium,1.19728944,0.350504436,12.54483231,True
ray-project/ray,numpy/numpy,WP-large,122,0.09016393442622951,0.2540983606557377,0.3442622950819672,0.18524833270763216,27.901639344262296,17.5,122,0.0,0.00819672131147541,0.04918032786885246,0.016412964518624146,166.81967213114754,174.5,0.0,0.3442622950819672,0.6557377049180327,0.04918032786885246,0.9016393442622951,0.09016393442622951,138.91803278688525,144.0,0.9892876272094268,Python,244283,337,2.2,218.2953216,Data Science & AI/ML,medium,0.8700073276,0.7248753709,3.600273785,Python,276548,789,3.6,161.5720384,Data Science & AI/ML,medium,1.19728944,0.350504436,12.54483231,True
ray-project/ray,numpy/numpy,WP-small,122,0.08196721311475409,0.21311475409836064,0.3114754098360656,0.16829164311674752,34.049180327868854,19.5,122,0.0,0.00819672131147541,0.04918032786885246,0.016412964518624146,166.81967213114754,174.5,0.0,0.3114754098360656,0.6885245901639344,0.04918032786885246,0.8688524590163934,0.13114754098360656,132.7704918032787,148.5,0.9892876272094268,Python,244283,337,2.2,218.2953216,Data Science & AI/ML,medium,0.8700073276,0.7248753709,3.600273785,Python,276548,789,3.6,161.5720384,Data Science & AI/ML,medium,1.19728944,0.350504436,12.54483231,True
ray-project/ray,open-mmlab/mmdetection,CP-cold-start,17,0.0,0.0,0.0,0.022601914658709157,107.05882352941177,85.0,17,0.0,0.0,0.11764705882352941,0.028129569345166625,126.76470588235294,111.0,0.0,0.0,1.0,0.11764705882352941,0.6470588235294118,0.35294117647058826,19.705882352941178,48.0,0.9910539215686276,Python,244283,337,2.2,218.2953216,Data Science & AI/ML,medium,0.8700073276,0.7248753709,3.600273785,Python,208928,102,3.1,205.9009009,Data Science & AI/ML,medium,0.9298657911,2.048313725,4.019164956,True
ray-project/ray,open-mmlab/mmdetection,CP-transfer,17,0.0,0.17647058823529413,0.23529411764705882,0.09296676617678085,77.52941176470588,36.0,17,0.0,0.0,0.11764705882352941,0.028129569345166625,126.76470588235294,111.0,0.0,0.23529411764705882,0.7647058823529411,0.11764705882352941,0.5294117647058824,0.47058823529411764,49.23529411764706,51.0,0.9910539215686276,Python,244283,337,2.2,218.2953216,Data Science & AI/ML,medium,0.8700073276,0.7248753709,3.600273785,Python,208928,102,3.1,205.9009009,Data Science & AI/ML,medium,0.9298657911,2.048313725,4.019164956,True
ray-project/ray,open-mmlab/mmdetection,WP-large,17,0.0,0.0,0.0,0.02761935794985683,76.94117647058823,59.0,17,0.0,0.0,0.11764705882352941,0.028129569345166625,126.76470588235294,111.0,0.0,0.0,1.0,0.11764705882352941,0.7058823529411765,0.29411764705882354,49.8235294117647,58.0,0.9910539215686276,Python,244283,337,2.2,218.2953216,Data Science & AI/ML,medium,0.8700073276,0.7248753709,3.600273785,Python,208928,102,3.1,205.9009009,Data Science & AI/ML,medium,0.9298657911,2.048313725,4.019164956,True
ray-project/ray,open-mmlab/mmdetection,WP-small,17,0.0,0.11764705882352941,0.11764705882352941,0.05435251925862924,90.76470588235294,92.0,17,0.0,0.0,0.11764705882352941,0.028129569345166625,126.76470588235294,111.0,0.0,0.11764705882352941,0.8823529411764706,0.11764705882352941,0.6470588235294118,0.35294117647058826,36.0,42.0,0.9910539215686276,Python,244283,337,2.2,218.2953216,Data Science & AI/ML,medium,0.8700073276,0.7248753709,3.600273785,Python,208928,102,3.1,205.9009009,Data Science & AI/ML,medium,0.9298657911,2.048313725,4.019164956,True
ray-project/ray,scipy/scipy,CP-cold-start,3,0.0,0.0,0.0,0.01021100637165052,119.0,80.0,3,0.0,0.0,0.0,0.006024220032840723,169.33333333333334,160.0,0.0,0.0,1.0,0.0,0.6666666666666666,0.3333333333333333,50.333333333333336,65.0,0.9927689814237626,Python,244283,337,2.2,218.2953216,Data Science & AI/ML,medium,0.8700073276,0.7248753709,3.600273785,Python,438217,100,2.1,121.5247525,Data Science & AI/ML,large,0.9743026857,4.38217,10.60643395,True
ray-project/ray,scipy/scipy,CP-transfer,3,0.0,0.0,0.0,0.014719412250731334,112.33333333333333,55.0,3,0.0,0.0,0.0,0.006024220032840723,169.33333333333334,160.0,0.0,0.0,1.0,0.0,0.6666666666666666,0.3333333333333333,57.0,99.0,0.9927689814237626,Python,244283,337,2.2,218.2953216,Data Science & AI/ML,medium,0.8700073276,0.7248753709,3.600273785,Python,438217,100,2.1,121.5247525,Data Science & AI/ML,large,0.9743026857,4.38217,10.60643395,True
ray-project/ray,scipy/scipy,WP-large,3,0.0,0.0,0.0,0.01710187440524519,92.0,65.0,3,0.0,0.0,0.0,0.006024220032840723,169.33333333333334,160.0,0.0,0.0,1.0,0.0,1.0,0.0,77.33333333333333,80.0,0.9927689814237626,Python,244283,337,2.2,218.2953216,Data Science & AI/ML,medium,0.8700073276,0.7248753709,3.600273785,Python,438217,100,2.1,121.5247525,Data Science & AI/ML,large,0.9743026857,4.38217,10.60643395,True
ray-project/ray,scipy/scipy,WP-small,3,0.0,0.0,0.0,0.007589771722120161,208.0,276.0,3,0.0,0.0,0.0,0.006024220032840723,169.33333333333334,160.0,0.0,0.0,1.0,0.0,0.3333333333333333,0.6666666666666666,-38.666666666666664,-81.0,0.9927689814237626,Python,244283,337,2.2,218.2953216,Data Science & AI/ML,medium,0.8700073276,0.7248753709,3.600273785,Python,438217,100,2.1,121.5247525,Data Science & AI/ML,large,0.9743026857,4.38217,10.60643395,True
ray-project/ray,sympy/sympy,CP-cold-start,34,0.0,0.0,0.029411764705882353,0.010325016150197035,189.76470588235293,214.5,34,0.0,0.029411764705882353,0.029411764705882353,0.015076907816991565,146.08823529411765,143.5,0.0,0.029411764705882353,0.9705882352941176,0.029411764705882353,0.3235294117647059,0.6764705882352942,-43.6764705882353,-41.5,0.9923145137451964,Python,244283,337,2.2,218.2953216,Data Science & AI/ML,medium,0.8700073276,0.7248753709,3.600273785,Python,696129,384,2.8,140.8497409,Data Science & AI/ML,large,0.9941677476,1.812835938,6.663928816,True
ray-project/ray,sympy/sympy,CP-transfer,34,0.029411764705882353,0.20588235294117646,0.2647058823529412,0.13332211607041633,42.64705882352941,26.5,34,0.0,0.029411764705882353,0.029411764705882353,0.015076907816991565,146.08823529411765,143.5,0.0,0.2647058823529412,0.7352941176470589,0.029411764705882353,0.8235294117647058,0.17647058823529413,103.44117647058823,125.5,0.9923145137451964,Python,244283,337,2.2,218.2953216,Data Science & AI/ML,medium,0.8700073276,0.7248753709,3.600273785,Python,696129,384,2.8,140.8497409,Data Science & AI/ML,large,0.9941677476,1.812835938,6.663928816,True
ray-project/ray,sympy/sympy,WP-large,34,0.029411764705882353,0.14705882352941177,0.29411764705882354,0.11050763482677681,42.64705882352941,25.5,34,0.0,0.029411764705882353,0.029411764705882353,0.015076907816991565,146.08823529411765,143.5,0.0,0.29411764705882354,0.7058823529411765,0.029411764705882353,0.8235294117647058,0.17647058823529413,103.44117647058823,112.5,0.9923145137451964,Python,244283,337,2.2,218.2953216,Data Science & AI/ML,medium,0.8700073276,0.7248753709,3.600273785,Python,696129,384,2.8,140.8497409,Data Science & AI/ML,large,0.9941677476,1.812835938,6.663928816,True
ray-project/ray,sympy/sympy,WP-small,34,0.058823529411764705,0.23529411764705882,0.3235294117647059,0.12804578385951604,77.20588235294117,83.0,34,0.0,0.029411764705882353,0.029411764705882353,0.015076907816991565,146.08823529411765,143.5,0.0,0.3235294117647059,0.6764705882352942,0.029411764705882353,0.7352941176470589,0.2647058823529412,68.88235294117646,112.5,0.9923145137451964,Python,244283,337,2.2,218.2953216,Data Science & AI/ML,medium,0.8700073276,0.7248753709,3.600273785,Python,696129,384,2.8,140.8497409,Data Science & AI/ML,large,0.9941677476,1.812835938,6.663928816,True
scikit-learn/scikit-learn,matplotlib/matplotlib,CP-cold-start,8,0.0,0.125,0.5,0.09461757512054045,28.375,11.0,8,0.0,0.0,0.0,0.00880875947341312,180.875,183.0,0.0,0.5,0.5,0.0,0.875,0.125,152.5,167.0,0.9759605911330048,Python,376169,228,2.5,231.8122271,Data Science & AI/ML,medium,0.9894754751,1.649864035,5.483915127,Python,248837,183,2.4,242.6847826,Data Science & AI/ML,medium,0.9866097084,1.359765027,4.364134155,True
scikit-learn/scikit-learn,matplotlib/matplotlib,CP-transfer,8,0.125,0.5,0.75,0.25817792029092335,8.25,6.0,8,0.0,0.0,0.0,0.00880875947341312,180.875,183.0,0.0,0.75,0.25,0.0,1.0,0.0,172.625,171.5,0.9759605911330048,Python,376169,228,2.5,231.8122271,Data Science & AI/ML,medium,0.9894754751,1.649864035,5.483915127,Python,248837,183,2.4,242.6847826,Data Science & AI/ML,medium,0.9866097084,1.359765027,4.364134155,True
scikit-learn/scikit-learn,matplotlib/matplotlib,WP-large,8,0.125,0.5,0.75,0.2804184173669468,7.0,5.5,8,0.0,0.0,0.0,0.00880875947341312,180.875,183.0,0.0,0.75,0.25,0.0,1.0,0.0,173.875,175.0,0.9759605911330048,Python,376169,228,2.5,231.8122271,Data Science & AI/ML,medium,0.9894754751,1.649864035,5.483915127,Python,248837,183,2.4,242.6847826,Data Science & AI/ML,medium,0.9866097084,1.359765027,4.364134155,True
scikit-learn/scikit-learn,matplotlib/matplotlib,WP-small,8,0.0,0.0,0.0,0.007356618032814033,169.125,186.5,8,0.0,0.0,0.0,0.00880875947341312,180.875,183.0,0.0,0.0,1.0,0.0,0.5,0.5,11.75,20.0,0.9759605911330048,Python,376169,228,2.5,231.8122271,Data Science & AI/ML,medium,0.9894754751,1.649864035,5.483915127,Python,248837,183,2.4,242.6847826,Data Science & AI/ML,medium,0.9866097084,1.359765027,4.364134155,True
scikit-learn/scikit-learn,numpy/numpy,CP-cold-start,122,0.0,0.0,0.0,0.0061380297223319,227.39344262295083,264.0,122,0.0,0.00819672131147541,0.04918032786885246,0.016412964518624146,166.81967213114754,174.5,0.0,0.0,1.0,0.04918032786885246,0.2540983606557377,0.7459016393442623,-60.57377049180328,-59.0,0.9762595621208124,Python,376169,228,2.5,231.8122271,Data Science & AI/ML,medium,0.9894754751,1.649864035,5.483915127,Python,276548,789,3.6,161.5720384,Data Science & AI/ML,medium,1.19728944,0.350504436,12.54483231,True
scikit-learn/scikit-learn,numpy/numpy,CP-transfer,122,0.04918032786885246,0.27049180327868855,0.3524590163934426,0.1607314053921585,32.60655737704918,17.5,122,0.0,0.00819672131147541,0.04918032786885246,0.016412964518624146,166.81967213114754,174.5,0.0,0.3524590163934426,0.6475409836065574,0.04918032786885246,0.8934426229508197,0.10655737704918032,134.21311475409837,137.0,0.9762595621208124,Python,376169,228,2.5,231.8122271,Data Science & AI/ML,medium,0.9894754751,1.649864035,5.483915127,Python,276548,789,3.6,161.5720384,Data Science & AI/ML,medium,1.19728944,0.350504436,12.54483231,True
scikit-learn/scikit-learn,numpy/numpy,WP-large,122,0.08196721311475409,0.22131147540983606,0.3442622950819672,0.17202105574919327,24.459016393442624,16.5,122,0.0,0.00819672131147541,0.04918032786885246,0.016412964518624146,166.81967213114754,174.5,0.0,0.3442622950819672,0.6557377049180327,0.04918032786885246,0.9344262295081968,0.06557377049180328,142.36065573770492,153.5,0.9762595621208124,Python,376169,228,2.5,231.8122271,Data Science & AI/ML,medium,0.9894754751,1.649864035,5.483915127,Python,276548,789,3.6,161.5720384,Data Science & AI/ML,medium,1.19728944,0.350504436,12.54483231,True
scikit-learn/scikit-learn,numpy/numpy,WP-small,122,0.040983606557377046,0.23770491803278687,0.3360655737704918,0.13539648973925905,31.34426229508197,19.0,122,0.0,0.00819672131147541,0.04918032786885246,0.016412964518624146,166.81967213114754,174.5,0.0,0.3360655737704918,0.6639344262295082,0.04918032786885246,0.8934426229508197,0.09836065573770492,135.47540983606558,148.0,0.9762595621208124,Python,376169,228,2.5,231.8122271,Data Science & AI/ML,medium,0.9894754751,1.649864035,5.483915127,Python,276548,789,3.6,161.5720384,Data Science & AI/ML,medium,1.19728944,0.350504436,12.54483231,True
scikit-learn/scikit-learn,open-mmlab/mmdetection,CP-cold-start,17,0.0,0.0,0.0,0.011510712600059102,184.2941176470588,223.0,17,0.0,0.0,0.11764705882352941,0.028129569345166625,126.76470588235294,111.0,0.0,0.0,1.0,0.11764705882352941,0.4117647058823529,0.5882352941176471,-57.529411764705884,-124.0,0.9933920704845814,Python,376169,228,2.5,231.8122271,Data Science & AI/ML,medium,0.9894754751,1.649864035,5.483915127,Python,208928,102,3.1,205.9009009,Data Science & AI/ML,medium,0.9298657911,2.048313725,4.019164956,True
scikit-learn/scikit-learn,open-mmlab/mmdetection,CP-transfer,17,0.0,0.0,0.17647058823529413,0.036452310594771324,73.6470588235294,62.0,17,0.0,0.0,0.11764705882352941,0.028129569345166625,126.76470588235294,111.0,0.0,0.17647058823529413,0.8235294117647058,0.11764705882352941,0.5882352941176471,0.4117647058823529,53.11764705882353,38.0,0.9933920704845814,Python,376169,228,2.5,231.8122271,Data Science & AI/ML,medium,0.9894754751,1.649864035,5.483915127,Python,208928,102,3.1,205.9009009,Data Science & AI/ML,medium,0.9298657911,2.048313725,4.019164956,True
scikit-learn/scikit-learn,open-mmlab/mmdetection,WP-large,17,0.058823529411764705,0.17647058823529413,0.23529411764705882,0.12289915661246784,71.11764705882354,74.0,17,0.0,0.0,0.11764705882352941,0.028129569345166625,126.76470588235294,111.0,0.0,0.23529411764705882,0.7647058823529411,0.11764705882352941,0.5882352941176471,0.4117647058823529,55.64705882352941,47.0,0.9933920704845814,Python,376169,228,2.5,231.8122271,Data Science & AI/ML,medium,0.9894754751,1.649864035,5.483915127,Python,208928,102,3.1,205.9009009,Data Science & AI/ML,medium,0.9298657911,2.048313725,4.019164956,True
scikit-learn/scikit-learn,open-mmlab/mmdetection,WP-small,17,0.0,0.058823529411764705,0.11764705882352941,0.053571391406232696,84.58823529411765,94.0,17,0.0,0.0,0.11764705882352941,0.028129569345166625,126.76470588235294,111.0,0.0,0.11764705882352941,0.8823529411764706,0.11764705882352941,0.5882352941176471,0.4117647058823529,42.1764705882353,50.0,0.9933920704845814,Python,376169,228,2.5,231.8122271,Data Science & AI/ML,medium,0.9894754751,1.649864035,5.483915127,Python,208928,102,3.1,205.9009009,Data Science & AI/ML,medium,0.9298657911,2.048313725,4.019164956,True
scikit-learn/scikit-learn,scipy/scipy,CP-cold-start,3,0.0,0.0,0.0,0.020099255583126554,145.0,155.0,3,0.0,0.0,0.0,0.006024220032840723,169.33333333333334,160.0,0.0,0.0,1.0,0.0,0.6666666666666666,0.3333333333333333,24.333333333333332,48.0,0.968416269029766,Python,376169,228,2.5,231.8122271,Data Science & AI/ML,medium,0.9894754751,1.649864035,5.483915127,Python,438217,100,2.1,121.5247525,Data Science & AI/ML,large,0.9743026857,4.38217,10.60643395,True
scikit-learn/scikit-learn,scipy/scipy,CP-transfer,3,0.0,0.0,0.0,0.00977750665107688,135.66666666666666,79.0,3,0.0,0.0,0.0,0.006024220032840723,169.33333333333334,160.0,0.0,0.0,1.0,0.0,0.6666666666666666,0.3333333333333333,33.666666666666664,66.0,0.968416269029766,Python,376169,228,2.5,231.8122271,Data Science & AI/ML,medium,0.9894754751,1.649864035,5.483915127,Python,438217,100,2.1,121.5247525,Data Science & AI/ML,large,0.9743026857,4.38217,10.60643395,True
scikit-learn/scikit-learn,scipy/scipy,WP-large,3,0.0,0.0,0.0,0.02424633936261843,50.666666666666664,36.0,3,0.0,0.0,0.0,0.006024220032840723,169.33333333333334,160.0,0.0,0.0,1.0,0.0,1.0,0.0,118.66666666666667,124.0,0.968416269029766,Python,376169,228,2.5,231.8122271,Data Science & AI/ML,medium,0.9894754751,1.649864035,5.483915127,Python,438217,100,2.1,121.5247525,Data Science & AI/ML,large,0.9743026857,4.38217,10.60643395,True
scikit-learn/scikit-learn,scipy/scipy,WP-small,3,0.0,0.0,0.0,0.0037475933669705295,267.6666666666667,259.0,3,0.0,0.0,0.0,0.006024220032840723,169.33333333333334,160.0,0.0,0.0,1.0,0.0,0.0,1.0,-98.33333333333333,-114.0,0.968416269029766,Python,376169,228,2.5,231.8122271,Data Science & AI/ML,medium,0.9894754751,1.649864035,5.483915127,Python,438217,100,2.1,121.5247525,Data Science & AI/ML,large,0.9743026857,4.38217,10.60643395,True
scikit-learn/scikit-learn,sympy/sympy,CP-cold-start,34,0.0,0.08823529411764706,0.14705882352941177,0.057861354725322556,68.76470588235294,34.5,34,0.0,0.029411764705882353,0.029411764705882353,0.015076907816991565,146.08823529411765,143.5,0.0,0.14705882352941177,0.8529411764705882,0.029411764705882353,0.8235294117647058,0.17647058823529413,77.32352941176471,96.0,0.9898912544034308,Python,376169,228,2.5,231.8122271,Data Science & AI/ML,medium,0.9894754751,1.649864035,5.483915127,Python,696129,384,2.8,140.8497409,Data Science & AI/ML,large,0.9941677476,1.812835938,6.663928816,True
scikit-learn/scikit-learn,sympy/sympy,CP-transfer,34,0.0,0.11764705882352941,0.20588235294117646,0.07443696576970071,45.529411764705884,21.5,34,0.0,0.029411764705882353,0.029411764705882353,0.015076907816991565,146.08823529411765,143.5,0.0,0.20588235294117646,0.7941176470588235,0.029411764705882353,0.8235294117647058,0.17647058823529413,100.55882352941177,121.5,0.9898912544034308,Python,376169,228,2.5,231.8122271,Data Science & AI/ML,medium,0.9894754751,1.649864035,5.483915127,Python,696129,384,2.8,140.8497409,Data Science & AI/ML,large,0.9941677476,1.812835938,6.663928816,True
scikit-learn/scikit-learn,sympy/sympy,WP-large,34,0.029411764705882353,0.23529411764705882,0.3235294117647059,0.13363816649379978,47.26470588235294,26.0,34,0.0,0.029411764705882353,0.029411764705882353,0.015076907816991565,146.08823529411765,143.5,0.0,0.3235294117647059,0.6764705882352942,0.029411764705882353,0.8235294117647058,0.17647058823529413,98.82352941176471,125.5,0.9898912544034308,Python,376169,228,2.5,231.8122271,Data Science & AI/ML,medium,0.9894754751,1.649864035,5.483915127,Python,696129,384,2.8,140.8497409,Data Science & AI/ML,large,0.9941677476,1.812835938,6.663928816,True
scikit-learn/scikit-learn,sympy/sympy,WP-small,34,0.08823529411764706,0.20588235294117646,0.23529411764705882,0.16307869927787189,45.73529411764706,25.5,34,0.0,0.029411764705882353,0.029411764705882353,0.015076907816991565,146.08823529411765,143.5,0.0,0.23529411764705882,0.7647058823529411,0.029411764705882353,0.7647058823529411,0.23529411764705882,100.3529411764706,130.0,0.9898912544034308,Python,376169,228,2.5,231.8122271,Data Science & AI/ML,medium,0.9894754751,1.649864035,5.483915127,Python,696129,384,2.8,140.8497409,Data Science & AI/ML,large,0.9941677476,1.812835938,6.663928816,True
scipy/scipy,google/jax,CP-cold-start,275,0.0,0.01090909090909091,0.01818181818181818,0.01679640311824596,116.43272727272728,100.0,275,0.0036363636363636364,0.025454545454545455,0.06909090909090909,0.032053118137424376,97.2909090909091,79.0,0.0,0.01818181818181818,0.9818181818181818,0.06909090909090909,0.3781818181818182,0.6181818181818182,-19.14181818181818,-21.0,0.9932769880906648,Python,438217,100,2.1,121.5247525,Data Science & AI/ML,large,0.9743026857,4.38217,10.60643395,Python,72684,326,2.1,188.5365854,Data Science & AI/ML,small,0.9946618238,0.2229570552,1.527720739,True
scipy/scipy,google/jax,CP-transfer,275,0.10545454545454545,0.2872727272727273,0.36,0.20465528137519967,41.56727272727273,22.0,275,0.0036363636363636364,0.025454545454545455,0.06909090909090909,0.032053118137424376,97.2909090909091,79.0,0.0,0.36,0.64,0.06909090909090909,0.7818181818181819,0.21454545454545454,55.723636363636366,51.0,0.9932769880906648,Python,438217,100,2.1,121.5247525,Data Science & AI/ML,large,0.9743026857,4.38217,10.60643395,Python,72684,326,2.1,188.5365854,Data Science & AI/ML,small,0.9946618238,0.2229570552,1.527720739,True
scipy/scipy,google/jax,WP-large,275,0.12727272727272726,0.33090909090909093,0.4581818181818182,0.24079298172448066,27.49818181818182,13.0,275,0.0036363636363636364,0.025454545454545455,0.06909090909090909,0.032053118137424376,97.2909090909091,79.0,0.0,0.4581818181818182,0.5418181818181819,0.06909090909090909,0.8472727272727273,0.14909090909090908,69.79272727272728,57.0,0.9932769880906648,Python,438217,100,2.1,121.5247525,Data Science & AI/ML,large,0.9743026857,4.38217,10.60643395,Python,72684,326,2.1,188.5365854,Data Science & AI/ML,small,0.9946618238,0.2229570552,1.527720739,True
scipy/scipy,google/jax,WP-small,275,0.04727272727272727,0.26545454545454544,0.4218181818181818,0.15804266411952994,31.792727272727273,16.0,275,0.0036363636363636364,0.025454545454545455,0.06909090909090909,0.032053118137424376,97.2909090909091,79.0,0.0,0.4218181818181818,0.5781818181818181,0.06909090909090909,0.8363636363636363,0.15636363636363637,65.49818181818182,55.0,0.9932769880906648,Python,438217,100,2.1,121.5247525,Data Science & AI/ML,large,0.9743026857,4.38217,10.60643395,Python,72684,326,2.1,188.5365854,Data Science & AI/ML,small,0.9946618238,0.2229570552,1.527720739,True
scipy/scipy,jupyterlab/jupyterlab,CP-cold-start,23,0.0,0.0,0.0,0.004232573822297552,247.91304347826087,262.0,23,0.0,0.0,0.08695652173913043,0.02168783467344532,142.91304347826087,116.0,0.0,0.0,1.0,0.08695652173913043,0.08695652173913043,0.9130434782608695,-105.0,-117.0,0.9975303098338572,Python,438217,100,2.1,121.5247525,Data Science & AI/ML,large,0.9743026857,4.38217,10.60643395,Python,39372,197,1.7,194.7014925,Data Science & AI/ML,small,6.052473839,0.199857868,7.197809719,True
scipy/scipy,jupyterlab/jupyterlab,CP-transfer,23,0.391304347826087,0.9130434782608695,1.0,0.581159420289855,2.652173913043478,2.0,23,0.0,0.0,0.08695652173913043,0.02168783467344532,142.91304347826087,116.0,0.0,1.0,0.0,0.08695652173913043,1.0,0.0,140.2608695652174,115.0,0.9975303098338572,Python,438217,100,2.1,121.5247525,Data Science & AI/ML,large,0.9743026857,4.38217,10.60643395,Python,39372,197,1.7,194.7014925,Data Science & AI/ML,small,6.052473839,0.199857868,7.197809719,True
scipy/scipy,jupyterlab/jupyterlab,WP-large,23,0.43478260869565216,1.0,1.0,0.6514492753623188,2.0869565217391304,2.0,23,0.0,0.0,0.08695652173913043,0.02168783467344532,142.91304347826087,116.0,0.0,1.0,0.0,0.08695652173913043,1.0,0.0,140.82608695652175,114.0,0.9975303098338572,Python,438217,100,2.1,121.5247525,Data Science & AI/ML,large,0.9743026857,4.38217,10.60643395,Python,39372,197,1.7,194.7014925,Data Science & AI/ML,small,6.052473839,0.199857868,7.197809719,True
scipy/scipy,jupyterlab/jupyterlab,WP-small,23,0.30434782608695654,0.8695652173913043,1.0,0.5718599033816425,2.6956521739130435,2.0,23,0.0,0.0,0.08695652173913043,0.02168783467344532,142.91304347826087,116.0,0.0,1.0,0.0,0.08695652173913043,0.9565217391304348,0.043478260869565216,140.2173913043478,114.0,0.9975303098338572,Python,438217,100,2.1,121.5247525,Data Science & AI/ML,large,0.9743026857,4.38217,10.60643395,Python,39372,197,1.7,194.7014925,Data Science & AI/ML,small,6.052473839,0.199857868,7.197809719,True
scipy/scipy,lightning-ai/lightning,CP-cold-start,212,0.0,0.0,0.0,0.01077957311974475,139.5,133.5,212,0.0,0.0047169811320754715,0.014150943396226415,0.014441648889433684,125.97169811320755,121.0,0.0,0.0,1.0,0.014150943396226415,0.41037735849056606,0.5849056603773585,-13.528301886792454,-22.0,0.990632318501171,Python,438217,100,2.1,121.5247525,Data Science & AI/ML,large,0.9743026857,4.38217,10.60643395,Python,51387,366,2.0,188.469496,Data Science & AI/ML,small,0.9637846148,0.1404016393,1.166324435,True
scipy/scipy,lightning-ai/lightning,CP-transfer,212,0.05188679245283019,0.2169811320754717,0.4056603773584906,0.14971571089545807,30.66509433962264,15.0,212,0.0,0.0047169811320754715,0.014150943396226415,0.014441648889433684,125.97169811320755,121.0,0.0,0.4056603773584906,0.5943396226415094,0.014150943396226415,0.8915094339622641,0.10377358490566038,95.30660377358491,96.5,0.990632318501171,Python,438217,100,2.1,121.5247525,Data Science & AI/ML,large,0.9743026857,4.38217,10.60643395,Python,51387,366,2.0,188.469496,Data Science & AI/ML,small,0.9637846148,0.1404016393,1.166324435,True
scipy/scipy,lightning-ai/lightning,WP-large,212,0.08962264150943396,0.2971698113207547,0.45754716981132076,0.19952650112693998,21.471698113207548,12.0,212,0.0,0.0047169811320754715,0.014150943396226415,0.014441648889433684,125.97169811320755,121.0,0.0,0.45754716981132076,0.5424528301886793,0.014150943396226415,0.9150943396226415,0.08490566037735849,104.5,103.5,0.990632318501171,Python,438217,100,2.1,121.5247525,Data Science & AI/ML,large,0.9743026857,4.38217,10.60643395,Python,51387,366,2.0,188.469496,Data Science & AI/ML,small,0.9637846148,0.1404016393,1.166324435,True
scipy/scipy,lightning-ai/lightning,WP-small,212,0.06132075471698113,0.2971698113207547,0.42924528301886794,0.184520311777776,35.575471698113205,13.0,212,0.0,0.0047169811320754715,0.014150943396226415,0.014441648889433684,125.97169811320755,121.0,0.0,0.42924528301886794,0.5707547169811321,0.014150943396226415,0.8867924528301887,0.10377358490566038,90.39622641509433,90.5,0.990632318501171,Python,438217,100,2.1,121.5247525,Data Science & AI/ML,large,0.9743026857,4.38217,10.60643395,Python,51387,366,2.0,188.469496,Data Science & AI/ML,small,0.9637846148,0.1404016393,1.166324435,True
scipy/scipy,matplotlib/matplotlib,CP-cold-start,8,0.0,0.0,0.0,0.023643978691678707,63.875,42.0,8,0.0,0.0,0.0,0.00880875947341312,180.875,183.0,0.0,0.0,1.0,0.0,0.875,0.125,117.0,116.0,0.9808795411089866,Python,438217,100,2.1,121.5247525,Data Science & AI/ML,large,0.9743026857,4.38217,10.60643395,Python,248837,183,2.4,242.6847826,Data Science & AI/ML,medium,0.9866097084,1.359765027,4.364134155,True
scipy/scipy,matplotlib/matplotlib,CP-transfer,8,0.125,0.125,0.625,0.22229323308270676,10.75,7.0,8,0.0,0.0,0.0,0.00880875947341312,180.875,183.0,0.0,0.625,0.375,0.0,1.0,0.0,170.125,170.5,0.9808795411089866,Python,438217,100,2.1,121.5247525,Data Science & AI/ML,large,0.9743026857,4.38217,10.60643395,Python,248837,183,2.4,242.6847826,Data Science & AI/ML,medium,0.9866097084,1.359765027,4.364134155,True
scipy/scipy,matplotlib/matplotlib,WP-large,8,0.0,0.625,0.875,0.21517094017094018,6.5,5.0,8,0.0,0.0,0.0,0.00880875947341312,180.875,183.0,0.0,0.875,0.125,0.0,1.0,0.0,174.375,175.5,0.9808795411089866,Python,438217,100,2.1,121.5247525,Data Science & AI/ML,large,0.9743026857,4.38217,10.60643395,Python,248837,183,2.4,242.6847826,Data Science & AI/ML,medium,0.9866097084,1.359765027,4.364134155,True
scipy/scipy,matplotlib/matplotlib,WP-small,8,0.125,0.5,0.875,0.28541666666666665,6.5,5.5,8,0.0,0.0,0.0,0.00880875947341312,180.875,183.0,0.0,0.875,0.125,0.0,1.0,0.0,174.375,177.5,0.9808795411089866,Python,438217,100,2.1,121.5247525,Data Science & AI/ML,large,0.9743026857,4.38217,10.60643395,Python,248837,183,2.4,242.6847826,Data Science & AI/ML,medium,0.9866097084,1.359765027,4.364134155,True
scipy/scipy,numpy/numpy,CP-cold-start,122,0.0,0.13114754098360656,0.1885245901639344,0.05878140091517845,103.4672131147541,79.5,122,0.0,0.00819672131147541,0.04918032786885246,0.016412964518624146,166.81967213114754,174.5,0.0,0.1885245901639344,0.8114754098360656,0.04918032786885246,0.7131147540983607,0.2786885245901639,63.35245901639344,79.0,0.9340171887995564,Python,438217,100,2.1,121.5247525,Data Science & AI/ML,large,0.9743026857,4.38217,10.60643395,Python,276548,789,3.6,161.5720384,Data Science & AI/ML,medium,1.19728944,0.350504436,12.54483231,True
scipy/scipy,numpy/numpy,CP-transfer,122,0.02459016393442623,0.22950819672131148,0.32786885245901637,0.12910174118783896,37.114754098360656,18.5,122,0.0,0.00819672131147541,0.04918032786885246,0.016412964518624146,166.81967213114754,174.5,0.0,0.32786885245901637,0.6721311475409836,0.04918032786885246,0.8770491803278688,0.11475409836065574,129.70491803278688,137.0,0.9340171887995564,Python,438217,100,2.1,121.5247525,Data Science & AI/ML,large,0.9743026857,4.38217,10.60643395,Python,276548,789,3.6,161.5720384,Data Science & AI/ML,medium,1.19728944,0.350504436,12.54483231,True
scipy/scipy,numpy/numpy,WP-large,122,0.08196721311475409,0.23770491803278687,0.36885245901639346,0.17875503718360564,26.016393442622952,17.0,122,0.0,0.00819672131147541,0.04918032786885246,0.016412964518624146,166.81967213114754,174.5,0.0,0.36885245901639346,0.6311475409836066,0.04918032786885246,0.9098360655737705,0.09016393442622951,140.80327868852459,152.5,0.9340171887995564,Python,438217,100,2.1,121.5247525,Data Science & AI/ML,large,0.9743026857,4.38217,10.60643395,Python,276548,789,3.6,161.5720384,Data Science & AI/ML,medium,1.19728944,0.350504436,12.54483231,True
scipy/scipy,numpy/numpy,WP-small,122,0.02459016393442623,0.16393442622950818,0.36065573770491804,0.11674720497609908,29.92622950819672,18.5,122,0.0,0.00819672131147541,0.04918032786885246,0.016412964518624146,166.81967213114754,174.5,0.0,0.36065573770491804,0.639344262295082,0.04918032786885246,0.9098360655737705,0.07377049180327869,136.89344262295083,145.5,0.9340171887995564,Python,438217,100,2.1,121.5247525,Data Science & AI/ML,large,0.9743026857,4.38217,10.60643395,Python,276548,789,3.6,161.5720384,Data Science & AI/ML,medium,1.19728944,0.350504436,12.54483231,True
scipy/scipy,open-mmlab/mmdetection,CP-cold-start,17,0.0,0.0,0.0,0.004619066367323237,242.58823529411765,253.0,17,0.0,0.0,0.11764705882352941,0.028129569345166625,126.76470588235294,111.0,0.0,0.0,1.0,0.11764705882352941,0.23529411764705882,0.7647058823529411,-115.82352941176471,-133.0,0.9956855225311602,Python,438217,100,2.1,121.5247525,Data Science & AI/ML,large,0.9743026857,4.38217,10.60643395,Python,208928,102,3.1,205.9009009,Data Science & AI/ML,medium,0.9298657911,2.048313725,4.019164956,True
scipy/scipy,open-mmlab/mmdetection,CP-transfer,17,0.0,0.23529411764705882,0.29411764705882354,0.11271523490888452,83.0,52.0,17,0.0,0.0,0.11764705882352941,0.028129569345166625,126.76470588235294,111.0,0.0,0.29411764705882354,0.7058823529411765,0.11764705882352941,0.5882352941176471,0.4117647058823529,43.76470588235294,55.0,0.9956855225311602,Python,438217,100,2.1,121.5247525,Data Science & AI/ML,large,0.9743026857,4.38217,10.60643395,Python,208928,102,3.1,205.9009009,Data Science & AI/ML,medium,0.9298657911,2.048313725,4.019164956,True
scipy/scipy,open-mmlab/mmdetection,WP-large,17,0.0,0.11764705882352941,0.17647058823529413,0.07061111203322783,68.47058823529412,50.0,17,0.0,0.0,0.11764705882352941,0.028129569345166625,126.76470588235294,111.0,0.0,0.17647058823529413,0.8235294117647058,0.11764705882352941,0.5882352941176471,0.4117647058823529,58.294117647058826,39.0,0.9956855225311602,Python,438217,100,2.1,121.5247525,Data Science & AI/ML,large,0.9743026857,4.38217,10.60643395,Python,208928,102,3.1,205.9009009,Data Science & AI/ML,medium,0.9298657911,2.048313725,4.019164956,True
scipy/scipy,open-mmlab/mmdetection,WP-small,17,0.0,0.0,0.11764705882352941,0.029722628696395637,90.23529411764706,85.0,17,0.0,0.0,0.11764705882352941,0.028129569345166625,126.76470588235294,111.0,0.0,0.11764705882352941,0.8823529411764706,0.11764705882352941,0.6470588235294118,0.35294117647058826,36.529411764705884,60.0,0.9956855225311602,Python,438217,100,2.1,121.5247525,Data Science & AI/ML,large,0.9743026857,4.38217,10.60643395,Python,208928,102,3.1,205.9009009,Data Science & AI/ML,medium,0.9298657911,2.048313725,4.019164956,True
scipy/scipy,prefecthq/prefect,CP-cold-start,116,0.0,0.0,0.0,0.010118912429347699,157.9655172413793,145.5,116,0.0,0.008620689655172414,0.05172413793103448,0.018836031179052595,129.20689655172413,112.0,0.0,0.0,1.0,0.05172413793103448,0.35344827586206895,0.646551724137931,-28.75862068965517,-21.5,0.9956772334293948,Python,438217,100,2.1,121.5247525,Data Science & AI/ML,large,0.9743026857,4.38217,10.60643395,Python,107073,404,1.7,133.6437346,Data Science & AI/ML,small,0.8501863215,0.2650321782,2.105407255,True
scipy/scipy,prefecthq/prefect,CP-transfer,116,0.02586206896551724,0.19827586206896552,0.31896551724137934,0.13489692507928505,24.801724137931036,17.5,116,0.0,0.008620689655172414,0.05172413793103448,0.018836031179052595,129.20689655172413,112.0,0.0,0.31896551724137934,0.6810344827586207,0.05172413793103448,0.9051724137931034,0.08620689655172414,104.40517241379311,94.5,0.9956772334293948,Python,438217,100,2.1,121.5247525,Data Science & AI/ML,large,0.9743026857,4.38217,10.60643395,Python,107073,404,1.7,133.6437346,Data Science & AI/ML,small,0.8501863215,0.2650321782,2.105407255,True
scipy/scipy,prefecthq/prefect,WP-large,116,0.07758620689655173,0.29310344827586204,0.49137931034482757,0.1934801315616745,18.45689655172414,11.0,116,0.0,0.008620689655172414,0.05172413793103448,0.018836031179052595,129.20689655172413,112.0,0.0,0.49137931034482757,0.5086206896551724,0.05172413793103448,0.9568965517241379,0.04310344827586207,110.75,97.0,0.9956772334293948,Python,438217,100,2.1,121.5247525,Data Science & AI/ML,large,0.9743026857,4.38217,10.60643395,Python,107073,404,1.7,133.6437346,Data Science & AI/ML,small,0.8501863215,0.2650321782,2.105407255,True
scipy/scipy,prefecthq/prefect,WP-small,116,0.08620689655172414,0.28448275862068967,0.45689655172413796,0.1983841273933272,22.086206896551722,13.0,116,0.0,0.008620689655172414,0.05172413793103448,0.018836031179052595,129.20689655172413,112.0,0.0,0.45689655172413796,0.5431034482758621,0.05172413793103448,0.9310344827586207,0.06896551724137931,107.12068965517241,95.5,0.9956772334293948,Python,438217,100,2.1,121.5247525,Data Science & AI/ML,large,0.9743026857,4.38217,10.60643395,Python,107073,404,1.7,133.6437346,Data Science & AI/ML,small,0.8501863215,0.2650321782,2.105407255,True
scipy/scipy,pydata/xarray,CP-cold-start,37,0.02702702702702703,0.13513513513513514,0.2702702702702703,0.09762348250629901,45.78378378378378,18.0,37,0.0,0.0,0.0,0.016020974070061547,106.64864864864865,92.0,0.0,0.2702702702702703,0.7297297297297297,0.0,0.8648648648648649,0.13513513513513514,60.86486486486486,66.0,0.988135593220339,Python,438217,100,2.1,121.5247525,Data Science & AI/ML,large,0.9743026857,4.38217,10.60643395,Python,142044,110,2.3,369.5363636,Data Science & AI/ML,small,0.9839556757,1.291309091,3.8275154,True
scipy/scipy,pydata/xarray,CP-transfer,37,0.02702702702702703,0.43243243243243246,0.5405405405405406,0.1991163399896831,16.945945945945947,9.0,37,0.0,0.0,0.0,0.016020974070061547,106.64864864864865,92.0,0.0,0.5405405405405406,0.4594594594594595,0.0,0.9459459459459459,0.05405405405405406,89.70270270270271,80.0,0.988135593220339,Python,438217,100,2.1,121.5247525,Data Science & AI/ML,large,0.9743026857,4.38217,10.60643395,Python,142044,110,2.3,369.5363636,Data Science & AI/ML,small,0.9839556757,1.291309091,3.8275154,True
scipy/scipy,pydata/xarray,WP-large,37,0.10810810810810811,0.3783783783783784,0.6486486486486487,0.2392928638651871,13.432432432432432,8.0,37,0.0,0.0,0.0,0.016020974070061547,106.64864864864865,92.0,0.0,0.6486486486486487,0.35135135135135137,0.0,0.972972972972973,0.02702702702702703,93.21621621621621,83.0,0.988135593220339,Python,438217,100,2.1,121.5247525,Data Science & AI/ML,large,0.9743026857,4.38217,10.60643395,Python,142044,110,2.3,369.5363636,Data Science & AI/ML,small,0.9839556757,1.291309091,3.8275154,True
scipy/scipy,pydata/xarray,WP-small,37,0.08108108108108109,0.21621621621621623,0.5135135135135135,0.18255772599413983,19.91891891891892,10.0,37,0.0,0.0,0.0,0.016020974070061547,106.64864864864865,92.0,0.0,0.5135135135135135,0.4864864864864865,0.0,0.9459459459459459,0.05405405405405406,86.72972972972973,74.0,0.988135593220339,Python,438217,100,2.1,121.5247525,Data Science & AI/ML,large,0.9743026857,4.38217,10.60643395,Python,142044,110,2.3,369.5363636,Data Science & AI/ML,small,0.9839556757,1.291309091,3.8275154,True
scipy/scipy,ray-project/ray,CP-cold-start,58,0.0,0.0,0.0,0.017358813168609613,92.44827586206897,90.5,58,0.0,0.0,0.0,0.010762054202663919,156.75862068965517,152.0,0.0,0.0,1.0,0.0,0.7586206896551724,0.2413793103448276,64.3103448275862,87.5,0.9927689814237626,Python,438217,100,2.1,121.5247525,Data Science & AI/ML,large,0.9743026857,4.38217,10.60643395,Python,244283,337,2.2,218.2953216,Data Science & AI/ML,medium,0.8700073276,0.7248753709,3.600273785,True
scipy/scipy,ray-project/ray,CP-transfer,58,0.05172413793103448,0.13793103448275862,0.3103448275862069,0.13097752702283252,31.775862068965516,21.0,58,0.0,0.0,0.0,0.010762054202663919,156.75862068965517,152.0,0.0,0.3103448275862069,0.6896551724137931,0.0,0.9137931034482759,0.08620689655172414,124.98275862068965,132.5,0.9927689814237626,Python,438217,100,2.1,121.5247525,Data Science & AI/ML,large,0.9743026857,4.38217,10.60643395,Python,244283,337,2.2,218.2953216,Data Science & AI/ML,medium,0.8700073276,0.7248753709,3.600273785,True
scipy/scipy,ray-project/ray,WP-large,58,0.034482758620689655,0.15517241379310345,0.3275862068965517,0.11205383207562997,30.879310344827587,27.0,58,0.0,0.0,0.0,0.010762054202663919,156.75862068965517,152.0,0.0,0.3275862068965517,0.6724137931034483,0.0,0.896551724137931,0.10344827586206896,125.87931034482759,124.0,0.9927689814237626,Python,438217,100,2.1,121.5247525,Data Science & AI/ML,large,0.9743026857,4.38217,10.60643395,Python,244283,337,2.2,218.2953216,Data Science & AI/ML,medium,0.8700073276,0.7248753709,3.600273785,True
scipy/scipy,ray-project/ray,WP-small,58,0.0,0.017241379310344827,0.034482758620689655,0.020801734213050656,115.22413793103448,96.5,58,0.0,0.0,0.0,0.010762054202663919,156.75862068965517,152.0,0.0,0.034482758620689655,0.9655172413793104,0.0,0.6379310344827587,0.3620689655172414,41.53448275862069,70.5,0.9927689814237626,Python,438217,100,2.1,121.5247525,Data Science & AI/ML,large,0.9743026857,4.38217,10.60643395,Python,244283,337,2.2,218.2953216,Data Science & AI/ML,medium,0.8700073276,0.7248753709,3.600273785,True
scipy/scipy,scikit-learn/scikit-learn,CP-cold-start,16,0.0,0.0,0.0,0.005248564817832655,210.625,223.5,16,0.0,0.0,0.0,0.010448271428559516,156.1875,145.5,0.0,0.0,1.0,0.0,0.25,0.75,-54.4375,-36.5,0.968416269029766,Python,438217,100,2.1,121.5247525,Data Science & AI/ML,large,0.9743026857,4.38217,10.60643395,Python,376169,228,2.5,231.8122271,Data Science & AI/ML,medium,0.9894754751,1.649864035,5.483915127,True
scipy/scipy,scikit-learn/scikit-learn,CP-transfer,16,0.125,0.3125,0.625,0.25882151711259216,13.4375,9.0,16,0.0,0.0,0.0,0.010448271428559516,156.1875,145.5,0.0,0.625,0.375,0.0,1.0,0.0,142.75,123.5,0.968416269029766,Python,438217,100,2.1,121.5247525,Data Science & AI/ML,large,0.9743026857,4.38217,10.60643395,Python,376169,228,2.5,231.8122271,Data Science & AI/ML,medium,0.9894754751,1.649864035,5.483915127,True
scipy/scipy,scikit-learn/scikit-learn,WP-large,16,0.0625,0.4375,0.5625,0.21645154273830744,10.1875,7.5,16,0.0,0.0,0.0,0.010448271428559516,156.1875,145.5,0.0,0.5625,0.4375,0.0,1.0,0.0,146.0,121.0,0.968416269029766,Python,438217,100,2.1,121.5247525,Data Science & AI/ML,large,0.9743026857,4.38217,10.60643395,Python,376169,228,2.5,231.8122271,Data Science & AI/ML,medium,0.9894754751,1.649864035,5.483915127,True
scipy/scipy,scikit-learn/scikit-learn,WP-small,16,0.0,0.25,0.5,0.10737625610482628,24.375,10.5,16,0.0,0.0,0.0,0.010448271428559516,156.1875,145.5,0.0,0.5,0.5,0.0,1.0,0.0,131.8125,115.0,0.968416269029766,Python,438217,100,2.1,121.5247525,Data Science & AI/ML,large,0.9743026857,4.38217,10.60643395,Python,376169,228,2.5,231.8122271,Data Science & AI/ML,medium,0.9894754751,1.649864035,5.483915127,True
scipy/scipy,sympy/sympy,CP-cold-start,34,0.0,0.0,0.08823529411764706,0.032201316968812184,97.05882352941177,72.5,34,0.0,0.029411764705882353,0.029411764705882353,0.015076907816991565,146.08823529411765,143.5,0.0,0.08823529411764706,0.9117647058823529,0.029411764705882353,0.6470588235294118,0.35294117647058826,49.029411764705884,80.5,0.985391981821133,Python,438217,100,2.1,121.5247525,Data Science & AI/ML,large,0.9743026857,4.38217,10.60643395,Python,696129,384,2.8,140.8497409,Data Science & AI/ML,large,0.9941677476,1.812835938,6.663928816,True
scipy/scipy,sympy/sympy,CP-transfer,34,0.029411764705882353,0.14705882352941177,0.23529411764705882,0.10575975549980765,46.64705882352941,27.5,34,0.0,0.029411764705882353,0.029411764705882353,0.015076907816991565,146.08823529411765,143.5,0.0,0.23529411764705882,0.7647058823529411,0.029411764705882353,0.8235294117647058,0.17647058823529413,99.44117647058823,116.0,0.985391981821133,Python,438217,100,2.1,121.5247525,Data Science & AI/ML,large,0.9743026857,4.38217,10.60643395,Python,696129,384,2.8,140.8497409,Data Science & AI/ML,large,0.9941677476,1.812835938,6.663928816,True
scipy/scipy,sympy/sympy,WP-large,34,0.058823529411764705,0.23529411764705882,0.29411764705882354,0.15042472759473968,45.205882352941174,21.5,34,0.0,0.029411764705882353,0.029411764705882353,0.015076907816991565,146.08823529411765,143.5,0.0,0.29411764705882354,0.7058823529411765,0.029411764705882353,0.7352941176470589,0.2647058823529412,100.88235294117646,122.5,0.985391981821133,Python,438217,100,2.1,121.5247525,Data Science & AI/ML,large,0.9743026857,4.38217,10.60643395,Python,696129,384,2.8,140.8497409,Data Science & AI/ML,large,0.9941677476,1.812835938,6.663928816,True
scipy/scipy,sympy/sympy,WP-small,34,0.058823529411764705,0.23529411764705882,0.4117647058823529,0.15485670101015453,44.14705882352941,19.5,34,0.0,0.029411764705882353,0.029411764705882353,0.015076907816991565,146.08823529411765,143.5,0.0,0.4117647058823529,0.5882352941176471,0.029411764705882353,0.8235294117647058,0.17647058823529413,101.94117647058823,128.0,0.985391981821133,Python,438217,100,2.1,121.5247525,Data Science & AI/ML,large,0.9743026857,4.38217,10.60643395,Python,696129,384,2.8,140.8497409,Data Science & AI/ML,large,0.9941677476,1.812835938,6.663928816,True
spring-projects/spring-data-mongodb,spring-projects/spring-data-jpa,CP-cold-start,401,0.0024937655860349127,0.007481296758104738,0.02493765586034913,0.018520627994936867,137.11221945137157,140.0,401,0.0,0.00997506234413965,0.034912718204488775,0.018954722659457232,131.3790523690773,127.0,0.0,0.02493765586034913,0.9750623441396509,0.034912718204488775,0.42144638403990026,0.5760598503740648,-5.733167082294265,-17.0,0.9850352112676056,Java,152666,252,1.4,113.202952,Applications & Frameworks,small,0.7920886117,0.6058174603,5.478439425,Java,38710,136,1.5,118.0680272,Applications & Frameworks,small,0.9576853526,0.2846323529,5.828884326,True
spring-projects/spring-data-mongodb,spring-projects/spring-data-jpa,CP-transfer,72,0.027777777777777776,0.18055555555555555,0.3472222222222222,0.11187001635255485,51.43055555555556,22.5,72,0.0,0.0,0.041666666666666664,0.013790292664517806,147.20833333333334,146.5,0.0,0.3472222222222222,0.6527777777777778,0.041666666666666664,0.8055555555555556,0.19444444444444445,95.77777777777777,112.0,0.9850352112676056,Java,152666,252,1.4,113.202952,Applications & Frameworks,small,0.7920886117,0.6058174603,5.478439425,Java,38710,136,1.5,118.0680272,Applications & Frameworks,small,0.9576853526,0.2846323529,5.828884326,True
spring-projects/spring-data-mongodb,spring-projects/spring-data-jpa,WP-large,72,0.125,0.25,0.3333333333333333,0.20610571420982518,33.833333333333336,18.5,72,0.0,0.0,0.041666666666666664,0.013790292664517806,147.20833333333334,146.5,0.0,0.3333333333333333,0.6666666666666666,0.041666666666666664,0.9166666666666666,0.08333333333333333,113.375,116.5,0.9850352112676056,Java,152666,252,1.4,113.202952,Applications & Frameworks,small,0.7920886117,0.6058174603,5.478439425,Java,38710,136,1.5,118.0680272,Applications & Frameworks,small,0.9576853526,0.2846323529,5.828884326,True
spring-projects/spring-data-mongodb,spring-projects/spring-data-jpa,WP-small,72,0.027777777777777776,0.1527777777777778,0.2638888888888889,0.1151597099049745,43.513888888888886,21.5,72,0.0,0.0,0.041666666666666664,0.013790292664517806,147.20833333333334,146.5,0.0,0.2638888888888889,0.7361111111111112,0.041666666666666664,0.875,0.125,103.69444444444444,104.5,0.9850352112676056,Java,152666,252,1.4,113.202952,Applications & Frameworks,small,0.7920886117,0.6058174603,5.478439425,Java,38710,136,1.5,118.0680272,Applications & Frameworks,small,0.9576853526,0.2846323529,5.828884326,True
spring-projects/spring-security-oauth,spring-projects/spring-security,CP-cold-start,43,0.023255813953488372,0.023255813953488372,0.046511627906976744,0.03799679813720957,135.06976744186048,151.0,43,0.0,0.023255813953488372,0.023255813953488372,0.01717808424506544,168.11627906976744,191.0,0.0,0.046511627906976744,0.9534883720930233,0.023255813953488372,0.6976744186046512,0.3023255813953488,33.04651162790697,31.0,0.9834017157776948,Java,48967,101,1.8,87.76237624,Security,small,0.9081830621,0.4848217822,3.167693361,Java,195085,473,1.8,104.0314233,Security,medium,0.7953353666,0.4124418605,10.47227926,True
spring-projects/spring-security-oauth,spring-projects/spring-security,CP-transfer,43,0.046511627906976744,0.23255813953488372,0.2558139534883721,0.143167615931479,66.95348837209302,51.0,43,0.0,0.023255813953488372,0.023255813953488372,0.01717808424506544,168.11627906976744,191.0,0.0,0.2558139534883721,0.7441860465116279,0.023255813953488372,0.813953488372093,0.18604651162790697,101.16279069767442,126.0,0.9834017157776948,Java,48967,101,1.8,87.76237624,Security,small,0.9081830621,0.4848217822,3.167693361,Java,195085,473,1.8,104.0314233,Security,medium,0.7953353666,0.4124418605,10.47227926,True
spring-projects/spring-security-oauth,spring-projects/spring-security,WP-large,43,0.06976744186046512,0.13953488372093023,0.18604651162790697,0.12426132007499972,39.651162790697676,28.0,43,0.0,0.023255813953488372,0.023255813953488372,0.01717808424506544,168.11627906976744,191.0,0.0,0.18604651162790697,0.813953488372093,0.023255813953488372,0.8604651162790697,0.13953488372093023,128.46511627906978,153.0,0.9834017157776948,Java,48967,101,1.8,87.76237624,Security,small,0.9081830621,0.4848217822,3.167693361,Java,195085,473,1.8,104.0314233,Security,medium,0.7953353666,0.4124418605,10.47227926,True
spring-projects/spring-security-oauth,spring-projects/spring-security,WP-small,43,0.046511627906976744,0.16279069767441862,0.23255813953488372,0.12182732308564115,69.51162790697674,33.0,43,0.0,0.023255813953488372,0.023255813953488372,0.01717808424506544,168.11627906976744,191.0,0.0,0.23255813953488372,0.7674418604651163,0.023255813953488372,0.8372093023255814,0.16279069767441862,98.6046511627907,104.0,0.9834017157776948,Java,48967,101,1.8,87.76237624,Security,small,0.9081830621,0.4848217822,3.167693361,Java,195085,473,1.8,104.0314233,Security,medium,0.7953353666,0.4124418605,10.47227926,True
spring-projects/spring-security,spring-projects/spring-security-oauth,CP-cold-start,53,0.0,0.0,0.0,0.008060546293663763,206.0188679245283,219.0,53,0.0,0.0,0.0,0.01154757080308804,131.39622641509433,142.0,0.0,0.0,1.0,0.0,0.20754716981132076,0.7924528301886793,-74.62264150943396,-90.0,0.9834017157776948,Java,195085,473,1.8,104.0314233,Security,medium,0.7953353666,0.4124418605,10.47227926,Java,48967,101,1.8,87.76237624,Security,small,0.9081830621,0.4848217822,3.167693361,True
spring-projects/spring-security,spring-projects/spring-security-oauth,CP-transfer,53,0.03773584905660377,0.20754716981132076,0.2641509433962264,0.132264381463206,65.05660377358491,48.0,53,0.0,0.0,0.0,0.01154757080308804,131.39622641509433,142.0,0.0,0.2641509433962264,0.7358490566037735,0.0,0.7924528301886793,0.20754716981132076,66.33962264150944,69.0,0.9834017157776948,Java,195085,473,1.8,104.0314233,Security,medium,0.7953353666,0.4124418605,10.47227926,Java,48967,101,1.8,87.76237624,Security,small,0.9081830621,0.4848217822,3.167693361,True
spring-projects/spring-security,spring-projects/spring-security-oauth,WP-large,53,0.05660377358490566,0.11320754716981132,0.16981132075471697,0.10397396197879709,60.45283018867924,40.0,53,0.0,0.0,0.0,0.01154757080308804,131.39622641509433,142.0,0.0,0.16981132075471697,0.8301886792452831,0.0,0.8113207547169812,0.18867924528301888,70.94339622641509,73.0,0.9834017157776948,Java,195085,473,1.8,104.0314233,Security,medium,0.7953353666,0.4124418605,10.47227926,Java,48967,101,1.8,87.76237624,Security,small,0.9081830621,0.4848217822,3.167693361,True
spring-projects/spring-security,spring-projects/spring-security-oauth,WP-small,53,0.07547169811320754,0.1509433962264151,0.24528301886792453,0.13813358095200623,48.924528301886795,30.0,53,0.0,0.0,0.0,0.01154757080308804,131.39622641509433,142.0,0.0,0.24528301886792453,0.7547169811320755,0.0,0.8490566037735849,0.1509433962264151,82.47169811320755,101.0,0.9834017157776948,Java,195085,473,1.8,104.0314233,Security,medium,0.7953353666,0.4124418605,10.47227926,Java,48967,101,1.8,87.76237624,Security,small,0.9081830621,0.4848217822,3.167693361,True
square/anvil,square/kotlinpoet,CP-cold-start,73,0.0,0.0,0.0136986301369863,0.022910769517916568,70.91780821917808,65.0,73,0.0,0.0273972602739726,0.0410958904109589,0.0348445544616017,50.83561643835616,47.0,0.0,0.0136986301369863,0.9863013698630136,0.0410958904109589,0.3013698630136986,0.684931506849315,-20.08219178082192,-18.0,0.958997722095672,Kotlin,42157,50,1.6,128.84,Developer Tools & Devops,medium,0.9599354793,0.84314,3.030800821,Kotlin,35743,24,1.5,79.875,Developer Tools & Devops,small,0.9827378787,1.489291667,4.791238877,True
square/anvil,square/kotlinpoet,CP-transfer,17,0.0,0.23529411764705882,0.4117647058823529,0.10964499352171325,19.705882352941178,11.0,17,0.0,0.0,0.0,0.030370345927059013,47.411764705882355,48.0,0.0,0.4117647058823529,0.5882352941176471,0.0,0.8235294117647058,0.17647058823529413,27.705882352941178,34.0,0.958997722095672,Kotlin,42157,50,1.6,128.84,Developer Tools & Devops,medium,0.9599354793,0.84314,3.030800821,Kotlin,35743,24,1.5,79.875,Developer Tools & Devops,small,0.9827378787,1.489291667,4.791238877,True
square/anvil,square/kotlinpoet,WP-large,17,0.11764705882352941,0.4117647058823529,0.5294117647058824,0.2583121909050701,15.882352941176471,8.0,17,0.0,0.0,0.0,0.030370345927059013,47.411764705882355,48.0,0.0,0.5294117647058824,0.47058823529411764,0.0,0.7647058823529411,0.17647058823529413,31.529411764705884,24.0,0.958997722095672,Kotlin,42157,50,1.6,128.84,Developer Tools & Devops,medium,0.9599354793,0.84314,3.030800821,Kotlin,35743,24,1.5,79.875,Developer Tools & Devops,small,0.9827378787,1.489291667,4.791238877,True
square/anvil,square/kotlinpoet,WP-small,17,0.0,0.17647058823529413,0.5294117647058824,0.12462475509431134,16.941176470588236,10.0,17,0.0,0.0,0.0,0.030370345927059013,47.411764705882355,48.0,0.0,0.5294117647058824,0.47058823529411764,0.0,0.8235294117647058,0.17647058823529413,30.470588235294116,30.0,0.958997722095672,Kotlin,42157,50,1.6,128.84,Developer Tools & Devops,medium,0.9599354793,0.84314,3.030800821,Kotlin,35743,24,1.5,79.875,Developer Tools & Devops,small,0.9827378787,1.489291667,4.791238877,True
sympy/sympy,google/jax,CP-cold-start,275,0.007272727272727273,0.014545454545454545,0.02909090909090909,0.02594149039945879,98.69090909090909,86.0,275,0.0036363636363636364,0.025454545454545455,0.06909090909090909,0.032053118137424376,97.2909090909091,79.0,0.0,0.02909090909090909,0.9709090909090909,0.06909090909090909,0.4909090909090909,0.5054545454545455,-1.4,-2.0,0.9916825743114264,Python,696129,384,2.8,140.8497409,Data Science & AI/ML,large,0.9941677476,1.812835938,6.663928816,Python,72684,326,2.1,188.5365854,Data Science & AI/ML,small,0.9946618238,0.2229570552,1.527720739,True
sympy/sympy,google/jax,CP-transfer,275,0.11272727272727273,0.31272727272727274,0.4581818181818182,0.22123390397026566,35.014545454545456,14.0,275,0.0036363636363636364,0.025454545454545455,0.06909090909090909,0.032053118137424376,97.2909090909091,79.0,0.0,0.4581818181818182,0.5418181818181819,0.06909090909090909,0.8145454545454546,0.18181818181818182,62.276363636363634,48.0,0.9916825743114264,Python,696129,384,2.8,140.8497409,Data Science & AI/ML,large,0.9941677476,1.812835938,6.663928816,Python,72684,326,2.1,188.5365854,Data Science & AI/ML,small,0.9946618238,0.2229570552,1.527720739,True
sympy/sympy,google/jax,WP-large,275,0.11272727272727273,0.31272727272727274,0.4109090909090909,0.2134395064589252,28.978181818181817,15.0,275,0.0036363636363636364,0.025454545454545455,0.06909090909090909,0.032053118137424376,97.2909090909091,79.0,0.0,0.4109090909090909,0.5890909090909091,0.06909090909090909,0.8472727272727273,0.15272727272727274,68.31272727272727,56.0,0.9916825743114264,Python,696129,384,2.8,140.8497409,Data Science & AI/ML,large,0.9941677476,1.812835938,6.663928816,Python,72684,326,2.1,188.5365854,Data Science & AI/ML,small,0.9946618238,0.2229570552,1.527720739,True
sympy/sympy,google/jax,WP-small,275,0.10545454545454545,0.2581818181818182,0.38545454545454544,0.202852301003873,30.592727272727274,18.0,275,0.0036363636363636364,0.025454545454545455,0.06909090909090909,0.032053118137424376,97.2909090909091,79.0,0.0,0.38545454545454544,0.6145454545454545,0.06909090909090909,0.850909090909091,0.13454545454545455,66.69818181818182,57.0,0.9916825743114264,Python,696129,384,2.8,140.8497409,Data Science & AI/ML,large,0.9941677476,1.812835938,6.663928816,Python,72684,326,2.1,188.5365854,Data Science & AI/ML,small,0.9946618238,0.2229570552,1.527720739,True
sympy/sympy,jupyterlab/jupyterlab,CP-cold-start,23,0.0,0.0,0.0,0.010265069646785432,139.65217391304347,138.0,23,0.0,0.0,0.08695652173913043,0.02168783467344532,142.91304347826087,116.0,0.0,0.0,1.0,0.08695652173913043,0.4782608695652174,0.5217391304347826,3.260869565217391,-34.0,0.9946538600942372,Python,696129,384,2.8,140.8497409,Data Science & AI/ML,large,0.9941677476,1.812835938,6.663928816,Python,39372,197,1.7,194.7014925,Data Science & AI/ML,small,6.052473839,0.199857868,7.197809719,True
sympy/sympy,jupyterlab/jupyterlab,CP-transfer,23,0.4782608695652174,1.0,1.0,0.6681159420289855,2.0434782608695654,2.0,23,0.0,0.0,0.08695652173913043,0.02168783467344532,142.91304347826087,116.0,0.0,1.0,0.0,0.08695652173913043,1.0,0.0,140.8695652173913,114.0,0.9946538600942372,Python,696129,384,2.8,140.8497409,Data Science & AI/ML,large,0.9941677476,1.812835938,6.663928816,Python,39372,197,1.7,194.7014925,Data Science & AI/ML,small,6.052473839,0.199857868,7.197809719,True
sympy/sympy,jupyterlab/jupyterlab,WP-large,23,0.34782608695652173,1.0,1.0,0.5949275362318841,2.3043478260869565,2.0,23,0.0,0.0,0.08695652173913043,0.02168783467344532,142.91304347826087,116.0,0.0,1.0,0.0,0.08695652173913043,1.0,0.0,140.6086956521739,115.0,0.9946538600942372,Python,696129,384,2.8,140.8497409,Data Science & AI/ML,large,0.9941677476,1.812835938,6.663928816,Python,39372,197,1.7,194.7014925,Data Science & AI/ML,small,6.052473839,0.199857868,7.197809719,True
sympy/sympy,jupyterlab/jupyterlab,WP-small,23,0.21739130434782608,0.9130434782608695,1.0,0.4980676328502415,3.0434782608695654,2.0,23,0.0,0.0,0.08695652173913043,0.02168783467344532,142.91304347826087,116.0,0.0,1.0,0.0,0.08695652173913043,0.9565217391304348,0.043478260869565216,139.8695652173913,115.0,0.9946538600942372,Python,696129,384,2.8,140.8497409,Data Science & AI/ML,large,0.9941677476,1.812835938,6.663928816,Python,39372,197,1.7,194.7014925,Data Science & AI/ML,small,6.052473839,0.199857868,7.197809719,True
sympy/sympy,lightning-ai/lightning,CP-cold-start,212,0.0,0.0,0.02830188679245283,0.024738317912984392,72.12735849056604,56.0,212,0.0,0.0047169811320754715,0.014150943396226415,0.014441648889433684,125.97169811320755,121.0,0.0,0.02830188679245283,0.9716981132075472,0.014150943396226415,0.7594339622641509,0.2358490566037736,53.844339622641506,62.0,0.9906204906204906,Python,696129,384,2.8,140.8497409,Data Science & AI/ML,large,0.9941677476,1.812835938,6.663928816,Python,51387,366,2.0,188.469496,Data Science & AI/ML,small,0.9637846148,0.1404016393,1.166324435,True
sympy/sympy,lightning-ai/lightning,CP-transfer,212,0.11320754716981132,0.2830188679245283,0.4056603773584906,0.2077909052390324,35.594339622641506,17.0,212,0.0,0.0047169811320754715,0.014150943396226415,0.014441648889433684,125.97169811320755,121.0,0.0,0.4056603773584906,0.5943396226415094,0.014150943396226415,0.8443396226415094,0.15566037735849056,90.37735849056604,96.0,0.9906204906204906,Python,696129,384,2.8,140.8497409,Data Science & AI/ML,large,0.9941677476,1.812835938,6.663928816,Python,51387,366,2.0,188.469496,Data Science & AI/ML,small,0.9637846148,0.1404016393,1.166324435,True
sympy/sympy,lightning-ai/lightning,WP-large,212,0.1179245283018868,0.30660377358490565,0.4528301886792453,0.2225901408386198,21.54245283018868,13.0,212,0.0,0.0047169811320754715,0.014150943396226415,0.014441648889433684,125.97169811320755,121.0,0.0,0.4528301886792453,0.5471698113207547,0.014150943396226415,0.9292452830188679,0.07075471698113207,104.42924528301887,103.0,0.9906204906204906,Python,696129,384,2.8,140.8497409,Data Science & AI/ML,large,0.9941677476,1.812835938,6.663928816,Python,51387,366,2.0,188.469496,Data Science & AI/ML,small,0.9637846148,0.1404016393,1.166324435,True
sympy/sympy,lightning-ai/lightning,WP-small,212,0.09905660377358491,0.2688679245283019,0.3867924528301887,0.20021387195625726,41.2688679245283,20.0,212,0.0,0.0047169811320754715,0.014150943396226415,0.014441648889433684,125.97169811320755,121.0,0.0,0.3867924528301887,0.6132075471698113,0.014150943396226415,0.8679245283018868,0.1320754716981132,84.70283018867924,81.5,0.9906204906204906,Python,696129,384,2.8,140.8497409,Data Science & AI/ML,large,0.9941677476,1.812835938,6.663928816,Python,51387,366,2.0,188.469496,Data Science & AI/ML,small,0.9637846148,0.1404016393,1.166324435,True
sympy/sympy,matplotlib/matplotlib,CP-cold-start,8,0.0,0.0,0.25,0.06057784127637069,22.375,22.0,8,0.0,0.0,0.0,0.00880875947341312,180.875,183.0,0.0,0.25,0.75,0.0,1.0,0.0,158.5,171.0,0.9834674469641552,Python,696129,384,2.8,140.8497409,Data Science & AI/ML,large,0.9941677476,1.812835938,6.663928816,Python,248837,183,2.4,242.6847826,Data Science & AI/ML,medium,0.9866097084,1.359765027,4.364134155,True
sympy/sympy,matplotlib/matplotlib,CP-transfer,8,0.0,0.25,0.625,0.1686624649859944,9.125,7.0,8,0.0,0.0,0.0,0.00880875947341312,180.875,183.0,0.0,0.625,0.375,0.0,1.0,0.0,171.75,172.5,0.9834674469641552,Python,696129,384,2.8,140.8497409,Data Science & AI/ML,large,0.9941677476,1.812835938,6.663928816,Python,248837,183,2.4,242.6847826,Data Science & AI/ML,medium,0.9866097084,1.359765027,4.364134155,True
sympy/sympy,matplotlib/matplotlib,WP-large,8,0.125,0.5,0.75,0.2688041125541125,7.25,5.5,8,0.0,0.0,0.0,0.00880875947341312,180.875,183.0,0.0,0.75,0.25,0.0,1.0,0.0,173.625,171.5,0.9834674469641552,Python,696129,384,2.8,140.8497409,Data Science & AI/ML,large,0.9941677476,1.812835938,6.663928816,Python,248837,183,2.4,242.6847826,Data Science & AI/ML,medium,0.9866097084,1.359765027,4.364134155,True
sympy/sympy,matplotlib/matplotlib,WP-small,8,0.125,0.375,0.375,0.2422533140618247,21.25,20.5,8,0.0,0.0,0.0,0.00880875947341312,180.875,183.0,0.0,0.375,0.625,0.0,1.0,0.0,159.625,171.5,0.9834674469641552,Python,696129,384,2.8,140.8497409,Data Science & AI/ML,large,0.9941677476,1.812835938,6.663928816,Python,248837,183,2.4,242.6847826,Data Science & AI/ML,medium,0.9866097084,1.359765027,4.364134155,True
sympy/sympy,numpy/numpy,CP-cold-start,122,0.0,0.02459016393442623,0.07377049180327869,0.0380945553299758,95.50819672131148,56.0,122,0.0,0.00819672131147541,0.04918032786885246,0.016412964518624146,166.81967213114754,174.5,0.0,0.07377049180327869,0.9262295081967213,0.04918032786885246,0.7540983606557377,0.23770491803278687,71.31147540983606,87.5,0.9870477413830016,Python,696129,384,2.8,140.8497409,Data Science & AI/ML,large,0.9941677476,1.812835938,6.663928816,Python,276548,789,3.6,161.5720384,Data Science & AI/ML,medium,1.19728944,0.350504436,12.54483231,True
sympy/sympy,numpy/numpy,CP-transfer,122,0.08196721311475409,0.22131147540983606,0.3524590163934426,0.17201422821633905,38.42622950819672,19.0,122,0.0,0.00819672131147541,0.04918032786885246,0.016412964518624146,166.81967213114754,174.5,0.0,0.3524590163934426,0.6475409836065574,0.04918032786885246,0.9016393442622951,0.09836065573770492,128.39344262295083,137.0,0.9870477413830016,Python,696129,384,2.8,140.8497409,Data Science & AI/ML,large,0.9941677476,1.812835938,6.663928816,Python,276548,789,3.6,161.5720384,Data Science & AI/ML,medium,1.19728944,0.350504436,12.54483231,True
sympy/sympy,numpy/numpy,WP-large,122,0.08196721311475409,0.21311475409836064,0.3114754098360656,0.172342756718904,27.327868852459016,19.5,122,0.0,0.00819672131147541,0.04918032786885246,0.016412964518624146,166.81967213114754,174.5,0.0,0.3114754098360656,0.6885245901639344,0.04918032786885246,0.8934426229508197,0.09016393442622951,139.49180327868854,145.5,0.9870477413830016,Python,696129,384,2.8,140.8497409,Data Science & AI/ML,large,0.9941677476,1.812835938,6.663928816,Python,276548,789,3.6,161.5720384,Data Science & AI/ML,medium,1.19728944,0.350504436,12.54483231,True
sympy/sympy,numpy/numpy,WP-small,122,0.05737704918032787,0.2459016393442623,0.36065573770491804,0.164589983304126,32.9344262295082,17.5,122,0.0,0.00819672131147541,0.04918032786885246,0.016412964518624146,166.81967213114754,174.5,0.0,0.36065573770491804,0.639344262295082,0.04918032786885246,0.8852459016393442,0.11475409836065574,133.88524590163934,143.0,0.9870477413830016,Python,696129,384,2.8,140.8497409,Data Science & AI/ML,large,0.9941677476,1.812835938,6.663928816,Python,276548,789,3.6,161.5720384,Data Science & AI/ML,medium,1.19728944,0.350504436,12.54483231,True
sympy/sympy,open-mmlab/mmdetection,CP-cold-start,17,0.0,0.0,0.0,0.007085327271197706,184.05882352941177,186.0,17,0.0,0.0,0.11764705882352941,0.028129569345166625,126.76470588235294,111.0,0.0,0.0,1.0,0.11764705882352941,0.29411764705882354,0.7058823529411765,-57.294117647058826,-113.0,0.9963492063492064,Python,696129,384,2.8,140.8497409,Data Science & AI/ML,large,0.9941677476,1.812835938,6.663928816,Python,208928,102,3.1,205.9009009,Data Science & AI/ML,medium,0.9298657911,2.048313725,4.019164956,True
sympy/sympy,open-mmlab/mmdetection,CP-transfer,17,0.0,0.23529411764705882,0.35294117647058826,0.09781313150876182,76.0,53.0,17,0.0,0.0,0.11764705882352941,0.028129569345166625,126.76470588235294,111.0,0.0,0.35294117647058826,0.6470588235294118,0.11764705882352941,0.5882352941176471,0.4117647058823529,50.76470588235294,54.0,0.9963492063492064,Python,696129,384,2.8,140.8497409,Data Science & AI/ML,large,0.9941677476,1.812835938,6.663928816,Python,208928,102,3.1,205.9009009,Data Science & AI/ML,medium,0.9298657911,2.048313725,4.019164956,True
sympy/sympy,open-mmlab/mmdetection,WP-large,17,0.0,0.058823529411764705,0.23529411764705882,0.05334686781390558,68.82352941176471,73.0,17,0.0,0.0,0.11764705882352941,0.028129569345166625,126.76470588235294,111.0,0.0,0.23529411764705882,0.7647058823529411,0.11764705882352941,0.6470588235294118,0.35294117647058826,57.94117647058823,66.0,0.9963492063492064,Python,696129,384,2.8,140.8497409,Data Science & AI/ML,large,0.9941677476,1.812835938,6.663928816,Python,208928,102,3.1,205.9009009,Data Science & AI/ML,medium,0.9298657911,2.048313725,4.019164956,True
sympy/sympy,open-mmlab/mmdetection,WP-small,17,0.0,0.058823529411764705,0.17647058823529413,0.05663488994365763,84.52941176470588,90.0,17,0.0,0.0,0.11764705882352941,0.028129569345166625,126.76470588235294,111.0,0.0,0.17647058823529413,0.8235294117647058,0.11764705882352941,0.6470588235294118,0.35294117647058826,42.23529411764706,51.0,0.9963492063492064,Python,696129,384,2.8,140.8497409,Data Science & AI/ML,large,0.9941677476,1.812835938,6.663928816,Python,208928,102,3.1,205.9009009,Data Science & AI/ML,medium,0.9298657911,2.048313725,4.019164956,True
sympy/sympy,prefecthq/prefect,CP-cold-start,116,0.008620689655172414,0.07758620689655173,0.1896551724137931,0.06932680476516237,45.14655172413793,32.0,116,0.0,0.008620689655172414,0.05172413793103448,0.018836031179052595,129.20689655172413,112.0,0.0,0.1896551724137931,0.8103448275862069,0.05172413793103448,0.7758620689655172,0.21551724137931033,84.0603448275862,80.0,0.993006993006993,Python,696129,384,2.8,140.8497409,Data Science & AI/ML,large,0.9941677476,1.812835938,6.663928816,Python,107073,404,1.7,133.6437346,Data Science & AI/ML,small,0.8501863215,0.2650321782,2.105407255,True
sympy/sympy,prefecthq/prefect,CP-transfer,116,0.07758620689655173,0.27586206896551724,0.41379310344827586,0.18034600458356495,22.439655172413794,14.0,116,0.0,0.008620689655172414,0.05172413793103448,0.018836031179052595,129.20689655172413,112.0,0.0,0.41379310344827586,0.5862068965517241,0.05172413793103448,0.9396551724137931,0.0603448275862069,106.76724137931035,93.0,0.993006993006993,Python,696129,384,2.8,140.8497409,Data Science & AI/ML,large,0.9941677476,1.812835938,6.663928816,Python,107073,404,1.7,133.6437346,Data Science & AI/ML,small,0.8501863215,0.2650321782,2.105407255,True
sympy/sympy,prefecthq/prefect,WP-large,116,0.08620689655172414,0.31896551724137934,0.5,0.20341450820034102,18.50862068965517,10.5,116,0.0,0.008620689655172414,0.05172413793103448,0.018836031179052595,129.20689655172413,112.0,0.0,0.5,0.5,0.05172413793103448,0.9741379310344828,0.02586206896551724,110.69827586206897,96.0,0.993006993006993,Python,696129,384,2.8,140.8497409,Data Science & AI/ML,large,0.9941677476,1.812835938,6.663928816,Python,107073,404,1.7,133.6437346,Data Science & AI/ML,small,0.8501863215,0.2650321782,2.105407255,True
sympy/sympy,prefecthq/prefect,WP-small,116,0.06896551724137931,0.25862068965517243,0.4396551724137931,0.18752437702883398,20.96551724137931,13.0,116,0.0,0.008620689655172414,0.05172413793103448,0.018836031179052595,129.20689655172413,112.0,0.0,0.4396551724137931,0.5603448275862069,0.05172413793103448,0.9396551724137931,0.0603448275862069,108.24137931034483,93.0,0.993006993006993,Python,696129,384,2.8,140.8497409,Data Science & AI/ML,large,0.9941677476,1.812835938,6.663928816,Python,107073,404,1.7,133.6437346,Data Science & AI/ML,small,0.8501863215,0.2650321782,2.105407255,True
sympy/sympy,pydata/xarray,CP-cold-start,37,0.0,0.05405405405405406,0.05405405405405406,0.03849763956014942,48.86486486486486,44.0,37,0.0,0.0,0.0,0.016020974070061547,106.64864864864865,92.0,0.0,0.05405405405405406,0.9459459459459459,0.0,0.8378378378378378,0.13513513513513514,57.78378378378378,48.0,0.9942890901929894,Python,696129,384,2.8,140.8497409,Data Science & AI/ML,large,0.9941677476,1.812835938,6.663928816,Python,142044,110,2.3,369.5363636,Data Science & AI/ML,small,0.9839556757,1.291309091,3.8275154,True
sympy/sympy,pydata/xarray,CP-transfer,37,0.08108108108108109,0.2972972972972973,0.5405405405405406,0.2091997098499094,19.54054054054054,10.0,37,0.0,0.0,0.0,0.016020974070061547,106.64864864864865,92.0,0.0,0.5405405405405406,0.4594594594594595,0.0,0.918918918918919,0.08108108108108109,87.10810810810811,80.0,0.9942890901929894,Python,696129,384,2.8,140.8497409,Data Science & AI/ML,large,0.9941677476,1.812835938,6.663928816,Python,142044,110,2.3,369.5363636,Data Science & AI/ML,small,0.9839556757,1.291309091,3.8275154,True
sympy/sympy,pydata/xarray,WP-large,37,0.05405405405405406,0.40540540540540543,0.4864864864864865,0.22541234770075452,14.027027027027026,11.0,37,0.0,0.0,0.0,0.016020974070061547,106.64864864864865,92.0,0.0,0.4864864864864865,0.5135135135135135,0.0,0.972972972972973,0.02702702702702703,92.62162162162163,82.0,0.9942890901929894,Python,696129,384,2.8,140.8497409,Data Science & AI/ML,large,0.9941677476,1.812835938,6.663928816,Python,142044,110,2.3,369.5363636,Data Science & AI/ML,small,0.9839556757,1.291309091,3.8275154,True
sympy/sympy,pydata/xarray,WP-small,37,0.02702702702702703,0.08108108108108109,0.1891891891891892,0.08050522646433761,56.7027027027027,42.0,37,0.0,0.0,0.0,0.016020974070061547,106.64864864864865,92.0,0.0,0.1891891891891892,0.8108108108108109,0.0,0.7837837837837838,0.21621621621621623,49.945945945945944,49.0,0.9942890901929894,Python,696129,384,2.8,140.8497409,Data Science & AI/ML,large,0.9941677476,1.812835938,6.663928816,Python,142044,110,2.3,369.5363636,Data Science & AI/ML,small,0.9839556757,1.291309091,3.8275154,True
sympy/sympy,ray-project/ray,CP-cold-start,58,0.0,0.0,0.0,0.005417788188267631,218.77586206896552,228.0,58,0.0,0.0,0.0,0.010762054202663919,156.75862068965517,152.0,0.0,0.0,1.0,0.0,0.3275862068965517,0.6724137931034483,-62.01724137931034,-55.5,0.9923145137451964,Python,696129,384,2.8,140.8497409,Data Science & AI/ML,large,0.9941677476,1.812835938,6.663928816,Python,244283,337,2.2,218.2953216,Data Science & AI/ML,medium,0.8700073276,0.7248753709,3.600273785,True
sympy/sympy,ray-project/ray,CP-transfer,58,0.08620689655172414,0.13793103448275862,0.3103448275862069,0.14213804830538287,37.775862068965516,22.5,58,0.0,0.0,0.0,0.010762054202663919,156.75862068965517,152.0,0.0,0.3103448275862069,0.6896551724137931,0.0,0.9137931034482759,0.08620689655172414,118.98275862068965,118.0,0.9923145137451964,Python,696129,384,2.8,140.8497409,Data Science & AI/ML,large,0.9941677476,1.812835938,6.663928816,Python,244283,337,2.2,218.2953216,Data Science & AI/ML,medium,0.8700073276,0.7248753709,3.600273785,True
sympy/sympy,ray-project/ray,WP-large,58,0.0,0.017241379310344827,0.08620689655172414,0.044623024449748534,37.8448275862069,40.0,58,0.0,0.0,0.0,0.010762054202663919,156.75862068965517,152.0,0.0,0.08620689655172414,0.9137931034482759,0.0,0.896551724137931,0.10344827586206896,118.91379310344827,111.5,0.9923145137451964,Python,696129,384,2.8,140.8497409,Data Science & AI/ML,large,0.9941677476,1.812835938,6.663928816,Python,244283,337,2.2,218.2953216,Data Science & AI/ML,medium,0.8700073276,0.7248753709,3.600273785,True
sympy/sympy,ray-project/ray,WP-small,58,0.06896551724137931,0.25862068965517243,0.3620689655172414,0.15618354376551327,36.672413793103445,28.5,58,0.0,0.0,0.0,0.010762054202663919,156.75862068965517,152.0,0.0,0.3620689655172414,0.6379310344827587,0.0,0.9310344827586207,0.06896551724137931,120.08620689655173,112.5,0.9923145137451964,Python,696129,384,2.8,140.8497409,Data Science & AI/ML,large,0.9941677476,1.812835938,6.663928816,Python,244283,337,2.2,218.2953216,Data Science & AI/ML,medium,0.8700073276,0.7248753709,3.600273785,True
sympy/sympy,scikit-learn/scikit-learn,CP-cold-start,16,0.0,0.0,0.0,0.004500191831432037,230.125,235.0,16,0.0,0.0,0.0,0.010448271428559516,156.1875,145.5,0.0,0.0,1.0,0.0,0.25,0.75,-73.9375,-89.5,0.9898912544034308,Python,696129,384,2.8,140.8497409,Data Science & AI/ML,large,0.9941677476,1.812835938,6.663928816,Python,376169,228,2.5,231.8122271,Data Science & AI/ML,medium,0.9894754751,1.649864035,5.483915127,True
sympy/sympy,scikit-learn/scikit-learn,CP-transfer,16,0.0625,0.375,0.6875,0.2060926920599514,14.3125,6.5,16,0.0,0.0,0.0,0.010448271428559516,156.1875,145.5,0.0,0.6875,0.3125,0.0,0.9375,0.0625,141.875,128.0,0.9898912544034308,Python,696129,384,2.8,140.8497409,Data Science & AI/ML,large,0.9941677476,1.812835938,6.663928816,Python,376169,228,2.5,231.8122271,Data Science & AI/ML,medium,0.9894754751,1.649864035,5.483915127,True
sympy/sympy,scikit-learn/scikit-learn,WP-large,16,0.125,0.375,0.625,0.27060842803030305,9.6875,9.0,16,0.0,0.0,0.0,0.010448271428559516,156.1875,145.5,0.0,0.625,0.375,0.0,1.0,0.0,146.5,133.0,0.9898912544034308,Python,696129,384,2.8,140.8497409,Data Science & AI/ML,large,0.9941677476,1.812835938,6.663928816,Python,376169,228,2.5,231.8122271,Data Science & AI/ML,medium,0.9894754751,1.649864035,5.483915127,True
sympy/sympy,scikit-learn/scikit-learn,WP-small,16,0.0625,0.3125,0.5625,0.1898247840802988,15.4375,9.5,16,0.0,0.0,0.0,0.010448271428559516,156.1875,145.5,0.0,0.5625,0.4375,0.0,1.0,0.0,140.75,128.0,0.9898912544034308,Python,696129,384,2.8,140.8497409,Data Science & AI/ML,large,0.9941677476,1.812835938,6.663928816,Python,376169,228,2.5,231.8122271,Data Science & AI/ML,medium,0.9894754751,1.649864035,5.483915127,True
sympy/sympy,scipy/scipy,CP-cold-start,3,0.0,0.0,0.0,0.006670996991736296,192.66666666666666,215.0,3,0.0,0.0,0.0,0.006024220032840723,169.33333333333334,160.0,0.0,0.0,1.0,0.0,0.3333333333333333,0.6666666666666666,-23.333333333333332,-12.0,0.985391981821133,Python,696129,384,2.8,140.8497409,Data Science & AI/ML,large,0.9941677476,1.812835938,6.663928816,Python,438217,100,2.1,121.5247525,Data Science & AI/ML,large,0.9743026857,4.38217,10.60643395,True
sympy/sympy,scipy/scipy,CP-transfer,3,0.0,0.0,0.0,0.015279163696840105,113.33333333333333,50.0,3,0.0,0.0,0.0,0.006024220032840723,169.33333333333334,160.0,0.0,0.0,1.0,0.0,0.6666666666666666,0.3333333333333333,56.0,99.0,0.985391981821133,Python,696129,384,2.8,140.8497409,Data Science & AI/ML,large,0.9941677476,1.812835938,6.663928816,Python,438217,100,2.1,121.5247525,Data Science & AI/ML,large,0.9743026857,4.38217,10.60643395,True
sympy/sympy,scipy/scipy,WP-large,3,0.0,0.0,0.0,0.03954301075268817,34.333333333333336,25.0,3,0.0,0.0,0.0,0.006024220032840723,169.33333333333334,160.0,0.0,0.0,1.0,0.0,1.0,0.0,135.0,135.0,0.985391981821133,Python,696129,384,2.8,140.8497409,Data Science & AI/ML,large,0.9941677476,1.812835938,6.663928816,Python,438217,100,2.1,121.5247525,Data Science & AI/ML,large,0.9743026857,4.38217,10.60643395,True
sympy/sympy,scipy/scipy,WP-small,3,0.0,0.0,0.0,0.004126312697122689,247.0,226.0,3,0.0,0.0,0.0,0.006024220032840723,169.33333333333334,160.0,0.0,0.0,1.0,0.0,0.0,1.0,-77.66666666666667,-81.0,0.985391981821133,Python,696129,384,2.8,140.8497409,Data Science & AI/ML,large,0.9941677476,1.812835938,6.663928816,Python,438217,100,2.1,121.5247525,Data Science & AI/ML,large,0.9743026857,4.38217,10.60643395,True
wildfly/wildfly-core,wildfly/wildfly,CP-cold-start,20,0.0,0.1,0.15,0.045264670256051034,78.15,68.5,20,0.0,0.0,0.0,0.012875426955132599,136.1,127.0,0.0,0.15,0.85,0.0,0.7,0.3,57.95,53.0,0.8292541168873103,Java,687676,353,2.1,120.1274238,Systems & Cloud Infrastructure,large,0.9510408972,1.948090652,3.693360712,Java,930973,957,1.9,144.9166667,Applications & Frameworks,large,0.8430749334,0.9728035528,5.232032854,False
wildfly/wildfly-core,wildfly/wildfly,CP-transfer,20,0.05,0.05,0.15,0.08862708476745136,57.0,39.5,20,0.0,0.0,0.0,0.012875426955132599,136.1,127.0,0.0,0.15,0.85,0.0,0.75,0.25,79.1,94.5,0.8292541168873103,Java,687676,353,2.1,120.1274238,Systems & Cloud Infrastructure,large,0.9510408972,1.948090652,3.693360712,Java,930973,957,1.9,144.9166667,Applications & Frameworks,large,0.8430749334,0.9728035528,5.232032854,False
wildfly/wildfly-core,wildfly/wildfly,WP-large,20,0.0,0.1,0.15,0.05952212690811581,47.95,42.0,20,0.0,0.0,0.0,0.012875426955132599,136.1,127.0,0.0,0.15,0.85,0.0,0.8,0.2,88.15,101.5,0.8292541168873103,Java,687676,353,2.1,120.1274238,Systems & Cloud Infrastructure,large,0.9510408972,1.948090652,3.693360712,Java,930973,957,1.9,144.9166667,Applications & Frameworks,large,0.8430749334,0.9728035528,5.232032854,False
wildfly/wildfly-core,wildfly/wildfly,WP-small,20,0.0,0.15,0.25,0.09354832935412902,48.55,48.0,20,0.0,0.0,0.0,0.012875426955132599,136.1,127.0,0.0,0.25,0.75,0.0,0.85,0.15,87.55,94.5,0.8292541168873103,Java,687676,353,2.1,120.1274238,Systems & Cloud Infrastructure,large,0.9510408972,1.948090652,3.693360712,Java,930973,957,1.9,144.9166667,Applications & Frameworks,large,0.8430749334,0.9728035528,5.232032854,False
wildfly/wildfly,wildfly/wildfly-core,CP-cold-start,20,0.0,0.0,0.0,0.007507154496417497,203.6,226.5,20,0.0,0.0,0.0,0.010180782331196004,177.45,202.0,0.0,0.0,1.0,0.0,0.35,0.65,-26.15,-33.5,0.8292541168873103,Java,930973,957,1.9,144.9166667,Applications & Frameworks,large,0.8430749334,0.9728035528,5.232032854,Java,687676,353,2.1,120.1274238,Systems & Cloud Infrastructure,large,0.9510408972,1.948090652,3.693360712,False
wildfly/wildfly,wildfly/wildfly-core,CP-transfer,20,0.1,0.15,0.25,0.14820287933702184,59.05,53.5,20,0.0,0.0,0.0,0.010180782331196004,177.45,202.0,0.0,0.25,0.75,0.0,0.75,0.25,118.4,112.0,0.8292541168873103,Java,930973,957,1.9,144.9166667,Applications & Frameworks,large,0.8430749334,0.9728035528,5.232032854,Java,687676,353,2.1,120.1274238,Systems & Cloud Infrastructure,large,0.9510408972,1.948090652,3.693360712,False
wildfly/wildfly,wildfly/wildfly-core,WP-large,20,0.0,0.15,0.25,0.07758467494642948,71.0,39.5,20,0.0,0.0,0.0,0.010180782331196004,177.45,202.0,0.0,0.25,0.75,0.0,0.75,0.25,106.45,103.0,0.8292541168873103,Java,930973,957,1.9,144.9166667,Applications & Frameworks,large,0.8430749334,0.9728035528,5.232032854,Java,687676,353,2.1,120.1274238,Systems & Cloud Infrastructure,large,0.9510408972,1.948090652,3.693360712,False
wildfly/wildfly,wildfly/wildfly-core,WP-small,20,0.05,0.15,0.25,0.09641690786395937,75.2,64.0,20,0.0,0.0,0.0,0.010180782331196004,177.45,202.0,0.0,0.25,0.75,0.0,0.65,0.3,102.25,90.5,0.8292541168873103,Java,930973,957,1.9,144.9166667,Applications & Frameworks,large,0.8430749334,0.9728035528,5.232032854,Java,687676,353,2.1,120.1274238,Systems & Cloud Infrastructure,large,0.9510408972,1.948090652,3.693360712,False
